negative_id,category,subcategory,source,source_page,image_url,creator,license,license_url,source_group,split,original_filename,local_path,download_timestamp,sha256,width,height,bytes,download_status,notes
p3fu_aerial_crop_imagery_0001,aerial_crop_imagery,drone farmland,Wikimedia Commons,"https://commons.wikimedia.org/wiki/File:Drone_view_of_orchards_and_cultivated_farmland_along_the_River_in_Agabar,_Somaliland_-_2025-04-20.jpg",https://thumb.wikimedia.org/wikipedia/commons/thumb/e/ee/Drone_view_of_orchards_and_cultivated_farmland_along_the_River_in_Agabar%2C_Somaliland_-_2025-04-20.jpg/960px-Drone_view_of_orchards_and_cultivated_farmland_along_the_River_in_Agabar%2C_Somaliland_-_2025-04-20.jpg?utm_source=commons.wikimedia.org&utm_campaign=imageinfo&utm_content=thumbnail,BahabarAdenArchives,CC BY 4.0,https://creativecommons.org/licenses/by/4.0,bahabaradenarchives,NEGATIVE_TRAIN,"Drone view of orchards and cultivated farmland along the River in Agabar, Somaliland - 2025-04-20.jpg",data/external/phase3_followup_negatives/aerial_crop_imagery/p3fu_aerial_crop_imagery_0001.jpg,2026-10-07T08:46:18.552794+00:00,81d09f164b0c5757b53ce66a6617dd2447130236b0428df3901fab1fcd77c24c,960,540,135885,usable,
p3fu_aerial_crop_imagery_0002,aerial_crop_imagery,drone farmland,Wikimedia Commons,"https://commons.wikimedia.org/wiki/File:Aerial_view_of_orchards_and_farmland_in_Agabar,_Somaliland,_April_2024.jpg",https://thumb.wikimedia.org/wikipedia/commons/thumb/8/8c/Aerial_view_of_orchards_and_farmland_in_Agabar%2C_Somaliland%2C_April_2024.jpg/960px-Aerial_view_of_orchards_and_farmland_in_Agabar%2C_Somaliland%2C_April_2024.jpg?utm_source=commons.wikimedia.org&utm_campaign=imageinfo&utm_content=thumbnail,BahabarAdenArchives,CC BY 4.0,https://creativecommons.org/licenses/by/4.0,bahabaradenarchives,NEGATIVE_TRAIN,"Aerial view of orchards and farmland in Agabar, Somaliland, April 2024.jpg",data/external/phase3_followup_negatives/aerial_crop_imagery/p3fu_aerial_crop_imagery_0002.jpg,2026-10-07T08:46:20.075868+00:00,57009c452992dd5e8adc1600f0fde9ac536f72f2ee5be065e2f372cc8b8b83c5,960,540,121489,usable,
p3fu_aerial_crop_imagery_0003,aerial_crop_imagery,drone farmland,Wikimedia Commons,https://commons.wikimedia.org/wiki/File:A_farmland_in_Atok.jpg,https://thumb.wikimedia.org/wikipedia/commons/thumb/f/ff/A_farmland_in_Atok.jpg/960px-A_farmland_in_Atok.jpg?utm_source=commons.wikimedia.org&utm_campaign=imageinfo&utm_content=thumbnail,Jp442,CC BY-SA 3.0,https://creativecommons.org/licenses/by-sa/3.0,jp442,NEGATIVE_TRAIN,A farmland in Atok.jpg,data/external/phase3_followup_negatives/aerial_crop_imagery/p3fu_aerial_crop_imagery_0003.jpg,2026-10-07T08:46:22.793165+00:00,4f40731660895fa8bd2818c4910a5052ae9ae9dddce9da1c81333bb7af6b71bd,960,720,269681,usable,
p3fu_aerial_crop_imagery_0004,aerial_crop_imagery,drone farmland,Wikimedia Commons,"https://commons.wikimedia.org/wiki/File:Aerial_view_of_the_river_and_farmland_in_Agabar,_Somaliland_20_April_2024.jpg",https://thumb.wikimedia.org/wikipedia/commons/thumb/b/bf/Aerial_view_of_the_river_and_farmland_in_Agabar%2C_Somaliland_20_April_2024.jpg/960px-Aerial_view_of_the_river_and_farmland_in_Agabar%2C_Somaliland_20_April_2024.jpg?utm_source=commons.wikimedia.org&utm_campaign=imageinfo&utm_content=thumbnail,BahabarAdenArchives,CC BY 4.0,https://creativecommons.org/licenses/by/4.0,bahabaradenarchives,NEGATIVE_TRAIN,"Aerial view of the river and farmland in Agabar, Somaliland 20 April 2024.jpg",data/external/phase3_followup_negatives/aerial_crop_imagery/p3fu_aerial_crop_imagery_0004.jpg,2026-10-07T08:46:25.156040+00:00,b95dc35d6a56ee3a13fca117f752749c704c5c9ff3d2b60a389584bb97ae665e,960,540,123079,usable,
p3fu_aerial_crop_imagery_0005,aerial_crop_imagery,drone farmland,Wikimedia Commons,https://commons.wikimedia.org/wiki/File:Drone_view_of_farmerss_having_a_picnic_at_on_their_farm_land.jpg,https://thumb.wikimedia.org/wikipedia/commons/thumb/f/f1/Drone_view_of_farmerss_having_a_picnic_at_on_their_farm_land.jpg/960px-Drone_view_of_farmerss_having_a_picnic_at_on_their_farm_land.jpg?utm_source=commons.wikimedia.org&utm_campaign=imageinfo&utm_content=thumbnail,Ayorinde Ogundele,CC BY-SA 4.0,https://creativecommons.org/licenses/by-sa/4.0,ayorinde ogundele,NEGATIVE_VALIDATION,Drone view of farmerss having a picnic at on their farm land.jpg,data/external/phase3_followup_negatives/aerial_crop_imagery/p3fu_aerial_crop_imagery_0005.jpg,2026-10-07T08:46:27.132595+00:00,d5a2fc64c84d62aee10adea8142f581db760f5662c1a05f27fd729ed81a0b36a,960,540,346198,usable,
p3fu_aerial_crop_imagery_0006,aerial_crop_imagery,drone farmland,Wikimedia Commons,"https://commons.wikimedia.org/wiki/File:Aerial_view_of_agricultural_fields_in_Punjab,_India.jpg",https://thumb.wikimedia.org/wikipedia/commons/thumb/5/52/Aerial_view_of_agricultural_fields_in_Punjab%2C_India.jpg/960px-Aerial_view_of_agricultural_fields_in_Punjab%2C_India.jpg?utm_source=commons.wikimedia.org&utm_campaign=imageinfo&utm_content=thumbnail,Bhullargraphic,CC BY-SA 4.0,https://creativecommons.org/licenses/by-sa/4.0,bhullargraphic,NEGATIVE_VALIDATION,"Aerial view of agricultural fields in Punjab, India.jpg",data/external/phase3_followup_negatives/aerial_crop_imagery/p3fu_aerial_crop_imagery_0006.jpg,2026-10-07T08:46:28.227755+00:00,79ded13de1fe18cabed019bfce3b2e00d489c951cf7c561b9637bcffa69e128f,960,540,189225,usable,
p3fu_aerial_crop_imagery_0007,aerial_crop_imagery,drone farmland,Wikimedia Commons,"https://commons.wikimedia.org/wiki/File:Makeshift_three-stones_stove_in_a_farmland_at_the_base_of_Mount_Debreansa,_that_was_used_by_people_on_the_run_during_the_Tigray_War.jpg",https://thumb.wikimedia.org/wikipedia/commons/thumb/9/95/Makeshift_three-stones_stove_in_a_farmland_at_the_base_of_Mount_Debreansa%2C_that_was_used_by_people_on_the_run_during_the_Tigray_War.jpg/960px-Makeshift_three-stones_stove_in_a_farmland_at_the_base_of_Mount_Debreansa%2C_that_was_used_by_people_on_the_run_during_the_Tigray_War.jpg?utm_source=commons.wikimedia.org&utm_campaign=imageinfo&utm_content=thumbnail,Jnyssen,CC BY 4.0,https://creativecommons.org/licenses/by/4.0,jnyssen,NEGATIVE_TRAIN,"Makeshift three-stones stove in a farmland at the base of Mount Debreansa, that was used by people on the run during the Tigray War.jpg",data/external/phase3_followup_negatives/aerial_crop_imagery/p3fu_aerial_crop_imagery_0007.jpg,2026-10-07T08:46:29.944891+00:00,bd13780eb6c2603f7888d5ffc9ea2a8a15f10f82d15b0a59bca7256659c8f0c4,960,720,227785,usable,
p3fu_aerial_crop_imagery_0008,aerial_crop_imagery,drone farmland,Wikimedia Commons,https://commons.wikimedia.org/wiki/File:Empowering_Rural_Women_through_the_Lakhpati_Didi_Initiative.jpg,https://upload.wikimedia.org/wikipedia/commons/1/10/Empowering_Rural_Women_through_the_Lakhpati_Didi_Initiative.jpg?utm_source=commons.wikimedia.org&utm_campaign=imageinfo&utm_content=thumbnail_unscaled,Dr.Amarinder Kaur,CC0,http://creativecommons.org/publicdomain/zero/1.0/deed.en,dr.amarinder kaur,NEGATIVE_TRAIN,Empowering Rural Women through the Lakhpati Didi Initiative.jpg,data/external/phase3_followup_negatives/aerial_crop_imagery/p3fu_aerial_crop_imagery_0008.jpg,2026-10-07T08:46:34.684109+00:00,487d04599fcb24a8feb585d1930634d6fd8f6f5dce9170c49f58e0fe69b39574,900,1600,241583,usable,
p3fu_aerial_crop_imagery_0009,aerial_crop_imagery,aerial plantation,Wikimedia Commons,"https://commons.wikimedia.org/wiki/File:360_Panorama_-_Aerial_view_of_Sunrise_from_Ithalar_village,_Ooty.jpg",https://thumb.wikimedia.org/wikipedia/commons/thumb/c/c5/360_Panorama_-_Aerial_view_of_Sunrise_from_Ithalar_village%2C_Ooty.jpg/960px-360_Panorama_-_Aerial_view_of_Sunrise_from_Ithalar_village%2C_Ooty.jpg?utm_source=commons.wikimedia.org&utm_campaign=imageinfo&utm_content=thumbnail,iMahesh,CC BY-SA 4.0,https://creativecommons.org/licenses/by-sa/4.0,imahesh,NEGATIVE_TRAIN,"360 Panorama - Aerial view of Sunrise from Ithalar village, Ooty.jpg",data/external/phase3_followup_negatives/aerial_crop_imagery/p3fu_aerial_crop_imagery_0009.jpg,2026-10-07T08:46:53.634924+00:00,a304e242ccb3df67c450dfc9c1cc3f034e7714d59d9505d42d73475009b2785b,960,480,96809,usable,
p3fu_aerial_crop_imagery_0010,aerial_crop_imagery,aerial plantation,Wikimedia Commons,"https://commons.wikimedia.org/wiki/File:Doncaster%27s_Plantation,_aerial_2017_-_geograph.org.uk_-_5330159.jpg",https://upload.wikimedia.org/wikipedia/commons/6/61/Doncaster%27s_Plantation%2C_aerial_2017_-_geograph.org.uk_-_5330159.jpg?utm_source=commons.wikimedia.org&utm_campaign=imageinfo&utm_content=original,Chris,CC BY-SA 2.0,https://creativecommons.org/licenses/by-sa/2.0,chris,NEGATIVE_FINAL_HOLDOUT,"Doncaster's Plantation, aerial 2017 - geograph.org.uk - 5330159.jpg",data/external/phase3_followup_negatives/aerial_crop_imagery/p3fu_aerial_crop_imagery_0010.jpg,2026-10-07T08:59:31.240671+00:00,da214bd8731910df51c4ba3136519cebda7bd8aee14d168d2c3ad40d75f4bc5d,474,640,59874,usable,
p3fu_aerial_crop_imagery_0011,aerial_crop_imagery,aerial plantation,Wikimedia Commons,"https://commons.wikimedia.org/wiki/File:Doncaster%27s_Plantation,_Caunton,_aerial_2017_-_geograph.org.uk_-_5330158.jpg",https://upload.wikimedia.org/wikipedia/commons/0/0e/Doncaster%27s_Plantation%2C_Caunton%2C_aerial_2017_-_geograph.org.uk_-_5330158.jpg?utm_source=commons.wikimedia.org&utm_campaign=imageinfo&utm_content=original,Chris,CC BY-SA 2.0,https://creativecommons.org/licenses/by-sa/2.0,chris,NEGATIVE_FINAL_HOLDOUT,"Doncaster's Plantation, Caunton, aerial 2017 - geograph.org.uk - 5330158.jpg",data/external/phase3_followup_negatives/aerial_crop_imagery/p3fu_aerial_crop_imagery_0011.jpg,2026-10-07T08:59:33.353004+00:00,b4f79716cb71d1cc85fe4119cf5f1a3f8b2f4e34eda2f32e1d83921a64ce0b53,427,640,62635,usable,
p3fu_agricultural_crops_0001,agricultural_crops,maize plants,Wikimedia Commons,https://commons.wikimedia.org/wiki/File:Zea_mays_%27morado%27_MHNT.BOT.2015.34.11.jpg,https://thumb.wikimedia.org/wikipedia/commons/thumb/e/eb/Zea_mays_%27morado%27_MHNT.BOT.2015.34.11.jpg/960px-Zea_mays_%27morado%27_MHNT.BOT.2015.34.11.jpg?utm_source=commons.wikimedia.org&utm_campaign=imageinfo&utm_content=thumbnail,Roger Culos,CC BY-SA 3.0,https://creativecommons.org/licenses/by-sa/3.0,roger culos,NEGATIVE_FINAL_HOLDOUT,Zea mays 'morado' MHNT.BOT.2015.34.11.jpg,data/external/phase3_followup_negatives/agricultural_crops/p3fu_agricultural_crops_0001.jpg,2026-10-07T08:43:12.478672+00:00,c9a6838e5971b5b16a317df739bca5dd83d087efec25b42b77aababdf3923609,960,598,105275,usable,
p3fu_agricultural_crops_0002,agricultural_crops,maize plants,Wikimedia Commons,https://commons.wikimedia.org/wiki/File:Zea_mays_%27Ohcholi_Sunul%27_MHNT.BOT.2015.34.10.jpg,https://thumb.wikimedia.org/wikipedia/commons/thumb/9/96/Zea_mays_%27Ohcholi_Sunul%27_MHNT.BOT.2015.34.10.jpg/960px-Zea_mays_%27Ohcholi_Sunul%27_MHNT.BOT.2015.34.10.jpg?utm_source=commons.wikimedia.org&utm_campaign=imageinfo&utm_content=thumbnail,Roger Culos,CC BY-SA 3.0,https://creativecommons.org/licenses/by-sa/3.0,roger culos,NEGATIVE_FINAL_HOLDOUT,Zea mays 'Ohcholi Sunul' MHNT.BOT.2015.34.10.jpg,data/external/phase3_followup_negatives/agricultural_crops/p3fu_agricultural_crops_0002.jpg,2026-10-07T08:43:12.999843+00:00,a7375478841c612b4e26e768450d07298cdbf06f54709b9177d80a6efadd4600,960,640,90579,usable,
p3fu_agricultural_crops_0003,agricultural_crops,maize plants,Wikimedia Commons,https://commons.wikimedia.org/wiki/File:Zea_mays_%27tohono_O%27odham%27_MHNT.BOT.2015.34.9.jpg,https://thumb.wikimedia.org/wikipedia/commons/thumb/a/a3/Zea_mays_%27tohono_O%27odham%27_MHNT.BOT.2015.34.9.jpg/960px-Zea_mays_%27tohono_O%27odham%27_MHNT.BOT.2015.34.9.jpg?utm_source=commons.wikimedia.org&utm_campaign=imageinfo&utm_content=thumbnail,Roger Culos,CC BY-SA 3.0,https://creativecommons.org/licenses/by-sa/3.0,roger culos,NEGATIVE_FINAL_HOLDOUT,Zea mays 'tohono O'odham' MHNT.BOT.2015.34.9.jpg,data/external/phase3_followup_negatives/agricultural_crops/p3fu_agricultural_crops_0003.jpg,2026-10-07T08:43:13.457800+00:00,4e690d44029059d6920ffb9277b1b891c654ae4fc4dee7a2b87dd896a2e28802,960,668,72088,usable,
p3fu_agricultural_crops_0004,agricultural_crops,maize plants,Wikimedia Commons,"https://commons.wikimedia.org/wiki/File:Zea_mays(312,_5x).JPG",https://thumb.wikimedia.org/wikipedia/commons/thumb/8/8b/Zea_mays%28312%2C_5x%29.JPG/960px-Zea_mays%28312%2C_5x%29.JPG?utm_source=commons.wikimedia.org&utm_campaign=imageinfo&utm_content=thumbnail,"own work by me, Grand-Duc. Die volle Nennung des Autorenpseudonyms und der Zuschreibung wie unten stehend ist für eine Lizenz-konforme Nutzung erforderlich. For a license-compliant use, you have to use my pseudonym an the attribution as written down below.",CC BY-SA 3.0 de,https://creativecommons.org/licenses/by-sa/3.0/de/deed.en,"own work by me, grand-duc. die volle nennung des autorenpseudonyms und der zuschreibung wie unten stehend ist für eine lizenz-konforme nutzung erforderlich. for a license-compliant use, you have to use my pseudonym an the attribution as written down below.",NEGATIVE_VALIDATION,"Zea mays(312, 5x).JPG",data/external/phase3_followup_negatives/agricultural_crops/p3fu_agricultural_crops_0004.jpg,2026-10-07T08:43:14.571886+00:00,804752101cc40bb027ebed0812b2aecb63c0298bf2deef2a48c29f316c12ee43,960,720,97694,usable,
p3fu_agricultural_crops_0005,agricultural_crops,maize plants,Wikimedia Commons,https://commons.wikimedia.org/wiki/File:Dent_Corn_%27Oaxacan_Green%27_(Zea_mays)_MHNT_2.jpg,https://thumb.wikimedia.org/wikipedia/commons/thumb/2/29/Dent_Corn_%27Oaxacan_Green%27_%28Zea_mays%29_MHNT_2.jpg/960px-Dent_Corn_%27Oaxacan_Green%27_%28Zea_mays%29_MHNT_2.jpg?utm_source=commons.wikimedia.org&utm_campaign=imageinfo&utm_content=thumbnail,Didier Descouens,CC BY-SA 4.0,https://creativecommons.org/licenses/by-sa/4.0,didier descouens,NEGATIVE_TRAIN,Dent Corn 'Oaxacan Green' (Zea mays) MHNT 2.jpg,data/external/phase3_followup_negatives/agricultural_crops/p3fu_agricultural_crops_0005.jpg,2026-10-07T08:43:15.641631+00:00,94aedc8f59ad6ab6e6e7f384a4e28b96e5500e16fbbe6195760eaa228efb0456,960,825,143038,usable,
p3fu_agricultural_crops_0006,agricultural_crops,maize plants,Wikimedia Commons,https://commons.wikimedia.org/wiki/File:Maize_field_in_Bavaria_in_Summer_2013.JPG,https://thumb.wikimedia.org/wikipedia/commons/thumb/2/2f/Maize_field_in_Bavaria_in_Summer_2013.JPG/960px-Maize_field_in_Bavaria_in_Summer_2013.JPG?utm_source=commons.wikimedia.org&utm_campaign=imageinfo&utm_content=thumbnail,High Contrast,CC BY 3.0 de,https://creativecommons.org/licenses/by/3.0/de/deed.en,high contrast,NEGATIVE_TRAIN,Maize field in Bavaria in Summer 2013.JPG,data/external/phase3_followup_negatives/agricultural_crops/p3fu_agricultural_crops_0006.jpg,2026-10-07T08:43:17.347362+00:00,24ddf6a51116091b5d60b24a3e5dadfd51aee462287d2b459fd9a18ebf96c5ba,960,535,222630,usable,
p3fu_agricultural_crops_0007,agricultural_crops,maize plants,Wikimedia Commons,https://commons.wikimedia.org/wiki/File:Young_Corn_God_MET_DT9945.jpg,https://thumb.wikimedia.org/wikipedia/commons/thumb/b/b8/Young_Corn_God_MET_DT9945.jpg/960px-Young_Corn_God_MET_DT9945.jpg?utm_source=commons.wikimedia.org&utm_campaign=imageinfo&utm_content=thumbnail,,CC0,http://creativecommons.org/publicdomain/zero/1.0/deed.en,commons:60508160,NEGATIVE_TRAIN,Young Corn God MET DT9945.jpg,data/external/phase3_followup_negatives/agricultural_crops/p3fu_agricultural_crops_0007.jpg,2026-10-07T08:43:18.278380+00:00,023015d3cfa2d6ea791e9bf0a3a97e4ed8045bbe3b2f8792108af96a22887bc9,960,1201,96387,usable,
p3fu_agricultural_crops_0008,agricultural_crops,maize plants,Wikimedia Commons,https://commons.wikimedia.org/wiki/File:Zea_mays_(2943636425).jpg,https://thumb.wikimedia.org/wikipedia/commons/thumb/5/5d/Zea_mays_%282943636425%29.jpg/960px-Zea_mays_%282943636425%29.jpg?utm_source=commons.wikimedia.org&utm_campaign=imageinfo&utm_content=thumbnail,Alex Lomas,CC BY 2.0,https://creativecommons.org/licenses/by/2.0,alex lomas,NEGATIVE_TRAIN,Zea mays (2943636425).jpg,data/external/phase3_followup_negatives/agricultural_crops/p3fu_agricultural_crops_0008.jpg,2026-10-07T08:43:19.809506+00:00,59215a1a06dc2b2ed5474a72aafc083aaff61b77c947b35ef17e9f077dead22f,960,1444,266445,usable,
p3fu_agricultural_crops_0009,agricultural_crops,maize plants,Wikimedia Commons,https://commons.wikimedia.org/wiki/File:Zea_mays_kernel.jpg,https://thumb.wikimedia.org/wikipedia/commons/thumb/2/20/Zea_mays_kernel.jpg/960px-Zea_mays_kernel.jpg?utm_source=commons.wikimedia.org&utm_campaign=imageinfo&utm_content=thumbnail,"Based on work of Jon Houseman and Matthew Ford, but improved contrast + numbered labels",CC BY-SA 4.0,https://creativecommons.org/licenses/by-sa/4.0,"based on work of jon houseman and matthew ford, but improved contrast + numbered labels",NEGATIVE_VALIDATION,Zea mays kernel.jpg,data/external/phase3_followup_negatives/agricultural_crops/p3fu_agricultural_crops_0009.jpg,2026-10-07T08:43:21.474090+00:00,71a04915baabc6d1fe99d7e4cd6e0695495e81dd3c5b4379e7c593bb011707b4,960,456,122659,usable,
p3fu_agricultural_crops_0010,agricultural_crops,maize plants,Wikimedia Commons,https://commons.wikimedia.org/wiki/File:Zea_mays_Ladyfinger_0zz.jpg,https://upload.wikimedia.org/wikipedia/commons/0/0d/Zea_mays_Ladyfinger_0zz.jpg?utm_source=commons.wikimedia.org&utm_campaign=imageinfo&utm_content=thumbnail_unscaled,Photo by David J. Stang,CC BY-SA 4.0,https://creativecommons.org/licenses/by-sa/4.0,photo by david j. stang,NEGATIVE_TRAIN,Zea mays Ladyfinger 0zz.jpg,data/external/phase3_followup_negatives/agricultural_crops/p3fu_agricultural_crops_0010.jpg,2026-10-07T08:43:24.679918+00:00,7954c9de6048cfacaf31ee9d6356bfdd28f99fde560547e2f92b26ff7ddb28b0,789,989,486328,usable,
p3fu_agricultural_crops_0011,agricultural_crops,maize plants,Wikimedia Commons,https://commons.wikimedia.org/wiki/File:Specimen_of_Zea_Mays_Everta.jpg,https://thumb.wikimedia.org/wikipedia/commons/thumb/5/54/Specimen_of_Zea_Mays_Everta.jpg/960px-Specimen_of_Zea_Mays_Everta.jpg?utm_source=commons.wikimedia.org&utm_campaign=imageinfo&utm_content=thumbnail,Just some student on the web,CC BY-SA 4.0,https://creativecommons.org/licenses/by-sa/4.0,just some student on the web,NEGATIVE_FINAL_HOLDOUT,Specimen of Zea Mays Everta.jpg,data/external/phase3_followup_negatives/agricultural_crops/p3fu_agricultural_crops_0011.jpg,2026-10-07T08:43:25.804610+00:00,2f874715b8083ad29a9fad3b21c55d494df7bc258d3d74c03810a4229801d17c,960,1124,66184,usable,
p3fu_agricultural_crops_0012,agricultural_crops,maize plants,Wikimedia Commons,https://commons.wikimedia.org/wiki/File:Zea_mays_subsp._mays_inflorescence.jpg,https://thumb.wikimedia.org/wikipedia/commons/thumb/3/3b/Zea_mays_subsp._mays_inflorescence.jpg/960px-Zea_mays_subsp._mays_inflorescence.jpg?utm_source=commons.wikimedia.org&utm_campaign=imageinfo&utm_content=thumbnail,Rasbak,CC BY-SA 3.0,https://creativecommons.org/licenses/by-sa/3.0,rasbak,NEGATIVE_TRAIN,Zea mays subsp. mays inflorescence.jpg,data/external/phase3_followup_negatives/agricultural_crops/p3fu_agricultural_crops_0012.jpg,2026-10-07T08:43:27.903650+00:00,818a8fcf5e7db8fdf191a715360e7aa962475707e0b0ce16e4173bce4040f257,960,1438,217405,usable,
p3fu_agricultural_crops_0013,agricultural_crops,maize plants,Wikimedia Commons,https://commons.wikimedia.org/wiki/File:Zea_mays._Ma%C3%ADz.jpg,https://thumb.wikimedia.org/wikipedia/commons/thumb/7/75/Zea_mays._Ma%C3%ADz.jpg/960px-Zea_mays._Ma%C3%ADz.jpg?utm_source=commons.wikimedia.org&utm_campaign=imageinfo&utm_content=thumbnail,SABENCIA Guillermo César Ruiz,CC BY-SA 4.0,https://creativecommons.org/licenses/by-sa/4.0,sabencia guillermo césar ruiz,NEGATIVE_VALIDATION,Zea mays. Maíz.jpg,data/external/phase3_followup_negatives/agricultural_crops/p3fu_agricultural_crops_0013.jpg,2026-10-07T08:43:29.949837+00:00,da21c4245ad850912c3cb9993aa0f83564bf1ee2694417333ea2c39f1a4484e5,960,1280,552549,usable,
p3fu_agricultural_crops_0014,agricultural_crops,maize plants,Wikimedia Commons,https://commons.wikimedia.org/wiki/File:Zea_mays_004.JPG,https://thumb.wikimedia.org/wikipedia/commons/thumb/2/2b/Zea_mays_004.JPG/960px-Zea_mays_004.JPG?utm_source=commons.wikimedia.org&utm_campaign=imageinfo&utm_content=thumbnail,H. Zell,CC BY-SA 3.0,https://creativecommons.org/licenses/by-sa/3.0,h. zell,NEGATIVE_TRAIN,Zea mays 004.JPG,data/external/phase3_followup_negatives/agricultural_crops/p3fu_agricultural_crops_0014.jpg,2026-10-07T08:43:31.583285+00:00,ec275e2dc96eab06ff03555218f104eacb240aeea343a3ccde8dd8f053a4d2b8,960,1280,331721,usable,
p3fu_agricultural_crops_0015,agricultural_crops,maize plants,Wikimedia Commons,https://commons.wikimedia.org/wiki/File:Zea_mays_(4217879295).jpg,https://thumb.wikimedia.org/wikipedia/commons/thumb/f/f3/Zea_mays_%284217879295%29.jpg/960px-Zea_mays_%284217879295%29.jpg?utm_source=commons.wikimedia.org&utm_campaign=imageinfo&utm_content=thumbnail,"Dinesh Valke from Thane, India",CC BY-SA 2.0,https://creativecommons.org/licenses/by-sa/2.0,"dinesh valke from thane, india",NEGATIVE_VALIDATION,Zea mays (4217879295).jpg,data/external/phase3_followup_negatives/agricultural_crops/p3fu_agricultural_crops_0015.jpg,2026-10-07T08:43:33.975738+00:00,89ee4c9fb34bbe9b315ffc050fba118c6dbeb10d707d881406ed6f17d17ff2a6,960,720,122761,usable,
p3fu_agricultural_crops_0016,agricultural_crops,maize plants,Wikimedia Commons,https://commons.wikimedia.org/wiki/File:Maisfeld_-_Zea_mays_1.jpg,https://thumb.wikimedia.org/wikipedia/commons/thumb/5/52/Maisfeld_-_Zea_mays_1.jpg/960px-Maisfeld_-_Zea_mays_1.jpg?utm_source=commons.wikimedia.org&utm_campaign=imageinfo&utm_content=thumbnail,Sciencia58,CC BY-SA 4.0,https://creativecommons.org/licenses/by-sa/4.0,sciencia58,NEGATIVE_TRAIN,Maisfeld - Zea mays 1.jpg,data/external/phase3_followup_negatives/agricultural_crops/p3fu_agricultural_crops_0016.jpg,2026-10-07T08:43:35.663588+00:00,bdfd496c03d7a04421ab3f1f8b9bdc45cddf0356047a2daf72d7351d6943d5d3,960,720,220474,usable,
p3fu_agricultural_crops_0017,agricultural_crops,maize plants,Wikimedia Commons,https://commons.wikimedia.org/wiki/File:Zea_mays_(2943636657).jpg,https://thumb.wikimedia.org/wikipedia/commons/thumb/4/4c/Zea_mays_%282943636657%29.jpg/960px-Zea_mays_%282943636657%29.jpg?utm_source=commons.wikimedia.org&utm_campaign=imageinfo&utm_content=thumbnail,Alex Lomas,CC BY 2.0,https://creativecommons.org/licenses/by/2.0,alex lomas,NEGATIVE_TRAIN,Zea mays (2943636657).jpg,data/external/phase3_followup_negatives/agricultural_crops/p3fu_agricultural_crops_0017.jpg,2026-10-07T08:43:37.261936+00:00,ecfe2c2a03c4e5f93584c2d8bf204e0972af861740b92f3ec8f5626363d2d305,960,1444,269743,usable,
p3fu_agricultural_crops_0018,agricultural_crops,maize plants,Wikimedia Commons,https://commons.wikimedia.org/wiki/File:Zea_mays_var._ceratina.jpg,https://thumb.wikimedia.org/wikipedia/commons/thumb/6/65/Zea_mays_var._ceratina.jpg/960px-Zea_mays_var._ceratina.jpg?utm_source=commons.wikimedia.org&utm_campaign=imageinfo&utm_content=thumbnail,Vardhanjp,CC BY-SA 4.0,https://creativecommons.org/licenses/by-sa/4.0,vardhanjp,NEGATIVE_TRAIN,Zea mays var. ceratina.jpg,data/external/phase3_followup_negatives/agricultural_crops/p3fu_agricultural_crops_0018.jpg,2026-10-07T08:43:38.625129+00:00,95abcb0a691025322c25b162a5affbf48e08d1db3c2e69d7d507c7c40fd0d170,960,1707,245339,usable,
p3fu_agricultural_crops_0019,agricultural_crops,maize plants,Wikimedia Commons,https://commons.wikimedia.org/wiki/File:Granos_arqueol%C3%B3gicos_de_ma%C3%ADces_(Zea_mays_L.).jpg,https://upload.wikimedia.org/wikipedia/commons/6/69/Granos_arqueol%C3%B3gicos_de_ma%C3%ADces_%28Zea_mays_L.%29.jpg?utm_source=commons.wikimedia.org&utm_campaign=imageinfo&utm_content=thumbnail_unscaled,JuanaFuertes,CC BY-SA 4.0,https://creativecommons.org/licenses/by-sa/4.0,juanafuertes,NEGATIVE_VALIDATION,Granos arqueológicos de maíces (Zea mays L.).jpg,data/external/phase3_followup_negatives/agricultural_crops/p3fu_agricultural_crops_0019.jpg,2026-10-07T08:43:41.570065+00:00,f63de92e446f01bb827f4970858a006f5d1bc55d10d26b4e5e2f3117f0e1de2c,912,1416,307276,usable,
p3fu_agricultural_crops_0020,agricultural_crops,maize plants,Wikimedia Commons,https://commons.wikimedia.org/wiki/File:Zea_mays_in_Margarita.jpg,https://thumb.wikimedia.org/wikipedia/commons/thumb/e/e9/Zea_mays_in_Margarita.jpg/960px-Zea_mays_in_Margarita.jpg?utm_source=commons.wikimedia.org&utm_campaign=imageinfo&utm_content=thumbnail,Wilfredor,CC0,http://creativecommons.org/publicdomain/zero/1.0/deed.en,wilfredor,NEGATIVE_VALIDATION,Zea mays in Margarita.jpg,data/external/phase3_followup_negatives/agricultural_crops/p3fu_agricultural_crops_0020.jpg,2026-10-07T08:43:45.193504+00:00,f16816d90f4c79fb754a1f45f92a1a5ca8e27436d2cd94043c504641104eb8b2,960,638,219243,usable,
p3fu_agricultural_crops_0021,agricultural_crops,maize plants,Wikimedia Commons,https://commons.wikimedia.org/wiki/File:Zea_mays_drought_(05).jpg,https://thumb.wikimedia.org/wikipedia/commons/thumb/a/a9/Zea_mays_drought_%2805%29.jpg/960px-Zea_mays_drought_%2805%29.jpg?utm_source=commons.wikimedia.org&utm_campaign=imageinfo&utm_content=thumbnail,Rasbak,CC BY-SA 3.0,https://creativecommons.org/licenses/by-sa/3.0,rasbak,NEGATIVE_TRAIN,Zea mays drought (05).jpg,data/external/phase3_followup_negatives/agricultural_crops/p3fu_agricultural_crops_0021.jpg,2026-10-07T08:43:46.869462+00:00,535af4959b64dfaa3ee609ae2afb1a4dc8cde126cab0b38586ac3524a7f61a21,960,1438,418424,usable,
p3fu_agricultural_crops_0022,agricultural_crops,maize plants,Wikimedia Commons,https://commons.wikimedia.org/wiki/File:Zea_mays_drought_(06).jpg,https://thumb.wikimedia.org/wikipedia/commons/thumb/3/3b/Zea_mays_drought_%2806%29.jpg/960px-Zea_mays_drought_%2806%29.jpg?utm_source=commons.wikimedia.org&utm_campaign=imageinfo&utm_content=thumbnail,Rasbak,CC BY-SA 3.0,https://creativecommons.org/licenses/by-sa/3.0,rasbak,NEGATIVE_TRAIN,Zea mays drought (06).jpg,data/external/phase3_followup_negatives/agricultural_crops/p3fu_agricultural_crops_0022.jpg,2026-10-07T08:43:52.193719+00:00,b683d88cd48a14b03f3fa406cd840f4c82a62e36570e7d478d84f74f26db7515,960,1444,442925,usable,
p3fu_agricultural_crops_0023,agricultural_crops,maize plants,Wikimedia Commons,https://commons.wikimedia.org/wiki/File:Zea_mays_(2943636083).jpg,https://thumb.wikimedia.org/wikipedia/commons/thumb/7/72/Zea_mays_%282943636083%29.jpg/960px-Zea_mays_%282943636083%29.jpg?utm_source=commons.wikimedia.org&utm_campaign=imageinfo&utm_content=thumbnail,Alex Lomas,CC BY 2.0,https://creativecommons.org/licenses/by/2.0,alex lomas,NEGATIVE_TRAIN,Zea mays (2943636083).jpg,data/external/phase3_followup_negatives/agricultural_crops/p3fu_agricultural_crops_0023.jpg,2026-10-07T08:43:53.828094+00:00,4027d0884b21e00dc0b73cbda902b26771ea15baa46ef6e319e8e787911f24bf,960,638,283249,usable,
p3fu_agricultural_crops_0024,agricultural_crops,maize plants,Wikimedia Commons,https://commons.wikimedia.org/wiki/File:Plant_Maize_03.jpg,https://thumb.wikimedia.org/wikipedia/commons/thumb/b/bc/Plant_Maize_03.jpg/960px-Plant_Maize_03.jpg?utm_source=commons.wikimedia.org&utm_campaign=imageinfo&utm_content=thumbnail,Weyham,CC BY-SA 4.0,https://creativecommons.org/licenses/by-sa/4.0,weyham,NEGATIVE_TRAIN,Plant Maize 03.jpg,data/external/phase3_followup_negatives/agricultural_crops/p3fu_agricultural_crops_0024.jpg,2026-10-07T08:43:56.477704+00:00,a7bf6d998cab6a182427db0f74ad326970aef33fbd60cb093c04bb521131a4eb,960,1280,501131,usable,
p3fu_agricultural_crops_0025,agricultural_crops,maize plants,Wikimedia Commons,https://commons.wikimedia.org/wiki/File:Corn_(Zea_mays)_-_Aug._2007.jpg,https://thumb.wikimedia.org/wikipedia/commons/thumb/f/f4/Corn_%28Zea_mays%29_-_Aug._2007.jpg/960px-Corn_%28Zea_mays%29_-_Aug._2007.jpg?utm_source=commons.wikimedia.org&utm_campaign=imageinfo&utm_content=thumbnail,Carl Lewis,CC BY 2.0,https://creativecommons.org/licenses/by/2.0,carl lewis,NEGATIVE_TRAIN,Corn (Zea mays) - Aug. 2007.jpg,data/external/phase3_followup_negatives/agricultural_crops/p3fu_agricultural_crops_0025.jpg,2026-10-07T08:43:58.663423+00:00,9815a0bc5525c8f441b6ea5042f2fbdff4c6f734028d1057c4ba031cba74581f,960,1280,480781,usable,
p3fu_agricultural_crops_0026,agricultural_crops,maize plants,Wikimedia Commons,https://commons.wikimedia.org/wiki/File:Zea_mays_1_2017-10-29.jpg,https://thumb.wikimedia.org/wikipedia/commons/thumb/b/b8/Zea_mays_1_2017-10-29.jpg/960px-Zea_mays_1_2017-10-29.jpg?utm_source=commons.wikimedia.org&utm_campaign=imageinfo&utm_content=thumbnail,FASTILY,CC BY-SA 4.0,https://creativecommons.org/licenses/by-sa/4.0,fastily,NEGATIVE_TRAIN,Zea mays 1 2017-10-29.jpg,data/external/phase3_followup_negatives/agricultural_crops/p3fu_agricultural_crops_0026.jpg,2026-10-07T08:44:00.595873+00:00,a54d59493c7eaf81f7e00a725a9272ff946e917a1ba49d603e98cecd97838a6d,960,640,224991,usable,
p3fu_agricultural_crops_0027,agricultural_crops,maize plants,Wikimedia Commons,https://commons.wikimedia.org/wiki/File:Ma%C3%ADz_(Zea_mays)_-_Coloraci%C3%B3n_de_los_granos.jpg,https://thumb.wikimedia.org/wikipedia/commons/thumb/5/5b/Ma%C3%ADz_%28Zea_mays%29_-_Coloraci%C3%B3n_de_los_granos.jpg/960px-Ma%C3%ADz_%28Zea_mays%29_-_Coloraci%C3%B3n_de_los_granos.jpg?utm_source=commons.wikimedia.org&utm_campaign=imageinfo&utm_content=thumbnail,Juan Carlos Fonseca Mata,CC BY-SA 4.0,https://creativecommons.org/licenses/by-sa/4.0,juan carlos fonseca mata,NEGATIVE_FINAL_HOLDOUT,Maíz (Zea mays) - Coloración de los granos.jpg,data/external/phase3_followup_negatives/agricultural_crops/p3fu_agricultural_crops_0027.jpg,2026-10-07T08:44:02.337906+00:00,c3a51328081b54368f315eb665389e1eb3da29d153ea83ab60bb3c2f865a0cab,960,960,326099,usable,
p3fu_agricultural_crops_0028,agricultural_crops,maize plants,Wikimedia Commons,https://commons.wikimedia.org/wiki/File:Zea_mays_001.JPG,https://thumb.wikimedia.org/wikipedia/commons/thumb/d/dc/Zea_mays_001.JPG/960px-Zea_mays_001.JPG?utm_source=commons.wikimedia.org&utm_campaign=imageinfo&utm_content=thumbnail,H. Zell,CC BY-SA 3.0,https://creativecommons.org/licenses/by-sa/3.0,h. zell,NEGATIVE_TRAIN,Zea mays 001.JPG,data/external/phase3_followup_negatives/agricultural_crops/p3fu_agricultural_crops_0028.jpg,2026-10-07T08:44:05.882970+00:00,a57b4ed36b74f1900fbc8e3bab2fc8ab07cbb9bfc4b4bd9a7203597d8ce58542,960,1280,637880,usable,
p3fu_agricultural_crops_0029,agricultural_crops,maize plants,Wikimedia Commons,https://commons.wikimedia.org/wiki/File:Zea_mays_2_2017-10-29.jpg,https://thumb.wikimedia.org/wikipedia/commons/thumb/8/85/Zea_mays_2_2017-10-29.jpg/960px-Zea_mays_2_2017-10-29.jpg?utm_source=commons.wikimedia.org&utm_campaign=imageinfo&utm_content=thumbnail,FASTILY,CC BY-SA 4.0,https://creativecommons.org/licenses/by-sa/4.0,fastily,NEGATIVE_TRAIN,Zea mays 2 2017-10-29.jpg,data/external/phase3_followup_negatives/agricultural_crops/p3fu_agricultural_crops_0029.jpg,2026-10-07T08:44:07.312696+00:00,c0345eadc275ceaf91b72f3a5d3a20248da30dc9f0bb0164b0302dbe4c3ad874,960,640,141326,usable,
p3fu_agricultural_crops_0030,agricultural_crops,maize plants,Wikimedia Commons,https://commons.wikimedia.org/wiki/File:Plant_Maize_02.jpg,https://thumb.wikimedia.org/wikipedia/commons/thumb/3/3b/Plant_Maize_02.jpg/960px-Plant_Maize_02.jpg?utm_source=commons.wikimedia.org&utm_campaign=imageinfo&utm_content=thumbnail,Weyham,CC BY-SA 4.0,https://creativecommons.org/licenses/by-sa/4.0,weyham,NEGATIVE_TRAIN,Plant Maize 02.jpg,data/external/phase3_followup_negatives/agricultural_crops/p3fu_agricultural_crops_0030.jpg,2026-10-07T08:44:09.033562+00:00,3a6e53f8088d6a5a8bcad7e3f752552e25802eebda4fde1acad28643900db7af,960,1280,568244,usable,
p3fu_agricultural_crops_0031,agricultural_crops,maize plants,Wikimedia Commons,https://commons.wikimedia.org/wiki/File:Full_maturity_of_Zea_mays_-_black_spot.JPG,https://thumb.wikimedia.org/wikipedia/commons/thumb/d/da/Full_maturity_of_Zea_mays_-_black_spot.JPG/960px-Full_maturity_of_Zea_mays_-_black_spot.JPG?utm_source=commons.wikimedia.org&utm_campaign=imageinfo&utm_content=thumbnail,Agronom,CC BY-SA 3.0,https://creativecommons.org/licenses/by-sa/3.0,agronom,NEGATIVE_FINAL_HOLDOUT,Full maturity of Zea mays - black spot.JPG,data/external/phase3_followup_negatives/agricultural_crops/p3fu_agricultural_crops_0031.jpg,2026-10-07T08:44:10.366454+00:00,cd9f3fb13b5d27f677be2dbee9858923d9098f15e42537401dffbd9f5204f72c,960,1278,165799,usable,
p3fu_agricultural_crops_0032,agricultural_crops,maize plants,Wikimedia Commons,https://commons.wikimedia.org/wiki/File:Zea_mays_damaged_by_Spodoptera_frugiperda_(200218-0814).jpg,https://thumb.wikimedia.org/wikipedia/commons/thumb/9/91/Zea_mays_damaged_by_Spodoptera_frugiperda_%28200218-0814%29.jpg/960px-Zea_mays_damaged_by_Spodoptera_frugiperda_%28200218-0814%29.jpg?utm_source=commons.wikimedia.org&utm_campaign=imageinfo&utm_content=thumbnail,Wee Hong,CC BY-SA 4.0,https://creativecommons.org/licenses/by-sa/4.0,wee hong,NEGATIVE_TRAIN,Zea mays damaged by Spodoptera frugiperda (200218-0814).jpg,data/external/phase3_followup_negatives/agricultural_crops/p3fu_agricultural_crops_0032.jpg,2026-10-07T08:44:12.060510+00:00,11afe9d1e8403d1f3960b81465c52a1255ebad78019aad0decc6a50daf55beee,960,1280,332241,usable,
p3fu_agricultural_crops_0033,agricultural_crops,maize plants,Wikimedia Commons,https://commons.wikimedia.org/wiki/File:Zea_mays_with_Erwinia_carotovora_(03).jpg,https://thumb.wikimedia.org/wikipedia/commons/thumb/b/b4/Zea_mays_with_Erwinia_carotovora_%2803%29.jpg/960px-Zea_mays_with_Erwinia_carotovora_%2803%29.jpg?utm_source=commons.wikimedia.org&utm_campaign=imageinfo&utm_content=thumbnail,"Howard F. Schwartz, Colorado State University, Bugwood.org",CC BY 3.0 us,https://creativecommons.org/licenses/by/3.0/us/deed.en,"howard f. schwartz, colorado state university, bugwood.org",NEGATIVE_TRAIN,Zea mays with Erwinia carotovora (03).jpg,data/external/phase3_followup_negatives/agricultural_crops/p3fu_agricultural_crops_0033.jpg,2026-10-07T08:44:13.885071+00:00,7d26b65eb2b0764eb1c9d22b4b9ecfec89b57991d546160e97a22a5cb2f6cf19,960,652,109648,usable,
p3fu_agricultural_crops_0034,agricultural_crops,maize plants,Wikimedia Commons,https://commons.wikimedia.org/wiki/File:Drying_Zea_mays_in_Chinese_country_20171005.jpg,https://thumb.wikimedia.org/wikipedia/commons/thumb/f/f8/Drying_Zea_mays_in_Chinese_country_20171005.jpg/960px-Drying_Zea_mays_in_Chinese_country_20171005.jpg?utm_source=commons.wikimedia.org&utm_campaign=imageinfo&utm_content=thumbnail,Sunyiming,CC BY-SA 4.0,https://creativecommons.org/licenses/by-sa/4.0,sunyiming,NEGATIVE_VALIDATION,Drying Zea mays in Chinese country 20171005.jpg,data/external/phase3_followup_negatives/agricultural_crops/p3fu_agricultural_crops_0034.jpg,2026-10-07T08:44:17.377066+00:00,11ec399d7b9ac1c71722ca906975384a229fa5ac7b19227e6274fe60bab3374a,960,540,306982,usable,
p3fu_agricultural_crops_0035,agricultural_crops,maize plants,Wikimedia Commons,https://commons.wikimedia.org/wiki/File:Zea_mays_Plant_(4).jpg,https://thumb.wikimedia.org/wikipedia/commons/thumb/0/0c/Zea_mays_Plant_%284%29.jpg/960px-Zea_mays_Plant_%284%29.jpg?utm_source=commons.wikimedia.org&utm_campaign=imageinfo&utm_content=thumbnail,Sabina Bajracharya,CC BY-SA 4.0,https://creativecommons.org/licenses/by-sa/4.0,sabina bajracharya,NEGATIVE_VALIDATION,Zea mays Plant (4).jpg,data/external/phase3_followup_negatives/agricultural_crops/p3fu_agricultural_crops_0035.jpg,2026-10-07T08:44:19.679906+00:00,7f4b76f3f2e00ccea1905fd12199ed4d67c8592554be58f6a6b434368a73104a,960,1280,623218,usable,
p3fu_agricultural_crops_0036,agricultural_crops,maize plants,Wikimedia Commons,https://commons.wikimedia.org/wiki/File:Zea_mays_with_Erwinia_carotovora_(02).jpg,https://thumb.wikimedia.org/wikipedia/commons/thumb/7/71/Zea_mays_with_Erwinia_carotovora_%2802%29.jpg/960px-Zea_mays_with_Erwinia_carotovora_%2802%29.jpg?utm_source=commons.wikimedia.org&utm_campaign=imageinfo&utm_content=thumbnail,"Howard F. Schwartz, Colorado State University, Bugwood.org",CC BY 3.0 us,https://creativecommons.org/licenses/by/3.0/us/deed.en,"howard f. schwartz, colorado state university, bugwood.org",NEGATIVE_TRAIN,Zea mays with Erwinia carotovora (02).jpg,data/external/phase3_followup_negatives/agricultural_crops/p3fu_agricultural_crops_0036.jpg,2026-10-07T08:44:21.655992+00:00,231d0d48fdaec7e2ccaca97e7b465a94c4e4605a61553cc376b3365e9c434ca2,960,643,183305,usable,
p3fu_agricultural_crops_0037,agricultural_crops,maize plants,Wikimedia Commons,https://commons.wikimedia.org/wiki/File:Zea_mays_Plant_(1).jpg,https://thumb.wikimedia.org/wikipedia/commons/thumb/0/0b/Zea_mays_Plant_%281%29.jpg/960px-Zea_mays_Plant_%281%29.jpg?utm_source=commons.wikimedia.org&utm_campaign=imageinfo&utm_content=thumbnail,Sabina Bajracharya,CC BY-SA 4.0,https://creativecommons.org/licenses/by-sa/4.0,sabina bajracharya,NEGATIVE_VALIDATION,Zea mays Plant (1).jpg,data/external/phase3_followup_negatives/agricultural_crops/p3fu_agricultural_crops_0037.jpg,2026-10-07T08:44:22.913737+00:00,fb09bc6ef7c7c1016390a4cb514f1d1f15fd8961ffef6f7b1aca6fb825175235,960,720,358665,usable,
p3fu_agricultural_crops_0038,agricultural_crops,maize plants,Wikimedia Commons,https://commons.wikimedia.org/wiki/File:Corntassel_7095.jpg,https://upload.wikimedia.org/wikipedia/commons/7/73/Corntassel_7095.jpg?utm_source=commons.wikimedia.org&utm_campaign=imageinfo&utm_content=thumbnail_unscaled,Spedona,CC BY-SA 3.0,http://creativecommons.org/licenses/by-sa/3.0/,spedona,NEGATIVE_VALIDATION,Corntassel 7095.jpg,data/external/phase3_followup_negatives/agricultural_crops/p3fu_agricultural_crops_0038.jpg,2026-10-07T08:44:24.116115+00:00,37881dc6c44f1432a731009fb1d399a7fc3ccc425ca7d5621a305cdedd356852,800,1200,891131,usable,
p3fu_agricultural_crops_0039,agricultural_crops,maize plants,Wikimedia Commons,https://commons.wikimedia.org/wiki/File:Zea_mays_Plant_(2).jpg,https://thumb.wikimedia.org/wikipedia/commons/thumb/5/5f/Zea_mays_Plant_%282%29.jpg/960px-Zea_mays_Plant_%282%29.jpg?utm_source=commons.wikimedia.org&utm_campaign=imageinfo&utm_content=thumbnail,Sabina Bajracharya,CC BY-SA 4.0,https://creativecommons.org/licenses/by-sa/4.0,sabina bajracharya,NEGATIVE_VALIDATION,Zea mays Plant (2).jpg,data/external/phase3_followup_negatives/agricultural_crops/p3fu_agricultural_crops_0039.jpg,2026-10-07T08:44:27.837784+00:00,0fd39ae9e4396f8f5ee74fba82397a1b127a2ba487e68ad2c7a6e8063ded08c5,960,720,348246,usable,
p3fu_agricultural_crops_0040,agricultural_crops,maize plants,Wikimedia Commons,https://commons.wikimedia.org/wiki/File:Zea_mays_male_flowers.jpg,https://thumb.wikimedia.org/wikipedia/commons/thumb/a/ac/Zea_mays_male_flowers.jpg/960px-Zea_mays_male_flowers.jpg?utm_source=commons.wikimedia.org&utm_campaign=imageinfo&utm_content=thumbnail,Kostka Martin,CC0,http://creativecommons.org/publicdomain/zero/1.0/deed.en,kostka martin,NEGATIVE_FINAL_HOLDOUT,Zea mays male flowers.jpg,data/external/phase3_followup_negatives/agricultural_crops/p3fu_agricultural_crops_0040.jpg,2026-10-07T08:44:29.110520+00:00,bc6b5f2995f15f7dfd1153f7f1e18d963dfb0d880de57e38517184d182a64d5e,960,609,125984,usable,
p3fu_agricultural_crops_0041,agricultural_crops,maize plants,Wikimedia Commons,https://commons.wikimedia.org/wiki/File:Maize_plants_at_tasseling_g_silking_stage.jpg,https://thumb.wikimedia.org/wikipedia/commons/thumb/0/0e/Maize_plants_at_tasseling_g_silking_stage.jpg/960px-Maize_plants_at_tasseling_g_silking_stage.jpg?utm_source=commons.wikimedia.org&utm_campaign=imageinfo&utm_content=thumbnail,Mothusi Sekhomba,CC BY-SA 4.0,https://creativecommons.org/licenses/by-sa/4.0,mothusi sekhomba,NEGATIVE_TRAIN,Maize plants at tasseling g silking stage.jpg,data/external/phase3_followup_negatives/agricultural_crops/p3fu_agricultural_crops_0041.jpg,2026-10-07T08:44:30.889293+00:00,3e8c12f7eff057d10b2c427c8ed29ed1381f964165c9d19cd0931cc765e3d0dd,960,1355,410032,usable,
p3fu_agricultural_crops_0042,agricultural_crops,maize plants,Wikimedia Commons,"https://commons.wikimedia.org/wiki/File:Zea_mays_-_Botanischer_Garten,_Frankfurt_am_Main_-_DSC03202.JPG",https://thumb.wikimedia.org/wikipedia/commons/thumb/a/ab/Zea_mays_-_Botanischer_Garten%2C_Frankfurt_am_Main_-_DSC03202.JPG/960px-Zea_mays_-_Botanischer_Garten%2C_Frankfurt_am_Main_-_DSC03202.JPG?utm_source=commons.wikimedia.org&utm_campaign=imageinfo&utm_content=thumbnail,Daderot,CC0,http://creativecommons.org/publicdomain/zero/1.0/deed.en,daderot,NEGATIVE_TRAIN,"Zea mays - Botanischer Garten, Frankfurt am Main - DSC03202.JPG",data/external/phase3_followup_negatives/agricultural_crops/p3fu_agricultural_crops_0042.jpg,2026-10-07T08:44:32.546595+00:00,b175737ea59878758779b9c93da9d722c76ab77bacf35dd9de61522be40f1203,960,720,388722,usable,
p3fu_agricultural_crops_0043,agricultural_crops,maize plants,Wikimedia Commons,https://commons.wikimedia.org/wiki/File:Maize_Plant_(2).JPG,https://thumb.wikimedia.org/wikipedia/commons/thumb/e/e8/Maize_Plant_%282%29.JPG/960px-Maize_Plant_%282%29.JPG?utm_source=commons.wikimedia.org&utm_campaign=imageinfo&utm_content=thumbnail,Bijay chaurasia,CC BY-SA 3.0,https://creativecommons.org/licenses/by-sa/3.0,bijay chaurasia,NEGATIVE_VALIDATION,Maize Plant (2).JPG,data/external/phase3_followup_negatives/agricultural_crops/p3fu_agricultural_crops_0043.jpg,2026-10-07T08:44:33.842870+00:00,07de44b409c71c517b11f4dfa782c5f4f182c7ba4aff74bee5faa3c45385f2e1,960,639,147790,usable,
p3fu_agricultural_crops_0044,agricultural_crops,maize plants,Wikimedia Commons,https://commons.wikimedia.org/wiki/File:Zea_mays_(Corn_after_the_harvest).jpg,https://thumb.wikimedia.org/wikipedia/commons/thumb/c/c5/Zea_mays_%28Corn_after_the_harvest%29.jpg/960px-Zea_mays_%28Corn_after_the_harvest%29.jpg?utm_source=commons.wikimedia.org&utm_campaign=imageinfo&utm_content=thumbnail,Hans Hillewaert,CC BY-SA 3.0,https://creativecommons.org/licenses/by-sa/3.0,hans hillewaert,NEGATIVE_TRAIN,Zea mays (Corn after the harvest).jpg,data/external/phase3_followup_negatives/agricultural_crops/p3fu_agricultural_crops_0044.jpg,2026-10-07T08:44:35.478957+00:00,dca04be382a9023b74e976cb9157aae9a72bc94e16ff2916e058a540648e732c,960,1280,242661,usable,
p3fu_agricultural_crops_0045,agricultural_crops,maize plants,Wikimedia Commons,"https://commons.wikimedia.org/wiki/File:Zea_mays_-_Botanischer_Garten,_Frankfurt_am_Main_-_DSC03201.JPG",https://thumb.wikimedia.org/wikipedia/commons/thumb/1/1e/Zea_mays_-_Botanischer_Garten%2C_Frankfurt_am_Main_-_DSC03201.JPG/960px-Zea_mays_-_Botanischer_Garten%2C_Frankfurt_am_Main_-_DSC03201.JPG?utm_source=commons.wikimedia.org&utm_campaign=imageinfo&utm_content=thumbnail,Daderot,CC0,http://creativecommons.org/publicdomain/zero/1.0/deed.en,daderot,NEGATIVE_TRAIN,"Zea mays - Botanischer Garten, Frankfurt am Main - DSC03201.JPG",data/external/phase3_followup_negatives/agricultural_crops/p3fu_agricultural_crops_0045.jpg,2026-10-07T08:44:38.451369+00:00,6e37ae03c5b29b22a7bea365677f7a4f205a856d0fac479b4697c217ecb81ccb,960,1280,508262,usable,
p3fu_agricultural_crops_0046,agricultural_crops,maize plants,Wikimedia Commons,https://commons.wikimedia.org/wiki/File:Maize_Plants_01.jpg,https://thumb.wikimedia.org/wikipedia/commons/thumb/b/b5/Maize_Plants_01.jpg/960px-Maize_Plants_01.jpg?utm_source=commons.wikimedia.org&utm_campaign=imageinfo&utm_content=thumbnail,Okinartz,CC BY-SA 4.0,https://creativecommons.org/licenses/by-sa/4.0,okinartz,NEGATIVE_TRAIN,Maize Plants 01.jpg,data/external/phase3_followup_negatives/agricultural_crops/p3fu_agricultural_crops_0046.jpg,2026-10-07T08:44:43.100415+00:00,5c62d041d720b4c30ec317e0c67beb410ce46bc0507fddb9609b2123c165d8d0,960,2133,892273,usable,
p3fu_agricultural_crops_0047,agricultural_crops,maize plants,Wikimedia Commons,https://commons.wikimedia.org/wiki/File:Zea_mays_Blanco2.279.png,https://thumb.wikimedia.org/wikipedia/commons/thumb/c/c6/Zea_mays_Blanco2.279.png/960px-Zea_mays_Blanco2.279.png?utm_source=commons.wikimedia.org&utm_campaign=imageinfo&utm_content=thumbnail,Francisco Manuel Blanco (O.S.A.),Public domain,,francisco manuel blanco (o.s.a.),NEGATIVE_TRAIN,Zea mays Blanco2.279.png,data/external/phase3_followup_negatives/agricultural_crops/p3fu_agricultural_crops_0047.png,2026-10-07T08:44:45.805316+00:00,ef17051d0b7682996ee978f93d646c893f1af8686fb473f66717823d750a0d07,960,1393,1147634,usable,
p3fu_agricultural_crops_0048,agricultural_crops,maize plants,Wikimedia Commons,https://commons.wikimedia.org/wiki/File:Starr-070730-7881-Zea_mays-ears-Foodland_Pukalani-Maui_(24864230826).jpg,https://thumb.wikimedia.org/wikipedia/commons/thumb/8/89/Starr-070730-7881-Zea_mays-ears-Foodland_Pukalani-Maui_%2824864230826%29.jpg/960px-Starr-070730-7881-Zea_mays-ears-Foodland_Pukalani-Maui_%2824864230826%29.jpg?utm_source=commons.wikimedia.org&utm_campaign=imageinfo&utm_content=thumbnail,Forest and Kim Starr,CC BY 3.0 us,https://creativecommons.org/licenses/by/3.0/us/deed.en,forest and kim starr,NEGATIVE_TRAIN,Starr-070730-7881-Zea mays-ears-Foodland Pukalani-Maui (24864230826).jpg,data/external/phase3_followup_negatives/agricultural_crops/p3fu_agricultural_crops_0048.jpg,2026-10-07T08:44:47.330691+00:00,4ff898b38d906b554223cbce1fc433c9b7fd3351231aabc9b984f5c3e1f407fd,960,1280,180853,usable,
p3fu_agricultural_crops_0049,agricultural_crops,maize plants,Wikimedia Commons,https://commons.wikimedia.org/wiki/File:Starr-090801-3520-Zea_mays-fruit-Olinda-Maui_(24343979553).jpg,https://thumb.wikimedia.org/wikipedia/commons/thumb/3/3f/Starr-090801-3520-Zea_mays-fruit-Olinda-Maui_%2824343979553%29.jpg/960px-Starr-090801-3520-Zea_mays-fruit-Olinda-Maui_%2824343979553%29.jpg?utm_source=commons.wikimedia.org&utm_campaign=imageinfo&utm_content=thumbnail,Forest and Kim Starr,CC BY 3.0 us,https://creativecommons.org/licenses/by/3.0/us/deed.en,forest and kim starr,NEGATIVE_TRAIN,Starr-090801-3520-Zea mays-fruit-Olinda-Maui (24343979553).jpg,data/external/phase3_followup_negatives/agricultural_crops/p3fu_agricultural_crops_0049.jpg,2026-10-07T08:44:49.423133+00:00,b685d886df5ab1e5166ac2169a33b4b327c31caefa69794ad5140bef1ad8e68c,960,1280,267746,usable,
p3fu_agricultural_crops_0050,agricultural_crops,maize plants,Wikimedia Commons,"https://commons.wikimedia.org/wiki/File:Der_Zuckermais,_S%C3%BC%C3%9Fmais,_lat._Zea_mays_01.jpg",https://thumb.wikimedia.org/wikipedia/commons/thumb/e/e1/Der_Zuckermais%2C_S%C3%BC%C3%9Fmais%2C_lat._Zea_mays_01.jpg/960px-Der_Zuckermais%2C_S%C3%BC%C3%9Fmais%2C_lat._Zea_mays_01.jpg?utm_source=commons.wikimedia.org&utm_campaign=imageinfo&utm_content=thumbnail,Plenuska,CC BY-SA 4.0,https://creativecommons.org/licenses/by-sa/4.0,plenuska,NEGATIVE_TRAIN,"Der Zuckermais, Süßmais, lat. Zea mays 01.jpg",data/external/phase3_followup_negatives/agricultural_crops/p3fu_agricultural_crops_0050.jpg,2026-10-07T08:44:51.940939+00:00,ba423deec0482e0cbb10623b0c9e90c883b78613f3f2aebfa34c38c9a4a557b1,960,720,365365,usable,
p3fu_agricultural_crops_0051,agricultural_crops,maize plants,Wikimedia Commons,"https://commons.wikimedia.org/wiki/File:Der_Zuckermais,_S%C3%BC%C3%9Fmais,_lat._Zea_mays_06.jpg",https://thumb.wikimedia.org/wikipedia/commons/thumb/4/41/Der_Zuckermais%2C_S%C3%BC%C3%9Fmais%2C_lat._Zea_mays_06.jpg/960px-Der_Zuckermais%2C_S%C3%BC%C3%9Fmais%2C_lat._Zea_mays_06.jpg?utm_source=commons.wikimedia.org&utm_campaign=imageinfo&utm_content=thumbnail,Plenuska,CC BY-SA 4.0,https://creativecommons.org/licenses/by-sa/4.0,plenuska,NEGATIVE_TRAIN,"Der Zuckermais, Süßmais, lat. Zea mays 06.jpg",data/external/phase3_followup_negatives/agricultural_crops/p3fu_agricultural_crops_0051.jpg,2026-10-07T08:44:56.436957+00:00,d8c6efc37c3f0c7245d2b2a08c0db5140f5909f4c491d807fc02313927084b2b,960,720,222726,usable,
p3fu_agricultural_crops_0052,agricultural_crops,maize plants,Wikimedia Commons,https://commons.wikimedia.org/wiki/File:Starr-070730-7880-Zea_mays-ears-Foodland_Pukalani-Maui_(24890518535).jpg,https://thumb.wikimedia.org/wikipedia/commons/thumb/0/0e/Starr-070730-7880-Zea_mays-ears-Foodland_Pukalani-Maui_%2824890518535%29.jpg/960px-Starr-070730-7880-Zea_mays-ears-Foodland_Pukalani-Maui_%2824890518535%29.jpg?utm_source=commons.wikimedia.org&utm_campaign=imageinfo&utm_content=thumbnail,Forest and Kim Starr,CC BY 3.0 us,https://creativecommons.org/licenses/by/3.0/us/deed.en,forest and kim starr,NEGATIVE_TRAIN,Starr-070730-7880-Zea mays-ears-Foodland Pukalani-Maui (24890518535).jpg,data/external/phase3_followup_negatives/agricultural_crops/p3fu_agricultural_crops_0052.jpg,2026-10-07T08:44:58.283291+00:00,c7f8ab37428eecc70bb7db254c469bdd5cbeeef41da0ad5003f4cdb19882343e,960,720,152256,usable,
p3fu_agricultural_crops_0053,agricultural_crops,maize plants,Wikimedia Commons,https://commons.wikimedia.org/wiki/File:Maize_Plants_02.jpg,https://thumb.wikimedia.org/wikipedia/commons/thumb/9/9b/Maize_Plants_02.jpg/960px-Maize_Plants_02.jpg?utm_source=commons.wikimedia.org&utm_campaign=imageinfo&utm_content=thumbnail,Okinartz,CC BY-SA 4.0,https://creativecommons.org/licenses/by-sa/4.0,okinartz,NEGATIVE_TRAIN,Maize Plants 02.jpg,data/external/phase3_followup_negatives/agricultural_crops/p3fu_agricultural_crops_0053.jpg,2026-10-07T08:45:00.527331+00:00,aacf50a69de5a1c84303a12eaca06ffc445c27ce02fbb2b19dbbbb313be99337,960,432,168816,usable,
p3fu_agricultural_crops_0054,agricultural_crops,maize plants,Wikimedia Commons,"https://commons.wikimedia.org/wiki/File:Der_Zuckermais,_S%C3%BC%C3%9Fmais,_lat._Zea_mays_03.jpg",https://thumb.wikimedia.org/wikipedia/commons/thumb/b/b5/Der_Zuckermais%2C_S%C3%BC%C3%9Fmais%2C_lat._Zea_mays_03.jpg/960px-Der_Zuckermais%2C_S%C3%BC%C3%9Fmais%2C_lat._Zea_mays_03.jpg?utm_source=commons.wikimedia.org&utm_campaign=imageinfo&utm_content=thumbnail,Plenuska,CC BY-SA 4.0,https://creativecommons.org/licenses/by-sa/4.0,plenuska,NEGATIVE_TRAIN,"Der Zuckermais, Süßmais, lat. Zea mays 03.jpg",data/external/phase3_followup_negatives/agricultural_crops/p3fu_agricultural_crops_0054.jpg,2026-10-07T08:45:02.123236+00:00,cbdfb1019e5f0abe7b84f976669115136459880b404700d6325a7e86a442f010,960,1280,211793,usable,
p3fu_agricultural_crops_0055,agricultural_crops,maize plants,Wikimedia Commons,https://commons.wikimedia.org/wiki/File:Maize_Plants_04.jpg,https://thumb.wikimedia.org/wikipedia/commons/thumb/1/13/Maize_Plants_04.jpg/960px-Maize_Plants_04.jpg?utm_source=commons.wikimedia.org&utm_campaign=imageinfo&utm_content=thumbnail,Okinartz,CC BY-SA 4.0,https://creativecommons.org/licenses/by-sa/4.0,okinartz,NEGATIVE_TRAIN,Maize Plants 04.jpg,data/external/phase3_followup_negatives/agricultural_crops/p3fu_agricultural_crops_0055.jpg,2026-10-07T08:45:03.639964+00:00,842e1df2e6eab5eb2b3654746cc6f6d23d1e69d9a77f091ad12a40d222a33d6c,960,432,181133,usable,
p3fu_agricultural_crops_0056,agricultural_crops,maize plants,Wikimedia Commons,https://commons.wikimedia.org/wiki/File:Zea_mays_Blanco2.279-cropped.jpg,https://thumb.wikimedia.org/wikipedia/commons/thumb/e/e8/Zea_mays_Blanco2.279-cropped.jpg/960px-Zea_mays_Blanco2.279-cropped.jpg?utm_source=commons.wikimedia.org&utm_campaign=imageinfo&utm_content=thumbnail,Francisco Manuel Blanco (O.S.A.),Public domain,,francisco manuel blanco (o.s.a.),NEGATIVE_TRAIN,Zea mays Blanco2.279-cropped.jpg,data/external/phase3_followup_negatives/agricultural_crops/p3fu_agricultural_crops_0056.jpg,2026-10-07T08:45:08.341737+00:00,842f91a05e1c18333d56a0db174bd4561e770aeeba33bf7621b7dbd485a44e5f,960,1363,256915,usable,
p3fu_agricultural_crops_0057,agricultural_crops,maize plants,Wikimedia Commons,https://commons.wikimedia.org/wiki/File:Planting_maize_into_stooling_rye_notill_Nov02.jpg,https://thumb.wikimedia.org/wikipedia/commons/thumb/5/52/Planting_maize_into_stooling_rye_notill_Nov02.jpg/960px-Planting_maize_into_stooling_rye_notill_Nov02.jpg?utm_source=commons.wikimedia.org&utm_campaign=imageinfo&utm_content=thumbnail,Alandmanson,CC BY 4.0,https://creativecommons.org/licenses/by/4.0,alandmanson,NEGATIVE_FINAL_HOLDOUT,Planting maize into stooling rye notill Nov02.jpg,data/external/phase3_followup_negatives/agricultural_crops/p3fu_agricultural_crops_0057.jpg,2026-10-07T08:45:10.084439+00:00,c73e87d5be84c4cc07bf9c32889b9b3f550a0106469ae5680990d8aa1f24d10d,960,720,373142,usable,
p3fu_agricultural_crops_0058,agricultural_crops,maize plants,Wikimedia Commons,https://commons.wikimedia.org/wiki/File:Zea_Mays_L.jpg,https://upload.wikimedia.org/wikipedia/commons/9/9d/Zea_Mays_L.jpg?utm_source=commons.wikimedia.org&utm_campaign=imageinfo&utm_content=thumbnail_unscaled,,Public domain,,commons:8907984,NEGATIVE_TRAIN,Zea Mays L.jpg,data/external/phase3_followup_negatives/agricultural_crops/p3fu_agricultural_crops_0058.jpg,2026-10-07T08:45:11.646824+00:00,1605693c8914ab39f923f3affa7391fd4893fc6c5f7bc0026dd54404017af775,680,929,210599,usable,
p3fu_agricultural_crops_0059,agricultural_crops,maize plants,Wikimedia Commons,https://commons.wikimedia.org/wiki/File:Maize_plant_stands.jpg,https://thumb.wikimedia.org/wikipedia/commons/thumb/4/44/Maize_plant_stands.jpg/960px-Maize_plant_stands.jpg?utm_source=commons.wikimedia.org&utm_campaign=imageinfo&utm_content=thumbnail,Daniel Paullll,CC BY-SA 4.0,https://creativecommons.org/licenses/by-sa/4.0,daniel paullll,NEGATIVE_VALIDATION,Maize plant stands.jpg,data/external/phase3_followup_negatives/agricultural_crops/p3fu_agricultural_crops_0059.jpg,2026-10-07T08:45:15.255310+00:00,1223ec271f1181daa0e1315c42c1a620642449f36ef3f08d8e6eecc81f82f8d9,960,1280,518263,usable,
p3fu_agricultural_crops_0060,agricultural_crops,maize plants,Wikimedia Commons,"https://commons.wikimedia.org/wiki/File:%E7%8E%89%E8%9C%80%E9%BB%8D_Zea_mays_-%E4%B8%AD%E5%B1%B1%E7%BF%A0%E6%80%A1%E5%B3%B0_Zhongshan,_China-_(9222671052).jpg",https://thumb.wikimedia.org/wikipedia/commons/thumb/e/e3/%E7%8E%89%E8%9C%80%E9%BB%8D_Zea_mays_-%E4%B8%AD%E5%B1%B1%E7%BF%A0%E6%80%A1%E5%B3%B0_Zhongshan%2C_China-_%289222671052%29.jpg/960px-%E7%8E%89%E8%9C%80%E9%BB%8D_Zea_mays_-%E4%B8%AD%E5%B1%B1%E7%BF%A0%E6%80%A1%E5%B3%B0_Zhongshan%2C_China-_%289222671052%29.jpg?utm_source=commons.wikimedia.org&utm_campaign=imageinfo&utm_content=thumbnail,阿橋 HQ,CC BY-SA 2.0,https://creativecommons.org/licenses/by-sa/2.0,阿橋 hq,NEGATIVE_FINAL_HOLDOUT,"玉蜀黍 Zea mays -中山翠怡峰 Zhongshan, China- (9222671052).jpg",data/external/phase3_followup_negatives/agricultural_crops/p3fu_agricultural_crops_0060.jpg,2026-10-07T08:45:17.697897+00:00,988d2f71506be63cf0a899f818f418c83a0c6b54d8b6f3ee0e408f7da24a2a7f,960,1280,188425,usable,
p3fu_agricultural_crops_0061,agricultural_crops,maize plants,Wikimedia Commons,https://commons.wikimedia.org/wiki/File:Zea_mays_Blanco2.279.jpg,https://thumb.wikimedia.org/wikipedia/commons/thumb/9/9a/Zea_mays_Blanco2.279.jpg/960px-Zea_mays_Blanco2.279.jpg?utm_source=commons.wikimedia.org&utm_campaign=imageinfo&utm_content=thumbnail,Francisco Manuel Blanco (O.S.A.),Public domain,,francisco manuel blanco (o.s.a.),NEGATIVE_TRAIN,Zea mays Blanco2.279.jpg,data/external/phase3_followup_negatives/agricultural_crops/p3fu_agricultural_crops_0061.jpg,2026-10-07T08:45:19.409270+00:00,8c0ec8ae2a4622c912c717777a7d8d14db9a9900a9755e10bffdb16060645d06,960,1393,261125,usable,
p3fu_agricultural_crops_0062,agricultural_crops,maize plants,Wikimedia Commons,https://commons.wikimedia.org/wiki/File:Maize_plants_in_a_farm_01.jpg,https://thumb.wikimedia.org/wikipedia/commons/thumb/8/83/Maize_plants_in_a_farm_01.jpg/960px-Maize_plants_in_a_farm_01.jpg?utm_source=commons.wikimedia.org&utm_campaign=imageinfo&utm_content=thumbnail,Abumuslimjalingo,CC0,http://creativecommons.org/publicdomain/zero/1.0/deed.en,abumuslimjalingo,NEGATIVE_FINAL_HOLDOUT,Maize plants in a farm 01.jpg,data/external/phase3_followup_negatives/agricultural_crops/p3fu_agricultural_crops_0062.jpg,2026-10-07T08:45:20.695403+00:00,8cb4e67939fb09b19fa3b00ccc383a385b8a5571d4edf4e794210f4eddfe68d0,960,1280,428548,usable,
p3fu_agricultural_crops_0063,agricultural_crops,maize plants,Wikimedia Commons,https://commons.wikimedia.org/wiki/File:Zea_Mays_(Indian_Corn)_in_Billings-Kittredge_Herbaria_(d24e9118-e1a9-4bbc-9420-a6187e316b9f).tif,https://thumb.wikimedia.org/wikipedia/commons/thumb/5/5f/Zea_Mays_%28Indian_Corn%29_in_Billings-Kittredge_Herbaria_%28d24e9118-e1a9-4bbc-9420-a6187e316b9f%29.tif/lossy-page1-960px-Zea_Mays_%28Indian_Corn%29_in_Billings-Kittredge_Herbaria_%28d24e9118-e1a9-4bbc-9420-a6187e316b9f%29.tif.jpg?utm_source=commons.wikimedia.org&utm_campaign=imageinfo&utm_content=thumbnail,NPS/Boston Photo Imaging,Public domain,,nps/boston photo imaging,NEGATIVE_TRAIN,Zea Mays (Indian Corn) in Billings-Kittredge Herbaria (d24e9118-e1a9-4bbc-9420-a6187e316b9f).tif,data/external/phase3_followup_negatives/agricultural_crops/p3fu_agricultural_crops_0063.jpg,2026-10-07T08:45:22.383062+00:00,ff3b20c3bacc56569d1b0b6ff7830b5fe22ef2011919847384298887632058b5,960,1310,203083,usable,
p3fu_agricultural_crops_0064,agricultural_crops,maize plants,Wikimedia Commons,https://commons.wikimedia.org/wiki/File:Maize_stubs_04.jpg,https://thumb.wikimedia.org/wikipedia/commons/thumb/6/6f/Maize_stubs_04.jpg/960px-Maize_stubs_04.jpg?utm_source=commons.wikimedia.org&utm_campaign=imageinfo&utm_content=thumbnail,Zeynel Cebeci,CC BY-SA 4.0,https://creativecommons.org/licenses/by-sa/4.0,zeynel cebeci,NEGATIVE_FINAL_HOLDOUT,Maize stubs 04.jpg,data/external/phase3_followup_negatives/agricultural_crops/p3fu_agricultural_crops_0064.jpg,2026-10-07T08:45:24.342322+00:00,0c40faf8a2b39b6405fc400200abc18ee763742e38826076668cd1ed751e8460,960,620,335707,usable,
p3fu_agricultural_crops_0065,agricultural_crops,potato plants field,Wikimedia Commons,https://commons.wikimedia.org/wiki/File:CSIRO_ScienceImage_4060_Potato_crop_on_farm_near_Atherton_QLD.jpg,https://thumb.wikimedia.org/wikipedia/commons/thumb/5/5f/CSIRO_ScienceImage_4060_Potato_crop_on_farm_near_Atherton_QLD.jpg/960px-CSIRO_ScienceImage_4060_Potato_crop_on_farm_near_Atherton_QLD.jpg?utm_source=commons.wikimedia.org&utm_campaign=imageinfo&utm_content=thumbnail,"Willem van Aken, CSIRO",CC BY 3.0,https://creativecommons.org/licenses/by/3.0,"willem van aken, csiro",NEGATIVE_TRAIN,CSIRO ScienceImage 4060 Potato crop on farm near Atherton QLD.jpg,data/external/phase3_followup_negatives/agricultural_crops/p3fu_agricultural_crops_0065.jpg,2026-10-07T08:45:35.330771+00:00,6ebca846379a01c7ba5e6ec3a0a5a524ef09229f8ca8add8743e9a9f57691f74,960,1480,476294,usable,
p3fu_agricultural_crops_0066,agricultural_crops,potato plants field,Wikimedia Commons,https://commons.wikimedia.org/wiki/File:CSIRO_ScienceImage_4062_Potato_plants_on_farm_near_Atherton_QLD.jpg,https://thumb.wikimedia.org/wikipedia/commons/thumb/b/b3/CSIRO_ScienceImage_4062_Potato_plants_on_farm_near_Atherton_QLD.jpg/960px-CSIRO_ScienceImage_4062_Potato_plants_on_farm_near_Atherton_QLD.jpg?utm_source=commons.wikimedia.org&utm_campaign=imageinfo&utm_content=thumbnail,"Willem van Aken, CSIRO",CC BY 3.0,https://creativecommons.org/licenses/by/3.0,"willem van aken, csiro",NEGATIVE_TRAIN,CSIRO ScienceImage 4062 Potato plants on farm near Atherton QLD.jpg,data/external/phase3_followup_negatives/agricultural_crops/p3fu_agricultural_crops_0066.jpg,2026-10-07T08:45:59.973531+00:00,372823773a6abb56e4459a43ab388148e99eb9378d2939d12e3a4dfef7f52a9f,960,623,275019,usable,
p3fu_agricultural_crops_0067,agricultural_crops,potato plants field,Wikimedia Commons,https://commons.wikimedia.org/wiki/File:Planting_Potatoes.jpg,https://upload.wikimedia.org/wikipedia/commons/8/82/Planting_Potatoes.jpg?utm_source=commons.wikimedia.org&utm_campaign=imageinfo&utm_content=thumbnail_unscaled,The Forbes Show,CC BY 2.0,https://creativecommons.org/licenses/by/2.0,the forbes show,NEGATIVE_VALIDATION,Planting Potatoes.jpg,data/external/phase3_followup_negatives/agricultural_crops/p3fu_agricultural_crops_0067.jpg,2026-10-07T08:46:01.682379+00:00,f93bd33c6df82c3edb15a4a3fe23f8327a672f487efb726bc2e79c7f4425ed06,640,480,151137,usable,
p3fu_agricultural_crops_0068,agricultural_crops,potato plants field,Wikimedia Commons,"https://commons.wikimedia.org/wiki/File:Potato_field_in_Aoya,_Tottori(shared_place_for_Anti-nuclear_power_plant).jpg",https://thumb.wikimedia.org/wikipedia/commons/thumb/1/1e/Potato_field_in_Aoya%2C_Tottori%28shared_place_for_Anti-nuclear_power_plant%29.jpg/960px-Potato_field_in_Aoya%2C_Tottori%28shared_place_for_Anti-nuclear_power_plant%29.jpg?utm_source=commons.wikimedia.org&utm_campaign=imageinfo&utm_content=thumbnail,聖石大戦ぶぅぶぅ,CC BY-SA 4.0,https://creativecommons.org/licenses/by-sa/4.0,聖石大戦ぶぅぶぅ,NEGATIVE_FINAL_HOLDOUT,"Potato field in Aoya, Tottori(shared place for Anti-nuclear power plant).jpg",data/external/phase3_followup_negatives/agricultural_crops/p3fu_agricultural_crops_0068.jpg,2026-10-07T08:46:02.662626+00:00,80ad342dfd16ae9ce27217d1bde7c7d3addacc18fd649b25bc3a2eba990acecf,960,720,202073,usable,
p3fu_agricultural_crops_0069,agricultural_crops,potato plants field,Wikimedia Commons,https://commons.wikimedia.org/wiki/File:Potato_planting_machine.JPG,https://thumb.wikimedia.org/wikipedia/commons/thumb/a/a1/Potato_planting_machine.JPG/960px-Potato_planting_machine.JPG?utm_source=commons.wikimedia.org&utm_campaign=imageinfo&utm_content=thumbnail,Cwoll,Public domain,,cwoll,NEGATIVE_TRAIN,Potato planting machine.JPG,data/external/phase3_followup_negatives/agricultural_crops/p3fu_agricultural_crops_0069.jpg,2026-10-07T08:46:03.582092+00:00,dc2676bd2e93148836cd2f163d463f1f51abc216477511650c213000296927fe,960,720,215002,usable,
p3fu_agricultural_crops_0070,agricultural_crops,potato plants field,Wikimedia Commons,https://commons.wikimedia.org/wiki/File:Potato_Plants2.jpg,https://thumb.wikimedia.org/wikipedia/commons/thumb/5/50/Potato_Plants2.jpg/960px-Potato_Plants2.jpg?utm_source=commons.wikimedia.org&utm_campaign=imageinfo&utm_content=thumbnail,,CC BY-SA 3.0,http://creativecommons.org/licenses/by-sa/3.0/,commons:140680,NEGATIVE_FINAL_HOLDOUT,Potato Plants2.jpg,data/external/phase3_followup_negatives/agricultural_crops/p3fu_agricultural_crops_0070.jpg,2026-10-07T08:46:05.529174+00:00,35bcbeca3269c249790108e05a07f8fd0a43fc05e9e82537ce66fa27c91207aa,960,720,356036,usable,
p3fu_agricultural_crops_0071,agricultural_crops,potato plants field,Wikimedia Commons,https://commons.wikimedia.org/wiki/File:Potato_Plants1.jpg,https://thumb.wikimedia.org/wikipedia/commons/thumb/6/66/Potato_Plants1.jpg/960px-Potato_Plants1.jpg?utm_source=commons.wikimedia.org&utm_campaign=imageinfo&utm_content=thumbnail,,CC BY-SA 3.0,http://creativecommons.org/licenses/by-sa/3.0/,commons:140678,NEGATIVE_TRAIN,Potato Plants1.jpg,data/external/phase3_followup_negatives/agricultural_crops/p3fu_agricultural_crops_0071.jpg,2026-10-07T08:46:07.093079+00:00,119014bf5929d95fe69124bcf2b26c5e417572688305ed8f6aa6f7a2ca74d537,960,720,365203,usable,
p3fu_agricultural_crops_0072,agricultural_crops,potato plants field,Wikimedia Commons,https://commons.wikimedia.org/wiki/File:William_McCalla_standing_in_potato_garden_(15361955855).jpg,https://thumb.wikimedia.org/wikipedia/commons/thumb/5/51/William_McCalla_standing_in_potato_garden_%2815361955855%29.jpg/960px-William_McCalla_standing_in_potato_garden_%2815361955855%29.jpg?utm_source=commons.wikimedia.org&utm_campaign=imageinfo&utm_content=thumbnail,Provincial Archives of Alberta,No restrictions,https://www.flickr.com/commons/usage/,provincial archives of alberta,NEGATIVE_VALIDATION,William McCalla standing in potato garden (15361955855).jpg,data/external/phase3_followup_negatives/agricultural_crops/p3fu_agricultural_crops_0072.jpg,2026-10-07T08:46:08.461839+00:00,bc894548440f66cb007796cc2359e8dc760c44a6796c553532d4b246bd55567c,960,818,336414,usable,
p3fu_agricultural_crops_0073,agricultural_crops,potato plants field,Wikimedia Commons,https://commons.wikimedia.org/wiki/File:Kartoffelforschung_gross.jpg,https://thumb.wikimedia.org/wikipedia/commons/thumb/b/ba/Kartoffelforschung_gross.jpg/960px-Kartoffelforschung_gross.jpg?utm_source=commons.wikimedia.org&utm_campaign=imageinfo&utm_content=thumbnail,Bruce Fritz,Public domain,,bruce fritz,NEGATIVE_FINAL_HOLDOUT,Kartoffelforschung gross.jpg,data/external/phase3_followup_negatives/agricultural_crops/p3fu_agricultural_crops_0073.jpg,2026-10-07T08:46:10.536158+00:00,2e753f235c9dbab915128a05f0b40e9ca33cd3397b47a6145a31eb5244e841d5,960,638,322492,usable,
p3fu_agricultural_crops_0074,agricultural_crops,potato plants field,Wikimedia Commons,https://commons.wikimedia.org/wiki/File:Perunapelto_Nakkila.JPG,https://thumb.wikimedia.org/wikipedia/commons/thumb/8/82/Perunapelto_Nakkila.JPG/960px-Perunapelto_Nakkila.JPG?utm_source=commons.wikimedia.org&utm_campaign=imageinfo&utm_content=thumbnail,kallerna,CC BY-SA 3.0,https://creativecommons.org/licenses/by-sa/3.0,kallerna,NEGATIVE_VALIDATION,Perunapelto Nakkila.JPG,data/external/phase3_followup_negatives/agricultural_crops/p3fu_agricultural_crops_0074.jpg,2026-10-07T08:46:12.050391+00:00,bff16d0c86d506b9cc77088c8ba93eb8a02453195344a2d731a2f63f38c611d9,960,625,306684,usable,
p3fu_agricultural_crops_0075,agricultural_crops,potato plants field,Wikimedia Commons,"https://commons.wikimedia.org/wiki/File:Naisia_ty%C3%B6skentelem%C3%A4ss%C3%A4_perunapellolla,_mahdollisesti_Herttoniemess%C3%A4_-_N150083_-_hkm.HKMS000005-km0000ljl1.jpg",https://thumb.wikimedia.org/wikipedia/commons/thumb/5/5d/Naisia_ty%C3%B6skentelem%C3%A4ss%C3%A4_perunapellolla%2C_mahdollisesti_Herttoniemess%C3%A4_-_N150083_-_hkm.HKMS000005-km0000ljl1.jpg/960px-Naisia_ty%C3%B6skentelem%C3%A4ss%C3%A4_perunapellolla%2C_mahdollisesti_Herttoniemess%C3%A4_-_N150083_-_hkm.HKMS000005-km0000ljl1.jpg?utm_source=commons.wikimedia.org&utm_campaign=imageinfo&utm_content=thumbnail,Väinö Kannisto,CC BY 4.0,https://creativecommons.org/licenses/by/4.0,väinö kannisto,NEGATIVE_TRAIN,"Naisia työskentelemässä perunapellolla, mahdollisesti Herttoniemessä - N150083 - hkm.HKMS000005-km0000ljl1.jpg",data/external/phase3_followup_negatives/agricultural_crops/p3fu_agricultural_crops_0075.jpg,2026-10-07T08:46:13.780990+00:00,d5aeafc48e8ce10b1d68b36e27d5649229af0e6b44fe3870fcf4521a422eef09,960,618,183098,usable,
p3fu_agricultural_materials_0001,agricultural_materials,harvest basket,Wikimedia Commons,https://commons.wikimedia.org/wiki/File:Apis_florea_worker_1.jpg,https://upload.wikimedia.org/wikipedia/commons/7/73/Apis_florea_worker_1.jpg?utm_source=commons.wikimedia.org&utm_campaign=imageinfo&utm_content=original,Gideon Pisanty (Gidip) גדעון פיזנטי,CC BY 3.0,https://creativecommons.org/licenses/by/3.0,gideon pisanty (gidip) גדעון פיזנטי,NEGATIVE_TRAIN,Apis florea worker 1.jpg,data/external/phase3_followup_negatives/agricultural_materials/p3fu_agricultural_materials_0001.jpg,2026-10-07T09:08:07.058939+00:00,99cc075ed09038083be24300cd295ffafe68a409ee965c1e45f268cc041f0c37,3234,2367,3234404,usable,
p3fu_agricultural_materials_0002,agricultural_materials,harvest basket,Wikimedia Commons,https://commons.wikimedia.org/wiki/File:Healthy_Harvest_(Unsplash).jpg,https://upload.wikimedia.org/wikipedia/commons/6/65/Healthy_Harvest_%28Unsplash%29.jpg?utm_source=commons.wikimedia.org&utm_campaign=imageinfo&utm_content=original,Brooke Cagle brookecagle,CC0,http://creativecommons.org/publicdomain/zero/1.0/deed.en,brooke cagle brookecagle,NEGATIVE_FINAL_HOLDOUT,Healthy Harvest (Unsplash).jpg,data/external/phase3_followup_negatives/agricultural_materials/p3fu_agricultural_materials_0002.jpg,2026-10-07T09:08:12.226427+00:00,2d0d4095f949d08abfed9516bd1402e09a628f7c897c3120cd6ce33329090141,4780,3187,617205,usable,
p3fu_agricultural_materials_0003,agricultural_materials,harvest basket,Wikimedia Commons,https://commons.wikimedia.org/wiki/File:Harvest_(20200822-NRCS-LSC-1240).jpg,https://thumb.wikimedia.org/wikipedia/commons/thumb/4/44/Harvest_%2820200822-NRCS-LSC-1240%29.jpg/960px-Harvest_%2820200822-NRCS-LSC-1240%29.jpg?utm_source=commons.wikimedia.org&utm_campaign=imageinfo&utm_content=thumbnail,USDAgov,Public domain,,usdagov,NEGATIVE_TRAIN,Harvest (20200822-NRCS-LSC-1240).jpg,data/external/phase3_followup_negatives/agricultural_materials/p3fu_agricultural_materials_0003.jpg,2026-10-07T09:18:31.545106+00:00,ea87ac3f4c4e4fe7c0bca885f23c8e7d1e31619cdff7baeaa6b601f67cb514d9,960,540,112350,usable,
p3fu_agricultural_materials_0004,agricultural_materials,harvest basket,Wikimedia Commons,https://commons.wikimedia.org/wiki/File:Harvest_(20200822-NRCS-LSC-1295).jpg,https://thumb.wikimedia.org/wikipedia/commons/thumb/2/20/Harvest_%2820200822-NRCS-LSC-1295%29.jpg/960px-Harvest_%2820200822-NRCS-LSC-1295%29.jpg?utm_source=commons.wikimedia.org&utm_campaign=imageinfo&utm_content=thumbnail,USDAgov,Public domain,,usdagov,NEGATIVE_TRAIN,Harvest (20200822-NRCS-LSC-1295).jpg,data/external/phase3_followup_negatives/agricultural_materials/p3fu_agricultural_materials_0004.jpg,2026-10-07T09:18:34.111481+00:00,41e2d3ad5bbf8299e88f35b3e76a0b62cc22a81af5ce79f707617a085720fa59,960,540,238982,usable,
p3fu_agricultural_materials_0005,agricultural_materials,harvest basket,Wikimedia Commons,https://commons.wikimedia.org/wiki/File:Groundnuts_in_a_basket.jpg,https://thumb.wikimedia.org/wikipedia/commons/thumb/f/f2/Groundnuts_in_a_basket.jpg/960px-Groundnuts_in_a_basket.jpg?utm_source=commons.wikimedia.org&utm_campaign=imageinfo&utm_content=thumbnail,Swathi Sridharan,CC BY-SA 2.5,https://creativecommons.org/licenses/by-sa/2.5,swathi sridharan,NEGATIVE_VALIDATION,Groundnuts in a basket.jpg,data/external/phase3_followup_negatives/agricultural_materials/p3fu_agricultural_materials_0005.jpg,2026-10-07T09:18:37.686168+00:00,be197c1ec76efeeb4eff0f380cab2130e4f46778becef50674f8d0fe1da81491,960,640,203324,usable,
p3fu_agricultural_materials_0006,agricultural_materials,harvest basket,Wikimedia Commons,https://commons.wikimedia.org/wiki/File:Kudat-District_Rice-Harvesting-01.jpg,https://thumb.wikimedia.org/wikipedia/commons/thumb/9/98/Kudat-District_Rice-Harvesting-01.jpg/960px-Kudat-District_Rice-Harvesting-01.jpg?utm_source=commons.wikimedia.org&utm_campaign=imageinfo&utm_content=thumbnail,"CEphoto, Uwe Aranas",CC BY-SA 3.0,https://creativecommons.org/licenses/by-sa/3.0,"cephoto, uwe aranas",NEGATIVE_FINAL_HOLDOUT,Kudat-District Rice-Harvesting-01.jpg,data/external/phase3_followup_negatives/agricultural_materials/p3fu_agricultural_materials_0006.jpg,2026-10-07T09:18:40.197593+00:00,5a42c182c71bfdb89ccb5fb4dc2cb2806133ca84495baa0d08b29bcc49f524cf,960,1440,352862,usable,
p3fu_agricultural_materials_0007,agricultural_materials,harvest basket,Wikimedia Commons,https://commons.wikimedia.org/wiki/File:Harvest_(20200822-NRCS-LSC-1254).jpg,https://thumb.wikimedia.org/wikipedia/commons/thumb/4/43/Harvest_%2820200822-NRCS-LSC-1254%29.jpg/960px-Harvest_%2820200822-NRCS-LSC-1254%29.jpg?utm_source=commons.wikimedia.org&utm_campaign=imageinfo&utm_content=thumbnail,USDAgov,Public domain,,usdagov,NEGATIVE_TRAIN,Harvest (20200822-NRCS-LSC-1254).jpg,data/external/phase3_followup_negatives/agricultural_materials/p3fu_agricultural_materials_0007.jpg,2026-10-07T09:18:43.816831+00:00,265047d5427dc38ff89a1cc8a87691988c810281af7602aafe77ab1ae8ae3fcf,960,640,353096,usable,
p3fu_agricultural_materials_0008,agricultural_materials,farm tools,Wikimedia Commons,https://commons.wikimedia.org/wiki/File:Small_Hoes_and_sickles_farming_implements.jpg,https://thumb.wikimedia.org/wikipedia/commons/thumb/8/89/Small_Hoes_and_sickles_farming_implements.jpg/960px-Small_Hoes_and_sickles_farming_implements.jpg?utm_source=commons.wikimedia.org&utm_campaign=imageinfo&utm_content=thumbnail,Danjuma Anthony,CC BY-SA 4.0,https://creativecommons.org/licenses/by-sa/4.0,danjuma anthony,NEGATIVE_TRAIN,Small Hoes and sickles farming implements.jpg,data/external/phase3_followup_negatives/agricultural_materials/p3fu_agricultural_materials_0008.jpg,2026-10-07T09:18:51.855580+00:00,f344964b6cb7193f5ee99f07e0cea3d8d0112899f84cff599657df4faa6b2612,960,432,215903,usable,
p3fu_agricultural_materials_0009,agricultural_materials,farm tools,Wikimedia Commons,https://commons.wikimedia.org/wiki/File:Farm_tools_077.jpg,https://thumb.wikimedia.org/wikipedia/commons/thumb/b/b5/Farm_tools_077.jpg/960px-Farm_tools_077.jpg?utm_source=commons.wikimedia.org&utm_campaign=imageinfo&utm_content=thumbnail,Amuzujoe,CC BY-SA 4.0,https://creativecommons.org/licenses/by-sa/4.0,amuzujoe,NEGATIVE_TRAIN,Farm tools 077.jpg,data/external/phase3_followup_negatives/agricultural_materials/p3fu_agricultural_materials_0009.jpg,2026-10-07T09:18:54.781231+00:00,991c81c40e37718c6a025f025a0df1d357de0e33670ce303967d6471e1c866bb,960,641,261682,usable,
p3fu_agricultural_materials_0010,agricultural_materials,farm tools,Wikimedia Commons,https://commons.wikimedia.org/wiki/File:Farm_tools_01.jpg,https://thumb.wikimedia.org/wikipedia/commons/thumb/3/3c/Farm_tools_01.jpg/960px-Farm_tools_01.jpg?utm_source=commons.wikimedia.org&utm_campaign=imageinfo&utm_content=thumbnail,Amuzujoe,CC BY-SA 4.0,https://creativecommons.org/licenses/by-sa/4.0,amuzujoe,NEGATIVE_TRAIN,Farm tools 01.jpg,data/external/phase3_followup_negatives/agricultural_materials/p3fu_agricultural_materials_0010.jpg,2026-10-07T09:18:57.606181+00:00,f2c0ccace445118e29869ce239036150e6d86eb7666351d8f0ef1e10c6fe9966,960,640,344932,usable,
p3fu_agricultural_materials_0011,agricultural_materials,farm tools,Wikimedia Commons,https://commons.wikimedia.org/wiki/File:Farming_Implements_(Small_Hoes_and_Sickles).jpg,https://thumb.wikimedia.org/wikipedia/commons/thumb/1/1a/Farming_Implements_%28Small_Hoes_and_Sickles%29.jpg/960px-Farming_Implements_%28Small_Hoes_and_Sickles%29.jpg?utm_source=commons.wikimedia.org&utm_campaign=imageinfo&utm_content=thumbnail,Danjuma Anthony,CC BY-SA 4.0,https://creativecommons.org/licenses/by-sa/4.0,danjuma anthony,NEGATIVE_TRAIN,Farming Implements (Small Hoes and Sickles).jpg,data/external/phase3_followup_negatives/agricultural_materials/p3fu_agricultural_materials_0011.jpg,2026-10-07T09:19:02.068038+00:00,319f7e7a6e70de7a3a87585dc72cce72588914af87c0a89ea2258f3149bc7010,960,586,313318,usable,
p3fu_agricultural_materials_0012,agricultural_materials,farm tools,Wikimedia Commons,https://commons.wikimedia.org/wiki/File:Farming_Implements_2.jpg,https://thumb.wikimedia.org/wikipedia/commons/thumb/8/85/Farming_Implements_2.jpg/960px-Farming_Implements_2.jpg?utm_source=commons.wikimedia.org&utm_campaign=imageinfo&utm_content=thumbnail,Danjuma Anthony,CC BY-SA 4.0,https://creativecommons.org/licenses/by-sa/4.0,danjuma anthony,NEGATIVE_TRAIN,Farming Implements 2.jpg,data/external/phase3_followup_negatives/agricultural_materials/p3fu_agricultural_materials_0012.jpg,2026-10-07T09:19:04.626537+00:00,b44b9ccb3a050d7e715d98550678a7f83645f32ad5f6ccddfce43c5840dd6f28,960,433,186082,usable,
p3fu_agricultural_materials_0013,agricultural_materials,farm tools,Wikimedia Commons,"https://commons.wikimedia.org/wiki/File:Farming_tools,_Tam_oShanter_Farm_(geograph_4905405).jpg",https://thumb.wikimedia.org/wikipedia/commons/thumb/3/38/Farming_tools%2C_Tam_oShanter_Farm_%28geograph_4905405%29.jpg/960px-Farming_tools%2C_Tam_oShanter_Farm_%28geograph_4905405%29.jpg?utm_source=commons.wikimedia.org&utm_campaign=imageinfo&utm_content=thumbnail,El Pollock,CC BY-SA 2.0,https://creativecommons.org/licenses/by-sa/2.0,el pollock,NEGATIVE_TRAIN,"Farming tools, Tam oShanter Farm (geograph 4905405).jpg",data/external/phase3_followup_negatives/agricultural_materials/p3fu_agricultural_materials_0013.jpg,2026-10-07T09:19:07.318134+00:00,4356bce3a0dcf1bdec6e04c12988eee6675b9c1716f49de5348b202d13cf4911,960,640,249450,usable,
p3fu_agricultural_materials_0014,agricultural_materials,farm tools,Wikimedia Commons,"https://commons.wikimedia.org/wiki/File:Farm_tools,_Malawi.jpg",https://thumb.wikimedia.org/wikipedia/commons/thumb/7/7b/Farm_tools%2C_Malawi.jpg/960px-Farm_tools%2C_Malawi.jpg?utm_source=commons.wikimedia.org&utm_campaign=imageinfo&utm_content=thumbnail,Swathi Sridharan (ICRISAT),CC BY-SA 2.0,https://creativecommons.org/licenses/by-sa/2.0,swathi sridharan (icrisat),NEGATIVE_VALIDATION,"Farm tools, Malawi.jpg",data/external/phase3_followup_negatives/agricultural_materials/p3fu_agricultural_materials_0014.jpg,2026-10-07T09:20:14.931035+00:00,a412d163c9af0114ec0ce9116be139d382e1f8701b5d2debf265c797ef48cca3,960,640,201327,usable,
p3fu_agricultural_materials_0015,agricultural_materials,farm tools,Wikimedia Commons,https://commons.wikimedia.org/wiki/File:Antique_farm_tools_(30965424248).jpg,https://thumb.wikimedia.org/wikipedia/commons/thumb/4/44/Antique_farm_tools_%2830965424248%29.jpg/960px-Antique_farm_tools_%2830965424248%29.jpg?utm_source=commons.wikimedia.org&utm_campaign=imageinfo&utm_content=thumbnail,Thomas Quine,CC BY 2.0,https://creativecommons.org/licenses/by/2.0,thomas quine,NEGATIVE_VALIDATION,Antique farm tools (30965424248).jpg,data/external/phase3_followup_negatives/agricultural_materials/p3fu_agricultural_materials_0015.jpg,2026-10-07T09:20:17.786974+00:00,73ba1945e6d62d763a2d7e6d54264a6b2a7a227d2f78204698310be9e31ce973,960,1440,235615,usable,
p3fu_agricultural_materials_0016,agricultural_materials,farm tools,Wikimedia Commons,https://commons.wikimedia.org/wiki/File:Tomos_UMO_04.jpg,https://upload.wikimedia.org/wikipedia/commons/2/21/Tomos_UMO_04.jpg?utm_source=commons.wikimedia.org&utm_campaign=imageinfo&utm_content=thumbnail_unscaled,Shabicht,CC0,http://creativecommons.org/publicdomain/zero/1.0/deed.en,shabicht,NEGATIVE_FINAL_HOLDOUT,Tomos UMO 04.jpg,data/external/phase3_followup_negatives/agricultural_materials/p3fu_agricultural_materials_0016.jpg,2026-10-07T09:21:25.211980+00:00,b47eb97fe696fdff8a64b7c509aa1c5f59cf55117b6b1487d51b7d66de60c19b,720,960,85779,usable,
p3fu_agricultural_materials_0017,agricultural_materials,farm tools,Wikimedia Commons,https://commons.wikimedia.org/wiki/File:Improvised_storage_tank.jpg,https://thumb.wikimedia.org/wikipedia/commons/thumb/4/4f/Improvised_storage_tank.jpg/960px-Improvised_storage_tank.jpg?utm_source=commons.wikimedia.org&utm_campaign=imageinfo&utm_content=thumbnail,Azorbli,CC BY-SA 4.0,https://creativecommons.org/licenses/by-sa/4.0,azorbli,NEGATIVE_TRAIN,Improvised storage tank.jpg,data/external/phase3_followup_negatives/agricultural_materials/p3fu_agricultural_materials_0017.jpg,2026-10-07T09:21:29.046081+00:00,8b74f84a64f2ec387a045b5833dd3cba0d7f631bb1ae084a3cbcdfbdf935eef8,960,1280,144338,usable,
p3fu_agricultural_materials_0018,agricultural_materials,farm tools,Wikimedia Commons,https://commons.wikimedia.org/wiki/File:Tools_-_Hadley_Farm_Museum_-_DSC07675.JPG,https://thumb.wikimedia.org/wikipedia/commons/thumb/d/d8/Tools_-_Hadley_Farm_Museum_-_DSC07675.JPG/960px-Tools_-_Hadley_Farm_Museum_-_DSC07675.JPG?utm_source=commons.wikimedia.org&utm_campaign=imageinfo&utm_content=thumbnail,Daderot,CC0,http://creativecommons.org/publicdomain/zero/1.0/deed.en,daderot,NEGATIVE_TRAIN,Tools - Hadley Farm Museum - DSC07675.JPG,data/external/phase3_followup_negatives/agricultural_materials/p3fu_agricultural_materials_0018.jpg,2026-10-07T09:22:39.134162+00:00,622e6edd4a6e8cdc8a5756f37c3469a74d47e7699e6edc5a7ef0fdcadf64e726,960,640,230116,usable,
p3fu_agricultural_materials_0019,agricultural_materials,farm tools,Wikimedia Commons,https://commons.wikimedia.org/wiki/File:Farming_pipes.jpg,https://thumb.wikimedia.org/wikipedia/commons/thumb/7/73/Farming_pipes.jpg/960px-Farming_pipes.jpg?utm_source=commons.wikimedia.org&utm_campaign=imageinfo&utm_content=thumbnail,Azorbli,CC BY-SA 4.0,https://creativecommons.org/licenses/by-sa/4.0,azorbli,NEGATIVE_TRAIN,Farming pipes.jpg,data/external/phase3_followup_negatives/agricultural_materials/p3fu_agricultural_materials_0019.jpg,2026-10-07T09:22:43.533216+00:00,646f77a8c7ee95e2d05f9d2fb6ea21dff03a77c2192b616e26f3add271dc4303,960,1280,692956,usable,
p3fu_agricultural_materials_0020,agricultural_materials,farm tools,Wikimedia Commons,https://commons.wikimedia.org/wiki/File:Farm_tool_077.jpg,https://thumb.wikimedia.org/wikipedia/commons/thumb/c/ce/Farm_tool_077.jpg/960px-Farm_tool_077.jpg?utm_source=commons.wikimedia.org&utm_campaign=imageinfo&utm_content=thumbnail,Amuzujoe,CC BY-SA 4.0,https://creativecommons.org/licenses/by-sa/4.0,amuzujoe,NEGATIVE_TRAIN,Farm tool 077.jpg,data/external/phase3_followup_negatives/agricultural_materials/p3fu_agricultural_materials_0020.jpg,2026-10-07T09:22:46.845908+00:00,588c2c08ebcf340bbc0312737852bae48a029fe0ed2f8ff0193a642e40f353e6,960,640,204515,usable,
p3fu_agricultural_materials_0021,agricultural_materials,farm tools,Wikimedia Commons,https://commons.wikimedia.org/wiki/File:Farm_tools.jpg,https://thumb.wikimedia.org/wikipedia/commons/thumb/4/48/Farm_tools.jpg/960px-Farm_tools.jpg?utm_source=commons.wikimedia.org&utm_campaign=imageinfo&utm_content=thumbnail,Hafsat Mohammad Sani,CC BY-SA 4.0,https://creativecommons.org/licenses/by-sa/4.0,hafsat mohammad sani,NEGATIVE_FINAL_HOLDOUT,Farm tools.jpg,data/external/phase3_followup_negatives/agricultural_materials/p3fu_agricultural_materials_0021.jpg,2026-10-07T09:23:56.720037+00:00,ddea7c19d94404150c07e8f52e32f91e3eb9667d996e0e899e02c7ce5c08b9ad,960,640,251567,usable,
p3fu_agricultural_materials_0022,agricultural_materials,farm tools,Wikimedia Commons,https://commons.wikimedia.org/wiki/File:Farm_Tools_(28236709353).jpg,https://thumb.wikimedia.org/wikipedia/commons/thumb/5/50/Farm_Tools_%2828236709353%29.jpg/960px-Farm_Tools_%2828236709353%29.jpg?utm_source=commons.wikimedia.org&utm_campaign=imageinfo&utm_content=thumbnail,BLMUtah,Public domain,,blmutah,NEGATIVE_VALIDATION,Farm Tools (28236709353).jpg,data/external/phase3_followup_negatives/agricultural_materials/p3fu_agricultural_materials_0022.jpg,2026-10-07T09:24:02.475553+00:00,6a64a8b4c9b1551e359fdebe4c48b12f6751b4658a1738cc601e9d2905343905,960,641,325074,usable,
p3fu_agricultural_materials_0023,agricultural_materials,farm tools,Wikimedia Commons,https://commons.wikimedia.org/wiki/File:Neolithic_Farm_Tools_(19175330253).jpg,https://thumb.wikimedia.org/wikipedia/commons/thumb/2/2b/Neolithic_Farm_Tools_%2819175330253%29.jpg/960px-Neolithic_Farm_Tools_%2819175330253%29.jpg?utm_source=commons.wikimedia.org&utm_campaign=imageinfo&utm_content=thumbnail,"Gary Todd from Xinzheng, China",CC0,http://creativecommons.org/publicdomain/zero/1.0/deed.en,"gary todd from xinzheng, china",NEGATIVE_TRAIN,Neolithic Farm Tools (19175330253).jpg,data/external/phase3_followup_negatives/agricultural_materials/p3fu_agricultural_materials_0023.jpg,2026-10-07T09:25:13.924378+00:00,3433e201fd62e3e3350a0914746658e228e75c96e74878194a1b09a2df16efb6,960,1440,268380,usable,
p3fu_agricultural_materials_0024,agricultural_materials,farm tools,Wikimedia Commons,https://commons.wikimedia.org/wiki/File:Egyptian_Farm_Tools_(36602542095).jpg,https://thumb.wikimedia.org/wikipedia/commons/thumb/7/7e/Egyptian_Farm_Tools_%2836602542095%29.jpg/960px-Egyptian_Farm_Tools_%2836602542095%29.jpg?utm_source=commons.wikimedia.org&utm_campaign=imageinfo&utm_content=thumbnail,"Gary Todd from Xinzheng, China",CC0,http://creativecommons.org/publicdomain/zero/1.0/deed.en,"gary todd from xinzheng, china",NEGATIVE_TRAIN,Egyptian Farm Tools (36602542095).jpg,data/external/phase3_followup_negatives/agricultural_materials/p3fu_agricultural_materials_0024.jpg,2026-10-07T09:25:17.857207+00:00,6e53302ca5a84c959f783f6e1acd6db4c18a3a1e5c075dec6f5b13bd888a6e08,960,640,111693,usable,
p3fu_agricultural_materials_0025,agricultural_materials,farm tools,Wikimedia Commons,"https://commons.wikimedia.org/wiki/File:New_Farm_Tools,_1969_(14731707719).jpg",https://thumb.wikimedia.org/wikipedia/commons/thumb/c/cf/New_Farm_Tools%2C_1969_%2814731707719%29.jpg/960px-New_Farm_Tools%2C_1969_%2814731707719%29.jpg?utm_source=commons.wikimedia.org&utm_campaign=imageinfo&utm_content=thumbnail,"USMC Archives from Quantico, USA",CC BY 2.0,https://creativecommons.org/licenses/by/2.0,"usmc archives from quantico, usa",NEGATIVE_FINAL_HOLDOUT,"New Farm Tools, 1969 (14731707719).jpg",data/external/phase3_followup_negatives/agricultural_materials/p3fu_agricultural_materials_0025.jpg,2026-10-07T09:25:21.166844+00:00,453f7d91627d08fbcd7ffc47a372a0aa6b507f4ad21b089f3ab338092f165299,960,587,164123,usable,
p3fu_agricultural_materials_0026,agricultural_materials,farm tools,Wikimedia Commons,https://commons.wikimedia.org/wiki/File:Farm_tools_(lauje_da_gatari).jpg,https://thumb.wikimedia.org/wikipedia/commons/thumb/9/96/Farm_tools_%28lauje_da_gatari%29.jpg/960px-Farm_tools_%28lauje_da_gatari%29.jpg?utm_source=commons.wikimedia.org&utm_campaign=imageinfo&utm_content=thumbnail,Salihu Aliyu,CC BY-SA 4.0,https://creativecommons.org/licenses/by-sa/4.0,salihu aliyu,NEGATIVE_TRAIN,Farm tools (lauje da gatari).jpg,data/external/phase3_followup_negatives/agricultural_materials/p3fu_agricultural_materials_0026.jpg,2026-10-07T09:25:23.932337+00:00,de53c1632eb90fe26872d72bdff883359cde90f2f6cfcaa26a20e5014c5b15ad,960,1703,481138,usable,
p3fu_agricultural_materials_0027,agricultural_materials,farm tools,Wikimedia Commons,https://commons.wikimedia.org/wiki/File:Tools-farming-France-Dijon-01.jpg,https://thumb.wikimedia.org/wikipedia/commons/thumb/1/1e/Tools-farming-France-Dijon-01.jpg/960px-Tools-farming-France-Dijon-01.jpg?utm_source=commons.wikimedia.org&utm_campaign=imageinfo&utm_content=thumbnail,Yug,CC BY-SA 4.0,https://creativecommons.org/licenses/by-sa/4.0,yug,NEGATIVE_VALIDATION,Tools-farming-France-Dijon-01.jpg,data/external/phase3_followup_negatives/agricultural_materials/p3fu_agricultural_materials_0027.jpg,2026-10-07T09:25:27.757575+00:00,41d0d5a94a8932250c76471b9cdb9fcc07827a00392e4372b764e75d23faab6e,960,720,132711,usable,
p3fu_background_scenes_0001,background_scenes,indoor empty scene,Wikimedia Commons,"https://commons.wikimedia.org/wiki/File:Woolworths,_7_Ryemarket_-_geograph.org.uk_-_1095613.jpg",https://upload.wikimedia.org/wikipedia/commons/3/30/Woolworths%2C_7_Ryemarket_-_geograph.org.uk_-_1095613.jpg?utm_source=commons.wikimedia.org&utm_campaign=imageinfo&utm_content=thumbnail_unscaled,P L Chadwick,CC BY-SA 2.0,https://creativecommons.org/licenses/by-sa/2.0,p l chadwick,NEGATIVE_TRAIN,"Woolworths, 7 Ryemarket - geograph.org.uk - 1095613.jpg",data/external/phase3_followup_negatives/background_scenes/p3fu_background_scenes_0001.jpg,2026-10-07T09:10:40.265435+00:00,d032813b153e3b570d738b77b636031ad4caaa28eb26ab5ba2920785cb804964,640,462,80736,usable,
p3fu_background_scenes_0002,background_scenes,indoor empty scene,Wikimedia Commons,"https://commons.wikimedia.org/wiki/File:Print,_satirical_print_(BM_1874,0808.2304).jpg",https://thumb.wikimedia.org/wikipedia/commons/thumb/c/c0/Print%2C_satirical_print_%28BM_1874%2C0808.2304%29.jpg/960px-Print%2C_satirical_print_%28BM_1874%2C0808.2304%29.jpg?utm_source=commons.wikimedia.org&utm_campaign=imageinfo&utm_content=thumbnail,Print made by: John Simon After: William Dobson (?) Published by: Edward Cooper,Public domain,,print made by: john simon after: william dobson (?) published by: edward cooper,NEGATIVE_TRAIN,"Print, satirical print (BM 1874,0808.2304).jpg",data/external/phase3_followup_negatives/background_scenes/p3fu_background_scenes_0002.jpg,2026-10-07T09:10:43.852082+00:00,76aa68f9fb0e7a2254c9867f5c460f0b0c153faec019234daed0eb7b26f6fa79,960,1285,487868,usable,
p3fu_background_scenes_0003,background_scenes,indoor empty scene,Wikimedia Commons,"https://commons.wikimedia.org/wiki/File:Print,_satirical_print_(BM_1874,0808.2304_1).jpg",https://thumb.wikimedia.org/wikipedia/commons/thumb/e/ed/Print%2C_satirical_print_%28BM_1874%2C0808.2304_1%29.jpg/960px-Print%2C_satirical_print_%28BM_1874%2C0808.2304_1%29.jpg?utm_source=commons.wikimedia.org&utm_campaign=imageinfo&utm_content=thumbnail,Print made by: John Simon After: William Dobson (?) Published by: Edward Cooper,Public domain,,print made by: john simon after: william dobson (?) published by: edward cooper,NEGATIVE_TRAIN,"Print, satirical print (BM 1874,0808.2304 1).jpg",data/external/phase3_followup_negatives/background_scenes/p3fu_background_scenes_0003.jpg,2026-10-07T09:10:46.458841+00:00,f113a02493027720d603a1e0c1c2487ea0f63ebb96f9957ec0342d7a57d444a8,960,1282,307792,usable,
p3fu_background_scenes_0004,background_scenes,farm background,Wikimedia Commons,https://commons.wikimedia.org/wiki/File:Middelgrunden_wind_farm_2009-07-01_edit_filtered.jpg,https://thumb.wikimedia.org/wikipedia/commons/thumb/9/97/Middelgrunden_wind_farm_2009-07-01_edit_filtered.jpg/960px-Middelgrunden_wind_farm_2009-07-01_edit_filtered.jpg?utm_source=commons.wikimedia.org&utm_campaign=imageinfo&utm_content=thumbnail,"Photo by Kim Hansen. Postprocessing (crop, rotation, color adjustment, dust spot removal and noise reduction) by Richard Bartz and Kim Hansen.",CC BY-SA 3.0,https://creativecommons.org/licenses/by-sa/3.0,"photo by kim hansen. postprocessing (crop, rotation, color adjustment, dust spot removal and noise reduction) by richard bartz and kim hansen.",NEGATIVE_TRAIN,Middelgrunden wind farm 2009-07-01 edit filtered.jpg,data/external/phase3_followup_negatives/background_scenes/p3fu_background_scenes_0004.jpg,2026-10-07T09:10:54.286959+00:00,e79d31c5b1629181598206032baeb556dbc3f2ecd980775331244609a4821ae6,960,699,72438,usable,
p3fu_background_scenes_0005,background_scenes,farm background,Wikimedia Commons,https://commons.wikimedia.org/wiki/File:Catoctin_Mountain_and_farm_MD1.jpg,https://thumb.wikimedia.org/wikipedia/commons/thumb/6/69/Catoctin_Mountain_and_farm_MD1.jpg/960px-Catoctin_Mountain_and_farm_MD1.jpg?utm_source=commons.wikimedia.org&utm_campaign=imageinfo&utm_content=thumbnail,Acroterion,CC BY-SA 4.0,https://creativecommons.org/licenses/by-sa/4.0,acroterion,NEGATIVE_TRAIN,Catoctin Mountain and farm MD1.jpg,data/external/phase3_followup_negatives/background_scenes/p3fu_background_scenes_0005.jpg,2026-10-07T09:10:56.634084+00:00,047f7e4d655c6ef4ec0817f3c60ba240be5c526a8fcb709bdc95ad18fb7d1ca8,960,567,135079,usable,
p3fu_background_scenes_0006,background_scenes,farm background,Wikimedia Commons,https://commons.wikimedia.org/wiki/File:Ansel_Adams_-_Farm_workers_and_Mt._Williamson.jpg,https://thumb.wikimedia.org/wikipedia/commons/thumb/9/94/Ansel_Adams_-_Farm_workers_and_Mt._Williamson.jpg/960px-Ansel_Adams_-_Farm_workers_and_Mt._Williamson.jpg?utm_source=commons.wikimedia.org&utm_campaign=imageinfo&utm_content=thumbnail,Ansel Adams,Public domain,,ansel adams,NEGATIVE_VALIDATION,Ansel Adams - Farm workers and Mt. Williamson.jpg,data/external/phase3_followup_negatives/background_scenes/p3fu_background_scenes_0006.jpg,2026-10-07T09:10:59.125163+00:00,757b2a9d858081ed98c32a0a22cebb7d32eb2c1d5a6afcb32288dce4c4d64064,960,720,326132,usable,
p3fu_background_scenes_0007,background_scenes,farm background,Wikimedia Commons,https://commons.wikimedia.org/wiki/File:Moorfoot_Farm_with_Bowbeat_Wind_Farm_in_background_-_geograph.org.uk_-_128668.jpg,https://upload.wikimedia.org/wikipedia/commons/5/50/Moorfoot_Farm_with_Bowbeat_Wind_Farm_in_background_-_geograph.org.uk_-_128668.jpg?utm_source=commons.wikimedia.org&utm_campaign=imageinfo&utm_content=thumbnail_unscaled,Eileen Henderson,CC BY-SA 2.0,https://creativecommons.org/licenses/by-sa/2.0,eileen henderson,NEGATIVE_TRAIN,Moorfoot Farm with Bowbeat Wind Farm in background - geograph.org.uk - 128668.jpg,data/external/phase3_followup_negatives/background_scenes/p3fu_background_scenes_0007.jpg,2026-10-07T09:11:00.978466+00:00,6b0ba2e78c8c022fee9ccfade112199903cd7e42661297157624beb9cb8cf492,640,335,57146,usable,
p3fu_background_scenes_0008,background_scenes,farm background,Wikimedia Commons,"https://commons.wikimedia.org/wiki/File:Farm_with_Bellenden_Ker_Range_in_the_background,_Deeral,_2018.jpg",https://thumb.wikimedia.org/wikipedia/commons/thumb/f/f2/Farm_with_Bellenden_Ker_Range_in_the_background%2C_Deeral%2C_2018.jpg/960px-Farm_with_Bellenden_Ker_Range_in_the_background%2C_Deeral%2C_2018.jpg?utm_source=commons.wikimedia.org&utm_campaign=imageinfo&utm_content=thumbnail,Kerry Raymond,CC BY 4.0,https://creativecommons.org/licenses/by/4.0,kerry raymond,NEGATIVE_VALIDATION,"Farm with Bellenden Ker Range in the background, Deeral, 2018.jpg",data/external/phase3_followup_negatives/background_scenes/p3fu_background_scenes_0008.jpg,2026-10-07T09:11:05.429150+00:00,40db839676e80fa7172185e89c7b1e0216f436eba151592b8a6e630dbae7d9de,960,540,171840,usable,
p3fu_background_scenes_0009,background_scenes,farm background,Wikimedia Commons,https://commons.wikimedia.org/wiki/File:Farm_buildings_at_Beletra_with_Slieve_Foye_in_the_background_-_geograph.org.uk_-_5133391.jpg,https://thumb.wikimedia.org/wikipedia/commons/thumb/8/85/Farm_buildings_at_Beletra_with_Slieve_Foye_in_the_background_-_geograph.org.uk_-_5133391.jpg/960px-Farm_buildings_at_Beletra_with_Slieve_Foye_in_the_background_-_geograph.org.uk_-_5133391.jpg?utm_source=commons.wikimedia.org&utm_campaign=imageinfo&utm_content=thumbnail,Eric Jones,CC BY-SA 2.0,https://creativecommons.org/licenses/by-sa/2.0,eric jones,NEGATIVE_VALIDATION,Farm buildings at Beletra with Slieve Foye in the background - geograph.org.uk - 5133391.jpg,data/external/phase3_followup_negatives/background_scenes/p3fu_background_scenes_0009.jpg,2026-10-07T09:11:09.893573+00:00,470aa0868934717700a72ef998f746931289ca4bc1dc5d4c2362db000b3fb502,960,1171,350192,usable,
p3fu_background_scenes_0010,background_scenes,farm background,Wikimedia Commons,"https://commons.wikimedia.org/wiki/File:Slikhoogte_Beach,_with_wind_farms_to_the_north_in_the_background,_Urk,_2022.jpg",https://thumb.wikimedia.org/wikipedia/commons/thumb/6/65/Slikhoogte_Beach%2C_with_wind_farms_to_the_north_in_the_background%2C_Urk%2C_2022.jpg/960px-Slikhoogte_Beach%2C_with_wind_farms_to_the_north_in_the_background%2C_Urk%2C_2022.jpg?utm_source=commons.wikimedia.org&utm_campaign=imageinfo&utm_content=thumbnail,DimiTalen,CC0,http://creativecommons.org/publicdomain/zero/1.0/deed.en,dimitalen,NEGATIVE_FINAL_HOLDOUT,"Slikhoogte Beach, with wind farms to the north in the background, Urk, 2022.jpg",data/external/phase3_followup_negatives/background_scenes/p3fu_background_scenes_0010.jpg,2026-10-07T09:11:16.824879+00:00,5bc9f24dd506eebefeb4e1c42712ca64df976a4006a546573197aee7f217ee75,960,638,186174,usable,
p3fu_background_scenes_0011,background_scenes,farm background,Wikimedia Commons,https://commons.wikimedia.org/wiki/File:Farm_road_with_Church_in_background_-_geograph.org.uk_-_7105310.jpg,https://thumb.wikimedia.org/wikipedia/commons/thumb/3/32/Farm_road_with_Church_in_background_-_geograph.org.uk_-_7105310.jpg/960px-Farm_road_with_Church_in_background_-_geograph.org.uk_-_7105310.jpg?utm_source=commons.wikimedia.org&utm_campaign=imageinfo&utm_content=thumbnail,David Pashley,CC BY-SA 2.0,https://creativecommons.org/licenses/by-sa/2.0,david pashley,NEGATIVE_FINAL_HOLDOUT,Farm road with Church in background - geograph.org.uk - 7105310.jpg,data/external/phase3_followup_negatives/background_scenes/p3fu_background_scenes_0011.jpg,2026-10-07T09:11:20.891841+00:00,9eb9027617a26c3b7a553b48937c16bd4176bf1a3523d778e4c11b7f239f9e82,960,720,103125,usable,
p3fu_background_scenes_0012,background_scenes,farm background,Wikimedia Commons,https://commons.wikimedia.org/wiki/File:Fields_with_Chipping_Farm_in_Background_-_geograph.org.uk_-_4943046.jpg,https://thumb.wikimedia.org/wikipedia/commons/thumb/1/18/Fields_with_Chipping_Farm_in_Background_-_geograph.org.uk_-_4943046.jpg/960px-Fields_with_Chipping_Farm_in_Background_-_geograph.org.uk_-_4943046.jpg?utm_source=commons.wikimedia.org&utm_campaign=imageinfo&utm_content=thumbnail,James Emmans,CC BY-SA 2.0,https://creativecommons.org/licenses/by-sa/2.0,james emmans,NEGATIVE_TRAIN,Fields with Chipping Farm in Background - geograph.org.uk - 4943046.jpg,data/external/phase3_followup_negatives/background_scenes/p3fu_background_scenes_0012.jpg,2026-10-07T09:11:24.596786+00:00,105f7488c27318ff92b99d6f19e089497f7dea90d149022bd7b24f397c999bf2,960,541,126557,usable,
p3fu_background_scenes_0013,background_scenes,farm background,Wikimedia Commons,https://commons.wikimedia.org/wiki/File:Shoreline_with_fish_farm_activity_in_the_background_-_geograph.org.uk_-_1725088.jpg,https://thumb.wikimedia.org/wikipedia/commons/thumb/c/cf/Shoreline_with_fish_farm_activity_in_the_background_-_geograph.org.uk_-_1725088.jpg/960px-Shoreline_with_fish_farm_activity_in_the_background_-_geograph.org.uk_-_1725088.jpg?utm_source=commons.wikimedia.org&utm_campaign=imageinfo&utm_content=thumbnail,Mike Dunn,CC BY-SA 2.0,https://creativecommons.org/licenses/by-sa/2.0,mike dunn,NEGATIVE_TRAIN,Shoreline with fish farm activity in the background - geograph.org.uk - 1725088.jpg,data/external/phase3_followup_negatives/background_scenes/p3fu_background_scenes_0013.jpg,2026-10-07T09:11:41.767216+00:00,74f0b970f4bf197c28fdb1c428c1723d6e1b584fc6b51cff62d2582c36d4ffd7,960,720,274145,usable,
p3fu_ordinary_objects_0001,ordinary_objects,clothing closeup,Wikimedia Commons,https://commons.wikimedia.org/wiki/File:Closeup_of_hem_detail_of_feedsack_dress.png,https://thumb.wikimedia.org/wikipedia/commons/thumb/6/6e/Closeup_of_hem_detail_of_feedsack_dress.png/960px-Closeup_of_hem_detail_of_feedsack_dress.png?utm_source=commons.wikimedia.org&utm_campaign=imageinfo&utm_content=thumbnail,Smithsonian,Public domain,,smithsonian,NEGATIVE_TRAIN,Closeup of hem detail of feedsack dress.png,data/external/phase3_followup_negatives/ordinary_objects/p3fu_ordinary_objects_0001.png,2026-10-07T09:12:31.758808+00:00,1a3c8e6089deeddb98df97afacd1f5eb599e8b89df5841b29897342028f3b99f,960,583,1279095,usable,
p3fu_ordinary_objects_0002,ordinary_objects,clothing closeup,Wikimedia Commons,https://commons.wikimedia.org/wiki/File:Kurta_closeup_sandalwood_buttons.jpg,https://thumb.wikimedia.org/wikipedia/commons/thumb/4/40/Kurta_closeup_sandalwood_buttons.jpg/960px-Kurta_closeup_sandalwood_buttons.jpg?utm_source=commons.wikimedia.org&utm_campaign=imageinfo&utm_content=thumbnail,Fowler&amp;fowler at English Wikipedia,Public domain,,fowler&amp;fowler at english wikipedia,NEGATIVE_VALIDATION,Kurta closeup sandalwood buttons.jpg,data/external/phase3_followup_negatives/ordinary_objects/p3fu_ordinary_objects_0002.jpg,2026-10-07T09:12:34.611778+00:00,7644d20e2a83c6f56d0ff8ff589f825f3576511ed1a1b8c6c9608c64f39bbcf3,960,631,106388,usable,
p3fu_ordinary_objects_0003,ordinary_objects,clothing closeup,Wikimedia Commons,https://commons.wikimedia.org/wiki/File:Costume_closeup_1.jpg,https://thumb.wikimedia.org/wikipedia/commons/thumb/9/9f/Costume_closeup_1.jpg/960px-Costume_closeup_1.jpg?utm_source=commons.wikimedia.org&utm_campaign=imageinfo&utm_content=thumbnail,"Frank Kovalchek from Anchorage, Alaska, USA",CC BY 2.0,https://creativecommons.org/licenses/by/2.0,"frank kovalchek from anchorage, alaska, usa",NEGATIVE_TRAIN,Costume closeup 1.jpg,data/external/phase3_followup_negatives/ordinary_objects/p3fu_ordinary_objects_0003.jpg,2026-10-07T09:12:37.100384+00:00,53daee6ea7caa4c63cccc83f7002ece90b8fb238287d99c66fddf320544bd24b,960,1531,383151,usable,
p3fu_ordinary_objects_0004,ordinary_objects,clothing closeup,Wikimedia Commons,https://commons.wikimedia.org/wiki/File:Polly_vacher_closeup_arp.jpg,https://thumb.wikimedia.org/wikipedia/commons/thumb/6/6c/Polly_vacher_closeup_arp.jpg/960px-Polly_vacher_closeup_arp.jpg?utm_source=commons.wikimedia.org&utm_campaign=imageinfo&utm_content=thumbnail,Adrian Pingstone (Arpingstone),Public domain,,adrian pingstone (arpingstone),NEGATIVE_FINAL_HOLDOUT,Polly vacher closeup arp.jpg,data/external/phase3_followup_negatives/ordinary_objects/p3fu_ordinary_objects_0004.jpg,2026-10-07T09:12:39.861790+00:00,95e524611884ebc77774b0d895a35d682c7f774f61cb678bdfea4ff5c880e645,960,1167,309373,usable,
p3fu_ordinary_objects_0005,ordinary_objects,clothing closeup,Wikimedia Commons,https://commons.wikimedia.org/wiki/File:Closeup_of_hem_detail_of_feedsack_dress_(cropped).png,https://thumb.wikimedia.org/wikipedia/commons/thumb/c/ce/Closeup_of_hem_detail_of_feedsack_dress_%28cropped%29.png/960px-Closeup_of_hem_detail_of_feedsack_dress_%28cropped%29.png?utm_source=commons.wikimedia.org&utm_campaign=imageinfo&utm_content=thumbnail,Smithsonian,Public domain,,smithsonian,NEGATIVE_TRAIN,Closeup of hem detail of feedsack dress (cropped).png,data/external/phase3_followup_negatives/ordinary_objects/p3fu_ordinary_objects_0005.png,2026-10-07T09:12:51.425246+00:00,5b773cacaa414f9cc64b718a2db48b4d9ed9e0d5b1b41f2691318cd88f4b538c,960,633,1506560,usable,
p3fu_ordinary_objects_0006,ordinary_objects,clothing closeup,Wikimedia Commons,https://commons.wikimedia.org/wiki/File:V%26A-_Diana_pearl_dress_closeup_of_the_collar.jpg,https://thumb.wikimedia.org/wikipedia/commons/thumb/5/5b/V%26A-_Diana_pearl_dress_closeup_of_the_collar.jpg/960px-V%26A-_Diana_pearl_dress_closeup_of_the_collar.jpg?utm_source=commons.wikimedia.org&utm_campaign=imageinfo&utm_content=thumbnail,moorina,CC BY 2.0,https://creativecommons.org/licenses/by/2.0,moorina,NEGATIVE_TRAIN,V&A- Diana pearl dress closeup of the collar.jpg,data/external/phase3_followup_negatives/ordinary_objects/p3fu_ordinary_objects_0006.jpg,2026-10-07T09:12:54.616177+00:00,cd7eed7e5ac0d5b026b259beebd6260043bd0197bab6002651eea486bd58557b,960,1280,311558,usable,
p3fu_ordinary_objects_0007,ordinary_objects,clothing closeup,Wikimedia Commons,https://commons.wikimedia.org/wiki/File:Harajuku_-_Cat_Street_-_men%27s_shirts_closeup_01_(15120546093).jpg,https://thumb.wikimedia.org/wikipedia/commons/thumb/e/e8/Harajuku_-_Cat_Street_-_men%27s_shirts_closeup_01_%2815120546093%29.jpg/960px-Harajuku_-_Cat_Street_-_men%27s_shirts_closeup_01_%2815120546093%29.jpg?utm_source=commons.wikimedia.org&utm_campaign=imageinfo&utm_content=thumbnail,"Joe Mabel on Flickr as Joe Mabel from Seattle, US",CC BY-SA 3.0,https://creativecommons.org/licenses/by-sa/3.0,"joe mabel on flickr as joe mabel from seattle, us",NEGATIVE_TRAIN,Harajuku - Cat Street - men's shirts closeup 01 (15120546093).jpg,data/external/phase3_followup_negatives/ordinary_objects/p3fu_ordinary_objects_0007.jpg,2026-10-07T09:12:56.747418+00:00,150f5447be4fda80f9041dc90ee3c58d7d67078686d3697cc40c51284dd67552,960,638,253407,usable,
p3fu_ordinary_objects_0008,ordinary_objects,clothing closeup,Wikimedia Commons,https://commons.wikimedia.org/wiki/File:Closeup_of_the_decorated_face_of_Lord_Jagannath_deity_(4).jpg,https://thumb.wikimedia.org/wikipedia/commons/thumb/1/13/Closeup_of_the_decorated_face_of_Lord_Jagannath_deity_%284%29.jpg/960px-Closeup_of_the_decorated_face_of_Lord_Jagannath_deity_%284%29.jpg?utm_source=commons.wikimedia.org&utm_campaign=imageinfo&utm_content=thumbnail,TAPAS KUMAR HALDER,CC BY-SA 4.0,https://creativecommons.org/licenses/by-sa/4.0,tapas kumar halder,NEGATIVE_TRAIN,Closeup of the decorated face of Lord Jagannath deity (4).jpg,data/external/phase3_followup_negatives/ordinary_objects/p3fu_ordinary_objects_0008.jpg,2026-10-07T09:12:59.260751+00:00,bd6d0405f9fbc85bc4ed173c8006f7cbdfac8943f526bf201838674fc1754e8a,960,640,204124,usable,
p3fu_ordinary_objects_0009,ordinary_objects,clothing closeup,Wikimedia Commons,https://commons.wikimedia.org/wiki/File:Closeup_of_the_decorated_face_of_Lord_Jagannath_deity_(5).jpg,https://thumb.wikimedia.org/wikipedia/commons/thumb/f/fd/Closeup_of_the_decorated_face_of_Lord_Jagannath_deity_%285%29.jpg/960px-Closeup_of_the_decorated_face_of_Lord_Jagannath_deity_%285%29.jpg?utm_source=commons.wikimedia.org&utm_campaign=imageinfo&utm_content=thumbnail,TAPAS KUMAR HALDER,CC BY-SA 4.0,https://creativecommons.org/licenses/by-sa/4.0,tapas kumar halder,NEGATIVE_TRAIN,Closeup of the decorated face of Lord Jagannath deity (5).jpg,data/external/phase3_followup_negatives/ordinary_objects/p3fu_ordinary_objects_0009.jpg,2026-10-07T09:13:02.998709+00:00,c274fb8ce97daf7a818833ea66f87ba9245ba9ae0f37490a68e95c60521cf271,960,640,264186,usable,
p3fu_ordinary_objects_0010,ordinary_objects,clothing closeup,Wikimedia Commons,"https://commons.wikimedia.org/wiki/File:Young_woman_doing_biceps_curls_with_dumbbell_at_home_closeup,_back_view.jpg",https://thumb.wikimedia.org/wikipedia/commons/thumb/2/2b/Young_woman_doing_biceps_curls_with_dumbbell_at_home_closeup%2C_back_view.jpg/960px-Young_woman_doing_biceps_curls_with_dumbbell_at_home_closeup%2C_back_view.jpg?utm_source=commons.wikimedia.org&utm_campaign=imageinfo&utm_content=thumbnail,Nenad Stojkovic,CC BY 2.0,https://creativecommons.org/licenses/by/2.0,nenad stojkovic,NEGATIVE_FINAL_HOLDOUT,"Young woman doing biceps curls with dumbbell at home closeup, back view.jpg",data/external/phase3_followup_negatives/ordinary_objects/p3fu_ordinary_objects_0010.jpg,2026-10-07T09:13:05.037322+00:00,ba0a506bb181f8ce4dfe7c7f8dc09f8e7f81d2d63e4046fad1c21dda447d83dc,960,641,59618,usable,
p3fu_other_spices_food_0001,other_spices_food,grain seeds,Wikimedia Commons,https://commons.wikimedia.org/wiki/File:Compilation_of_seeds_with_elaiosomes.jpg,https://thumb.wikimedia.org/wikipedia/commons/thumb/1/14/Compilation_of_seeds_with_elaiosomes.jpg/960px-Compilation_of_seeds_with_elaiosomes.jpg?utm_source=commons.wikimedia.org&utm_campaign=imageinfo&utm_content=thumbnail,Hans Stuessi,CC BY 4.0,https://creativecommons.org/licenses/by/4.0,hans stuessi,NEGATIVE_FINAL_HOLDOUT,Compilation of seeds with elaiosomes.jpg,data/external/phase3_followup_negatives/other_spices_food/p3fu_other_spices_food_0001.jpg,2026-10-07T09:14:08.531950+00:00,5b2da06d8c946dc4938dd345de98b8ac0ef87570576292b01ee7aef128012a1a,960,624,128919,usable,
p3fu_other_spices_food_0002,other_spices_food,grain seeds,Wikimedia Commons,https://commons.wikimedia.org/wiki/File:%D0%A0%D0%B0%D0%B7%D0%BD%D0%BE%D0%BE%D0%B1%D1%80%D0%B0%D0%B7%D0%B8%D0%B5_%D1%81%D0%B5%D0%BC%D1%8F%D0%BD.jpg,https://thumb.wikimedia.org/wikipedia/commons/thumb/d/dc/%D0%A0%D0%B0%D0%B7%D0%BD%D0%BE%D0%BE%D0%B1%D1%80%D0%B0%D0%B7%D0%B8%D0%B5_%D1%81%D0%B5%D0%BC%D1%8F%D0%BD.jpg/960px-%D0%A0%D0%B0%D0%B7%D0%BD%D0%BE%D0%BE%D0%B1%D1%80%D0%B0%D0%B7%D0%B8%D0%B5_%D1%81%D0%B5%D0%BC%D1%8F%D0%BD.jpg?utm_source=commons.wikimedia.org&utm_campaign=imageinfo&utm_content=thumbnail,Alexander Klepnev,CC BY 4.0,https://creativecommons.org/licenses/by/4.0,alexander klepnev,NEGATIVE_VALIDATION,Разнообразие семян.jpg,data/external/phase3_followup_negatives/other_spices_food/p3fu_other_spices_food_0002.jpg,2026-10-07T09:14:10.223234+00:00,d39966b56a31b56a96b1e07133a97df27865026657589df4803720c7d71b24ba,960,823,206334,usable,
p3fu_other_spices_food_0003,other_spices_food,grain seeds,Wikimedia Commons,https://commons.wikimedia.org/wiki/File:Entada_phaseoloides_MHNT_graines.jpg,https://thumb.wikimedia.org/wikipedia/commons/thumb/4/43/Entada_phaseoloides_MHNT_graines.jpg/960px-Entada_phaseoloides_MHNT_graines.jpg?utm_source=commons.wikimedia.org&utm_campaign=imageinfo&utm_content=thumbnail,Didier Descouens,CC BY-SA 4.0,https://creativecommons.org/licenses/by-sa/4.0,didier descouens,NEGATIVE_TRAIN,Entada phaseoloides MHNT graines.jpg,data/external/phase3_followup_negatives/other_spices_food/p3fu_other_spices_food_0003.jpg,2026-10-07T09:14:12.654485+00:00,3ae7c843e7f0e9f0e43d9b5b919cba6ef4c74ba1cbc9e8e8a5c62f49105a71d5,960,741,138847,usable,
p3fu_other_spices_food_0004,other_spices_food,grain seeds,Wikimedia Commons,https://commons.wikimedia.org/wiki/File:Geopende_zaaddoos_van_een_wilde_hyacint_24-07-2022._(d.j.b).jpg,https://thumb.wikimedia.org/wikipedia/commons/thumb/1/19/Geopende_zaaddoos_van_een_wilde_hyacint_24-07-2022._%28d.j.b%29.jpg/960px-Geopende_zaaddoos_van_een_wilde_hyacint_24-07-2022._%28d.j.b%29.jpg?utm_source=commons.wikimedia.org&utm_campaign=imageinfo&utm_content=thumbnail,Dominicus Johannes Bergsma,CC BY-SA 4.0,https://creativecommons.org/licenses/by-sa/4.0,dominicus johannes bergsma,NEGATIVE_TRAIN,Geopende zaaddoos van een wilde hyacint 24-07-2022. (d.j.b).jpg,data/external/phase3_followup_negatives/other_spices_food/p3fu_other_spices_food_0004.jpg,2026-10-07T09:14:15.296743+00:00,0d401b97bc9ef8a8eb0ca63918654c51888343c75ad09a5f9ce6481bc429d911,960,960,234528,usable,
p3fu_other_spices_food_0005,other_spices_food,grain seeds,Wikimedia Commons,https://commons.wikimedia.org/wiki/File:Single_grain_of_rice.png,https://thumb.wikimedia.org/wikipedia/commons/thumb/c/ce/Single_grain_of_rice.png/960px-Single_grain_of_rice.png?utm_source=commons.wikimedia.org&utm_campaign=imageinfo&utm_content=thumbnail,Yarzaryeni,CC0,http://creativecommons.org/publicdomain/zero/1.0/deed.en,yarzaryeni,NEGATIVE_VALIDATION,Single grain of rice.png,data/external/phase3_followup_negatives/other_spices_food/p3fu_other_spices_food_0005.png,2026-10-07T09:14:23.815253+00:00,045165dca7c578d1f40705d5e2f32f0f318b4fe5747f73a56fa80a0c618256bc,960,960,945849,usable,
p3fu_other_spices_food_0006,other_spices_food,grain seeds,Wikimedia Commons,https://commons.wikimedia.org/wiki/File:Datura_stramonium_MHNT.BOT.2004.0.263a.jpg,https://thumb.wikimedia.org/wikipedia/commons/thumb/9/9a/Datura_stramonium_MHNT.BOT.2004.0.263a.jpg/960px-Datura_stramonium_MHNT.BOT.2004.0.263a.jpg?utm_source=commons.wikimedia.org&utm_campaign=imageinfo&utm_content=thumbnail,Didier Descouens,CC BY-SA 3.0,https://creativecommons.org/licenses/by-sa/3.0,didier descouens,NEGATIVE_TRAIN,Datura stramonium MHNT.BOT.2004.0.263a.jpg,data/external/phase3_followup_negatives/other_spices_food/p3fu_other_spices_food_0006.jpg,2026-10-07T09:14:26.503079+00:00,113ee87bbcd74038ad06473661ac264dde5414aa253143dcc46bdf72006eb63b,960,836,152973,usable,
p3fu_other_spices_food_0007,other_spices_food,grain seeds,Wikimedia Commons,https://commons.wikimedia.org/wiki/File:Coriander_Seeds.jpg,https://thumb.wikimedia.org/wikipedia/commons/thumb/8/86/Coriander_Seeds.jpg/960px-Coriander_Seeds.jpg?utm_source=commons.wikimedia.org&utm_campaign=imageinfo&utm_content=thumbnail,Sanjay Acharya,CC BY-SA 4.0,https://creativecommons.org/licenses/by-sa/4.0,sanjay acharya,NEGATIVE_FINAL_HOLDOUT,Coriander Seeds.jpg,data/external/phase3_followup_negatives/other_spices_food/p3fu_other_spices_food_0007.jpg,2026-10-07T09:14:28.794300+00:00,0bd4de317b7710c3197f4a5c51e621e60ede7dd991b2aeb1bd8fe47eefa5fbcf,960,640,292926,usable,
p3fu_other_spices_food_0008,other_spices_food,grain seeds,Wikimedia Commons,https://commons.wikimedia.org/wiki/File:Barley_Seeds.jpg,https://thumb.wikimedia.org/wikipedia/commons/thumb/6/65/Barley_Seeds.jpg/960px-Barley_Seeds.jpg?utm_source=commons.wikimedia.org&utm_campaign=imageinfo&utm_content=thumbnail,Sanjay Acharya,CC BY-SA 4.0,https://creativecommons.org/licenses/by-sa/4.0,sanjay acharya,NEGATIVE_FINAL_HOLDOUT,Barley Seeds.jpg,data/external/phase3_followup_negatives/other_spices_food/p3fu_other_spices_food_0008.jpg,2026-10-07T09:26:39.169442+00:00,1719104e23597db45bb900c10618df0248ae6b1354ee7094a8bd7181e5eb42c7,960,640,139656,usable,
p3fu_other_spices_food_0009,other_spices_food,grain seeds,Wikimedia Commons,"https://commons.wikimedia.org/wiki/File:Melicoccus_bijugatus,_Seeds_02.jpg",https://thumb.wikimedia.org/wikipedia/commons/thumb/b/b4/Melicoccus_bijugatus%2C_Seeds_02.jpg/960px-Melicoccus_bijugatus%2C_Seeds_02.jpg?utm_source=commons.wikimedia.org&utm_campaign=imageinfo&utm_content=thumbnail,Filo gèn',CC BY-SA 4.0,https://creativecommons.org/licenses/by-sa/4.0,filo gèn',NEGATIVE_TRAIN,"Melicoccus bijugatus, Seeds 02.jpg",data/external/phase3_followup_negatives/other_spices_food/p3fu_other_spices_food_0009.jpg,2026-10-07T09:26:41.450908+00:00,3332691cab58eefa720ce907a45bef5ac351b9747cbcc9e6b31f9cd1b8fef407,960,835,139088,usable,
p3fu_other_spices_food_0010,other_spices_food,grain seeds,Wikimedia Commons,https://commons.wikimedia.org/wiki/File:Zaden_van_een_Gele_lis_(Iris_pseudacorus)._06-03-2024._(d.j.b.).jpg,https://thumb.wikimedia.org/wikipedia/commons/thumb/0/00/Zaden_van_een_Gele_lis_%28Iris_pseudacorus%29._06-03-2024._%28d.j.b.%29.jpg/960px-Zaden_van_een_Gele_lis_%28Iris_pseudacorus%29._06-03-2024._%28d.j.b.%29.jpg?utm_source=commons.wikimedia.org&utm_campaign=imageinfo&utm_content=thumbnail,Dominicus Johannes Bergsma,CC BY-SA 4.0,https://creativecommons.org/licenses/by-sa/4.0,dominicus johannes bergsma,NEGATIVE_TRAIN,Zaden van een Gele lis (Iris pseudacorus). 06-03-2024. (d.j.b.).jpg,data/external/phase3_followup_negatives/other_spices_food/p3fu_other_spices_food_0010.jpg,2026-10-07T09:27:49.641580+00:00,a1dc38580ecac04bd3425ffa1a12005b2fca8ec1faa7ea7dac9656b930b23a9a,960,1440,301725,usable,
p3fu_other_spices_food_0011,other_spices_food,grain seeds,Wikimedia Commons,https://commons.wikimedia.org/wiki/File:Lychee_fruits_and_seed.jpg,https://thumb.wikimedia.org/wikipedia/commons/thumb/5/5c/Lychee_fruits_and_seed.jpg/960px-Lychee_fruits_and_seed.jpg?utm_source=commons.wikimedia.org&utm_campaign=imageinfo&utm_content=thumbnail,Ivar Leidus,CC BY-SA 4.0,https://creativecommons.org/licenses/by-sa/4.0,ivar leidus,NEGATIVE_VALIDATION,Lychee fruits and seed.jpg,data/external/phase3_followup_negatives/other_spices_food/p3fu_other_spices_food_0011.jpg,2026-10-07T09:27:51.682474+00:00,35f4ed073e3d2536890756bd3130aa94bdb39b46b693299cec30532f988ac592,960,640,112661,usable,
p3fu_other_spices_food_0012,other_spices_food,grain seeds,Wikimedia Commons,"https://commons.wikimedia.org/wiki/File:Nottuln,_Gladbeck,_Grashalm_--_2024_--_4342.jpg",https://thumb.wikimedia.org/wikipedia/commons/thumb/f/f0/Nottuln%2C_Gladbeck%2C_Grashalm_--_2024_--_4342.jpg/960px-Nottuln%2C_Gladbeck%2C_Grashalm_--_2024_--_4342.jpg?utm_source=commons.wikimedia.org&utm_campaign=imageinfo&utm_content=thumbnail,Dietmar Rabich,CC BY-SA 4.0,https://creativecommons.org/licenses/by-sa/4.0,dietmar rabich,NEGATIVE_TRAIN,"Nottuln, Gladbeck, Grashalm -- 2024 -- 4342.jpg",data/external/phase3_followup_negatives/other_spices_food/p3fu_other_spices_food_0012.jpg,2026-10-07T09:27:53.486924+00:00,918937dd8c24e8d9b2e3ad12faa5f3293c5d9beca0b3837e99831f89ab1b004c,960,640,79156,usable,
p3fu_other_spices_food_0013,other_spices_food,grain seeds,Wikimedia Commons,"https://commons.wikimedia.org/wiki/File:Seed_catalogue_for_1900_-_seed_potatoes,_corn,_grain_and_seeds_grown_in_the_cold_north_east_(1900)_(19937502753).jpg",https://thumb.wikimedia.org/wikipedia/commons/thumb/e/ea/Seed_catalogue_for_1900_-_seed_potatoes%2C_corn%2C_grain_and_seeds_grown_in_the_cold_north_east_%281900%29_%2819937502753%29.jpg/960px-Seed_catalogue_for_1900_-_seed_potatoes%2C_corn%2C_grain_and_seeds_grown_in_the_cold_north_east_%281900%29_%2819937502753%29.jpg?utm_source=commons.wikimedia.org&utm_campaign=imageinfo&utm_content=thumbnail,George W.P. Jerrard Co; Henry G. Gilbert Nursery and Seed Trade Catalog Collection,No restrictions,https://www.flickr.com/commons/usage/,george w.p. jerrard co; henry g. gilbert nursery and seed trade catalog collection,NEGATIVE_TRAIN,"Seed catalogue for 1900 - seed potatoes, corn, grain and seeds grown in the cold north east (1900) (19937502753).jpg",data/external/phase3_followup_negatives/other_spices_food/p3fu_other_spices_food_0013.jpg,2026-10-07T09:27:56.577470+00:00,4f8b2a3d59dcc2e9afdff181ce77b89fc26f46a824b95f45422fe7e61dd14cbf,960,536,291493,usable,
p3fu_other_spices_food_0014,other_spices_food,grain seeds,Wikimedia Commons,https://commons.wikimedia.org/wiki/File:Gebarsten_bolster_van_een_paardenkastanje_(Aesculus)_20-09-2020_(d.j.b.)_01.jpg,https://thumb.wikimedia.org/wikipedia/commons/thumb/4/45/Gebarsten_bolster_van_een_paardenkastanje_%28Aesculus%29_20-09-2020_%28d.j.b.%29_01.jpg/960px-Gebarsten_bolster_van_een_paardenkastanje_%28Aesculus%29_20-09-2020_%28d.j.b.%29_01.jpg?utm_source=commons.wikimedia.org&utm_campaign=imageinfo&utm_content=thumbnail,Dominicus Johannes Bergsma,CC BY-SA 4.0,https://creativecommons.org/licenses/by-sa/4.0,dominicus johannes bergsma,NEGATIVE_TRAIN,Gebarsten bolster van een paardenkastanje (Aesculus) 20-09-2020 (d.j.b.) 01.jpg,data/external/phase3_followup_negatives/other_spices_food/p3fu_other_spices_food_0014.jpg,2026-10-07T09:28:00.420315+00:00,93f6b7acd4138cd979eeff22e6816c082456cfaa2c4c53c9d9d76b7f23be09ee,960,960,243002,usable,
p3fu_other_spices_food_0015,other_spices_food,grain seeds,Wikimedia Commons,https://commons.wikimedia.org/wiki/File:Annona_glabra_-_Seeds.jpg,https://thumb.wikimedia.org/wikipedia/commons/thumb/8/81/Annona_glabra_-_Seeds.jpg/960px-Annona_glabra_-_Seeds.jpg?utm_source=commons.wikimedia.org&utm_campaign=imageinfo&utm_content=thumbnail,Filo gèn',CC BY-SA 4.0,https://creativecommons.org/licenses/by-sa/4.0,filo gèn',NEGATIVE_TRAIN,Annona glabra - Seeds.jpg,data/external/phase3_followup_negatives/other_spices_food/p3fu_other_spices_food_0015.jpg,2026-10-07T09:28:02.206282+00:00,0fa9ba27ade7cf51eea8c217cc48e4715dbb1979a8bc157b8cce481b27b5c972,960,899,333975,usable,
p3fu_other_spices_food_0016,other_spices_food,grain seeds,Wikimedia Commons,"https://commons.wikimedia.org/wiki/File:Melicoccus_bijugatus,_Seeds_01.jpg",https://thumb.wikimedia.org/wikipedia/commons/thumb/e/e7/Melicoccus_bijugatus%2C_Seeds_01.jpg/960px-Melicoccus_bijugatus%2C_Seeds_01.jpg?utm_source=commons.wikimedia.org&utm_campaign=imageinfo&utm_content=thumbnail,Filo gèn',CC BY-SA 4.0,https://creativecommons.org/licenses/by-sa/4.0,filo gèn',NEGATIVE_TRAIN,"Melicoccus bijugatus, Seeds 01.jpg",data/external/phase3_followup_negatives/other_spices_food/p3fu_other_spices_food_0016.jpg,2026-10-07T09:28:04.823915+00:00,5a5da2223dbbf797f846f863079943d97ccb4f06b2f1bac53cad938267675e4d,960,952,157717,usable,
p3fu_other_spices_food_0017,other_spices_food,grain seeds,Wikimedia Commons,https://commons.wikimedia.org/wiki/File:Archontophoenix_alexandrae_fruits_and_seeds_SF21118.jpg,https://thumb.wikimedia.org/wikipedia/commons/thumb/2/2b/Archontophoenix_alexandrae_fruits_and_seeds_SF21118.jpg/960px-Archontophoenix_alexandrae_fruits_and_seeds_SF21118.jpg?utm_source=commons.wikimedia.org&utm_campaign=imageinfo&utm_content=thumbnail,Steve Fitzgerald,CC BY-SA 4.0,https://creativecommons.org/licenses/by-sa/4.0,steve fitzgerald,NEGATIVE_TRAIN,Archontophoenix alexandrae fruits and seeds SF21118.jpg,data/external/phase3_followup_negatives/other_spices_food/p3fu_other_spices_food_0017.jpg,2026-10-07T09:28:07.193764+00:00,f025e50c20173675da95149e19d90e668bc9a0a927b1cd0b666a4207f3b61f15,960,720,202721,usable,
p3fu_other_spices_food_0018,other_spices_food,grain seeds,Wikimedia Commons,"https://commons.wikimedia.org/wiki/File:M%C3%BCnster,_Hafen,_ehem._Sch%C3%BCttvorrichtung_--_2020_--_8064.jpg",https://thumb.wikimedia.org/wikipedia/commons/thumb/3/30/M%C3%BCnster%2C_Hafen%2C_ehem._Sch%C3%BCttvorrichtung_--_2020_--_8064.jpg/960px-M%C3%BCnster%2C_Hafen%2C_ehem._Sch%C3%BCttvorrichtung_--_2020_--_8064.jpg?utm_source=commons.wikimedia.org&utm_campaign=imageinfo&utm_content=thumbnail,Dietmar Rabich,CC BY-SA 4.0,https://creativecommons.org/licenses/by-sa/4.0,dietmar rabich,NEGATIVE_TRAIN,"Münster, Hafen, ehem. Schüttvorrichtung -- 2020 -- 8064.jpg",data/external/phase3_followup_negatives/other_spices_food/p3fu_other_spices_food_0018.jpg,2026-10-07T09:28:09.485186+00:00,a78f2f45130451b140e46b1e6e1115722a8fe93d708cc1480041a89b004e3229,960,720,194870,usable,
p3fu_other_spices_food_0019,other_spices_food,grain seeds,Wikimedia Commons,https://commons.wikimedia.org/wiki/File:Adenium_Seed_1cm_Macro_Uthandi_Sep21_D72_20923-929_ZP.jpg,https://thumb.wikimedia.org/wikipedia/commons/thumb/a/af/Adenium_Seed_1cm_Macro_Uthandi_Sep21_D72_20923-929_ZP.jpg/960px-Adenium_Seed_1cm_Macro_Uthandi_Sep21_D72_20923-929_ZP.jpg?utm_source=commons.wikimedia.org&utm_campaign=imageinfo&utm_content=thumbnail,"This Photo was taken by Timothy A. Gonsalves. Feel free to use my photos, but please mention me as the author. I would much appreciate if you send me an email tagooty@yahoo.com or write on my talk page, for my information. Please contact me before commercial use. Please do not upload an edited image here without consulting me. I would like to make corrections only at my own source to ensure that the changes improve the image and are preserved.Otherwise you may upload an edited image with a new name. Please use one of the templates derivative or extract.",CC BY-SA 4.0,https://creativecommons.org/licenses/by-sa/4.0,"this photo was taken by timothy a. gonsalves. feel free to use my photos, but please mention me as the author. i would much appreciate if you send me an email tagooty@yahoo.com or write on my talk page, for my information. please contact me before commercial use. please do not upload an edited image here without consulting me. i would like to make corrections only at my own source to ensure that the changes improve the image and are preserved.otherwise you may upload an edited image with a new name. please use one of the templates derivative or extract.",NEGATIVE_FINAL_HOLDOUT,Adenium Seed 1cm Macro Uthandi Sep21 D72 20923-929 ZP.jpg,data/external/phase3_followup_negatives/other_spices_food/p3fu_other_spices_food_0019.jpg,2026-10-07T09:28:11.092040+00:00,bfad43841c25f9e8752b28ded48717d6cb7d749e8fd88baf5abf1a9ef47dc5a0,960,640,75042,usable,
p3fu_other_spices_food_0020,other_spices_food,grain seeds,Wikimedia Commons,https://commons.wikimedia.org/wiki/File:Mexican_chia_seeds_(2).jpg,https://thumb.wikimedia.org/wikipedia/commons/thumb/3/3f/Mexican_chia_seeds_%282%29.jpg/960px-Mexican_chia_seeds_%282%29.jpg?utm_source=commons.wikimedia.org&utm_campaign=imageinfo&utm_content=thumbnail,Fumikas Sagisavas,CC0,http://creativecommons.org/publicdomain/zero/1.0/deed.en,fumikas sagisavas,NEGATIVE_TRAIN,Mexican chia seeds (2).jpg,data/external/phase3_followup_negatives/other_spices_food/p3fu_other_spices_food_0020.jpg,2026-10-07T09:28:13.528774+00:00,adbea583015133278b9a9494efe18137c98c1055f2e7ce159db3d896ac8f8208,960,960,532148,usable,
p3fu_other_spices_food_0021,other_spices_food,grain seeds,Wikimedia Commons,https://commons.wikimedia.org/wiki/File:Mexican_chia_seeds_(1).jpg,https://thumb.wikimedia.org/wikipedia/commons/thumb/5/5b/Mexican_chia_seeds_%281%29.jpg/960px-Mexican_chia_seeds_%281%29.jpg?utm_source=commons.wikimedia.org&utm_campaign=imageinfo&utm_content=thumbnail,Fumikas Sagisavas,CC0,http://creativecommons.org/publicdomain/zero/1.0/deed.en,fumikas sagisavas,NEGATIVE_TRAIN,Mexican chia seeds (1).jpg,data/external/phase3_followup_negatives/other_spices_food/p3fu_other_spices_food_0021.jpg,2026-10-07T09:28:20.464890+00:00,129f99bc1742cf59513c947a5418e8599fe3985f2278d4c666b368791d86407a,960,960,609196,usable,
p3fu_other_spices_food_0022,other_spices_food,grain seeds,Wikimedia Commons,"https://commons.wikimedia.org/wiki/File:Gregory%27s_annual_illustrated_retail_catalogue_of_warranted_seeds,_vegetable,_flower_and_grain_(1884)_(14766442552).jpg",https://thumb.wikimedia.org/wikipedia/commons/thumb/5/56/Gregory%27s_annual_illustrated_retail_catalogue_of_warranted_seeds%2C_vegetable%2C_flower_and_grain_%281884%29_%2814766442552%29.jpg/960px-Gregory%27s_annual_illustrated_retail_catalogue_of_warranted_seeds%2C_vegetable%2C_flower_and_grain_%281884%29_%2814766442552%29.jpg?utm_source=commons.wikimedia.org&utm_campaign=imageinfo&utm_content=thumbnail,James J.H. Gregory (Firm); J.J.H. Gregory &amp; Son; Henry G. Gilbert Nursery and Seed Trade Catalog Collection,No restrictions,https://www.flickr.com/commons/usage/,james j.h. gregory (firm); j.j.h. gregory &amp; son; henry g. gilbert nursery and seed trade catalog collection,NEGATIVE_FINAL_HOLDOUT,"Gregory's annual illustrated retail catalogue of warranted seeds, vegetable, flower and grain (1884) (14766442552).jpg",data/external/phase3_followup_negatives/other_spices_food/p3fu_other_spices_food_0022.jpg,2026-10-07T09:28:25.136254+00:00,82ee6ded53667a7f4d103be1c8c88cc197fe3a6dbeded11fcb9ce55841331c66,960,1239,563128,usable,
p3fu_other_spices_food_0023,other_spices_food,grain seeds,Wikimedia Commons,https://commons.wikimedia.org/wiki/File:Mexican_chia_seeds_(3).jpg,https://thumb.wikimedia.org/wikipedia/commons/thumb/0/01/Mexican_chia_seeds_%283%29.jpg/960px-Mexican_chia_seeds_%283%29.jpg?utm_source=commons.wikimedia.org&utm_campaign=imageinfo&utm_content=thumbnail,Fumikas Sagisavas,CC0,http://creativecommons.org/publicdomain/zero/1.0/deed.en,fumikas sagisavas,NEGATIVE_TRAIN,Mexican chia seeds (3).jpg,data/external/phase3_followup_negatives/other_spices_food/p3fu_other_spices_food_0023.jpg,2026-10-07T09:28:28.433940+00:00,ccf5a9fbcbebeca5ec9c72a14d7b9087b93dd3a336d8581cd0b44661c24faa9f,960,960,403755,usable,
p3fu_other_spices_food_0024,other_spices_food,grain seeds,Wikimedia Commons,"https://commons.wikimedia.org/wiki/File:Grain_storage_bin,_interior_-_Wollenberg_Grain_and_Seed_Elevator,_133_Goodyear_Avenue,_Buffalo,_Erie_County,_NY_HAER_NY,15-BUF,49-11.tif",https://thumb.wikimedia.org/wikipedia/commons/thumb/2/29/Grain_storage_bin%2C_interior_-_Wollenberg_Grain_and_Seed_Elevator%2C_133_Goodyear_Avenue%2C_Buffalo%2C_Erie_County%2C_NY_HAER_NY%2C15-BUF%2C49-11.tif/lossy-page1-960px-Grain_storage_bin%2C_interior_-_Wollenberg_Grain_and_Seed_Elevator%2C_133_Goodyear_Avenue%2C_Buffalo%2C_Erie_County%2C_NY_HAER_NY%2C15-BUF%2C49-11.tif.jpg?utm_source=commons.wikimedia.org&utm_campaign=imageinfo&utm_content=thumbnail,"Lowe, Jet, creator",Public domain,,"lowe, jet, creator",NEGATIVE_VALIDATION,"Grain storage bin, interior - Wollenberg Grain and Seed Elevator, 133 Goodyear Avenue, Buffalo, Erie County, NY HAER NY,15-BUF,49-11.tif",data/external/phase3_followup_negatives/other_spices_food/p3fu_other_spices_food_0024.jpg,2026-10-07T09:28:31.397115+00:00,af91993dedfd5f44b79db1db184a84cb313d05eefadf49d6d40d48f38c7d2e06,960,1337,305048,usable,
p3fu_vegetation_leaves_0001,vegetation_leaves,fern foliage,Wikimedia Commons,"https://commons.wikimedia.org/wiki/File:Close_up_of_fern_foliage,_in_Perry_County_PA.jpg",https://thumb.wikimedia.org/wikipedia/commons/thumb/c/c7/Close_up_of_fern_foliage%2C_in_Perry_County_PA.jpg/960px-Close_up_of_fern_foliage%2C_in_Perry_County_PA.jpg?utm_source=commons.wikimedia.org&utm_campaign=imageinfo&utm_content=thumbnail,SusquehannaMan,CC BY-SA 4.0,https://creativecommons.org/licenses/by-sa/4.0,susquehannaman,NEGATIVE_TRAIN,"Close up of fern foliage, in Perry County PA.jpg",data/external/phase3_followup_negatives/vegetation_leaves/p3fu_vegetation_leaves_0001.jpg,2026-10-07T08:39:03.709237+00:00,b6bd41e4a78676ae82079f0604a63dcfcd653913675c55710fc6ce0170f048b4,960,640,111473,usable,
p3fu_vegetation_leaves_0002,vegetation_leaves,fern foliage,Wikimedia Commons,"https://commons.wikimedia.org/wiki/File:The_Benmore_Fernery_and_fern_foliage,_Dunoon,_Argyll.jpg",https://thumb.wikimedia.org/wikipedia/commons/thumb/9/96/The_Benmore_Fernery_and_fern_foliage%2C_Dunoon%2C_Argyll.jpg/960px-The_Benmore_Fernery_and_fern_foliage%2C_Dunoon%2C_Argyll.jpg?utm_source=commons.wikimedia.org&utm_campaign=imageinfo&utm_content=thumbnail,Rosser1954,CC BY 4.0,https://creativecommons.org/licenses/by/4.0,rosser1954,NEGATIVE_TRAIN,"The Benmore Fernery and fern foliage, Dunoon, Argyll.jpg",data/external/phase3_followup_negatives/vegetation_leaves/p3fu_vegetation_leaves_0002.jpg,2026-10-07T08:39:05.284185+00:00,7ee89626058d4a6a57a088cdf09de3925fc59ac0be60ec7a3b2c93858844af3c,960,720,320742,usable,
p3fu_vegetation_leaves_0003,vegetation_leaves,fern foliage,Wikimedia Commons,"https://commons.wikimedia.org/wiki/File:Moss,_fern_and_foliage_pastelized_by_frost_946.jpg",https://thumb.wikimedia.org/wikipedia/commons/thumb/7/7c/Moss%2C_fern_and_foliage_pastelized_by_frost_946.jpg/960px-Moss%2C_fern_and_foliage_pastelized_by_frost_946.jpg?utm_source=commons.wikimedia.org&utm_campaign=imageinfo&utm_content=thumbnail,Stuhlfauth Thomas,CC BY 4.0,https://creativecommons.org/licenses/by/4.0,stuhlfauth thomas,NEGATIVE_VALIDATION,"Moss, fern and foliage pastelized by frost 946.jpg",data/external/phase3_followup_negatives/vegetation_leaves/p3fu_vegetation_leaves_0003.jpg,2026-10-07T08:39:07.129277+00:00,332c425fd1a204eca0156a874eb64c14eaa32c89a948d5203d2032fa45ef3b6a,960,960,472459,usable,
p3fu_vegetation_leaves_0004,vegetation_leaves,fern foliage,Wikimedia Commons,"https://commons.wikimedia.org/wiki/File:The_Benmore_Fernery_interior_and_fern_foliage,_Dunoon,_Argyll.jpg",https://thumb.wikimedia.org/wikipedia/commons/thumb/a/a8/The_Benmore_Fernery_interior_and_fern_foliage%2C_Dunoon%2C_Argyll.jpg/960px-The_Benmore_Fernery_interior_and_fern_foliage%2C_Dunoon%2C_Argyll.jpg?utm_source=commons.wikimedia.org&utm_campaign=imageinfo&utm_content=thumbnail,Rosser1954,CC BY 4.0,https://creativecommons.org/licenses/by/4.0,rosser1954,NEGATIVE_TRAIN,"The Benmore Fernery interior and fern foliage, Dunoon, Argyll.jpg",data/external/phase3_followup_negatives/vegetation_leaves/p3fu_vegetation_leaves_0004.jpg,2026-10-07T08:39:09.146162+00:00,dafe74f89cf0599f475f42faa4f00067937c3014e662c50fe0483e86d86983c3,960,720,305832,usable,
p3fu_vegetation_leaves_0005,vegetation_leaves,fern foliage,Wikimedia Commons,"https://commons.wikimedia.org/wiki/File:The_Benmore_Fernery_interior_and_tree_fern_foliage,_Dunoon,_Argyll.jpg",https://thumb.wikimedia.org/wikipedia/commons/thumb/3/3f/The_Benmore_Fernery_interior_and_tree_fern_foliage%2C_Dunoon%2C_Argyll.jpg/960px-The_Benmore_Fernery_interior_and_tree_fern_foliage%2C_Dunoon%2C_Argyll.jpg?utm_source=commons.wikimedia.org&utm_campaign=imageinfo&utm_content=thumbnail,Rosser1954,CC BY 4.0,https://creativecommons.org/licenses/by/4.0,rosser1954,NEGATIVE_TRAIN,"The Benmore Fernery interior and tree fern foliage, Dunoon, Argyll.jpg",data/external/phase3_followup_negatives/vegetation_leaves/p3fu_vegetation_leaves_0005.jpg,2026-10-07T08:39:12.004499+00:00,3e5584e990bf14efbbd5e660e2eaa5c251ec5673d8e7daa6f25f46d5158028ee,960,720,281053,usable,
p3fu_vegetation_leaves_0006,vegetation_leaves,fern foliage,Wikimedia Commons,https://commons.wikimedia.org/wiki/File:Fern_8397.jpg,https://thumb.wikimedia.org/wikipedia/commons/thumb/b/bd/Fern_8397.jpg/960px-Fern_8397.jpg?utm_source=commons.wikimedia.org&utm_campaign=imageinfo&utm_content=thumbnail,Chris Light,CC BY-SA 4.0,https://creativecommons.org/licenses/by-sa/4.0,chris light,NEGATIVE_TRAIN,Fern 8397.jpg,data/external/phase3_followup_negatives/vegetation_leaves/p3fu_vegetation_leaves_0006.jpg,2026-10-07T08:39:15.978159+00:00,875eb5ddf3930ea6bc6cc6573016aaa5000b2e5eb8c116f646e37f9a567c03f7,960,640,332575,usable,
p3fu_vegetation_leaves_0007,vegetation_leaves,fern foliage,Wikimedia Commons,https://commons.wikimedia.org/wiki/File:Fern_8398.jpg,https://thumb.wikimedia.org/wikipedia/commons/thumb/8/8f/Fern_8398.jpg/960px-Fern_8398.jpg?utm_source=commons.wikimedia.org&utm_campaign=imageinfo&utm_content=thumbnail,Chris Light,CC BY-SA 4.0,https://creativecommons.org/licenses/by-sa/4.0,chris light,NEGATIVE_TRAIN,Fern 8398.jpg,data/external/phase3_followup_negatives/vegetation_leaves/p3fu_vegetation_leaves_0007.jpg,2026-10-07T08:39:19.143100+00:00,9bb0aae6361d905a205980f6c54b0157e44ee364e5149ae091738f1b8da883f0,960,640,300795,usable,
p3fu_vegetation_leaves_0008,vegetation_leaves,fern foliage,Wikimedia Commons,https://commons.wikimedia.org/wiki/File:Bracken_fern_8399.jpg,https://thumb.wikimedia.org/wikipedia/commons/thumb/a/ae/Bracken_fern_8399.jpg/960px-Bracken_fern_8399.jpg?utm_source=commons.wikimedia.org&utm_campaign=imageinfo&utm_content=thumbnail,Chris Light,CC BY-SA 4.0,https://creativecommons.org/licenses/by-sa/4.0,chris light,NEGATIVE_TRAIN,Bracken fern 8399.jpg,data/external/phase3_followup_negatives/vegetation_leaves/p3fu_vegetation_leaves_0008.jpg,2026-10-07T08:39:23.045260+00:00,58ba6fc4de2112f9282cea0fb138a05c3f1cd84be9eb427c8d73f9052122ae5b,960,1440,712732,usable,
p3fu_vegetation_leaves_0009,vegetation_leaves,fern foliage,Wikimedia Commons,https://commons.wikimedia.org/wiki/File:Adiantum_pedatum_-_maidenhair_fern_-_desc-foliage_top_view.jpg,https://thumb.wikimedia.org/wikipedia/commons/thumb/b/be/Adiantum_pedatum_-_maidenhair_fern_-_desc-foliage_top_view.jpg/960px-Adiantum_pedatum_-_maidenhair_fern_-_desc-foliage_top_view.jpg?utm_source=commons.wikimedia.org&utm_campaign=imageinfo&utm_content=thumbnail,Tim McCormack (Phyzome),CC BY-SA 3.0,http://creativecommons.org/licenses/by-sa/3.0/,tim mccormack (phyzome),NEGATIVE_FINAL_HOLDOUT,Adiantum pedatum - maidenhair fern - desc-foliage top view.jpg,data/external/phase3_followup_negatives/vegetation_leaves/p3fu_vegetation_leaves_0009.jpg,2026-10-07T08:39:24.682556+00:00,a948b98fc51d21aa6eb9f46e126eb7d3decfed707a8efa8e5044229ab97e417b,960,841,209155,usable,
p3fu_vegetation_leaves_0010,vegetation_leaves,fern foliage,Wikimedia Commons,"https://commons.wikimedia.org/wiki/File:(Cephalomanes_fern_foliage_close-up_in_Espiritu_Santo,_Vanuatu)_-_DPLA_-_970b3b811cfb7b136fe34d425d0e9741.jpg",https://thumb.wikimedia.org/wikipedia/commons/thumb/c/c8/%28Cephalomanes_fern_foliage_close-up_in_Espiritu_Santo%2C_Vanuatu%29_-_DPLA_-_970b3b811cfb7b136fe34d425d0e9741.jpg/960px-%28Cephalomanes_fern_foliage_close-up_in_Espiritu_Santo%2C_Vanuatu%29_-_DPLA_-_970b3b811cfb7b136fe34d425d0e9741.jpg?utm_source=commons.wikimedia.org&utm_campaign=imageinfo&utm_content=thumbnail,"Carlquist, Sherwin John, 1930-2021",CC BY 4.0,https://creativecommons.org/licenses/by/4.0,"carlquist, sherwin john, 1930-2021",NEGATIVE_TRAIN,"(Cephalomanes fern foliage close-up in Espiritu Santo, Vanuatu) - DPLA - 970b3b811cfb7b136fe34d425d0e9741.jpg",data/external/phase3_followup_negatives/vegetation_leaves/p3fu_vegetation_leaves_0010.jpg,2026-10-07T08:39:25.829021+00:00,34358981957508af17f5ac94c07f4103d7c4252503e27838d83bbdf7985f53ca,960,1423,104877,usable,
p3fu_vegetation_leaves_0011,vegetation_leaves,fern foliage,Wikimedia Commons,https://commons.wikimedia.org/wiki/File:Southwestern_False_Cloak_Fern_(38373216052).jpg,https://thumb.wikimedia.org/wikipedia/commons/thumb/4/41/Southwestern_False_Cloak_Fern_%2838373216052%29.jpg/960px-Southwestern_False_Cloak_Fern_%2838373216052%29.jpg?utm_source=commons.wikimedia.org&utm_campaign=imageinfo&utm_content=thumbnail,"Katja Schulz from Washington, D. C., USA",CC BY 2.0,https://creativecommons.org/licenses/by/2.0,"katja schulz from washington, d. c., usa",NEGATIVE_TRAIN,Southwestern False Cloak Fern (38373216052).jpg,data/external/phase3_followup_negatives/vegetation_leaves/p3fu_vegetation_leaves_0011.jpg,2026-10-07T08:39:27.219803+00:00,391c61a1f7c765cc7e88d0b88387c8c47c4014406d6f8f439987576ba31d3850,960,720,209947,usable,
p3fu_vegetation_leaves_0012,vegetation_leaves,fern foliage,Wikimedia Commons,https://commons.wikimedia.org/wiki/File:Osterich_Fern_Foliage.jpg,https://thumb.wikimedia.org/wikipedia/commons/thumb/5/5b/Osterich_Fern_Foliage.jpg/960px-Osterich_Fern_Foliage.jpg?utm_source=commons.wikimedia.org&utm_campaign=imageinfo&utm_content=thumbnail,Liam Kaplan,CC BY-SA 3.0,https://creativecommons.org/licenses/by-sa/3.0,liam kaplan,NEGATIVE_TRAIN,Osterich Fern Foliage.jpg,data/external/phase3_followup_negatives/vegetation_leaves/p3fu_vegetation_leaves_0012.jpg,2026-10-07T08:39:28.754272+00:00,7cba17612a39d67202153eefa7958228a078311cc0e507f2e01eff5cf5478e7c,960,720,203725,usable,
p3fu_vegetation_leaves_0013,vegetation_leaves,fern foliage,Wikimedia Commons,https://commons.wikimedia.org/wiki/File:Fern_plant11.jpg,https://thumb.wikimedia.org/wikipedia/commons/thumb/a/ae/Fern_plant11.jpg/960px-Fern_plant11.jpg?utm_source=commons.wikimedia.org&utm_campaign=imageinfo&utm_content=thumbnail,Tiisu Sharif,CC BY-SA 4.0,https://creativecommons.org/licenses/by-sa/4.0,tiisu sharif,NEGATIVE_FINAL_HOLDOUT,Fern plant11.jpg,data/external/phase3_followup_negatives/vegetation_leaves/p3fu_vegetation_leaves_0013.jpg,2026-10-07T08:39:30.235483+00:00,069cff635f20ff26387114d57353d84857f7c7f570bb0862030e7538eec74b85,960,1440,246058,usable,
p3fu_vegetation_leaves_0014,vegetation_leaves,fern foliage,Wikimedia Commons,"https://commons.wikimedia.org/wiki/File:Alethopteris_sp._(fossil_seed_fern_foliage)_(Mazon_Creek_Lagerst%C3%A4tte,_Francis_Creek_Shale,_Middle_Pennsylvanian;_Mazon_Creek_area,_Illinois,_USA)_3.jpg",https://thumb.wikimedia.org/wikipedia/commons/thumb/1/1c/Alethopteris_sp._%28fossil_seed_fern_foliage%29_%28Mazon_Creek_Lagerst%C3%A4tte%2C_Francis_Creek_Shale%2C_Middle_Pennsylvanian%3B_Mazon_Creek_area%2C_Illinois%2C_USA%29_3.jpg/960px-Alethopteris_sp._%28fossil_seed_fern_foliage%29_%28Mazon_Creek_Lagerst%C3%A4tte%2C_Francis_Creek_Shale%2C_Middle_Pennsylvanian%3B_Mazon_Creek_area%2C_Illinois%2C_USA%29_3.jpg?utm_source=commons.wikimedia.org&utm_campaign=imageinfo&utm_content=thumbnail,James St. John,CC BY 2.0,https://creativecommons.org/licenses/by/2.0,james st. john,NEGATIVE_TRAIN,"Alethopteris sp. (fossil seed fern foliage) (Mazon Creek Lagerstätte, Francis Creek Shale, Middle Pennsylvanian; Mazon Creek area, Illinois, USA) 3.jpg",data/external/phase3_followup_negatives/vegetation_leaves/p3fu_vegetation_leaves_0014.jpg,2026-10-07T08:39:33.244734+00:00,00d8b12dd80d1eaa011176a3b16c1b2decc14324903125691b7f50a6fc49e614,960,601,235271,usable,
p3fu_vegetation_leaves_0015,vegetation_leaves,fern foliage,Wikimedia Commons,"https://commons.wikimedia.org/wiki/File:Alethopteris_sp._(fossil_seed_fern_foliage)_(Mazon_Creek_Lagerst%C3%A4tte,_Francis_Creek_Shale,_Middle_Pennsylvanian;_Mazon_Creek_area,_Illinois,_USA)_1.jpg",https://thumb.wikimedia.org/wikipedia/commons/thumb/a/a6/Alethopteris_sp._%28fossil_seed_fern_foliage%29_%28Mazon_Creek_Lagerst%C3%A4tte%2C_Francis_Creek_Shale%2C_Middle_Pennsylvanian%3B_Mazon_Creek_area%2C_Illinois%2C_USA%29_1.jpg/960px-Alethopteris_sp._%28fossil_seed_fern_foliage%29_%28Mazon_Creek_Lagerst%C3%A4tte%2C_Francis_Creek_Shale%2C_Middle_Pennsylvanian%3B_Mazon_Creek_area%2C_Illinois%2C_USA%29_1.jpg?utm_source=commons.wikimedia.org&utm_campaign=imageinfo&utm_content=thumbnail,James St. John,CC BY 2.0,https://creativecommons.org/licenses/by/2.0,james st. john,NEGATIVE_TRAIN,"Alethopteris sp. (fossil seed fern foliage) (Mazon Creek Lagerstätte, Francis Creek Shale, Middle Pennsylvanian; Mazon Creek area, Illinois, USA) 1.jpg",data/external/phase3_followup_negatives/vegetation_leaves/p3fu_vegetation_leaves_0015.jpg,2026-10-07T08:39:34.801390+00:00,7d45923a8f9c52eb9f4d357c77451294236aef72e12a697786cca0a74aa509b3,960,569,223515,usable,
p3fu_vegetation_leaves_0016,vegetation_leaves,fern foliage,Wikimedia Commons,"https://commons.wikimedia.org/wiki/File:Alethopteris_sp._(fossil_seed_fern_foliage)_(Mazon_Creek_Lagerst%C3%A4tte,_Francis_Creek_Shale,_Middle_Pennsylvanian;_Mazon_Creek_area,_Illinois,_USA)_4.jpg",https://thumb.wikimedia.org/wikipedia/commons/thumb/c/c9/Alethopteris_sp._%28fossil_seed_fern_foliage%29_%28Mazon_Creek_Lagerst%C3%A4tte%2C_Francis_Creek_Shale%2C_Middle_Pennsylvanian%3B_Mazon_Creek_area%2C_Illinois%2C_USA%29_4.jpg/960px-Alethopteris_sp._%28fossil_seed_fern_foliage%29_%28Mazon_Creek_Lagerst%C3%A4tte%2C_Francis_Creek_Shale%2C_Middle_Pennsylvanian%3B_Mazon_Creek_area%2C_Illinois%2C_USA%29_4.jpg?utm_source=commons.wikimedia.org&utm_campaign=imageinfo&utm_content=thumbnail,James St. John,CC BY 2.0,https://creativecommons.org/licenses/by/2.0,james st. john,NEGATIVE_TRAIN,"Alethopteris sp. (fossil seed fern foliage) (Mazon Creek Lagerstätte, Francis Creek Shale, Middle Pennsylvanian; Mazon Creek area, Illinois, USA) 4.jpg",data/external/phase3_followup_negatives/vegetation_leaves/p3fu_vegetation_leaves_0016.jpg,2026-10-07T08:39:36.457951+00:00,d352382ff708e1b6fa8c06ee292ab02731fb9a4ded5e96e08214f6256d59825d,960,641,253607,usable,
p3fu_vegetation_leaves_0017,vegetation_leaves,fern foliage,Wikimedia Commons,https://commons.wikimedia.org/wiki/File:Know_Your_City_No.103_Fern_Dell_in_Griffith_Park.jpg,https://thumb.wikimedia.org/wikipedia/commons/thumb/f/fc/Know_Your_City_No.103_Fern_Dell_in_Griffith_Park.jpg/960px-Know_Your_City_No.103_Fern_Dell_in_Griffith_Park.jpg?utm_source=commons.wikimedia.org&utm_campaign=imageinfo&utm_content=thumbnail,Los Angeles Times,CC BY 4.0,https://creativecommons.org/licenses/by/4.0,los angeles times,NEGATIVE_VALIDATION,Know Your City No.103 Fern Dell in Griffith Park.jpg,data/external/phase3_followup_negatives/vegetation_leaves/p3fu_vegetation_leaves_0017.jpg,2026-10-07T08:39:41.237156+00:00,830297671fa51c98716dc91a324eba1a995d40a47725b78ac44da90d455caa49,960,1190,445052,usable,
p3fu_vegetation_leaves_0018,vegetation_leaves,fern foliage,Wikimedia Commons,https://commons.wikimedia.org/wiki/File:Know_Your_City_No.103_Fern_Dell_in_Griffith_Park_(2).jpg,https://thumb.wikimedia.org/wikipedia/commons/thumb/f/fb/Know_Your_City_No.103_Fern_Dell_in_Griffith_Park_%282%29.jpg/960px-Know_Your_City_No.103_Fern_Dell_in_Griffith_Park_%282%29.jpg?utm_source=commons.wikimedia.org&utm_campaign=imageinfo&utm_content=thumbnail,Los Angeles Times,CC BY 4.0,https://creativecommons.org/licenses/by/4.0,los angeles times,NEGATIVE_VALIDATION,Know Your City No.103 Fern Dell in Griffith Park (2).jpg,data/external/phase3_followup_negatives/vegetation_leaves/p3fu_vegetation_leaves_0018.jpg,2026-10-07T08:39:44.672181+00:00,686fc32090ec3ad28c7b491f6b6dbc5e9c2f4e0cf31f6dc164e4b253aea5c9b2,960,1238,513253,usable,
p3fu_vegetation_leaves_0019,vegetation_leaves,fern foliage,Wikimedia Commons,https://commons.wikimedia.org/wiki/File:Looking_through_ferns_and_foliage_toward_Manawatu_Gorge_LCCN2004707440.tif,https://thumb.wikimedia.org/wikipedia/commons/thumb/2/2d/Looking_through_ferns_and_foliage_toward_Manawatu_Gorge_LCCN2004707440.tif/lossy-page1-500px-Looking_through_ferns_and_foliage_toward_Manawatu_Gorge_LCCN2004707440.tif.jpg?utm_source=commons.wikimedia.org&utm_campaign=imageinfo&utm_content=thumbnail,William Henry Jackson,Public domain,,william henry jackson,NEGATIVE_TRAIN,Looking through ferns and foliage toward Manawatu Gorge LCCN2004707440.tif,data/external/phase3_followup_negatives/vegetation_leaves/p3fu_vegetation_leaves_0019.jpg,2026-10-07T08:39:46.278296+00:00,52c237b5020c0b0af3754ae919cf5d3ab99be62bbc842dac5d848aa9ef222b9a,500,393,40220,usable,
p3fu_vegetation_leaves_0020,vegetation_leaves,fern foliage,Wikimedia Commons,https://commons.wikimedia.org/wiki/File:Molopospermum_peleponnesiacum_senescent_foliage_side_view.jpg,https://thumb.wikimedia.org/wikipedia/commons/thumb/e/ee/Molopospermum_peleponnesiacum_senescent_foliage_side_view.jpg/960px-Molopospermum_peleponnesiacum_senescent_foliage_side_view.jpg?utm_source=commons.wikimedia.org&utm_campaign=imageinfo&utm_content=thumbnail,Flobbadob,CC BY-SA 4.0,https://creativecommons.org/licenses/by-sa/4.0,flobbadob,NEGATIVE_FINAL_HOLDOUT,Molopospermum peleponnesiacum senescent foliage side view.jpg,data/external/phase3_followup_negatives/vegetation_leaves/p3fu_vegetation_leaves_0020.jpg,2026-10-07T08:39:48.117073+00:00,9035d0b8246a52e2f460a5aa5e66fdbcdb8180f8dbc000a8dc16937534b20969,960,810,451431,usable,
p3fu_vegetation_leaves_0021,vegetation_leaves,fern foliage,Wikimedia Commons,https://commons.wikimedia.org/wiki/File:Looking_through_ferns_and_foliage_toward_Manawatu_Gorge_LCCN2004707440.jpg,https://upload.wikimedia.org/wikipedia/commons/7/79/Looking_through_ferns_and_foliage_toward_Manawatu_Gorge_LCCN2004707440.jpg?utm_source=commons.wikimedia.org&utm_campaign=imageinfo&utm_content=thumbnail_unscaled,William Henry Jackson,Public domain,,william henry jackson,NEGATIVE_TRAIN,Looking through ferns and foliage toward Manawatu Gorge LCCN2004707440.jpg,data/external/phase3_followup_negatives/vegetation_leaves/p3fu_vegetation_leaves_0021.jpg,2026-10-07T08:39:49.900712+00:00,944c5515787bdb2417a06407aac5544bf246dac548c27abd222830d2160f2d53,534,420,33891,usable,
p3fu_vegetation_leaves_0022,vegetation_leaves,fern foliage,Wikimedia Commons,https://commons.wikimedia.org/wiki/File:Tree_Ferns_(Dicksonia_antarctica)_in_the_Tree_Fern_Pit_at_Trewidden_Garden_-_geograph.org.uk_-_1170372.jpg,https://upload.wikimedia.org/wikipedia/commons/4/44/Tree_Ferns_%28Dicksonia_antarctica%29_in_the_Tree_Fern_Pit_at_Trewidden_Garden_-_geograph.org.uk_-_1170372.jpg?utm_source=commons.wikimedia.org&utm_campaign=imageinfo&utm_content=thumbnail_unscaled,Rod Allday,CC BY-SA 2.0,https://creativecommons.org/licenses/by-sa/2.0,rod allday,NEGATIVE_TRAIN,Tree Ferns (Dicksonia antarctica) in the Tree Fern Pit at Trewidden Garden - geograph.org.uk - 1170372.jpg,data/external/phase3_followup_negatives/vegetation_leaves/p3fu_vegetation_leaves_0022.jpg,2026-10-07T08:39:51.607320+00:00,9933c85032924fc958c7a93638369449623ba340db971ffefcc0d6ba9c9c4f46,480,640,141940,usable,
p3fu_vegetation_leaves_0023,vegetation_leaves,fern foliage,Wikimedia Commons,https://commons.wikimedia.org/wiki/File:Fern_at_Lake_Nkuruba.jpg,https://thumb.wikimedia.org/wikipedia/commons/thumb/b/b8/Fern_at_Lake_Nkuruba.jpg/960px-Fern_at_Lake_Nkuruba.jpg?utm_source=commons.wikimedia.org&utm_campaign=imageinfo&utm_content=thumbnail,Timothy Akolamazima,CC BY-SA 4.0,https://creativecommons.org/licenses/by-sa/4.0,timothy akolamazima,NEGATIVE_VALIDATION,Fern at Lake Nkuruba.jpg,data/external/phase3_followup_negatives/vegetation_leaves/p3fu_vegetation_leaves_0023.jpg,2026-10-07T08:39:53.017825+00:00,bd2cfbe926d13be0c842a10d98313e91165f96b0ad547a7694dba6bb1406f895,960,640,112457,usable,
p3fu_vegetation_leaves_0024,vegetation_leaves,fern foliage,Wikimedia Commons,https://commons.wikimedia.org/wiki/File:JapanesePaintedFern.jpg,https://thumb.wikimedia.org/wikipedia/commons/thumb/2/26/JapanesePaintedFern.jpg/960px-JapanesePaintedFern.jpg?utm_source=commons.wikimedia.org&utm_campaign=imageinfo&utm_content=thumbnail,Awinch1001,CC0,http://creativecommons.org/publicdomain/zero/1.0/deed.en,awinch1001,NEGATIVE_TRAIN,JapanesePaintedFern.jpg,data/external/phase3_followup_negatives/vegetation_leaves/p3fu_vegetation_leaves_0024.jpg,2026-10-07T08:39:54.876814+00:00,e80ae542ff940c60d97676b2df49bad762cf73ce50d8f129e00b2bc7c882040d,960,1280,681884,usable,
p3fu_vegetation_leaves_0025,vegetation_leaves,fern foliage,Wikimedia Commons,https://commons.wikimedia.org/wiki/File:Frosty_ferns_in_Holl%C3%A4ndar%C3%B6d.jpg,https://thumb.wikimedia.org/wikipedia/commons/thumb/0/00/Frosty_ferns_in_Holl%C3%A4ndar%C3%B6d.jpg/960px-Frosty_ferns_in_Holl%C3%A4ndar%C3%B6d.jpg?utm_source=commons.wikimedia.org&utm_campaign=imageinfo&utm_content=thumbnail,W.carter,CC BY-SA 4.0,https://creativecommons.org/licenses/by-sa/4.0,w.carter,NEGATIVE_FINAL_HOLDOUT,Frosty ferns in Holländaröd.jpg,data/external/phase3_followup_negatives/vegetation_leaves/p3fu_vegetation_leaves_0025.jpg,2026-10-07T08:39:57.767090+00:00,2238794824922da2ab5690213adb155acb2eecf4600906b39fe4be18428c1cd4,960,640,291939,usable,
p3fu_vegetation_leaves_0026,vegetation_leaves,fern foliage,Wikimedia Commons,https://commons.wikimedia.org/wiki/File:Fern_(2110668342).jpg,https://thumb.wikimedia.org/wikipedia/commons/thumb/3/3f/Fern_%282110668342%29.jpg/960px-Fern_%282110668342%29.jpg?utm_source=commons.wikimedia.org&utm_campaign=imageinfo&utm_content=thumbnail,"Paul Holloway from Birmingham, United Kingdom",CC BY-SA 2.0,https://creativecommons.org/licenses/by-sa/2.0,"paul holloway from birmingham, united kingdom",NEGATIVE_TRAIN,Fern (2110668342).jpg,data/external/phase3_followup_negatives/vegetation_leaves/p3fu_vegetation_leaves_0026.jpg,2026-10-07T08:39:59.080411+00:00,e462979fb26d12b64d1f45a5f82e803c57557f91bfff760e764e9c9c2131a737,960,790,143663,usable,
p3fu_vegetation_leaves_0027,vegetation_leaves,fern foliage,Wikimedia Commons,https://commons.wikimedia.org/wiki/File:Weigela_foliage_in_garden.jpg,https://thumb.wikimedia.org/wikipedia/commons/thumb/9/9d/Weigela_foliage_in_garden.jpg/960px-Weigela_foliage_in_garden.jpg?utm_source=commons.wikimedia.org&utm_campaign=imageinfo&utm_content=thumbnail,OperaJoeGreen (talk),Public domain,,operajoegreen (talk),NEGATIVE_TRAIN,Weigela foliage in garden.jpg,data/external/phase3_followup_negatives/vegetation_leaves/p3fu_vegetation_leaves_0027.jpg,2026-10-07T08:40:01.447070+00:00,99c544a7b3bc926c7715c512b6abb749656a99a4a589531b5d30ed6d7997ab3f,960,656,363416,usable,
p3fu_vegetation_leaves_0028,vegetation_leaves,fern foliage,Wikimedia Commons,"https://commons.wikimedia.org/wiki/File:Lush_green_foliage_over_tropical_forest_and_karst_hills_in_Surat_Thani,_Thailand.jpg",https://thumb.wikimedia.org/wikipedia/commons/thumb/1/10/Lush_green_foliage_over_tropical_forest_and_karst_hills_in_Surat_Thani%2C_Thailand.jpg/960px-Lush_green_foliage_over_tropical_forest_and_karst_hills_in_Surat_Thani%2C_Thailand.jpg?utm_source=commons.wikimedia.org&utm_campaign=imageinfo&utm_content=thumbnail,Vyacheslav Argenberg,CC BY 4.0,https://creativecommons.org/licenses/by/4.0,vyacheslav argenberg,NEGATIVE_VALIDATION,"Lush green foliage over tropical forest and karst hills in Surat Thani, Thailand.jpg",data/external/phase3_followup_negatives/vegetation_leaves/p3fu_vegetation_leaves_0028.jpg,2026-10-07T08:40:02.569732+00:00,01b1e7fb2f6c0b43664e89171efb6c33866797595baefb56dc3e6749f02e24ac,960,640,242517,usable,
p3fu_vegetation_leaves_0029,vegetation_leaves,fern foliage,Wikimedia Commons,https://commons.wikimedia.org/wiki/File:Richmond_Castle_Fern_(136250645).jpeg,https://thumb.wikimedia.org/wikipedia/commons/thumb/d/d4/Richmond_Castle_Fern_%28136250645%29.jpeg/960px-Richmond_Castle_Fern_%28136250645%29.jpeg?utm_source=commons.wikimedia.org&utm_campaign=imageinfo&utm_content=thumbnail,Alex Wright,CC BY-SA 3.0,https://creativecommons.org/licenses/by-sa/3.0,alex wright,NEGATIVE_TRAIN,Richmond Castle Fern (136250645).jpeg,data/external/phase3_followup_negatives/vegetation_leaves/p3fu_vegetation_leaves_0029.jpg,2026-10-07T08:40:03.797101+00:00,a0566406573df36ac430ecbca25226c3a1b9e3626ed3b7f86795839af5611f43,960,540,83581,usable,
p3fu_vegetation_leaves_0030,vegetation_leaves,fern foliage,Wikimedia Commons,https://commons.wikimedia.org/wiki/File:American_parsley_fern_or_rockbrake_-_Flickr_-_brewbooks.jpg,https://thumb.wikimedia.org/wikipedia/commons/thumb/0/0d/American_parsley_fern_or_rockbrake_-_Flickr_-_brewbooks.jpg/960px-American_parsley_fern_or_rockbrake_-_Flickr_-_brewbooks.jpg?utm_source=commons.wikimedia.org&utm_campaign=imageinfo&utm_content=thumbnail,"brewbooks from near Seattle, USA",CC BY-SA 2.0,https://creativecommons.org/licenses/by-sa/2.0,"brewbooks from near seattle, usa",NEGATIVE_FINAL_HOLDOUT,American parsley fern or rockbrake - Flickr - brewbooks.jpg,data/external/phase3_followup_negatives/vegetation_leaves/p3fu_vegetation_leaves_0030.jpg,2026-10-07T08:40:06.896759+00:00,88f100ddc4d3f189bd01dc6f763d33dd6daa8ba046dc41cd8b403f8a3423165c,960,541,262235,usable,
p3fu_vegetation_leaves_0031,vegetation_leaves,fern foliage,Wikimedia Commons,https://commons.wikimedia.org/wiki/File:EFTA00002157_-_White_door_opens_to_a_sunlit_deck_with_a_large_tree_potted_fern_and_outdoor_furniture_set_against_lush_tropical_foliage.jpg,https://upload.wikimedia.org/wikipedia/commons/5/5b/EFTA00002157_-_White_door_opens_to_a_sunlit_deck_with_a_large_tree_potted_fern_and_outdoor_furniture_set_against_lush_tropical_foliage.jpg?utm_source=commons.wikimedia.org&utm_campaign=imageinfo&utm_content=thumbnail_unscaled,Federal Bureau of Investigation,Public domain,,federal bureau of investigation,NEGATIVE_VALIDATION,EFTA00002157 - White door opens to a sunlit deck with a large tree potted fern and outdoor furniture set against lush tropical foliage.jpg,data/external/phase3_followup_negatives/vegetation_leaves/p3fu_vegetation_leaves_0031.jpg,2026-10-07T08:40:08.520135+00:00,e924e5ddc14732d0005510a4bdad5a48356375584e26521d3ea5b15ff8c27d1a,768,1152,340801,usable,
p3fu_vegetation_leaves_0032,vegetation_leaves,fern foliage,Wikimedia Commons,https://commons.wikimedia.org/wiki/File:Buff-throated_Foliage-gleaner_(Automolus_ochrolaemus)_in_Costa_Rica.jpg,https://upload.wikimedia.org/wikipedia/commons/4/49/Buff-throated_Foliage-gleaner_%28Automolus_ochrolaemus%29_in_Costa_Rica.jpg?utm_source=commons.wikimedia.org&utm_campaign=imageinfo&utm_content=thumbnail_unscaled,"Kent Nickell from Waterloo, IA",CC BY 2.0,https://creativecommons.org/licenses/by/2.0,"kent nickell from waterloo, ia",NEGATIVE_FINAL_HOLDOUT,Buff-throated Foliage-gleaner (Automolus ochrolaemus) in Costa Rica.jpg,data/external/phase3_followup_negatives/vegetation_leaves/p3fu_vegetation_leaves_0032.jpg,2026-10-07T08:40:09.226076+00:00,437c9ce186b1b761685ea35ccab1f016447a2e12b2dbf29c8615c53be3c47331,500,667,39399,usable,
p3fu_vegetation_leaves_0033,vegetation_leaves,fern foliage,Wikimedia Commons,https://commons.wikimedia.org/wiki/File:California_fan_palm_(Washingtonia_filifera)_fronds_and_Fr%C3%A9mont%27s_cottonwood_(Populus_fremontii)_foliage_at_Cottonwood_Springs_(51163560017).jpg,https://thumb.wikimedia.org/wikipedia/commons/thumb/8/85/California_fan_palm_%28Washingtonia_filifera%29_fronds_and_Fr%C3%A9mont%27s_cottonwood_%28Populus_fremontii%29_foliage_at_Cottonwood_Springs_%2851163560017%29.jpg/960px-California_fan_palm_%28Washingtonia_filifera%29_fronds_and_Fr%C3%A9mont%27s_cottonwood_%28Populus_fremontii%29_foliage_at_Cottonwood_Springs_%2851163560017%29.jpg?utm_source=commons.wikimedia.org&utm_campaign=imageinfo&utm_content=thumbnail,Joshua Tree National Park,Public domain,,joshua tree national park,NEGATIVE_TRAIN,California fan palm (Washingtonia filifera) fronds and Frémont's cottonwood (Populus fremontii) foliage at Cottonwood Springs (51163560017).jpg,data/external/phase3_followup_negatives/vegetation_leaves/p3fu_vegetation_leaves_0033.jpg,2026-10-07T08:40:11.164870+00:00,a6bbfaba75ed00173bf89bf3db6f22f160063daf187e3ca26f10dee7bbc6713e,960,640,253561,usable,
p3fu_vegetation_leaves_0034,vegetation_leaves,fern foliage,Wikimedia Commons,https://commons.wikimedia.org/wiki/File:Fr%C3%A9mont%27s_cottonwood_(Populus_fremontii)_foliage_at_Cottonwood_Springs_(51144884356).jpg,https://thumb.wikimedia.org/wikipedia/commons/thumb/d/d1/Fr%C3%A9mont%27s_cottonwood_%28Populus_fremontii%29_foliage_at_Cottonwood_Springs_%2851144884356%29.jpg/960px-Fr%C3%A9mont%27s_cottonwood_%28Populus_fremontii%29_foliage_at_Cottonwood_Springs_%2851144884356%29.jpg?utm_source=commons.wikimedia.org&utm_campaign=imageinfo&utm_content=thumbnail,Joshua Tree National Park,Public domain,,joshua tree national park,NEGATIVE_TRAIN,Frémont's cottonwood (Populus fremontii) foliage at Cottonwood Springs (51144884356).jpg,data/external/phase3_followup_negatives/vegetation_leaves/p3fu_vegetation_leaves_0034.jpg,2026-10-07T08:40:16.097254+00:00,f26977f8e32ca9edcafbd8b0b897147d0c1d6b70dda036e984c25ebc7132590e,960,1440,693189,usable,
p3fu_vegetation_leaves_0035,vegetation_leaves,fern foliage,Wikimedia Commons,"https://commons.wikimedia.org/wiki/File:(Unidentified_fern_at_Mount_Norikura,_Japan)_-_DPLA_-_5749cbce9fcc6bc7e30382cbfbcf56c5.jpg",https://thumb.wikimedia.org/wikipedia/commons/thumb/e/ec/%28Unidentified_fern_at_Mount_Norikura%2C_Japan%29_-_DPLA_-_5749cbce9fcc6bc7e30382cbfbcf56c5.jpg/960px-%28Unidentified_fern_at_Mount_Norikura%2C_Japan%29_-_DPLA_-_5749cbce9fcc6bc7e30382cbfbcf56c5.jpg?utm_source=commons.wikimedia.org&utm_campaign=imageinfo&utm_content=thumbnail,"Carlquist, Sherwin John, 1930-2021",CC BY 4.0,https://creativecommons.org/licenses/by/4.0,"carlquist, sherwin john, 1930-2021",NEGATIVE_TRAIN,"(Unidentified fern at Mount Norikura, Japan) - DPLA - 5749cbce9fcc6bc7e30382cbfbcf56c5.jpg",data/external/phase3_followup_negatives/vegetation_leaves/p3fu_vegetation_leaves_0035.jpg,2026-10-07T08:40:19.363563+00:00,5c643b3f731380a9d7d1d5fa62dc38db5c8da648f11b42de4cb3e91f9eefd508,960,963,218534,usable,
p3fu_vegetation_leaves_0036,vegetation_leaves,fern foliage,Wikimedia Commons,https://commons.wikimedia.org/wiki/File:Fr%C3%A9mont%27s_cottonwood_(Populus_fremontii)_foliage_at_Cottonwood_Springs_(51145990900).jpg,https://thumb.wikimedia.org/wikipedia/commons/thumb/4/4b/Fr%C3%A9mont%27s_cottonwood_%28Populus_fremontii%29_foliage_at_Cottonwood_Springs_%2851145990900%29.jpg/960px-Fr%C3%A9mont%27s_cottonwood_%28Populus_fremontii%29_foliage_at_Cottonwood_Springs_%2851145990900%29.jpg?utm_source=commons.wikimedia.org&utm_campaign=imageinfo&utm_content=thumbnail,Joshua Tree National Park,Public domain,,joshua tree national park,NEGATIVE_TRAIN,Frémont's cottonwood (Populus fremontii) foliage at Cottonwood Springs (51145990900).jpg,data/external/phase3_followup_negatives/vegetation_leaves/p3fu_vegetation_leaves_0036.jpg,2026-10-07T08:40:21.713331+00:00,4b61102071a03d3a3b4e3aa42c1ea5aa2552b666b7ef5ece76239de9c0f007d4,960,640,245078,usable,
p3fu_vegetation_leaves_0037,vegetation_leaves,fern foliage,Wikimedia Commons,https://commons.wikimedia.org/wiki/File:Molopospermum_peleponnesiacum_foliage.jpg,https://thumb.wikimedia.org/wikipedia/commons/thumb/4/44/Molopospermum_peleponnesiacum_foliage.jpg/960px-Molopospermum_peleponnesiacum_foliage.jpg?utm_source=commons.wikimedia.org&utm_campaign=imageinfo&utm_content=thumbnail,Flobbadob,CC BY-SA 4.0,https://creativecommons.org/licenses/by-sa/4.0,flobbadob,NEGATIVE_FINAL_HOLDOUT,Molopospermum peleponnesiacum foliage.jpg,data/external/phase3_followup_negatives/vegetation_leaves/p3fu_vegetation_leaves_0037.jpg,2026-10-07T08:40:24.421220+00:00,466174e64502b16cc5bb816631bb967b7cfde3adbca7229ccc1b1baed60b37b6,960,1280,710751,usable,
p3fu_vegetation_leaves_0038,vegetation_leaves,fern foliage,Wikimedia Commons,"https://commons.wikimedia.org/wiki/File:Typical_Australian_Fern_Trees,_Apollo_Bay,_Victoria_(4750307792).jpg",https://thumb.wikimedia.org/wikipedia/commons/thumb/b/bf/Typical_Australian_Fern_Trees%2C_Apollo_Bay%2C_Victoria_%284750307792%29.jpg/960px-Typical_Australian_Fern_Trees%2C_Apollo_Bay%2C_Victoria_%284750307792%29.jpg?utm_source=commons.wikimedia.org&utm_campaign=imageinfo&utm_content=thumbnail,OSU Special Collections &amp; Archives : Commons,No restrictions,https://www.flickr.com/commons/usage/,osu special collections &amp; archives : commons,NEGATIVE_FINAL_HOLDOUT,"Typical Australian Fern Trees, Apollo Bay, Victoria (4750307792).jpg",data/external/phase3_followup_negatives/vegetation_leaves/p3fu_vegetation_leaves_0038.jpg,2026-10-07T08:40:26.135009+00:00,3d11c02863df6179defc4294248746003369f78637db03ec11b70d2b31cf9535,960,905,313166,usable,
p3fu_vegetation_leaves_0039,vegetation_leaves,fern foliage,Wikimedia Commons,"https://commons.wikimedia.org/wiki/File:(Landscape_of_dense_foliage_in_L%C4%81wa%CA%BBi-kai,_United_States)_-_DPLA_-_51074d5fed6b97e7e542220ba6dbca64.jpg",https://thumb.wikimedia.org/wikipedia/commons/thumb/7/72/%28Landscape_of_dense_foliage_in_L%C4%81wa%CA%BBi-kai%2C_United_States%29_-_DPLA_-_51074d5fed6b97e7e542220ba6dbca64.jpg/960px-%28Landscape_of_dense_foliage_in_L%C4%81wa%CA%BBi-kai%2C_United_States%29_-_DPLA_-_51074d5fed6b97e7e542220ba6dbca64.jpg?utm_source=commons.wikimedia.org&utm_campaign=imageinfo&utm_content=thumbnail,"Carlquist, Sherwin John, 1930-2021",CC BY 4.0,https://creativecommons.org/licenses/by/4.0,"carlquist, sherwin john, 1930-2021",NEGATIVE_TRAIN,"(Landscape of dense foliage in Lāwaʻi-kai, United States) - DPLA - 51074d5fed6b97e7e542220ba6dbca64.jpg",data/external/phase3_followup_negatives/vegetation_leaves/p3fu_vegetation_leaves_0039.jpg,2026-10-07T08:40:28.212960+00:00,74ad0a279a98442beff60ff60fdb7885184549678205de813d778262012b3bd4,960,963,134151,usable,
p3fu_vegetation_leaves_0040,vegetation_leaves,fern foliage,Wikimedia Commons,https://commons.wikimedia.org/wiki/File:Somosierra_1979_11.jpg,https://thumb.wikimedia.org/wikipedia/commons/thumb/c/cf/Somosierra_1979_11.jpg/960px-Somosierra_1979_11.jpg?utm_source=commons.wikimedia.org&utm_campaign=imageinfo&utm_content=thumbnail,LBM1948,CC BY-SA 4.0,https://creativecommons.org/licenses/by-sa/4.0,lbm1948,NEGATIVE_VALIDATION,Somosierra 1979 11.jpg,data/external/phase3_followup_negatives/vegetation_leaves/p3fu_vegetation_leaves_0040.jpg,2026-10-07T08:40:29.784911+00:00,4097c9273fb8a24d5ed85ef46bb2cdf16bbb30746549b96e993690a751e54253,960,652,222458,usable,
p3fu_vegetation_leaves_0041,vegetation_leaves,fern foliage,Wikimedia Commons,"https://commons.wikimedia.org/wiki/File:Begonia_%27Diadem%27_in_Wholesale_spring_catalogue_of_palms,_ferns,_orchids,_flowering_plants,_stove_plants,_hardy_perennials_-_seeds_and_bulbs_(1897)_(20521693406).jpg",https://thumb.wikimedia.org/wikipedia/commons/thumb/d/d5/Begonia_%27Diadem%27_in_Wholesale_spring_catalogue_of_palms%2C_ferns%2C_orchids%2C_flowering_plants%2C_stove_plants%2C_hardy_perennials_-_seeds_and_bulbs_%281897%29_%2820521693406%29.jpg/960px-thumbnail.jpg?utm_source=commons.wikimedia.org&utm_campaign=imageinfo&utm_content=thumbnail,Internet Archive Book Images,No restrictions,https://www.flickr.com/commons/usage/,internet archive book images,NEGATIVE_TRAIN,"Begonia 'Diadem' in Wholesale spring catalogue of palms, ferns, orchids, flowering plants, stove plants, hardy perennials - seeds and bulbs (1897) (20521693406).jpg",data/external/phase3_followup_negatives/vegetation_leaves/p3fu_vegetation_leaves_0041.jpg,2026-10-07T08:40:34.453503+00:00,327a7f87d00cf7b938909eabdc09bb0812e8e6de81025ec5b48dcba3b04db46d,960,1039,393984,usable,
p3fu_vegetation_leaves_0042,vegetation_leaves,fern foliage,Wikimedia Commons,"https://commons.wikimedia.org/wiki/File:Carbonized_imprints_of_the_fern_Gleichenia,_transition_Lower-Upper_Cretaceous,_Wayan_Formation,_Idaho,_United_States.jpg",https://upload.wikimedia.org/wikipedia/commons/f/f8/Carbonized_imprints_of_the_fern_Gleichenia%2C_transition_Lower-Upper_Cretaceous%2C_Wayan_Formation%2C_Idaho%2C_United_States.jpg?utm_source=commons.wikimedia.org&utm_campaign=imageinfo&utm_content=thumbnail_unscaled,Laureljk,CC BY-SA 3.0,https://creativecommons.org/licenses/by-sa/3.0,laureljk,NEGATIVE_VALIDATION,"Carbonized imprints of the fern Gleichenia, transition Lower-Upper Cretaceous, Wayan Formation, Idaho, United States.jpg",data/external/phase3_followup_negatives/vegetation_leaves/p3fu_vegetation_leaves_0042.jpg,2026-10-07T08:40:35.241958+00:00,7f80734e38dcd56c27e9f491108982892a597c6fbd1d67929421fe24ab40049b,470,354,75266,usable,
p3fu_vegetation_leaves_0043,vegetation_leaves,fern foliage,Wikimedia Commons,"https://commons.wikimedia.org/wiki/File:The_native_flowers_and_ferns_of_the_United_States_in_their_botanical,_horticultural_and_popular_aspects_(1878)_(14587089727).jpg",https://thumb.wikimedia.org/wikipedia/commons/thumb/d/d3/The_native_flowers_and_ferns_of_the_United_States_in_their_botanical%2C_horticultural_and_popular_aspects_%281878%29_%2814587089727%29.jpg/960px-The_native_flowers_and_ferns_of_the_United_States_in_their_botanical%2C_horticultural_and_popular_aspects_%281878%29_%2814587089727%29.jpg?utm_source=commons.wikimedia.org&utm_campaign=imageinfo&utm_content=thumbnail,Internet Archive Book Images,No restrictions,https://www.flickr.com/commons/usage/,internet archive book images,NEGATIVE_TRAIN,"The native flowers and ferns of the United States in their botanical, horticultural and popular aspects (1878) (14587089727).jpg",data/external/phase3_followup_negatives/vegetation_leaves/p3fu_vegetation_leaves_0043.jpg,2026-10-07T08:40:38.106218+00:00,cc4fc4bd3a85c39372a2408795b7d06db2274b5a0acbd7f8f7e03fcf0fb1abd4,960,1217,284707,usable,
p3fu_vegetation_leaves_0044,vegetation_leaves,fern foliage,Wikimedia Commons,"https://commons.wikimedia.org/wiki/File:The_native_flowers_and_ferns_of_the_United_States_in_their_botanical,_horticultural_and_popular_aspects_(1878)_(14770392681).jpg",https://thumb.wikimedia.org/wikipedia/commons/thumb/b/bf/The_native_flowers_and_ferns_of_the_United_States_in_their_botanical%2C_horticultural_and_popular_aspects_%281878%29_%2814770392681%29.jpg/960px-The_native_flowers_and_ferns_of_the_United_States_in_their_botanical%2C_horticultural_and_popular_aspects_%281878%29_%2814770392681%29.jpg?utm_source=commons.wikimedia.org&utm_campaign=imageinfo&utm_content=thumbnail,Internet Archive Book Images,No restrictions,https://www.flickr.com/commons/usage/,internet archive book images,NEGATIVE_TRAIN,"The native flowers and ferns of the United States in their botanical, horticultural and popular aspects (1878) (14770392681).jpg",data/external/phase3_followup_negatives/vegetation_leaves/p3fu_vegetation_leaves_0044.jpg,2026-10-07T08:40:45.391513+00:00,61a30ea0718cf5a39f3299c27384c582134c50c31ad01f4d472000fcda4f27ed,960,1601,276285,usable,
p3fu_vegetation_leaves_0045,vegetation_leaves,fern foliage,Wikimedia Commons,https://commons.wikimedia.org/wiki/File:A_lush_green_foliage.jpg,https://thumb.wikimedia.org/wikipedia/commons/thumb/5/52/A_lush_green_foliage.jpg/960px-A_lush_green_foliage.jpg?utm_source=commons.wikimedia.org&utm_campaign=imageinfo&utm_content=thumbnail,Ibrahim Achiri,CC BY-SA 4.0,https://creativecommons.org/licenses/by-sa/4.0,ibrahim achiri,NEGATIVE_TRAIN,A lush green foliage.jpg,data/external/phase3_followup_negatives/vegetation_leaves/p3fu_vegetation_leaves_0045.jpg,2026-10-07T08:40:49.875987+00:00,b201e50af7f3d6f499bd694021683bdbc65443b46885aae33df36a3ef184253b,960,640,322181,usable,
p3fu_vegetation_leaves_0046,vegetation_leaves,fern foliage,Wikimedia Commons,https://commons.wikimedia.org/wiki/File:Mossy_tree_trunk_with_epiphytic_ferns_in_a_broadleaf_forest.jpg,https://thumb.wikimedia.org/wikipedia/commons/thumb/0/0a/Mossy_tree_trunk_with_epiphytic_ferns_in_a_broadleaf_forest.jpg/960px-Mossy_tree_trunk_with_epiphytic_ferns_in_a_broadleaf_forest.jpg?utm_source=commons.wikimedia.org&utm_campaign=imageinfo&utm_content=thumbnail,Krishna k. sahh,CC0,http://creativecommons.org/publicdomain/zero/1.0/deed.en,krishna k. sahh,NEGATIVE_FINAL_HOLDOUT,Mossy tree trunk with epiphytic ferns in a broadleaf forest.jpg,data/external/phase3_followup_negatives/vegetation_leaves/p3fu_vegetation_leaves_0046.jpg,2026-10-07T08:40:51.660841+00:00,363951a1b9722d6c956b15991f65fa33b8e1ffba03b0f495c1c0d17d9094a541,960,1278,587412,usable,
p3fu_vegetation_leaves_0047,vegetation_leaves,fern foliage,Wikimedia Commons,https://commons.wikimedia.org/wiki/File:Contre-jour_bracken_at_Myrstigen_1.jpg,https://thumb.wikimedia.org/wikipedia/commons/thumb/f/fc/Contre-jour_bracken_at_Myrstigen_1.jpg/960px-Contre-jour_bracken_at_Myrstigen_1.jpg?utm_source=commons.wikimedia.org&utm_campaign=imageinfo&utm_content=thumbnail,W.carter,CC BY-SA 4.0,https://creativecommons.org/licenses/by-sa/4.0,w.carter,NEGATIVE_FINAL_HOLDOUT,Contre-jour bracken at Myrstigen 1.jpg,data/external/phase3_followup_negatives/vegetation_leaves/p3fu_vegetation_leaves_0047.jpg,2026-10-07T08:41:00.322459+00:00,4ecc8a561d9703a6b0804deab2c61c7f25bba786d4d7dce4a1cc1b4db59530b3,960,640,315162,usable,
p3fu_vegetation_leaves_0048,vegetation_leaves,fern foliage,Wikimedia Commons,https://commons.wikimedia.org/wiki/File:Contre-jour_bracken_at_Myrstigen_4.jpg,https://thumb.wikimedia.org/wikipedia/commons/thumb/a/af/Contre-jour_bracken_at_Myrstigen_4.jpg/960px-Contre-jour_bracken_at_Myrstigen_4.jpg?utm_source=commons.wikimedia.org&utm_campaign=imageinfo&utm_content=thumbnail,W.carter,CC BY 4.0,https://creativecommons.org/licenses/by/4.0,w.carter,NEGATIVE_FINAL_HOLDOUT,Contre-jour bracken at Myrstigen 4.jpg,data/external/phase3_followup_negatives/vegetation_leaves/p3fu_vegetation_leaves_0048.jpg,2026-10-07T08:41:03.822921+00:00,83a701a17453f6b3974b659f8ff4857c1ab5b3db717b35e412f666918bead3f8,960,640,277898,usable,
p3fu_vegetation_leaves_0049,vegetation_leaves,fern foliage,Wikimedia Commons,https://commons.wikimedia.org/wiki/File:CowellFerns.JPG,https://thumb.wikimedia.org/wikipedia/commons/thumb/9/97/CowellFerns.JPG/960px-CowellFerns.JPG?utm_source=commons.wikimedia.org&utm_campaign=imageinfo&utm_content=thumbnail,Larry McElhiney,CC BY-SA 2.5,https://creativecommons.org/licenses/by-sa/2.5,larry mcelhiney,NEGATIVE_FINAL_HOLDOUT,CowellFerns.JPG,data/external/phase3_followup_negatives/vegetation_leaves/p3fu_vegetation_leaves_0049.jpg,2026-10-07T08:41:06.260497+00:00,e4cfb7867990dd810066049e64af245d575bc95170d390f441c69524c6e36f85,960,638,256603,usable,
p3fu_vegetation_leaves_0050,vegetation_leaves,fern foliage,Wikimedia Commons,https://commons.wikimedia.org/wiki/File:Thelypteris_palustris_foliage.jpg,https://thumb.wikimedia.org/wikipedia/commons/thumb/9/99/Thelypteris_palustris_foliage.jpg/960px-Thelypteris_palustris_foliage.jpg?utm_source=commons.wikimedia.org&utm_campaign=imageinfo&utm_content=thumbnail,Le.Loup.Gris,CC BY-SA 3.0,https://creativecommons.org/licenses/by-sa/3.0,le.loup.gris,NEGATIVE_VALIDATION,Thelypteris palustris foliage.jpg,data/external/phase3_followup_negatives/vegetation_leaves/p3fu_vegetation_leaves_0050.jpg,2026-10-07T08:41:09.721081+00:00,9cacc362ec8bdbb253490c2929a49a6973eb82c5cac357d53d480cc6b5bde0d4,960,718,377495,usable,
p3fu_vegetation_leaves_0051,vegetation_leaves,fern foliage,Wikimedia Commons,"https://commons.wikimedia.org/wiki/File:2020-10-17_12_08_51_Ferns_turning_yellow_during_autumn_in_the_forest_adjacent_to_Lake_Road_in_Berlin,_Rensselaer_County,_New_York.jpg",https://thumb.wikimedia.org/wikipedia/commons/thumb/4/48/2020-10-17_12_08_51_Ferns_turning_yellow_during_autumn_in_the_forest_adjacent_to_Lake_Road_in_Berlin%2C_Rensselaer_County%2C_New_York.jpg/960px-2020-10-17_12_08_51_Ferns_turning_yellow_during_autumn_in_the_forest_adjacent_to_Lake_Road_in_Berlin%2C_Rensselaer_County%2C_New_York.jpg?utm_source=commons.wikimedia.org&utm_campaign=imageinfo&utm_content=thumbnail,Famartin,CC BY-SA 4.0,https://creativecommons.org/licenses/by-sa/4.0,famartin,NEGATIVE_VALIDATION,"2020-10-17 12 08 51 Ferns turning yellow during autumn in the forest adjacent to Lake Road in Berlin, Rensselaer County, New York.jpg",data/external/phase3_followup_negatives/vegetation_leaves/p3fu_vegetation_leaves_0051.jpg,2026-10-07T08:41:13.468006+00:00,813de523bf83f6df803d3bd5eec90f637158c17dcfac67d332e4709c0c1c2e3e,960,720,400423,usable,
p3fu_vegetation_leaves_0052,vegetation_leaves,fern foliage,Wikimedia Commons,"https://commons.wikimedia.org/wiki/File:2020-10-17_12_08_45_Ferns_turning_yellow_during_autumn_in_the_forest_adjacent_to_Lake_Road_in_Berlin,_Rensselaer_County,_New_York.jpg",https://thumb.wikimedia.org/wikipedia/commons/thumb/1/10/2020-10-17_12_08_45_Ferns_turning_yellow_during_autumn_in_the_forest_adjacent_to_Lake_Road_in_Berlin%2C_Rensselaer_County%2C_New_York.jpg/960px-2020-10-17_12_08_45_Ferns_turning_yellow_during_autumn_in_the_forest_adjacent_to_Lake_Road_in_Berlin%2C_Rensselaer_County%2C_New_York.jpg?utm_source=commons.wikimedia.org&utm_campaign=imageinfo&utm_content=thumbnail,Famartin,CC BY-SA 4.0,https://creativecommons.org/licenses/by-sa/4.0,famartin,NEGATIVE_VALIDATION,"2020-10-17 12 08 45 Ferns turning yellow during autumn in the forest adjacent to Lake Road in Berlin, Rensselaer County, New York.jpg",data/external/phase3_followup_negatives/vegetation_leaves/p3fu_vegetation_leaves_0052.jpg,2026-10-07T08:41:18.671072+00:00,e9103eb64f7e96cf7d3c19fea2dddcef81d523c1b1aa908db37f4636e8272430,960,720,416100,usable,
p3fu_vegetation_leaves_0053,vegetation_leaves,fern foliage,Wikimedia Commons,https://commons.wikimedia.org/wiki/File:ARS_Lygodium_microphyllum_foliage.jpg,https://thumb.wikimedia.org/wikipedia/commons/thumb/f/f7/ARS_Lygodium_microphyllum_foliage.jpg/960px-ARS_Lygodium_microphyllum_foliage.jpg?utm_source=commons.wikimedia.org&utm_campaign=imageinfo&utm_content=thumbnail,,Public domain,,commons:2488452,NEGATIVE_VALIDATION,ARS Lygodium microphyllum foliage.jpg,data/external/phase3_followup_negatives/vegetation_leaves/p3fu_vegetation_leaves_0053.jpg,2026-10-07T08:41:20.094842+00:00,0cebec769c99c0aecc0b1de68757c8265240faa122729b5f13ccf12932975953,960,631,302022,usable,
p3fu_vegetation_leaves_0054,vegetation_leaves,fern foliage,Wikimedia Commons,https://commons.wikimedia.org/wiki/File:Pteridium_aquilinum_15-p.bot-pteri.aqui-009.jpg,https://thumb.wikimedia.org/wikipedia/commons/thumb/6/6e/Pteridium_aquilinum_15-p.bot-pteri.aqui-009.jpg/960px-Pteridium_aquilinum_15-p.bot-pteri.aqui-009.jpg?utm_source=commons.wikimedia.org&utm_campaign=imageinfo&utm_content=thumbnail,"Ayotte, Gilles, 1948-",CC BY-SA 4.0,https://creativecommons.org/licenses/by-sa/4.0,"ayotte, gilles, 1948-",NEGATIVE_TRAIN,Pteridium aquilinum 15-p.bot-pteri.aqui-009.jpg,data/external/phase3_followup_negatives/vegetation_leaves/p3fu_vegetation_leaves_0054.jpg,2026-10-07T08:41:23.054324+00:00,72a826a9b328d5ac6e311486cb79d47c37619003ff68862a61b05a466e5162b8,960,720,395634,usable,
p3fu_vegetation_leaves_0055,vegetation_leaves,fern foliage,Wikimedia Commons,https://commons.wikimedia.org/wiki/File:Pteridium_aquilinum_15-p.bot-pteri.aqui-013.jpg,https://thumb.wikimedia.org/wikipedia/commons/thumb/e/e4/Pteridium_aquilinum_15-p.bot-pteri.aqui-013.jpg/960px-Pteridium_aquilinum_15-p.bot-pteri.aqui-013.jpg?utm_source=commons.wikimedia.org&utm_campaign=imageinfo&utm_content=thumbnail,"Ayotte, Gilles, 1948-",CC BY-SA 4.0,https://creativecommons.org/licenses/by-sa/4.0,"ayotte, gilles, 1948-",NEGATIVE_TRAIN,Pteridium aquilinum 15-p.bot-pteri.aqui-013.jpg,data/external/phase3_followup_negatives/vegetation_leaves/p3fu_vegetation_leaves_0055.jpg,2026-10-07T08:41:28.951572+00:00,96c524ccaf0cd8d2467098f01bb89079c187dcdd6afc962cb767eeb8de495a74,960,720,388499,usable,
p3fu_vegetation_leaves_0056,vegetation_leaves,fern foliage,Wikimedia Commons,https://commons.wikimedia.org/wiki/File:Pteridium_aquilinum_15-p.bot-pteri.aqui-010.jpg,https://thumb.wikimedia.org/wikipedia/commons/thumb/f/fc/Pteridium_aquilinum_15-p.bot-pteri.aqui-010.jpg/960px-Pteridium_aquilinum_15-p.bot-pteri.aqui-010.jpg?utm_source=commons.wikimedia.org&utm_campaign=imageinfo&utm_content=thumbnail,"Ayotte, Gilles, 1948-",CC BY-SA 4.0,https://creativecommons.org/licenses/by-sa/4.0,"ayotte, gilles, 1948-",NEGATIVE_TRAIN,Pteridium aquilinum 15-p.bot-pteri.aqui-010.jpg,data/external/phase3_followup_negatives/vegetation_leaves/p3fu_vegetation_leaves_0056.jpg,2026-10-07T08:41:45.988759+00:00,ebb14922d0820af4265e1885c887d19275f216d2f3e3e31d776cbeecf92c0490,960,720,384432,usable,
p3fu_vegetation_leaves_0057,vegetation_leaves,fern foliage,Wikimedia Commons,"https://commons.wikimedia.org/wiki/File:Irati,_oto%C3%B1o_1990_16.jpg",https://thumb.wikimedia.org/wikipedia/commons/thumb/6/65/Irati%2C_oto%C3%B1o_1990_16.jpg/960px-Irati%2C_oto%C3%B1o_1990_16.jpg?utm_source=commons.wikimedia.org&utm_campaign=imageinfo&utm_content=thumbnail,LBM1948,CC BY-SA 4.0,https://creativecommons.org/licenses/by-sa/4.0,lbm1948,NEGATIVE_VALIDATION,"Irati, otoño 1990 16.jpg",data/external/phase3_followup_negatives/vegetation_leaves/p3fu_vegetation_leaves_0057.jpg,2026-10-07T08:41:48.146742+00:00,f7d879f2be966f79f7e33509f4b8b17ebe39895e9ef225ff86a3dd3fb74de897,960,641,254225,usable,
p3fu_vegetation_leaves_0058,vegetation_leaves,fern foliage,Wikimedia Commons,https://commons.wikimedia.org/wiki/File:Farn_Herbst_2014.jpg,https://thumb.wikimedia.org/wikipedia/commons/thumb/b/bf/Farn_Herbst_2014.jpg/960px-Farn_Herbst_2014.jpg?utm_source=commons.wikimedia.org&utm_campaign=imageinfo&utm_content=thumbnail,Anna reg,CC BY-SA 3.0 at,https://creativecommons.org/licenses/by-sa/3.0/at/deed.en,anna reg,NEGATIVE_VALIDATION,Farn Herbst 2014.jpg,data/external/phase3_followup_negatives/vegetation_leaves/p3fu_vegetation_leaves_0058.jpg,2026-10-07T08:41:51.212312+00:00,c69e9665fd955484952ab9062780b6b596724efa2942dde5ac67f41cbd1793d0,960,640,179190,usable,
p3fu_vegetation_leaves_0059,vegetation_leaves,fern foliage,Wikimedia Commons,https://commons.wikimedia.org/wiki/File:Ferns_on_Old_Growth_Tree_-_DPLA_-_07bfd3d06f43b2c06d532ecc413bbbb6.jpg,https://upload.wikimedia.org/wikipedia/commons/3/31/Ferns_on_Old_Growth_Tree_-_DPLA_-_07bfd3d06f43b2c06d532ecc413bbbb6.jpg?utm_source=commons.wikimedia.org&utm_campaign=imageinfo&utm_content=thumbnail_unscaled,Department of the Interior. U.S. Fish and Wildlife Service. National Conservation Training Center. 10/1997-8888,Public domain,,department of the interior. u.s. fish and wildlife service. national conservation training center. 10/1997-8888,NEGATIVE_TRAIN,Ferns on Old Growth Tree - DPLA - 07bfd3d06f43b2c06d532ecc413bbbb6.jpg,data/external/phase3_followup_negatives/vegetation_leaves/p3fu_vegetation_leaves_0059.jpg,2026-10-07T08:41:54.735662+00:00,2d14b991cac91c3a5c0b76c8dfd693bf157e50588559b897df7674ad4a090656,681,1024,843394,usable,
p3fu_vegetation_leaves_0060,vegetation_leaves,fern foliage,Wikimedia Commons,https://commons.wikimedia.org/wiki/File:A_touch_of_autumn_(3925575353).jpg,https://thumb.wikimedia.org/wikipedia/commons/thumb/a/a9/A_touch_of_autumn_%283925575353%29.jpg/960px-A_touch_of_autumn_%283925575353%29.jpg?utm_source=commons.wikimedia.org&utm_campaign=imageinfo&utm_content=thumbnail,"Randi Hausken from Bærum, Norway",CC BY-SA 2.0,https://creativecommons.org/licenses/by-sa/2.0,"randi hausken from bærum, norway",NEGATIVE_FINAL_HOLDOUT,A touch of autumn (3925575353).jpg,data/external/phase3_followup_negatives/vegetation_leaves/p3fu_vegetation_leaves_0060.jpg,2026-10-07T08:41:57.002339+00:00,da45833d991b38087c39b5064a3c3199f762eacbf1494a24b131e530995e4798,960,705,261399,usable,
p3fu_vegetation_leaves_0061,vegetation_leaves,fern foliage,Wikimedia Commons,https://commons.wikimedia.org/wiki/File:Crocidium_multicaule_iNat-111376817.2.jpg,https://thumb.wikimedia.org/wikipedia/commons/thumb/6/6b/Crocidium_multicaule_iNat-111376817.2.jpg/960px-Crocidium_multicaule_iNat-111376817.2.jpg?utm_source=commons.wikimedia.org&utm_campaign=imageinfo&utm_content=thumbnail,Nolan Exe,CC BY 4.0,https://creativecommons.org/licenses/by/4.0,nolan exe,NEGATIVE_TRAIN,Crocidium multicaule iNat-111376817.2.jpg,data/external/phase3_followup_negatives/vegetation_leaves/p3fu_vegetation_leaves_0061.jpg,2026-10-07T08:41:59.531072+00:00,8b7335f2a841160e92dfe7f5679ee3546d72ea2938a5895e8ceedc998ddef941,960,720,182682,usable,
p3fu_vegetation_leaves_0062,vegetation_leaves,fern foliage,Wikimedia Commons,https://commons.wikimedia.org/wiki/File:Erigeron_linearis_iNat-49889140.jpg,https://thumb.wikimedia.org/wikipedia/commons/thumb/f/fc/Erigeron_linearis_iNat-49889140.jpg/960px-Erigeron_linearis_iNat-49889140.jpg?utm_source=commons.wikimedia.org&utm_campaign=imageinfo&utm_content=thumbnail,Nolan Exe,CC BY 4.0,https://creativecommons.org/licenses/by/4.0,nolan exe,NEGATIVE_TRAIN,Erigeron linearis iNat-49889140.jpg,data/external/phase3_followup_negatives/vegetation_leaves/p3fu_vegetation_leaves_0062.jpg,2026-10-07T08:42:02.380589+00:00,80c69f6a9a44f6cb08d3b7163a2bddbbf2c16fee7bf0008a60dd3b04f9354171,960,613,176876,usable,
p3fu_vegetation_leaves_0063,vegetation_leaves,fern foliage,Wikimedia Commons,https://commons.wikimedia.org/wiki/File:20220922-FS-ONF-ESS-001-USDA_Forest_Service_photo_by_Esmeralda_Sanchez-Sanchez.jpg,https://thumb.wikimedia.org/wikipedia/commons/thumb/1/17/20220922-FS-ONF-ESS-001-USDA_Forest_Service_photo_by_Esmeralda_Sanchez-Sanchez.jpg/960px-20220922-FS-ONF-ESS-001-USDA_Forest_Service_photo_by_Esmeralda_Sanchez-Sanchez.jpg?utm_source=commons.wikimedia.org&utm_campaign=imageinfo&utm_content=thumbnail,usfs_Eastern_Region,Public domain,,usfs_eastern_region,NEGATIVE_VALIDATION,20220922-FS-ONF-ESS-001-USDA Forest Service photo by Esmeralda Sanchez-Sanchez.jpg,data/external/phase3_followup_negatives/vegetation_leaves/p3fu_vegetation_leaves_0063.jpg,2026-10-07T08:42:04.794590+00:00,a0b6ea60878caa76462bc7aab1ce460e23edbc7abb81079f058543b46daf6762,960,1280,645682,usable,
p3fu_vegetation_leaves_0064,vegetation_leaves,fern foliage,Wikimedia Commons,"https://commons.wikimedia.org/wiki/File:Two_men_on_horses_in_the_midst_of_huge_Hawaiian_tree_ferns,_1907_(CHS-1260).jpg",https://thumb.wikimedia.org/wikipedia/commons/thumb/3/3b/Two_men_on_horses_in_the_midst_of_huge_Hawaiian_tree_ferns%2C_1907_%28CHS-1260%29.jpg/960px-Two_men_on_horses_in_the_midst_of_huge_Hawaiian_tree_ferns%2C_1907_%28CHS-1260%29.jpg?utm_source=commons.wikimedia.org&utm_campaign=imageinfo&utm_content=thumbnail,Unknown authorUnknown author,Public domain,,unknown authorunknown author,NEGATIVE_TRAIN,"Two men on horses in the midst of huge Hawaiian tree ferns, 1907 (CHS-1260).jpg",data/external/phase3_followup_negatives/vegetation_leaves/p3fu_vegetation_leaves_0064.jpg,2026-10-07T08:42:07.806524+00:00,136ff67751a166d4bfa0f77fb34475d0cd132723a328edb21d9316a19293ca26,960,741,261466,usable,
p3fu_vegetation_leaves_0065,vegetation_leaves,fern foliage,Wikimedia Commons,https://commons.wikimedia.org/wiki/File:Image_of_selaginella_plant_on_mount_Cameroon.jpg,https://thumb.wikimedia.org/wikipedia/commons/thumb/d/d3/Image_of_selaginella_plant_on_mount_Cameroon.jpg/960px-Image_of_selaginella_plant_on_mount_Cameroon.jpg?utm_source=commons.wikimedia.org&utm_campaign=imageinfo&utm_content=thumbnail,Alvy Bih,CC BY 4.0,https://creativecommons.org/licenses/by/4.0,alvy bih,NEGATIVE_TRAIN,Image of selaginella plant on mount Cameroon.jpg,data/external/phase3_followup_negatives/vegetation_leaves/p3fu_vegetation_leaves_0065.jpg,2026-10-07T08:42:09.843757+00:00,330822ecc145a84b2d90762e189aa86b4b6c21d65e96741f14d292cf28eba000,960,1280,503434,usable,
p3fu_vegetation_leaves_0066,vegetation_leaves,fern foliage,Wikimedia Commons,https://commons.wikimedia.org/wiki/File:Les_plantes_a_feuillage_color%C3%A9_(PL._XXXVII)_(6306109186).jpg,https://thumb.wikimedia.org/wikipedia/commons/thumb/0/04/Les_plantes_a_feuillage_color%C3%A9_%28PL._XXXVII%29_%286306109186%29.jpg/960px-Les_plantes_a_feuillage_color%C3%A9_%28PL._XXXVII%29_%286306109186%29.jpg?utm_source=commons.wikimedia.org&utm_campaign=imageinfo&utm_content=thumbnail,"Howard, W.; Lowe, E. J.",Public domain,,"howard, w.; lowe, e. j.",NEGATIVE_TRAIN,Les plantes a feuillage coloré (PL. XXXVII) (6306109186).jpg,data/external/phase3_followup_negatives/vegetation_leaves/p3fu_vegetation_leaves_0066.jpg,2026-10-07T08:42:11.232355+00:00,e7c8b558dd1b664688f9caca9ac4895b56bb6a3ee3e0f39d3c88dc9aa55b7027,960,1564,333052,usable,
p3fu_vegetation_leaves_0067,vegetation_leaves,fern foliage,Wikimedia Commons,https://commons.wikimedia.org/wiki/File:Les_plantes_a_feuillage_color%C3%A9_(PL._LIII)_(6306112522).jpg,https://thumb.wikimedia.org/wikipedia/commons/thumb/4/47/Les_plantes_a_feuillage_color%C3%A9_%28PL._LIII%29_%286306112522%29.jpg/960px-Les_plantes_a_feuillage_color%C3%A9_%28PL._LIII%29_%286306112522%29.jpg?utm_source=commons.wikimedia.org&utm_campaign=imageinfo&utm_content=thumbnail,"Howard, W.; Lowe, E. J.",Public domain,,"howard, w.; lowe, e. j.",NEGATIVE_TRAIN,Les plantes a feuillage coloré (PL. LIII) (6306112522).jpg,data/external/phase3_followup_negatives/vegetation_leaves/p3fu_vegetation_leaves_0067.jpg,2026-10-07T08:42:12.828600+00:00,865827ba7ef1abaf460f1cf3bcfdc1c83881651022f899c9f320de7676823a22,960,1564,311196,usable,
p3fu_vegetation_leaves_0068,vegetation_leaves,fern foliage,Wikimedia Commons,https://commons.wikimedia.org/wiki/File:Moss-covered_tree_trunks_in_a_dense_forest_understory.jpg,https://thumb.wikimedia.org/wikipedia/commons/thumb/1/11/Moss-covered_tree_trunks_in_a_dense_forest_understory.jpg/960px-Moss-covered_tree_trunks_in_a_dense_forest_understory.jpg?utm_source=commons.wikimedia.org&utm_campaign=imageinfo&utm_content=thumbnail,Krishna k. sahh,CC0,http://creativecommons.org/publicdomain/zero/1.0/deed.en,krishna k. sahh,NEGATIVE_FINAL_HOLDOUT,Moss-covered tree trunks in a dense forest understory.jpg,data/external/phase3_followup_negatives/vegetation_leaves/p3fu_vegetation_leaves_0068.jpg,2026-10-07T08:42:14.315093+00:00,0e89d35ef1c133d6e79a24b41d9d4dd3f4f755f8dd66f52d03489fd4b8526af8,960,1278,582123,usable,
p3fu_vegetation_leaves_0069,vegetation_leaves,pepper plant leaves,Wikimedia Commons,https://commons.wikimedia.org/wiki/File:Bell_Pepper_Plant_from_Senegal_02.jpg,https://thumb.wikimedia.org/wikipedia/commons/thumb/6/6a/Bell_Pepper_Plant_from_Senegal_02.jpg/960px-Bell_Pepper_Plant_from_Senegal_02.jpg?utm_source=commons.wikimedia.org&utm_campaign=imageinfo&utm_content=thumbnail,Wuzyprod,CC BY-SA 4.0,https://creativecommons.org/licenses/by-sa/4.0,wuzyprod,NEGATIVE_TRAIN,Bell Pepper Plant from Senegal 02.jpg,data/external/phase3_followup_negatives/vegetation_leaves/p3fu_vegetation_leaves_0069.jpg,2026-10-07T08:42:19.408910+00:00,a5dc1af04082ad203ab1d5657ce48e602dc3e613f8bb10aa697dfd43bfec241a,960,1280,192196,usable,
p3fu_vegetation_leaves_0070,vegetation_leaves,pepper plant leaves,Wikimedia Commons,https://commons.wikimedia.org/wiki/File:Bell_Pepper_Plant_from_Senegal_05.jpg,https://thumb.wikimedia.org/wikipedia/commons/thumb/b/b9/Bell_Pepper_Plant_from_Senegal_05.jpg/960px-Bell_Pepper_Plant_from_Senegal_05.jpg?utm_source=commons.wikimedia.org&utm_campaign=imageinfo&utm_content=thumbnail,Wuzyprod,CC BY-SA 4.0,https://creativecommons.org/licenses/by-sa/4.0,wuzyprod,NEGATIVE_TRAIN,Bell Pepper Plant from Senegal 05.jpg,data/external/phase3_followup_negatives/vegetation_leaves/p3fu_vegetation_leaves_0070.jpg,2026-10-07T08:42:21.839125+00:00,2fac5b0d7431cd77367ee4aff83b224c59a27adbcfe151b7ded04c5994a73ccf,960,1280,322677,usable,
p3fu_vegetation_leaves_0071,vegetation_leaves,pepper plant leaves,Wikimedia Commons,https://commons.wikimedia.org/wiki/File:Bell_Pepper_Plant_from_Senegal_07.jpg,https://thumb.wikimedia.org/wikipedia/commons/thumb/f/fb/Bell_Pepper_Plant_from_Senegal_07.jpg/960px-Bell_Pepper_Plant_from_Senegal_07.jpg?utm_source=commons.wikimedia.org&utm_campaign=imageinfo&utm_content=thumbnail,Wuzyprod,CC BY-SA 4.0,https://creativecommons.org/licenses/by-sa/4.0,wuzyprod,NEGATIVE_TRAIN,Bell Pepper Plant from Senegal 07.jpg,data/external/phase3_followup_negatives/vegetation_leaves/p3fu_vegetation_leaves_0071.jpg,2026-10-07T08:42:27.335386+00:00,e5a6c95b4921123a11c0bd14c6bd5e5167f616f06ca4c7b2592aab509ac1d7ee,960,1280,302696,usable,
p3fu_vegetation_leaves_0072,vegetation_leaves,pepper plant leaves,Wikimedia Commons,https://commons.wikimedia.org/wiki/File:Green_chili_plant_leaves_and_flower.jpg,https://thumb.wikimedia.org/wikipedia/commons/thumb/e/ec/Green_chili_plant_leaves_and_flower.jpg/960px-Green_chili_plant_leaves_and_flower.jpg?utm_source=commons.wikimedia.org&utm_campaign=imageinfo&utm_content=thumbnail,Billjones94,CC BY-SA 4.0,https://creativecommons.org/licenses/by-sa/4.0,billjones94,NEGATIVE_TRAIN,Green chili plant leaves and flower.jpg,data/external/phase3_followup_negatives/vegetation_leaves/p3fu_vegetation_leaves_0072.jpg,2026-10-07T08:42:31.354319+00:00,de0acbbba7d2c018aa1d5528e4075b23ac2f13762972752108bc4be3141450ce,960,1280,224867,usable,
p3fu_vegetation_leaves_0073,vegetation_leaves,pepper plant leaves,Wikimedia Commons,https://commons.wikimedia.org/wiki/File:Flourishing_Pepper_Plant_in_its_Natural_Habitat.jpg,https://thumb.wikimedia.org/wikipedia/commons/thumb/6/6d/Flourishing_Pepper_Plant_in_its_Natural_Habitat.jpg/960px-Flourishing_Pepper_Plant_in_its_Natural_Habitat.jpg?utm_source=commons.wikimedia.org&utm_campaign=imageinfo&utm_content=thumbnail,Officialbernard1,CC BY 4.0,https://creativecommons.org/licenses/by/4.0,officialbernard1,NEGATIVE_FINAL_HOLDOUT,Flourishing Pepper Plant in its Natural Habitat.jpg,data/external/phase3_followup_negatives/vegetation_leaves/p3fu_vegetation_leaves_0073.jpg,2026-10-07T08:42:33.667340+00:00,c1ac253c098bfdfae162bd63eb5a98e230034287155b864a237fb2bbc6ff35f0,960,725,265167,usable,
p3fu_vegetation_leaves_0074,vegetation_leaves,pepper plant leaves,Wikimedia Commons,https://commons.wikimedia.org/wiki/File:An_young_green_chili_with_plant_and_leaves.jpg,https://thumb.wikimedia.org/wikipedia/commons/thumb/5/5f/An_young_green_chili_with_plant_and_leaves.jpg/960px-An_young_green_chili_with_plant_and_leaves.jpg?utm_source=commons.wikimedia.org&utm_campaign=imageinfo&utm_content=thumbnail,Billjones94,CC BY-SA 4.0,https://creativecommons.org/licenses/by-sa/4.0,billjones94,NEGATIVE_TRAIN,An young green chili with plant and leaves.jpg,data/external/phase3_followup_negatives/vegetation_leaves/p3fu_vegetation_leaves_0074.jpg,2026-10-07T08:42:34.262089+00:00,5076d2491168865d8d041573bdb2b233a4812399493a4377bf98611e27fe23f0,960,694,112304,usable,
p3fu_vegetation_leaves_0075,vegetation_leaves,pepper plant leaves,Wikimedia Commons,https://commons.wikimedia.org/wiki/File:Pepper_infected_with_tomato_spotted_wilt_virus.jpg,https://thumb.wikimedia.org/wikipedia/commons/thumb/0/0d/Pepper_infected_with_tomato_spotted_wilt_virus.jpg/960px-Pepper_infected_with_tomato_spotted_wilt_virus.jpg?utm_source=commons.wikimedia.org&utm_campaign=imageinfo&utm_content=thumbnail,Carlos Gonzalez,CC BY-SA 3.0,https://creativecommons.org/licenses/by-sa/3.0,carlos gonzalez,NEGATIVE_VALIDATION,Pepper infected with tomato spotted wilt virus.jpg,data/external/phase3_followup_negatives/vegetation_leaves/p3fu_vegetation_leaves_0075.jpg,2026-10-07T08:42:36.251227+00:00,0a6f082b3490754f0854f6423b56d514eb4155fcb0fb6b8e2b347eccc446e4c2,960,638,256224,usable,
p3fu_vegetation_leaves_0076,vegetation_leaves,pepper plant leaves,Wikimedia Commons,"https://commons.wikimedia.org/wiki/File:Pimenta_dioica_(Jamaica_pepper)_leaves_in_RDA,_Bogra_02.jpg",https://thumb.wikimedia.org/wikipedia/commons/thumb/0/00/Pimenta_dioica_%28Jamaica_pepper%29_leaves_in_RDA%2C_Bogra_02.jpg/960px-Pimenta_dioica_%28Jamaica_pepper%29_leaves_in_RDA%2C_Bogra_02.jpg?utm_source=commons.wikimedia.org&utm_campaign=imageinfo&utm_content=thumbnail,Afifa Afrin,CC BY-SA 3.0,https://creativecommons.org/licenses/by-sa/3.0,afifa afrin,NEGATIVE_TRAIN,"Pimenta dioica (Jamaica pepper) leaves in RDA, Bogra 02.jpg",data/external/phase3_followup_negatives/vegetation_leaves/p3fu_vegetation_leaves_0076.jpg,2026-10-07T08:42:37.741642+00:00,d16d1e3f178de955f4ee67419eb7a3efa8b707df841e9e26ff250795594599a6,960,720,187204,usable,
p3fu_vegetation_leaves_0077,vegetation_leaves,pepper plant leaves,Wikimedia Commons,"https://commons.wikimedia.org/wiki/File:Pimenta_dioica_(Jamaica_pepper)_leaves_in_RDA,_Bogra_01.jpg",https://thumb.wikimedia.org/wikipedia/commons/thumb/b/bd/Pimenta_dioica_%28Jamaica_pepper%29_leaves_in_RDA%2C_Bogra_01.jpg/960px-Pimenta_dioica_%28Jamaica_pepper%29_leaves_in_RDA%2C_Bogra_01.jpg?utm_source=commons.wikimedia.org&utm_campaign=imageinfo&utm_content=thumbnail,Afifa Afrin,CC BY-SA 3.0,https://creativecommons.org/licenses/by-sa/3.0,afifa afrin,NEGATIVE_TRAIN,"Pimenta dioica (Jamaica pepper) leaves in RDA, Bogra 01.jpg",data/external/phase3_followup_negatives/vegetation_leaves/p3fu_vegetation_leaves_0077.jpg,2026-10-07T08:42:40.063320+00:00,902c6cfe96721d0aef79d8e76f2f8d153e7694fd65e840c239777e764edf6132,960,720,274000,usable,
p3fu_vegetation_leaves_0078,vegetation_leaves,pepper plant leaves,Wikimedia Commons,https://commons.wikimedia.org/wiki/File:Pepper_Plant_In_Rains_(170262911).jpeg,https://thumb.wikimedia.org/wikipedia/commons/thumb/f/fc/Pepper_Plant_In_Rains_%28170262911%29.jpeg/960px-Pepper_Plant_In_Rains_%28170262911%29.jpeg?utm_source=commons.wikimedia.org&utm_campaign=imageinfo&utm_content=thumbnail,Sibin Mohan,CC BY-SA 3.0,https://creativecommons.org/licenses/by-sa/3.0,sibin mohan,NEGATIVE_FINAL_HOLDOUT,Pepper Plant In Rains (170262911).jpeg,data/external/phase3_followup_negatives/vegetation_leaves/p3fu_vegetation_leaves_0078.jpg,2026-10-07T08:42:42.803210+00:00,897bde0bcbe1a5bab5ce9515bc46b9d8d10ed8ca9dec12e270acc3f91e10f45c,960,2004,284821,usable,
p3fu_vegetation_leaves_0079,vegetation_leaves,pepper plant leaves,Wikimedia Commons,https://commons.wikimedia.org/wiki/File:Fresh_Green_Peperomia_Pellucida_Sirih_Cina_Leaves_Macro_Nature_Background.jpg,https://thumb.wikimedia.org/wikipedia/commons/thumb/e/e5/Fresh_Green_Peperomia_Pellucida_Sirih_Cina_Leaves_Macro_Nature_Background.jpg/960px-Fresh_Green_Peperomia_Pellucida_Sirih_Cina_Leaves_Macro_Nature_Background.jpg?utm_source=commons.wikimedia.org&utm_campaign=imageinfo&utm_content=thumbnail,Undeka 11,CC BY-SA 4.0,https://creativecommons.org/licenses/by-sa/4.0,undeka 11,NEGATIVE_FINAL_HOLDOUT,Fresh Green Peperomia Pellucida Sirih Cina Leaves Macro Nature Background.jpg,data/external/phase3_followup_negatives/vegetation_leaves/p3fu_vegetation_leaves_0079.jpg,2026-10-07T08:42:45.762082+00:00,82f8577be2ad49281c102be6557d8cf38eb580da9cd97d5fcfca70bfe4ff10cb,960,721,158854,usable,
p3fu_vegetation_leaves_0080,vegetation_leaves,pepper plant leaves,Wikimedia Commons,https://commons.wikimedia.org/wiki/File:Pepper_vine_(Nekemias_arborea).jpg,https://thumb.wikimedia.org/wikipedia/commons/thumb/2/26/Pepper_vine_%28Nekemias_arborea%29.jpg/960px-Pepper_vine_%28Nekemias_arborea%29.jpg?utm_source=commons.wikimedia.org&utm_campaign=imageinfo&utm_content=thumbnail,Catsincaves,CC BY 4.0,https://creativecommons.org/licenses/by/4.0,catsincaves,NEGATIVE_VALIDATION,Pepper vine (Nekemias arborea).jpg,data/external/phase3_followup_negatives/vegetation_leaves/p3fu_vegetation_leaves_0080.jpg,2026-10-07T08:42:46.827989+00:00,eef08a13e2242b2b26ddcec5d04101c4f00217c45033074fa4448c6495ddb0a6,960,1200,147132,usable,
p3fu_vegetation_leaves_0081,vegetation_leaves,pepper plant leaves,Wikimedia Commons,https://commons.wikimedia.org/wiki/File:Rotten_red_chili_pepper_growing_on_a_plant_in_a_garden.jpg,https://thumb.wikimedia.org/wikipedia/commons/thumb/3/3c/Rotten_red_chili_pepper_growing_on_a_plant_in_a_garden.jpg/960px-Rotten_red_chili_pepper_growing_on_a_plant_in_a_garden.jpg?utm_source=commons.wikimedia.org&utm_campaign=imageinfo&utm_content=thumbnail,Shixart1985,CC BY 2.0,https://creativecommons.org/licenses/by/2.0,shixart1985,NEGATIVE_TRAIN,Rotten red chili pepper growing on a plant in a garden.jpg,data/external/phase3_followup_negatives/vegetation_leaves/p3fu_vegetation_leaves_0081.jpg,2026-10-07T08:42:48.341353+00:00,5713305c005a66a31ba4face3ac65c4fd821e822e94016328f0a0aee3daebc9c,960,1438,217519,usable,
p3fu_vegetation_leaves_0082,vegetation_leaves,pepper plant leaves,Wikimedia Commons,https://commons.wikimedia.org/wiki/File:12870_2020_2711_Fig1_HTML_A.png,https://upload.wikimedia.org/wikipedia/commons/2/2d/12870_2020_2711_Fig1_HTML_A.png?utm_source=commons.wikimedia.org&utm_campaign=imageinfo&utm_content=thumbnail_unscaled,"Yubing Jiao, Mengnan An, Xiaodong Li, Man Yu, Xiuxiang Zhao, Zihao Xia, and Yuanhua Wu",CC BY 4.0,https://creativecommons.org/licenses/by/4.0,"yubing jiao, mengnan an, xiaodong li, man yu, xiuxiang zhao, zihao xia, and yuanhua wu",NEGATIVE_FINAL_HOLDOUT,12870 2020 2711 Fig1 HTML A.png,data/external/phase3_followup_negatives/vegetation_leaves/p3fu_vegetation_leaves_0082.png,2026-10-07T08:42:50.093299+00:00,e4f3c401bcc8cb39adb8943ee5a88d93e916fcb7b7ceaab12eccc496c8e2d835,511,337,321891,usable,
p3fu_vegetation_leaves_0083,vegetation_leaves,pepper plant leaves,Wikimedia Commons,https://commons.wikimedia.org/wiki/File:CSIRO_ScienceImage_3982_Leaves_and_Berries_of_the_Mountain_Pepper_Tasmannia_lanceolata.jpg,https://thumb.wikimedia.org/wikipedia/commons/thumb/8/82/CSIRO_ScienceImage_3982_Leaves_and_Berries_of_the_Mountain_Pepper_Tasmannia_lanceolata.jpg/960px-CSIRO_ScienceImage_3982_Leaves_and_Berries_of_the_Mountain_Pepper_Tasmannia_lanceolata.jpg?utm_source=commons.wikimedia.org&utm_campaign=imageinfo&utm_content=thumbnail,"division, CSIRO",CC BY 3.0,https://creativecommons.org/licenses/by/3.0,"division, csiro",NEGATIVE_TRAIN,CSIRO ScienceImage 3982 Leaves and Berries of the Mountain Pepper Tasmannia lanceolata.jpg,data/external/phase3_followup_negatives/vegetation_leaves/p3fu_vegetation_leaves_0083.jpg,2026-10-07T08:42:55.769238+00:00,6d8422ef3ce1536eb8b683684e0f852f87a56b2080a567f797cc655da5d3e08b,960,1091,349652,usable,
p3fu_vegetation_leaves_0084,vegetation_leaves,pepper plant leaves,Wikimedia Commons,https://commons.wikimedia.org/wiki/File:CSIRO_ScienceImage_4022_Leaves_and_Berries_of_the_Mountain_Pepper_Tasmannia_lanceolata.jpg,https://thumb.wikimedia.org/wikipedia/commons/thumb/1/1f/CSIRO_ScienceImage_4022_Leaves_and_Berries_of_the_Mountain_Pepper_Tasmannia_lanceolata.jpg/960px-CSIRO_ScienceImage_4022_Leaves_and_Berries_of_the_Mountain_Pepper_Tasmannia_lanceolata.jpg?utm_source=commons.wikimedia.org&utm_campaign=imageinfo&utm_content=thumbnail,"division, CSIRO",CC BY 3.0,https://creativecommons.org/licenses/by/3.0,"division, csiro",NEGATIVE_TRAIN,CSIRO ScienceImage 4022 Leaves and Berries of the Mountain Pepper Tasmannia lanceolata.jpg,data/external/phase3_followup_negatives/vegetation_leaves/p3fu_vegetation_leaves_0084.jpg,2026-10-07T08:42:57.517509+00:00,1e84287bde86596daa6c2f8a8643c2a53657c2e267978b89efe7d65d886c4241,960,1364,403795,usable,
p3fu_vegetation_leaves_0085,vegetation_leaves,pepper plant leaves,Wikimedia Commons,https://commons.wikimedia.org/wiki/File:CSIRO_ScienceImage_3655_Dried_and_Crushed_Mountain_Pepper_Leaves_Tasmannia_lanceolata.jpg,https://thumb.wikimedia.org/wikipedia/commons/thumb/d/d0/CSIRO_ScienceImage_3655_Dried_and_Crushed_Mountain_Pepper_Leaves_Tasmannia_lanceolata.jpg/960px-CSIRO_ScienceImage_3655_Dried_and_Crushed_Mountain_Pepper_Leaves_Tasmannia_lanceolata.jpg?utm_source=commons.wikimedia.org&utm_campaign=imageinfo&utm_content=thumbnail,"division, CSIRO",CC BY 3.0,https://creativecommons.org/licenses/by/3.0,"division, csiro",NEGATIVE_TRAIN,CSIRO ScienceImage 3655 Dried and Crushed Mountain Pepper Leaves Tasmannia lanceolata.jpg,data/external/phase3_followup_negatives/vegetation_leaves/p3fu_vegetation_leaves_0085.jpg,2026-10-07T08:42:59.014824+00:00,2e54ae1f6e399e6970a89051d19825d8476ec3751dac2ce64d8b979ad7366a20,960,720,315791,usable,
p3fu_vegetation_leaves_0086,vegetation_leaves,pepper plant leaves,Wikimedia Commons,https://commons.wikimedia.org/wiki/File:Black_Pearl_Pepper_Plant.jpg,https://thumb.wikimedia.org/wikipedia/commons/thumb/0/03/Black_Pearl_Pepper_Plant.jpg/960px-Black_Pearl_Pepper_Plant.jpg?utm_source=commons.wikimedia.org&utm_campaign=imageinfo&utm_content=thumbnail,J.grindstaff,CC BY-SA 4.0,https://creativecommons.org/licenses/by-sa/4.0,j.grindstaff,NEGATIVE_TRAIN,Black Pearl Pepper Plant.jpg,data/external/phase3_followup_negatives/vegetation_leaves/p3fu_vegetation_leaves_0086.jpg,2026-10-07T08:43:00.818651+00:00,6187344305dfe1917a7979e4d465ea7f84d62f7fc3cc5bfd03125cb4f328618a,960,1280,285710,usable,
p3fu_vegetation_leaves_0087,vegetation_leaves,pepper plant leaves,Wikimedia Commons,https://commons.wikimedia.org/wiki/File:Expedition_66_astronauts_sample_chile_peppers_grown_on_the_International_Space_Station_(iss066e023165).jpg,https://thumb.wikimedia.org/wikipedia/commons/thumb/c/c2/Expedition_66_astronauts_sample_chile_peppers_grown_on_the_International_Space_Station_%28iss066e023165%29.jpg/960px-Expedition_66_astronauts_sample_chile_peppers_grown_on_the_International_Space_Station_%28iss066e023165%29.jpg?utm_source=commons.wikimedia.org&utm_campaign=imageinfo&utm_content=thumbnail,NASA Johnson Space Center,Public domain,,nasa johnson space center,NEGATIVE_TRAIN,Expedition 66 astronauts sample chile peppers grown on the International Space Station (iss066e023165).jpg,data/external/phase3_followup_negatives/vegetation_leaves/p3fu_vegetation_leaves_0087.jpg,2026-10-07T08:43:02.875520+00:00,147be8f43f929f2e883a286d5c32c158782ac43c51a128bf3a44541680a40962,960,640,78616,usable,
p3fu_vegetation_leaves_0088,vegetation_leaves,pepper plant leaves,Wikimedia Commons,https://commons.wikimedia.org/wiki/File:2510006-PPT-broad_mite_(Polyphagotarsonemus_latus).jpg,https://thumb.wikimedia.org/wikipedia/commons/thumb/8/84/2510006-PPT-broad_mite_%28Polyphagotarsonemus_latus%29.jpg/960px-2510006-PPT-broad_mite_%28Polyphagotarsonemus_latus%29.jpg?utm_source=commons.wikimedia.org&utm_campaign=imageinfo&utm_content=thumbnail,"David Riley, University of Georgia, Bugwood.org",CC BY 3.0,https://creativecommons.org/licenses/by/3.0,"david riley, university of georgia, bugwood.org",NEGATIVE_VALIDATION,2510006-PPT-broad mite (Polyphagotarsonemus latus).jpg,data/external/phase3_followup_negatives/vegetation_leaves/p3fu_vegetation_leaves_0088.jpg,2026-10-07T08:43:06.563738+00:00,47d6d8fc7e3348b825ad6e8914abf72409b9149835d1da92ffe2f832f513a3d1,960,1440,422409,usable,
p3fu_vegetation_leaves_0089,vegetation_leaves,pepper plant leaves,Wikimedia Commons,https://commons.wikimedia.org/wiki/File:5368119-PPT-broad_mite_(Polyphagotarsonemus_latus).jpg,https://thumb.wikimedia.org/wikipedia/commons/thumb/1/18/5368119-PPT-broad_mite_%28Polyphagotarsonemus_latus%29.jpg/960px-5368119-PPT-broad_mite_%28Polyphagotarsonemus_latus%29.jpg?utm_source=commons.wikimedia.org&utm_campaign=imageinfo&utm_content=thumbnail,"Merle Shepard, Gerald R.Carner, and P.A.C Ooi, Insects and their Natural Enemies Associated with Vegetables and Soybean in Southeast Asia, Bugwood.org",CC BY 3.0 us,https://creativecommons.org/licenses/by/3.0/us/deed.en,"merle shepard, gerald r.carner, and p.a.c ooi, insects and their natural enemies associated with vegetables and soybean in southeast asia, bugwood.org",NEGATIVE_FINAL_HOLDOUT,5368119-PPT-broad mite (Polyphagotarsonemus latus).jpg,data/external/phase3_followup_negatives/vegetation_leaves/p3fu_vegetation_leaves_0089.jpg,2026-10-07T08:43:07.900246+00:00,ee4a34565ccf15270ec67fb41b256b7c7d8506082de4398f3639dc3a47f0d644,960,706,139609,usable,
p3fu_vegetation_leaves_0090,vegetation_leaves,pepper plant leaves,Wikimedia Commons,https://commons.wikimedia.org/wiki/File:Expedition_66_astronauts_sample_chile_peppers_grown_on_the_International_Space_Station_(iss066e023272).jpg,https://thumb.wikimedia.org/wikipedia/commons/thumb/7/73/Expedition_66_astronauts_sample_chile_peppers_grown_on_the_International_Space_Station_%28iss066e023272%29.jpg/960px-Expedition_66_astronauts_sample_chile_peppers_grown_on_the_International_Space_Station_%28iss066e023272%29.jpg?utm_source=commons.wikimedia.org&utm_campaign=imageinfo&utm_content=thumbnail,NASA Johnson Space Center,Public domain,,nasa johnson space center,NEGATIVE_TRAIN,Expedition 66 astronauts sample chile peppers grown on the International Space Station (iss066e023272).jpg,data/external/phase3_followup_negatives/vegetation_leaves/p3fu_vegetation_leaves_0090.jpg,2026-10-07T08:43:09.250013+00:00,b402bffa81485ddbf680210a06d658b9f7e93cf50b4d1fd9a1eb0290e183b412,960,640,123183,usable,
