v3_image_path,v3_label_path,roboflow_split,sha256,source_image_path,source_grade,sample_id,physical_sample_id,v3_class_id,v3_grade,box_x_center,box_y_center,box_width,box_height,width,height,aspect_ratio,camera_make,camera_model,exif_orientation,brightness_0_255,saturation_0_255,border_brightness_0_255,research_partition
data/raw/Pepper Berry Grading V3.yolov8/test/images/20260508_153218_jpg.rf.EH3Q7fZaDLEiduKlbAzW.jpg,data/raw/Pepper Berry Grading V3.yolov8/test/labels/20260508_153218_jpg.rf.EH3Q7fZaDLEiduKlbAzW.txt,test,487abca665a1ef1fe318d9d7c19c4fc9c9a389886f85403f97aa98d8bcca42ed,D:/work/Year - 4/pepper/project/datset reorder/grade_1/sample_004/20260508_153218.jpg,grade_1,sample_004,grade_1/sample_004,0,V3 Grade 1,0.4166666666666667,0.5100975,0.8333333333333334,0.949195,4000,3000,1.3333333333333333,samsung,SM-A127F,6,134.7078857421875,39.377827962239586,191.35032092426187,TRAIN
data/raw/Pepper Berry Grading V3.yolov8/test/images/20260508_154350_jpg.rf.Fnp4lFdamEhjssJEZFzZ.jpg,data/raw/Pepper Berry Grading V3.yolov8/test/labels/20260508_154350_jpg.rf.Fnp4lFdamEhjssJEZFzZ.txt,test,5c5f0074a1a7182ab6ed22ab4971e8fb4c85853f69d727a0c8eabdd8187bebfc,D:/work/Year - 4/pepper/project/datset reorder/grade_1/sample_008/20260508_154350.jpg,grade_1,sample_008,grade_1/sample_008,0,V3 Grade 1,0.5,0.549,1.0,0.902,4000,3000,1.3333333333333333,samsung,SM-A127F,6,118.44856770833333,18.814798990885418,165.58748395378691,VALIDATION
data/raw/Pepper Berry Grading V3.yolov8/test/images/20260508_154615_jpg.rf.HJlIieVO61uTi5vvF0ru.jpg,data/raw/Pepper Berry Grading V3.yolov8/test/labels/20260508_154615_jpg.rf.HJlIieVO61uTi5vvF0ru.txt,test,e0bc7a0d81c7ee2f948997a86765425cd42c42424e6edcc71c98e12b2379a55a,D:/work/Year - 4/pepper/project/datset reorder/grade_1/sample_009/20260508_154615.jpg,grade_1,sample_009,grade_1/sample_009,0,V3 Grade 1,0.49266666666666664,0.57775,0.9853333333333333,0.8445,4000,3000,1.3333333333333333,samsung,SM-A127F,6,147.2602335611979,17.877970377604168,190.36476251604623,TRAIN
data/raw/Pepper Berry Grading V3.yolov8/test/images/20260508_155426_jpg.rf.HE8Y1bW9fsQxGJxPc90r.jpg,data/raw/Pepper Berry Grading V3.yolov8/test/labels/20260508_155426_jpg.rf.HE8Y1bW9fsQxGJxPc90r.txt,test,1177577be5cd0a54343f817aef49d16a424e8d84def4a5b1fe37eab5a657dcbb,D:/work/Year - 4/pepper/project/datset reorder/grade_1/sample_012/20260508_155426.jpg,grade_1,sample_012,grade_1/sample_012,0,V3 Grade 1,0.498,0.60525,0.996,0.7895,4000,3000,1.3333333333333333,samsung,SM-A127F,6,136.5306396484375,14.0738525390625,174.45397946084725,VALIDATION
data/raw/Pepper Berry Grading V3.yolov8/test/images/20260508_155845_jpg.rf.DdJwZSYfV4vji7MJheXV.jpg,data/raw/Pepper Berry Grading V3.yolov8/test/labels/20260508_155845_jpg.rf.DdJwZSYfV4vji7MJheXV.txt,test,da6e9b30264ab240440814893c0732db36840f0b2372266a08aaa9bf424d570b,D:/work/Year - 4/pepper/project/datset reorder/grade_1/sample_014/20260508_155845.jpg,grade_1,sample_014,grade_1/sample_014,0,V3 Grade 1,0.5033333333333333,0.5745925,0.9933333333333333,0.8481875,4000,3000,1.3333333333333333,samsung,SM-A127F,6,130.4814453125,16.766499837239582,186.63806161745828,TRAIN
data/raw/Pepper Berry Grading V3.yolov8/test/images/20260508_160321_jpg.rf.DbwZzfeUQggzTGuNx7AV.jpg,data/raw/Pepper Berry Grading V3.yolov8/test/labels/20260508_160321_jpg.rf.DbwZzfeUQggzTGuNx7AV.txt,test,3f928757d6c50e3c2227755a7f1a7006bea8bd4e77a59c092f477e033e0c0182,D:/work/Year - 4/pepper/project/datset reorder/grade_1/sample_016/20260508_160321.jpg,grade_1,sample_016,grade_1/sample_016,0,V3 Grade 1,0.5,0.5223450000000001,1.0,0.9486875,4000,3000,1.3333333333333333,samsung,SM-A127F,6,125.44932047526042,19.35894775390625,190.35224646983312,TRAIN
data/raw/Pepper Berry Grading V3.yolov8/test/images/20260508_160550_jpg.rf.BUF1sZWo8GvE4UCSfj74.jpg,data/raw/Pepper Berry Grading V3.yolov8/test/labels/20260508_160550_jpg.rf.BUF1sZWo8GvE4UCSfj74.txt,test,30b795a390ee27e5d1214c10216238806677e99f2412becb44fc1579e11aaee0,D:/work/Year - 4/pepper/project/datset reorder/grade_1/sample_017/20260508_160550.jpg,grade_1,sample_017,grade_1/sample_017,0,V3 Grade 1,0.500625,0.4801933333333333,0.99875,0.9230566666666666,4000,3000,1.3333333333333333,samsung,SM-A127F,3,123.71169026692708,19.464619954427082,188.55006418485237,TEST
data/raw/Pepper Berry Grading V3.yolov8/test/images/20260508_160958_jpg.rf.EF5XWb9QDWMXrpnfRCaz.jpg,data/raw/Pepper Berry Grading V3.yolov8/test/labels/20260508_160958_jpg.rf.EF5XWb9QDWMXrpnfRCaz.txt,test,ea9c3bc253a6228aaa6ce41d27070d552e5fc665d9691fc29db9085089057e89,D:/work/Year - 4/pepper/project/datset reorder/grade_1/sample_018/20260508_160958.jpg,grade_1,sample_018,grade_1/sample_018,0,V3 Grade 1,0.5,0.525105,1.0,0.8792075,4000,3000,1.3333333333333333,samsung,SM-A127F,6,113.09840901692708,18.2347412109375,163.72008985879333,TRAIN
data/raw/Pepper Berry Grading V3.yolov8/test/images/20260508_161151_jpg.rf.Fc2HPHd0m8BrciAElQgV.jpg,data/raw/Pepper Berry Grading V3.yolov8/test/labels/20260508_161151_jpg.rf.Fc2HPHd0m8BrciAElQgV.txt,test,329a456cc9067b9e76d606d55a1539f357e6c6d3dda9ee339632bb3a7ce2e5d5,D:/work/Year - 4/pepper/project/datset reorder/grade_1/sample_029/20260508_161151.jpg,grade_1,sample_029,grade_1/sample_029,0,V3 Grade 1,0.418625,0.556,0.80475,0.888,4000,3000,1.3333333333333333,samsung,SM-A127F,3,144.26422119140625,13.072469075520834,210.61829268292684,TRAIN
data/raw/Pepper Berry Grading V3.yolov8/test/images/20260508_161536_jpg.rf.CYEISfq7uRlb6VJmLg7H.jpg,data/raw/Pepper Berry Grading V3.yolov8/test/labels/20260508_161536_jpg.rf.CYEISfq7uRlb6VJmLg7H.txt,test,96fb4e396cd79d54e488ff4e33f6b166141678e9e90268fdd41038934aa6d3d5,D:/work/Year - 4/pepper/project/datset reorder/grade_1/sample_028/20260508_161536.jpg,grade_1,sample_028,grade_1/sample_028,0,V3 Grade 1,0.4845,0.41023333333333334,0.969,0.8204666666666667,4000,3000,1.3333333333333333,samsung,SM-A127F,3,124.46826171875,45.7977294921875,170.1331835686778,TRAIN
data/raw/Pepper Berry Grading V3.yolov8/test/images/20260508_162048_jpg.rf.E1rwumWkyjbeol3xakfY.jpg,data/raw/Pepper Berry Grading V3.yolov8/test/labels/20260508_162048_jpg.rf.E1rwumWkyjbeol3xakfY.txt,test,8cd1c0737b9162b30c3e47d050f6ca766d519b137ff58d02455870b9c82138f5,D:/work/Year - 4/pepper/project/datset reorder/grade_1/sample_025/20260508_162048.jpg,grade_1,sample_025,grade_1/sample_025,0,V3 Grade 1,0.469,0.5196766666666667,0.928,0.9586866666666667,4000,3000,1.3333333333333333,samsung,SM-A127F,3,126.82576497395833,18.546142578125,187.47586649550706,TRAIN
data/raw/Pepper Berry Grading V3.yolov8/test/images/20260508_162111_jpg.rf.CcG2kmzXqzVMM0LUFuKR.jpg,data/raw/Pepper Berry Grading V3.yolov8/test/labels/20260508_162111_jpg.rf.CcG2kmzXqzVMM0LUFuKR.txt,test,0ba088d042794db804ec8347b801dbea9d798972c1ce4a523fa30ac167023049,D:/work/Year - 4/pepper/project/datset reorder/grade_1/sample_025/20260508_162111.jpg,grade_1,sample_025,grade_1/sample_025,0,V3 Grade 1,0.479625,0.42755333333333334,0.83675,0.8551099999999999,4000,3000,1.3333333333333333,samsung,SM-A127F,3,142.46820068359375,14.52301025390625,203.14910141206676,TRAIN
data/raw/Pepper Berry Grading V3.yolov8/test/images/20260508_164749_jpg.rf.FEHOqTMNOvbRgJw4aMAx.jpg,data/raw/Pepper Berry Grading V3.yolov8/test/labels/20260508_164749_jpg.rf.FEHOqTMNOvbRgJw4aMAx.txt,test,f584de48af039bf2a122e3b53547e4c39f19e82defed2b12e4a2a6550ca3b27e,D:/work/Year - 4/pepper/project/datset reorder/grade_1/sample_022/20260508_164749.jpg,grade_1,sample_022,grade_1/sample_022,0,V3 Grade 1,0.5,0.5018333333333334,1.0,0.9963333333333333,4000,3000,1.3333333333333333,samsung,SM-A127F,3,122.6488037109375,19.475056966145832,156.0842105263158,TRAIN
data/raw/Pepper Berry Grading V3.yolov8/test/images/20260508_165742_jpg.rf.BXHBP6hW3W9gQfBTKIrH.jpg,data/raw/Pepper Berry Grading V3.yolov8/test/labels/20260508_165742_jpg.rf.BXHBP6hW3W9gQfBTKIrH.txt,test,88d1e72f2fbfa3accc5a7ac6d5743518eea8ef8b9f3058ac1205df2bbab41d3c,D:/work/Year - 4/pepper/project/datset reorder/grade_1/sample_030/20260508_165742.jpg,grade_1,sample_030,grade_1/sample_030,0,V3 Grade 1,0.4815,0.4004066666666667,0.963,0.8001433333333333,4000,3000,1.3333333333333333,samsung,SM-A127F,3,131.22900390625,36.83709716796875,179.32201540436458,TRAIN
data/raw/Pepper Berry Grading V3.yolov8/test/images/20260508_170329_jpg.rf.Bi2bxYzkrHP2PUbmoCkG.jpg,data/raw/Pepper Berry Grading V3.yolov8/test/labels/20260508_170329_jpg.rf.Bi2bxYzkrHP2PUbmoCkG.txt,test,2884efec8b66964cc9e2dde1e58d9db0d4b19db3079cc7f9d692441556b214f7,D:/work/Year - 4/pepper/project/datset reorder/grade_1/sample_076/20260508_170329.jpg,grade_1,sample_076,grade_1/sample_076,0,V3 Grade 1,0.38,0.5303475,0.7466666666666667,0.9046975,4000,3000,1.3333333333333333,samsung,SM-A127F,6,132.4467569986979,51.67669677734375,161.99839537869062,TRAIN
data/raw/Pepper Berry Grading V3.yolov8/test/images/20260508_170346_jpg.rf.GzwEb6o070Cb2GzSFhfv.jpg,data/raw/Pepper Berry Grading V3.yolov8/test/labels/20260508_170346_jpg.rf.GzwEb6o070Cb2GzSFhfv.txt,test,e2e12e88ae3b804cbce4c068f3de017a4ff231f4fb07fc652b6caacbee082a31,D:/work/Year - 4/pepper/project/datset reorder/grade_1/sample_076/20260508_170346.jpg,grade_1,sample_076,grade_1/sample_076,0,V3 Grade 1,0.4605,0.4592033333333333,0.911,0.9144033333333333,4000,3000,1.3333333333333333,samsung,SM-A127F,3,135.23506673177084,27.08123779296875,179.16335044929397,TRAIN
data/raw/Pepper Berry Grading V3.yolov8/test/images/20260508_171526_jpg.rf.CRW3Nr7VTRovQWvc7MNJ.jpg,data/raw/Pepper Berry Grading V3.yolov8/test/labels/20260508_171526_jpg.rf.CRW3Nr7VTRovQWvc7MNJ.txt,test,83b6769b26306689246cd718db86b55b95c66ebfe0d0e5576cd85b6b01a1eda9,D:/work/Year - 4/pepper/project/datset reorder/grade_2/sample_003/20260508_171526.jpg,grade_2,sample_003,grade_2/sample_003,1,V3 Grade 2,0.37633333333333335,0.55525,0.7326666666666667,0.8895,4000,3000,1.3333333333333333,samsung,SM-A127F,6,138.0612589518229,38.000162760416664,188.64878048780488,TRAIN
data/raw/Pepper Berry Grading V3.yolov8/test/images/20260508_172429_jpg.rf.BQWYTmqbzuvGdzgBxyQz.jpg,data/raw/Pepper Berry Grading V3.yolov8/test/labels/20260508_172429_jpg.rf.BQWYTmqbzuvGdzgBxyQz.txt,test,98dfaa14d549e62c3687c3f4fbcfee6119296268dd2aa2b470bd257d7592c731,D:/work/Year - 4/pepper/project/datset reorder/grade_2/sample_006/20260508_172429.jpg,grade_2,sample_006,grade_2/sample_006,1,V3 Grade 2,0.4583333333333333,0.51025,0.8033333333333333,0.9795,4000,3000,1.3333333333333333,samsung,SM-A127F,6,138.994384765625,30.8751220703125,196.26335044929397,TRAIN
data/raw/Pepper Berry Grading V3.yolov8/test/images/20260508_172956_jpg.rf.FhE1TjqsZBKyAnpkEyVl.jpg,data/raw/Pepper Berry Grading V3.yolov8/test/labels/20260508_172956_jpg.rf.FhE1TjqsZBKyAnpkEyVl.txt,test,50799703dfe974fe8ad91672daec8017ef65a18eec89dd2c3f19caa54afbf7be,D:/work/Year - 4/pepper/project/datset reorder/grade_2/sample_008/20260508_172956.jpg,grade_2,sample_008,grade_2/sample_008,1,V3 Grade 2,0.5633333333333334,0.496595,0.78,0.99219,4000,3000,1.3333333333333333,samsung,SM-A127F,8,137.3320109049479,35.34405517578125,184.7612323491656,TRAIN
data/raw/Pepper Berry Grading V3.yolov8/test/images/20260508_173303_jpg.rf.H7ATTvNgoZTCgRxZKRJf.jpg,data/raw/Pepper Berry Grading V3.yolov8/test/labels/20260508_173303_jpg.rf.H7ATTvNgoZTCgRxZKRJf.txt,test,b08aaa25b37f50ced548ea29ea19af9a983bf24fb1c62d0daeeccd48735dee67,D:/work/Year - 4/pepper/project/datset reorder/grade_2/sample_009/20260508_173303.jpg,grade_2,sample_009,grade_2/sample_009,1,V3 Grade 2,0.43175,0.46336666666666665,0.8585,0.9193999999999999,4000,3000,1.3333333333333333,samsung,SM-A127F,3,144.48321533203125,24.531331380208332,194.80186136071887,TRAIN
data/raw/Pepper Berry Grading V3.yolov8/test/images/20260508_232450_jpg.rf.EGJxfNI0iDcsZKVvw7I8.jpg,data/raw/Pepper Berry Grading V3.yolov8/test/labels/20260508_232450_jpg.rf.EGJxfNI0iDcsZKVvw7I8.txt,test,d6a201219ac78f7aafd6624d20cddacca0640693f7375091351c66734d8807e0,D:/work/Year - 4/pepper/project/datset reorder/grade_2/sample_012/20260508_232450.jpg,grade_2,sample_012,grade_2/sample_012,1,V3 Grade 2,0.38766666666666666,0.5820925,0.7686666666666667,0.8331875,4000,3000,1.3333333333333333,samsung,SM-A127F,6,134.2750447591146,40.899149576822914,176.96412066752245,TRAIN
data/raw/Pepper Berry Grading V3.yolov8/test/images/20260508_232510_jpg.rf.EVxcIhT43CVv3lJI4kCs.jpg,data/raw/Pepper Berry Grading V3.yolov8/test/labels/20260508_232510_jpg.rf.EVxcIhT43CVv3lJI4kCs.txt,test,8ab7e5d97367f297c3faaaac7328bf534aba7de346950695466f4f5a4061192f,D:/work/Year - 4/pepper/project/datset reorder/grade_2/sample_012/20260508_232510.jpg,grade_2,sample_012,grade_2/sample_012,1,V3 Grade 2,0.4686666666666667,0.5745975,0.9373333333333334,0.8281925,4000,3000,1.3333333333333333,samsung,SM-A127F,6,135.1441650390625,21.344563802083332,197.5946726572529,TRAIN
data/raw/Pepper Berry Grading V3.yolov8/test/images/20260508_232526_jpg.rf.Dl4LZTQ4eCEFG9aPhJMl.jpg,data/raw/Pepper Berry Grading V3.yolov8/test/labels/20260508_232526_jpg.rf.Dl4LZTQ4eCEFG9aPhJMl.txt,test,bbf8f17ed42a6e8d9f016f5070d2d852de3e63b6127518de2824f1671993f925,D:/work/Year - 4/pepper/project/datset reorder/grade_2/sample_012/20260508_232526.jpg,grade_2,sample_012,grade_2/sample_012,1,V3 Grade 2,0.5366666666666666,0.5341075,0.9266666666666666,0.837215,4000,3000,1.3333333333333333,samsung,SM-A127F,6,142.09320068359375,20.807230631510418,205.89101412066753,TRAIN
data/raw/Pepper Berry Grading V3.yolov8/test/images/20260508_233543_jpg.rf.GIitSA5jym8tu4es92nw.jpg,data/raw/Pepper Berry Grading V3.yolov8/test/labels/20260508_233543_jpg.rf.GIitSA5jym8tu4es92nw.txt,test,1b65ffe82baebe4997ae8856603645120bff1a28f0546a7e3d30ae7068afcd02,D:/work/Year - 4/pepper/project/datset reorder/grade_2/sample_017/20260508_233543.jpg,grade_2,sample_017,grade_2/sample_017,1,V3 Grade 2,0.505,0.47886,0.99,0.93172,4000,3000,1.3333333333333333,samsung,SM-A127F,8,137.99462890625,20.86297607421875,187.24537869062902,TEST
data/raw/Pepper Berry Grading V3.yolov8/test/images/20260508_234841_jpg.rf.CASXANAddBakkd4kcf7O.jpg,data/raw/Pepper Berry Grading V3.yolov8/test/labels/20260508_234841_jpg.rf.CASXANAddBakkd4kcf7O.txt,test,ab1ecccf98179b1a75ac1b9bfec10ca84568b5ca84d37eedfe6140893ff76d9a,D:/work/Year - 4/pepper/project/datset reorder/grade_2/sample_024/20260508_234841.jpg,grade_2,sample_024,grade_2/sample_024,1,V3 Grade 2,0.4836666666666667,0.5823524999999999,0.8273333333333334,0.7687075,4000,3000,1.3333333333333333,samsung,SM-A127F,6,146.1182861328125,20.226664225260418,203.25783055198974,TRAIN
data/raw/Pepper Berry Grading V3.yolov8/test/images/20260508_235132_jpg.rf.G86X4cFxbU9yyHXn51x9.jpg,data/raw/Pepper Berry Grading V3.yolov8/test/labels/20260508_235132_jpg.rf.G86X4cFxbU9yyHXn51x9.txt,test,b5be889a5ce73f3ef137fd0d1cf215a7db794b1b8218a3cc615189d0b87ea672,D:/work/Year - 4/pepper/project/datset reorder/grade_2/sample_025/20260508_235132.jpg,grade_2,sample_025,grade_2/sample_025,1,V3 Grade 2,0.4523333333333333,0.52025,0.8846666666666667,0.9595,4000,3000,1.3333333333333333,samsung,SM-A127F,6,135.1683553059896,18.3662109375,205.74403080872915,TRAIN
data/raw/Pepper Berry Grading V3.yolov8/test/images/20260508_235321_jpg.rf.DVKh782lvsVHTjq7cTvr.jpg,data/raw/Pepper Berry Grading V3.yolov8/test/labels/20260508_235321_jpg.rf.DVKh782lvsVHTjq7cTvr.txt,test,1bbcc9c52fc04deab3a9a1ce58dcd5ed48641e196b7d65ca398f9759219d6052,D:/work/Year - 4/pepper/project/datset reorder/grade_2/sample_026/20260508_235321.jpg,grade_2,sample_026,grade_2/sample_026,1,V3 Grade 2,0.5016666666666667,0.459135,0.9966666666666667,0.8072725000000001,4000,3000,1.3333333333333333,samsung,SM-A127F,6,139.3132120768229,16.782307942708332,195.87637997432606,TEST
data/raw/Pepper Berry Grading V3.yolov8/test/images/20260508_235821_jpg.rf.BLdMue4l4RY32hAR15uC.jpg,data/raw/Pepper Berry Grading V3.yolov8/test/labels/20260508_235821_jpg.rf.BLdMue4l4RY32hAR15uC.txt,test,1568a6c8e46c60ed61477e986900533773e826e77479f0b0b1e41b467e1ab884,D:/work/Year - 4/pepper/project/datset reorder/grade_2/sample_029/20260508_235821.jpg,grade_2,sample_029,grade_2/sample_029,1,V3 Grade 2,0.44733333333333336,0.477645,0.868,0.71429,4000,3000,1.3333333333333333,samsung,SM-A127F,6,131.15189615885416,25.853861490885418,166.5589216944801,TEST
data/raw/Pepper Berry Grading V3.yolov8/test/images/20260509_000541_jpg.rf.EgsjTLZyu3xyhetpYImc.jpg,data/raw/Pepper Berry Grading V3.yolov8/test/labels/20260509_000541_jpg.rf.EgsjTLZyu3xyhetpYImc.txt,test,5919bcf9246186168c1ebad6501451f4efb627429ea63ef37f6ef37b929486eb,D:/work/Year - 4/pepper/project/datset reorder/grade_1/sample_070/20260509_000541.jpg,grade_1,sample_070,grade_1/sample_070,0,V3 Grade 1,0.5,0.4843525,1.0,0.968705,4000,3000,1.3333333333333333,samsung,SM-A127F,6,137.75907389322916,21.9090576171875,200.6793966623877,TRAIN
data/raw/Pepper Berry Grading V3.yolov8/test/images/20260509_000702_jpg.rf.HtLIIgHvZtdx1ydrQKEr.jpg,data/raw/Pepper Berry Grading V3.yolov8/test/labels/20260509_000702_jpg.rf.HtLIIgHvZtdx1ydrQKEr.txt,test,041e6752739cd742e2e35be2fd7db50c8f6abd9e6767c772f7062e50184745c8,D:/work/Year - 4/pepper/project/datset reorder/grade_1/sample_069/20260509_000702.jpg,grade_1,sample_069,grade_1/sample_069,0,V3 Grade 1,0.497,0.544605,0.9873333333333333,0.8282125,4000,3000,1.3333333333333333,samsung,SM-A127F,6,127.88205973307292,30.447509765625,179.58388960205392,TRAIN
data/raw/Pepper Berry Grading V3.yolov8/test/images/20260509_000814_jpg.rf.GDyYSn8bgu7l6dv1ggc5.jpg,data/raw/Pepper Berry Grading V3.yolov8/test/labels/20260509_000814_jpg.rf.GDyYSn8bgu7l6dv1ggc5.txt,test,32104fc222cd0ed62ff224c1108d8f48c08f94ec7bfc81540379d36827346c9a,D:/work/Year - 4/pepper/project/datset reorder/grade_1/sample_068/20260509_000814.jpg,grade_1,sample_068,grade_1/sample_068,0,V3 Grade 1,0.453,0.5030950000000001,0.7926666666666666,0.9751925,4000,3000,1.3333333333333333,samsung,SM-A127F,6,137.32210286458334,35.642923990885414,185.0826700898588,VALIDATION
data/raw/Pepper Berry Grading V3.yolov8/test/images/20260509_001027_jpg.rf.DCPRTb4VQA0iZkgAoNXt.jpg,data/raw/Pepper Berry Grading V3.yolov8/test/labels/20260509_001027_jpg.rf.DCPRTb4VQA0iZkgAoNXt.txt,test,ed95f3c6ef80ac4559ced0b28a7535272014cb4fad815414b5efde52e1a8cac5,D:/work/Year - 4/pepper/project/datset reorder/grade_1/sample_067/20260509_001027.jpg,grade_1,sample_067,grade_1/sample_067,0,V3 Grade 1,0.5033333333333333,0.519,0.9933333333333333,0.962,4000,3000,1.3333333333333333,samsung,SM-A127F,6,138.14164225260416,17.634989420572918,191.6081514762516,TRAIN
data/raw/Pepper Berry Grading V3.yolov8/test/images/20260509_001142_jpg.rf.H40AGlY9YHSgcdDIbicd.jpg,data/raw/Pepper Berry Grading V3.yolov8/test/labels/20260509_001142_jpg.rf.H40AGlY9YHSgcdDIbicd.txt,test,34274381a6b11e9990f8d959d0fb1eb3fe4a191cd49ea80d3d1b2160f0e54e7f,D:/work/Year - 4/pepper/project/datset reorder/grade_1/sample_066/20260509_001142.jpg,grade_1,sample_066,grade_1/sample_066,0,V3 Grade 1,0.5,0.551845,1.0,0.8776925,4000,3000,1.3333333333333333,samsung,SM-A127F,6,125.78835042317708,28.302897135416668,177.00064184852374,TRAIN
data/raw/Pepper Berry Grading V3.yolov8/test/images/20260509_001412_jpg.rf.CL3WGGzYMK788aawTvMT.jpg,data/raw/Pepper Berry Grading V3.yolov8/test/labels/20260509_001412_jpg.rf.CL3WGGzYMK788aawTvMT.txt,test,7ecb5b30e9190d7fad9c0932c1709a08b57fba0c01e14914ed044e46278e5f3a,D:/work/Year - 4/pepper/project/datset reorder/grade_1/sample_064/20260509_001412.jpg,grade_1,sample_064,grade_1/sample_064,0,V3 Grade 1,0.5196666666666667,0.49734500000000004,0.686,0.9946900000000001,4000,3000,1.3333333333333333,samsung,SM-A127F,6,130.8614501953125,34.060628255208336,177.14916559691912,TRAIN
data/raw/Pepper Berry Grading V3.yolov8/test/images/20260509_001833_jpg.rf.GGrPiGWN8NsLJ8pNsMe6.jpg,data/raw/Pepper Berry Grading V3.yolov8/test/labels/20260509_001833_jpg.rf.GGrPiGWN8NsLJ8pNsMe6.txt,test,38b8541c474db5332386f20cfd2c78b4fb9ec58cfa23780732e851657d9f2183,D:/work/Year - 4/pepper/project/datset reorder/grade_1/sample_062/20260509_001833.jpg,grade_1,sample_062,grade_1/sample_062,0,V3 Grade 1,0.4836666666666667,0.4901175,0.9606666666666667,0.8692325,4000,3000,1.3333333333333333,samsung,SM-A127F,6,121.57566324869792,27.543253580729168,164.0568677792041,TRAIN
data/raw/Pepper Berry Grading V3.yolov8/test/images/20260509_001911_jpg.rf.DxQns8nxr2Z2GFXz4O4U.jpg,data/raw/Pepper Berry Grading V3.yolov8/test/labels/20260509_001911_jpg.rf.DxQns8nxr2Z2GFXz4O4U.txt,test,fffa43650ef0909db3ad86816348f70f04da38a52364ef74d2fb2b9d1e9846e8,D:/work/Year - 4/pepper/project/datset reorder/grade_1/sample_061/20260509_001911.jpg,grade_1,sample_061,grade_1/sample_061,0,V3 Grade 1,0.5,0.4965133333333333,1.0,0.9890233333333334,4000,3000,1.3333333333333333,samsung,SM-A127F,3,130.89009602864584,20.2349853515625,172.8258023106547,TEST
data/raw/Pepper Berry Grading V3.yolov8/test/images/20260509_001932_jpg.rf.Gijw8jSmSHeu2gs0u4Rn.jpg,data/raw/Pepper Berry Grading V3.yolov8/test/labels/20260509_001932_jpg.rf.Gijw8jSmSHeu2gs0u4Rn.txt,test,de51ded55ee8ce30cc1e37c78e42c2e2d31f84350e7c22804be503564f14e18d,D:/work/Year - 4/pepper/project/datset reorder/grade_1/sample_061/20260509_001932.jpg,grade_1,sample_061,grade_1/sample_061,0,V3 Grade 1,0.610875,0.5,0.76425,1.0,4000,3000,1.3333333333333333,samsung,SM-A127F,3,139.6865030924479,17.132731119791668,192.3293324775353,TEST
data/raw/Pepper Berry Grading V3.yolov8/test/images/20260509_002615_jpg.rf.Ga3rLWrU2RyC43o3nOEx.jpg,data/raw/Pepper Berry Grading V3.yolov8/test/labels/20260509_002615_jpg.rf.Ga3rLWrU2RyC43o3nOEx.txt,test,a872649a4cecf816b944932695bfc5bf5057007cd243658b0bbf809f01a23e06,D:/work/Year - 4/pepper/project/datset reorder/grade_1/sample_057/20260509_002615.jpg,grade_1,sample_057,grade_1/sample_057,0,V3 Grade 1,0.521,0.4966025,0.9286666666666666,0.9522025,4000,3000,1.3333333333333333,samsung,SM-A127F,6,128.36299641927084,32.252522786458336,179.29204107830552,TRAIN
data/raw/Pepper Berry Grading V3.yolov8/test/images/20260509_103512_jpg.rf.ChXFdRIpDGssyFTNByx7.jpg,data/raw/Pepper Berry Grading V3.yolov8/test/labels/20260509_103512_jpg.rf.ChXFdRIpDGssyFTNByx7.txt,test,a0836068ca13c5b964876081c111e5437a85e5985d53422e56c2493d78deeb58,D:/work/Year - 4/pepper/project/datset reorder/grade_1/sample_086/20260509_103512.jpg,grade_1,sample_086,grade_1/sample_086,0,V3 Grade 1,0.5022875816993464,0.5270759803921569,0.9522875816993464,0.7786593137254901,4080,3060,1.3333333333333333,samsung,Galaxy A06,6,162.46695963541666,42.530741373697914,222.86540436456997,TRAIN
data/raw/Pepper Berry Grading V3.yolov8/test/images/20260509_105208_jpg.rf.CSV8bb4TYJRjEnsjt3Wf.jpg,data/raw/Pepper Berry Grading V3.yolov8/test/labels/20260509_105208_jpg.rf.CSV8bb4TYJRjEnsjt3Wf.txt,test,21e4230e53a4efc192ddf6c7c0c3de16f45da117e4d055c9aa1c034ad9793f6e,D:/work/Year - 4/pepper/project/datset reorder/grade_1/sample_082/20260509_105208.jpg,grade_1,sample_082,grade_1/sample_082,0,V3 Grade 1,0.46482843137254903,0.48253594771241826,0.6723039215686275,0.948078431372549,4080,3060,1.3333333333333333,samsung,Galaxy A06,3,163.46195475260416,33.843221028645836,215.42997432605904,TRAIN
data/raw/Pepper Berry Grading V3.yolov8/test/images/20260509_105622_jpg.rf.EumNE2mj9w7efxOvAw6e.jpg,data/raw/Pepper Berry Grading V3.yolov8/test/labels/20260509_105622_jpg.rf.EumNE2mj9w7efxOvAw6e.txt,test,ab9a8f6f2be147cfff28a09def62f36e53a664e3d56b382b65b8174e9dc3075b,D:/work/Year - 4/pepper/project/datset reorder/grade_1/sample_081/20260509_105622.jpg,grade_1,sample_081,grade_1/sample_081,0,V3 Grade 1,0.5056372549019608,0.4869444444444444,0.7024509803921568,0.9601633986928104,4080,3060,1.3333333333333333,samsung,Galaxy A06,3,167.7878214518229,36.797953287760414,226.54602053915275,TRAIN
data/raw/Pepper Berry Grading V3.yolov8/test/images/20260509_110108_jpg.rf.H4A15YMWuMyuDkqDUlCW.jpg,data/raw/Pepper Berry Grading V3.yolov8/test/labels/20260509_110108_jpg.rf.H4A15YMWuMyuDkqDUlCW.txt,test,382bbb9074ff41704b49e3f9a19945e7b361f08a7c5988dcc0ac88ddb75a0750,D:/work/Year - 4/pepper/project/datset reorder/grade_1/sample_079/20260509_110108.jpg,grade_1,sample_079,grade_1/sample_079,0,V3 Grade 1,0.43504901960784315,0.5299150326797385,0.7475490196078431,0.9055784313725491,4080,3060,1.3333333333333333,samsung,Galaxy A06,3,164.09920247395834,46.2962646484375,221.34088575096277,TEST
data/raw/Pepper Berry Grading V3.yolov8/test/images/20260728_172541_jpg.rf.CVKp0iRhhcFcR6kx6etP.jpg,data/raw/Pepper Berry Grading V3.yolov8/test/labels/20260728_172541_jpg.rf.CVKp0iRhhcFcR6kx6etP.txt,test,b93346aa9b47b69719a03ae8a09e12de53c7f75da7c2d40921225f118298d452,D:/work/Year - 4/pepper/project/datset reorder/grade_1/sample_056/20260728_172541.jpg,grade_1,sample_056,grade_1/sample_056,0,V3 Grade 1,0.498,0.52025,0.996,0.9595,4000,3000,1.3333333333333333,samsung,SM-A127F,6,114.92279052734375,22.437520345052082,155.75404364569962,TEST
data/raw/Pepper Berry Grading V3.yolov8/test/images/20260728_173654_jpg.rf.GynPK3xqv49U7pjsJ2WF.jpg,data/raw/Pepper Berry Grading V3.yolov8/test/labels/20260728_173654_jpg.rf.GynPK3xqv49U7pjsJ2WF.txt,test,05df4790fe2151c08ef226d156eaaf261d8e0fce40415921386491227ad9b65a,D:/work/Year - 4/pepper/project/datset reorder/grade_1/sample_052/20260728_173654.jpg,grade_1,sample_052,grade_1/sample_052,0,V3 Grade 1,0.466,0.49035,0.932,0.9806975,4000,3000,1.3333333333333333,samsung,SM-A127F,6,125.85445149739583,16.54681396484375,193.39043645699616,TRAIN
data/raw/Pepper Berry Grading V3.yolov8/test/images/20260729_080220_jpg.rf.FDRpFsrhKObJKtF4Brgf.jpg,data/raw/Pepper Berry Grading V3.yolov8/test/labels/20260729_080220_jpg.rf.FDRpFsrhKObJKtF4Brgf.txt,test,de3717cee32f3395aeb945ce1b92640e75900d71e63c607741730928f72e8fa1,D:/work/Year - 4/pepper/project/datset reorder/grade_1/sample_045/20260729_080220.jpg,grade_1,sample_045,grade_1/sample_045,0,V3 Grade 1,0.51225,0.4503733333333333,0.9295,0.9000799999999999,4000,3000,1.3333333333333333,samsung,SM-A127F,3,140.95526123046875,13.163920084635416,201.997946084724,TRAIN
data/raw/Pepper Berry Grading V3.yolov8/test/images/20260729_080537_jpg.rf.Fz0D9Cyn0X1WJgAqO7yY.jpg,data/raw/Pepper Berry Grading V3.yolov8/test/labels/20260729_080537_jpg.rf.Fz0D9Cyn0X1WJgAqO7yY.txt,test,efbb18c583440b503f4371aada4ef07a43413e215986315d644b4536ef044466,D:/work/Year - 4/pepper/project/datset reorder/grade_1/sample_044/20260729_080537.jpg,grade_1,sample_044,grade_1/sample_044,0,V3 Grade 1,0.505625,0.4970133333333333,0.98875,0.9800266666666666,4000,3000,1.3333333333333333,samsung,SM-A127F,3,132.38663736979166,22.315470377604168,193.3084082156611,TRAIN
data/raw/Pepper Berry Grading V3.yolov8/test/images/20260729_080647_jpg.rf.FrZp93wzlfNKBqFVfY0d.jpg,data/raw/Pepper Berry Grading V3.yolov8/test/labels/20260729_080647_jpg.rf.FrZp93wzlfNKBqFVfY0d.txt,test,c4f0ff09e5a0a33183b82db4037c8e954ba8b1245d6386dead7f9a6644a587e6,D:/work/Year - 4/pepper/project/datset reorder/grade_1/sample_043/20260729_080647.jpg,grade_1,sample_043,grade_1/sample_043,0,V3 Grade 1,0.4835,0.5743333333333334,0.957,0.8513333333333334,4000,3000,1.3333333333333333,samsung,SM-A127F,1,133.8148193359375,39.163289388020836,184.45333761232348,TRAIN
data/raw/Pepper Berry Grading V3.yolov8/test/images/20260814_153710_jpg.rf.CejfD4jiZRoVg2HqGKp2.jpg,data/raw/Pepper Berry Grading V3.yolov8/test/labels/20260814_153710_jpg.rf.CejfD4jiZRoVg2HqGKp2.txt,test,139e77f38741d91fd3b634a344843e4f3fe2ed65ebcd13c2853d642512a9b796,D:/work/Year - 4/pepper/project/datset reorder/grade_2/sample_032/20260814_153710.jpg,grade_2,sample_032,grade_2/sample_032,1,V3 Grade 2,0.508,0.5403574999999999,0.8693333333333333,0.8247150000000001,4000,3000,1.3333333333333333,samsung,SM-A127F,6,147.8652547200521,23.952982584635418,217.71296534017972,TRAIN
data/raw/Pepper Berry Grading V3.yolov8/test/images/20260814_155231_jpg.rf.FpMbaOI1b8Vy591nSjVf.jpg,data/raw/Pepper Berry Grading V3.yolov8/test/labels/20260814_155231_jpg.rf.FpMbaOI1b8Vy591nSjVf.txt,test,131efb32c975bd79bb8351282732b1f9ddb7fb296a92c376a043d437e4688abc,D:/work/Year - 4/pepper/project/datset reorder/grade_2/sample_036/20260814_155231.jpg,grade_2,sample_036,grade_2/sample_036,1,V3 Grade 2,0.4885,0.48502,0.637,0.9693700000000001,4000,3000,1.3333333333333333,samsung,SM-A127F,3,148.9753621419271,24.06414794921875,191.26540436456997,VALIDATION
data/raw/Pepper Berry Grading V3.yolov8/test/images/20260814_162516_jpg.rf.G0qFhHK2QXtm6xLssgOO.jpg,data/raw/Pepper Berry Grading V3.yolov8/test/labels/20260814_162516_jpg.rf.G0qFhHK2QXtm6xLssgOO.txt,test,456dc61aa1435f88246f31719076a8af996a485c22dd9806dc732acfd0202a11,D:/work/Year - 4/pepper/project/datset reorder/grade_2/sample_039/20260814_162516.jpg,grade_2,sample_039,grade_2/sample_039,1,V3 Grade 2,0.4186666666666667,0.52761,0.7173333333333334,0.8342200000000001,4000,3000,1.3333333333333333,samsung,SM-A127F,6,150.2908935546875,60.051005045572914,196.34306803594353,TRAIN
data/raw/Pepper Berry Grading V3.yolov8/test/images/20260814_163735_jpg.rf.Bv3kl0b77008ZkjQul5J.jpg,data/raw/Pepper Berry Grading V3.yolov8/test/labels/20260814_163735_jpg.rf.Bv3kl0b77008ZkjQul5J.txt,test,39df798690e93c09b80362bbcbc2d73c1c2635233ec1cc35079bdb10af3d901a,D:/work/Year - 4/pepper/project/datset reorder/grade_2/sample_041/20260814_163735.jpg,grade_2,sample_041,grade_2/sample_041,1,V3 Grade 2,0.474,0.4888675,0.948,0.8717324999999999,4000,3000,1.3333333333333333,samsung,SM-A127F,6,121.04632568359375,28.043497721354168,188.51232349165596,TRAIN
data/raw/Pepper Berry Grading V3.yolov8/test/images/20260814_164215_jpg.rf.DYMgqGJa1u4WaGTnXYMp.jpg,data/raw/Pepper Berry Grading V3.yolov8/test/labels/20260814_164215_jpg.rf.DYMgqGJa1u4WaGTnXYMp.txt,test,6509be3f5c23e81a296584568ce830211ee11c228926c15d7753dea345b87f29,D:/work/Year - 4/pepper/project/datset reorder/grade_2/sample_042/20260814_164215.jpg,grade_2,sample_042,grade_2/sample_042,1,V3 Grade 2,0.472,0.474635,0.824,0.7882675,4000,3000,1.3333333333333333,samsung,SM-A127F,6,131.11507161458334,30.1162109375,177.1925545571245,TRAIN
data/raw/Pepper Berry Grading V3.yolov8/test/images/20260814_164502_jpg.rf.Hc3WITRIsaUblcxAKFR1.jpg,data/raw/Pepper Berry Grading V3.yolov8/test/labels/20260814_164502_jpg.rf.Hc3WITRIsaUblcxAKFR1.txt,test,ff18191a833573e81f9a216496433e6ba97df95c0c466025f40231c9e3612852,D:/work/Year - 4/pepper/project/datset reorder/grade_2/sample_043/20260814_164502.jpg,grade_2,sample_043,grade_2/sample_043,1,V3 Grade 2,0.476,0.449135,0.9386666666666666,0.8272725000000001,4000,3000,1.3333333333333333,samsung,SM-A127F,6,126.03084309895833,35.57550048828125,180.96675224646984,TRAIN
data/raw/Pepper Berry Grading V3.yolov8/test/images/20260814_165938_jpg.rf.BeGsvfUYhZ3UjTDYujrV.jpg,data/raw/Pepper Berry Grading V3.yolov8/test/labels/20260814_165938_jpg.rf.BeGsvfUYhZ3UjTDYujrV.txt,test,620305e31432aa7ffa6fde4f24ad536514a8eb6dadbdf647fbf3779d528ed123,D:/work/Year - 4/pepper/project/datset reorder/grade_2/sample_054/20260814_165938.jpg,grade_2,sample_054,grade_2/sample_054,1,V3 Grade 2,0.4653333333333333,0.497625,0.8906666666666667,0.7942525,4000,3000,1.3333333333333333,samsung,SM-A127F,6,145.40555826822916,21.303385416666668,184.295378690629,TRAIN
data/raw/Pepper Berry Grading V3.yolov8/test/images/20260814_170306_jpg.rf.FxZZFsdkGgEAWNnx1T6c.jpg,data/raw/Pepper Berry Grading V3.yolov8/test/labels/20260814_170306_jpg.rf.FxZZFsdkGgEAWNnx1T6c.txt,test,3155ab84760083e77fb27fcddea3bd90161060de5ccdd92c0146635dc58cc43c,D:/work/Year - 4/pepper/project/datset reorder/grade_2/sample_053/20260814_170306.jpg,grade_2,sample_053,grade_2/sample_053,1,V3 Grade 2,0.49466666666666664,0.5541174999999999,0.976,0.737235,4000,3000,1.3333333333333333,samsung,SM-A127F,6,140.9087117513021,25.703511555989582,185.75211810012837,TRAIN
data/raw/Pepper Berry Grading V3.yolov8/test/images/20260815_071738_jpg.rf.H5rnkdvt2i55KVgmIU2s.jpg,data/raw/Pepper Berry Grading V3.yolov8/test/labels/20260815_071738_jpg.rf.H5rnkdvt2i55KVgmIU2s.txt,test,c6ee0fedd8acd0d9cebf48c51b4ab1ad65aced3ba41dceaaad2dd26c48622d89,D:/work/Year - 4/pepper/project/datset reorder/grade_2/sample_048/20260815_071738.jpg,grade_2,sample_048,grade_2/sample_048,1,V3 Grade 2,0.479,0.50788,0.8313333333333334,0.74976,4000,3000,1.3333333333333333,samsung,SM-A127F,6,144.3249715169271,17.590596516927082,197.32618741976893,TRAIN
data/raw/Pepper Berry Grading V3.yolov8/test/images/20260815_072105_jpg.rf.GfrStQatf7KvsGR9RPPR.jpg,data/raw/Pepper Berry Grading V3.yolov8/test/labels/20260815_072105_jpg.rf.GfrStQatf7KvsGR9RPPR.txt,test,706f7aeeafb70a8fe844c64a8c90af3163a4fe7d6041fb8756b8498018fe779f,D:/work/Year - 4/pepper/project/datset reorder/grade_2/sample_046/20260815_072105.jpg,grade_2,sample_046,grade_2/sample_046,1,V3 Grade 2,0.483,0.4958725,0.946,0.8257424999999999,4000,3000,1.3333333333333333,samsung,SM-A127F,6,139.8689982096354,27.63018798828125,195.45654685494225,TRAIN
data/raw/Pepper Berry Grading V3.yolov8/test/images/20260820_110934_jpg.rf.FobPpyBPdjDPeNHz9tRG.jpg,data/raw/Pepper Berry Grading V3.yolov8/test/labels/20260820_110934_jpg.rf.FobPpyBPdjDPeNHz9tRG.txt,test,d4fe500449b4659f8bab0d2d02ca0592b642ac82e31a9c7ab81524ab44e50c61,D:/work/Year - 4/pepper/project/datset reorder/grade_1/sample_087/20260820_110934.jpg,grade_1,sample_087,grade_1/sample_087,0,V3 Grade 1,0.503921568627451,0.4751928104575163,0.6647058823529411,0.9105130718954249,4080,3060,1.3333333333333333,samsung,Galaxy A06,3,160.22391764322916,43.65478515625,205.7066110397946,VALIDATION
data/raw/Pepper Berry Grading V3.yolov8/test/images/20260820_112251_jpg.rf.DynM7ev9LUOM1tNOWEL9.jpg,data/raw/Pepper Berry Grading V3.yolov8/test/labels/20260820_112251_jpg.rf.DynM7ev9LUOM1tNOWEL9.txt,test,03cd9f284fab42da0561758d4dcbac1edeb6a878ebc1f96acc742a199b23f290,D:/work/Year - 4/pepper/project/datset reorder/grade_1/sample_088/20260820_112251.jpg,grade_1,sample_088,grade_1/sample_088,0,V3 Grade 1,0.5424836601307189,0.3901397058823529,0.7254901960784313,0.5783186274509804,4080,3060,1.3333333333333333,samsung,Galaxy A06,6,181.9305216471354,31.089274088541668,230.65494223363285,TRAIN
data/raw/Pepper Berry Grading V3.yolov8/test/images/20260820_112618_jpg.rf.Cfl0NCLtMPZ3zvb5DlBu.jpg,data/raw/Pepper Berry Grading V3.yolov8/test/labels/20260820_112618_jpg.rf.Cfl0NCLtMPZ3zvb5DlBu.txt,test,2243ef9588011caf797a9617e7bccba881f5458a9999c4e3f17546e32f2c0712,D:/work/Year - 4/pepper/project/datset reorder/grade_1/sample_089/20260820_112618.jpg,grade_1,sample_089,grade_1/sample_089,0,V3 Grade 1,0.5487745098039216,0.44597712418300656,0.582843137254902,0.7573137254901962,4080,3060,1.3333333333333333,samsung,Galaxy A06,3,179.3504638671875,25.683878580729168,231.19653401797177,TRAIN
data/raw/Pepper Berry Grading V3.yolov8/test/images/20260820_113548_jpg.rf.Bf394XbQLkJVSSHdENpn.jpg,data/raw/Pepper Berry Grading V3.yolov8/test/labels/20260820_113548_jpg.rf.Bf394XbQLkJVSSHdENpn.txt,test,11285a6b615f28ad0e15033a8c4584411b227b3b8ae428d9967aa6701977b79e,D:/work/Year - 4/pepper/project/datset reorder/grade_1/sample_092/20260820_113548.jpg,grade_1,sample_092,grade_1/sample_092,0,V3 Grade 1,0.5199346405228759,0.41905882352941176,0.6084967320261437,0.5283161764705883,4080,3060,1.3333333333333333,samsung,Galaxy A06,6,162.69986979166666,67.082275390625,201.68170731707318,TRAIN
data/raw/Pepper Berry Grading V3.yolov8/test/images/20260820_114112_jpg.rf.ECHx6GhNv6yp2J2EoO2N.jpg,data/raw/Pepper Berry Grading V3.yolov8/test/labels/20260820_114112_jpg.rf.ECHx6GhNv6yp2J2EoO2N.txt,test,c4077916d02e235be51e5e9d18e4621cdbfe3469301a4d693869b7462296523c,D:/work/Year - 4/pepper/project/datset reorder/grade_1/sample_095/20260820_114112.jpg,grade_1,sample_095,grade_1/sample_095,0,V3 Grade 1,0.526593137254902,0.5691503267973856,0.5409313725490196,0.6964705882352941,4080,3060,1.3333333333333333,samsung,Galaxy A06,1,183.62642415364584,17.269694010416668,224.5155969191271,TRAIN
data/raw/Pepper Berry Grading V3.yolov8/test/images/20260820_121403_jpg.rf.D2ccc0BYu6yKWfwRjFsE.jpg,data/raw/Pepper Berry Grading V3.yolov8/test/labels/20260820_121403_jpg.rf.D2ccc0BYu6yKWfwRjFsE.txt,test,50deb91525188ea7570c39bebf386b8764de134f10d21230cbbbd086b4ffd345,D:/work/Year - 4/pepper/project/datset reorder/grade_1/sample_100/20260820_121403.jpg,grade_1,sample_100,grade_1/sample_100,0,V3 Grade 1,0.5,0.4837303921568627,0.7581699346405228,0.6184436274509804,4080,3060,1.3333333333333333,samsung,Galaxy A06,6,180.4560343424479,23.891377766927082,233.2341463414634,VALIDATION
data/raw/Pepper Berry Grading V3.yolov8/test/images/20260820_122105_jpg.rf.ClimplPqBbffdvwvzc1f.jpg,data/raw/Pepper Berry Grading V3.yolov8/test/labels/20260820_122105_jpg.rf.ClimplPqBbffdvwvzc1f.txt,test,c2dfd3f8f2951a19b4a2d4cf6975417491b863dddacb33203d103326ea4dba5c,D:/work/Year - 4/pepper/project/datset reorder/grade_1/sample_102/20260820_122105.jpg,grade_1,sample_102,grade_1/sample_102,0,V3 Grade 1,0.49840686274509804,0.552640522875817,0.6855392156862745,0.7582254901960784,4080,3060,1.3333333333333333,samsung,Galaxy A06,1,165.8999226888021,34.935038248697914,202.2821566110398,TRAIN
data/raw/Pepper Berry Grading V3.yolov8/test/images/20260820_122301_jpg.rf.GvmYCwmbQ5ZeXL10CI9J.jpg,data/raw/Pepper Berry Grading V3.yolov8/test/labels/20260820_122301_jpg.rf.GvmYCwmbQ5ZeXL10CI9J.txt,test,f1e012b46c8fdbda2be855e7d98a7ee542acec9ef8277762675b9cf40acaa64e,D:/work/Year - 4/pepper/project/datset reorder/grade_1/sample_104/20260820_122301.jpg,grade_1,sample_104,grade_1/sample_104,0,V3 Grade 1,0.48799019607843136,0.5292843137254901,0.7063725490196079,0.7605261437908497,4080,3060,1.3333333333333333,samsung,Galaxy A06,1,183.33013916015625,22.27728271484375,232.64268292682928,TRAIN
data/raw/Pepper Berry Grading V3.yolov8/test/images/20260820_122419_jpg.rf.Bq5QQRzl0dw3jStTDeXn.jpg,data/raw/Pepper Berry Grading V3.yolov8/test/labels/20260820_122419_jpg.rf.Bq5QQRzl0dw3jStTDeXn.txt,test,87079e76843e4d6731d11078895de5ef2dfc8e69cff96872685f71926b3297a6,D:/work/Year - 4/pepper/project/datset reorder/grade_1/sample_105/20260820_122419.jpg,grade_1,sample_105,grade_1/sample_105,0,V3 Grade 1,0.5281862745098039,0.4725849673202614,0.7475490196078431,0.8660849673202614,4080,3060,1.3333333333333333,samsung,Galaxy A06,3,169.0821329752604,50.528788248697914,235.73068035943518,TEST
data/raw/Pepper Berry Grading V3.yolov8/test/images/20260820_123325_jpg.rf.EFfFd85ZVSijZJiX2kKw.jpg,data/raw/Pepper Berry Grading V3.yolov8/test/labels/20260820_123325_jpg.rf.EFfFd85ZVSijZJiX2kKw.txt,test,cc665a3151a7f2ae0acd5c30b31a7dc0b1225a3d917667d60ee4d0d269489b00,D:/work/Year - 4/pepper/project/datset reorder/grade_1/sample_108/20260820_123325.jpg,grade_1,sample_108,grade_1/sample_108,0,V3 Grade 1,0.6372549019607843,0.49709477124183005,0.6666666666666666,0.8170653594771241,4080,3060,1.3333333333333333,samsung,Galaxy A06,3,156.05657958984375,64.63096110026042,197.35949935815148,TRAIN
data/raw/Pepper Berry Grading V3.yolov8/test/images/20260905_153850_jpg.rf.Dhen8gphRdILPBH1tiCu.jpg,data/raw/Pepper Berry Grading V3.yolov8/test/labels/20260905_153850_jpg.rf.Dhen8gphRdILPBH1tiCu.txt,test,af306d0c0a4adc7cf11f6d048fb2b556155603d64b0eb681d472eca108b0b076,D:/work/Year - 4/pepper/project/datset reorder/grade_2/sample_079/20260905_153850.jpg,grade_2,sample_079,grade_2/sample_079,1,V3 Grade 2,0.5083333333333333,0.474635,0.9833333333333333,0.7882675,4000,3000,1.3333333333333333,samsung,SM-A127F,6,154.61016845703125,18.623881022135418,227.12836970474967,VALIDATION
data/raw/Pepper Berry Grading V3.yolov8/test/images/20260905_154010_jpg.rf.F3iMOCZ82rfeRywZwfjn.jpg,data/raw/Pepper Berry Grading V3.yolov8/test/labels/20260905_154010_jpg.rf.F3iMOCZ82rfeRywZwfjn.txt,test,26911c49c2808673b52061cae7001a838cf83c4c4f4fbf6d55b5b09ff9c065f5,D:/work/Year - 4/pepper/project/datset reorder/grade_2/sample_078/20260905_154010.jpg,grade_2,sample_078,grade_2/sample_078,1,V3 Grade 2,0.484,0.5386025,0.7946666666666666,0.8562075,4000,3000,1.3333333333333333,samsung,SM-A127F,6,128.69624837239584,51.084574381510414,175.58928112965341,TRAIN
data/raw/Pepper Berry Grading V3.yolov8/test/images/20260905_154533_jpg.rf.Fa0cxat1OG8hy8F4GvR5.jpg,data/raw/Pepper Berry Grading V3.yolov8/test/labels/20260905_154533_jpg.rf.Fa0cxat1OG8hy8F4GvR5.txt,test,87f1a51574dad2fdb04e1b35e0ccf8c9a909814db38230435b0ef8c2c1b3d5fd,D:/work/Year - 4/pepper/project/datset reorder/grade_2/sample_076/20260905_154533.jpg,grade_2,sample_076,grade_2/sample_076,1,V3 Grade 2,0.4653333333333333,0.51275,0.864,0.9745,4000,3000,1.3333333333333333,samsung,SM-A127F,6,125.54911295572917,46.298055013020836,180.63998716302953,TRAIN
data/raw/Pepper Berry Grading V3.yolov8/test/images/20260905_155451_jpg.rf.C7z8ncP9V9al4YP48TvK.jpg,data/raw/Pepper Berry Grading V3.yolov8/test/labels/20260905_155451_jpg.rf.C7z8ncP9V9al4YP48TvK.txt,test,1e3aca0c0ccb1fa646e06550346cc93e0899c9ccd2cbd9ee10b7a6dcb7e2d375,D:/work/Year - 4/pepper/project/datset reorder/grade_2/sample_074/20260905_155451.jpg,grade_2,sample_074,grade_2/sample_074,1,V3 Grade 2,0.5026666666666667,0.51213,0.9386666666666666,0.7332625,4000,3000,1.3333333333333333,samsung,SM-A127F,8,166.8250528971354,21.8314208984375,228.89448010269575,TRAIN
data/raw/Pepper Berry Grading V3.yolov8/test/images/20260905_155747_jpg.rf.GEMmd1ivDiWIVW1oetGY.jpg,data/raw/Pepper Berry Grading V3.yolov8/test/labels/20260905_155747_jpg.rf.GEMmd1ivDiWIVW1oetGY.txt,test,b57461296f79acb63bac2b59ba85b80e63a9132f7eba006910a22df3252f25c2,D:/work/Year - 4/pepper/project/datset reorder/grade_2/sample_073/20260905_155747.jpg,grade_2,sample_073,grade_2/sample_073,1,V3 Grade 2,0.472,0.57335,0.824,0.8107000000000001,4000,3000,1.3333333333333333,samsung,SM-A127F,6,128.45084635416666,53.304423014322914,174.02053915275994,TRAIN
data/raw/Pepper Berry Grading V3.yolov8/test/images/20260905_161223_jpg.rf.HS4uidkPb5BJlA0tW50W.jpg,data/raw/Pepper Berry Grading V3.yolov8/test/labels/20260905_161223_jpg.rf.HS4uidkPb5BJlA0tW50W.txt,test,f503776b2ff51a5d5ddc74b96e4f5ddcdda6b8c02a574dda2487dda1efc0add7,D:/work/Year - 4/pepper/project/datset reorder/grade_2/sample_070/20260905_161223.jpg,grade_2,sample_070,grade_2/sample_070,1,V3 Grade 2,0.502,0.5338674999999999,0.9773333333333334,0.7817324999999999,4000,3000,1.3333333333333333,samsung,SM-A127F,6,142.56734212239584,31.598470052083332,200.64274711168164,TRAIN
data/raw/Pepper Berry Grading V3.yolov8/test/images/20260905_171541_jpg.rf.Et0wfbpd4a7cSO0OtFo6.jpg,data/raw/Pepper Berry Grading V3.yolov8/test/labels/20260905_171541_jpg.rf.Et0wfbpd4a7cSO0OtFo6.txt,test,aa192f6b5a2cb5aff64baa4db39d5067fdd8931feb3204d4e601070852544eb5,D:/work/Year - 4/pepper/project/datset reorder/grade_2/sample_068/20260905_171541.jpg,grade_2,sample_068,grade_2/sample_068,1,V3 Grade 2,0.49366666666666664,0.49615750000000003,0.8606666666666667,0.613305,4000,3000,1.3333333333333333,samsung,SM-A127F,6,153.44769287109375,21.209635416666668,198.1936456996149,TEST
data/raw/Pepper Berry Grading V3.yolov8/test/images/20260905_171811_jpg.rf.G0moXnW2VydWq15wTka8.jpg,data/raw/Pepper Berry Grading V3.yolov8/test/labels/20260905_171811_jpg.rf.G0moXnW2VydWq15wTka8.txt,test,892aaecd9775491b6014a5af231f58dee313d496251c15800124466e69959a72,D:/work/Year - 4/pepper/project/datset reorder/grade_2/sample_067/20260905_171811.jpg,grade_2,sample_067,grade_2/sample_067,1,V3 Grade 2,0.49566666666666664,0.5081125,0.9313333333333333,0.8652225,4000,3000,1.3333333333333333,samsung,SM-A127F,6,151.57938639322916,24.711446126302082,225.6357509627728,TRAIN
data/raw/Pepper Berry Grading V3.yolov8/test/images/20260905_172929_jpg.rf.BoCZ3i2fNeoXm0cOAbaY.jpg,data/raw/Pepper Berry Grading V3.yolov8/test/labels/20260905_172929_jpg.rf.BoCZ3i2fNeoXm0cOAbaY.txt,test,b17a72b359ed3d83fb2a64e68ec7ce2b0c5971f4c8f1c7cccd9bbe9e0961064f,D:/work/Year - 4/pepper/project/datset reorder/grade_2/sample_063/20260905_172929.jpg,grade_2,sample_063,grade_2/sample_063,1,V3 Grade 2,0.4856666666666667,0.5441225,0.9246666666666666,0.7172474999999999,4000,3000,1.3333333333333333,samsung,SM-A127F,6,155.2221883138021,21.14385986328125,204.91322207958922,TEST
data/raw/Pepper Berry Grading V3.yolov8/test/images/20260905_175436_jpg.rf.D3CTuZ4JB9g4fI3miClf.jpg,data/raw/Pepper Berry Grading V3.yolov8/test/labels/20260905_175436_jpg.rf.D3CTuZ4JB9g4fI3miClf.txt,test,af9e9e62d7c66d175f07676aef9da8e5a8879a0e6a0f8ed901d0a40784627cc0,D:/work/Year - 4/pepper/project/datset reorder/grade_2/sample_057/20260905_175436.jpg,grade_2,sample_057,grade_2/sample_057,1,V3 Grade 2,0.5133333333333333,0.506125,0.9333333333333333,0.78125,4000,3000,1.3333333333333333,samsung,SM-A127F,6,149.5135701497396,17.35931396484375,210.15860077021821,VALIDATION
data/raw/Pepper Berry Grading V3.yolov8/train/images/20260508_152150_jpg.rf.vNwLIwKr7NHLLr7XuzIl.jpg,data/raw/Pepper Berry Grading V3.yolov8/train/labels/20260508_152150_jpg.rf.vNwLIwKr7NHLLr7XuzIl.txt,train,87bc0c3bf408dbb224030712bcb809284e788e551503de9302c24e2dd7f8868a,D:/work/Year - 4/pepper/project/datset reorder/grade_1/sample_001/20260508_152150.jpg,grade_1,sample_001,grade_1/sample_001,0,V3 Grade 1,0.4093333333333333,0.6011124999999999,0.8053333333333333,0.6712250000000001,4000,3000,1.3333333333333333,samsung,SM-A127F,6,139.93501790364584,68.76609293619792,185.2385750962773,VALIDATION
data/raw/Pepper Berry Grading V3.yolov8/train/images/20260508_152238_jpg.rf.klSGtUeEXMmUUEGlUmYq.jpg,data/raw/Pepper Berry Grading V3.yolov8/train/labels/20260508_152238_jpg.rf.klSGtUeEXMmUUEGlUmYq.txt,train,ca068587173afaab05446b051c42a4e60a6f5520d5abcb68e2400ce95d696e66,D:/work/Year - 4/pepper/project/datset reorder/grade_1/sample_001/20260508_152238.jpg,grade_1,sample_001,grade_1/sample_001,0,V3 Grade 1,0.49833333333333335,0.5545975,0.91,0.8681925,4000,3000,1.3333333333333333,samsung,SM-A127F,6,145.82792154947916,11.938618977864584,192.59088575096277,VALIDATION
data/raw/Pepper Berry Grading V3.yolov8/train/images/20260508_152445_jpg.rf.cqBXkSyoscuKI1Hvps9l.jpg,data/raw/Pepper Berry Grading V3.yolov8/train/labels/20260508_152445_jpg.rf.cqBXkSyoscuKI1Hvps9l.txt,train,35b1df123b1cd00d004dcff0b44e17edbec45d9fb90b7e12bd0ad08303461c07,D:/work/Year - 4/pepper/project/datset reorder/grade_1/sample_001/20260508_152445.jpg,grade_1,sample_001,grade_1/sample_001,0,V3 Grade 1,0.463875,0.42290333333333335,0.75025,0.7684733333333333,4000,3000,1.3333333333333333,samsung,SM-A127F,3,137.74786376953125,16.922892252604168,176.56463414634146,VALIDATION
data/raw/Pepper Berry Grading V3.yolov8/train/images/20260508_152630_jpg.rf.xTqAt3XA8sX2kV03HJrD.jpg,data/raw/Pepper Berry Grading V3.yolov8/train/labels/20260508_152630_jpg.rf.xTqAt3XA8sX2kV03HJrD.txt,train,16a22904e3473f652afc45fcfe774ecdbc60aa0c424fc4c829ee40e31a7045c2,D:/work/Year - 4/pepper/project/datset reorder/grade_1/sample_002/20260508_152630.jpg,grade_1,sample_002,grade_1/sample_002,0,V3 Grade 1,0.4673333333333333,0.56025,0.9346666666666666,0.8795,4000,3000,1.3333333333333333,samsung,SM-A127F,6,136.42626953125,13.094340006510416,193.54454428754815,TRAIN
data/raw/Pepper Berry Grading V3.yolov8/train/images/20260508_152707_jpg.rf.dYvqY2rz3KJP7R309501.jpg,data/raw/Pepper Berry Grading V3.yolov8/train/labels/20260508_152707_jpg.rf.dYvqY2rz3KJP7R309501.txt,train,640b59a32bcccd9fe1a3a586cf9110f5584c9bad5f66e0b00839021e2afaa669,D:/work/Year - 4/pepper/project/datset reorder/grade_1/sample_002/20260508_152707.jpg,grade_1,sample_002,grade_1/sample_002,0,V3 Grade 1,0.486,0.4856075,0.972,0.9302174999999999,4000,3000,1.3333333333333333,samsung,SM-A127F,6,134.2610066731771,16.698099772135418,207.30706033376123,TRAIN
data/raw/Pepper Berry Grading V3.yolov8/train/images/20260508_152716_jpg.rf.Ywb5jR1IpPr3hq3LdTEM.jpg,data/raw/Pepper Berry Grading V3.yolov8/train/labels/20260508_152716_jpg.rf.Ywb5jR1IpPr3hq3LdTEM.txt,train,994c9e4a2865cf124209e0537cfcc26d2f87d70d123b23e7826adafd47f14d42,D:/work/Year - 4/pepper/project/datset reorder/grade_1/sample_002/20260508_152716.jpg,grade_1,sample_002,grade_1/sample_002,0,V3 Grade 1,0.48733333333333334,0.5068525,0.9746666666666667,0.927705,4000,3000,1.3333333333333333,samsung,SM-A127F,6,147.34515380859375,11.727701822916666,218.92137355584083,TRAIN
data/raw/Pepper Berry Grading V3.yolov8/train/images/20260508_152835_jpg.rf.Wb4LOntysfcFw2MGmfEi.jpg,data/raw/Pepper Berry Grading V3.yolov8/train/labels/20260508_152835_jpg.rf.Wb4LOntysfcFw2MGmfEi.txt,train,698111a738001504a0b5112c078f9b9b33b439a4b9681205045cc19e5e69049d,D:/work/Year - 4/pepper/project/datset reorder/grade_1/sample_002/20260508_152835.jpg,grade_1,sample_002,grade_1/sample_002,0,V3 Grade 1,0.4696666666666667,0.52237,0.9193333333333333,0.7887375,4000,3000,1.3333333333333333,samsung,SM-A127F,6,145.53173828125,12.75848388671875,194.0926187419769,TRAIN
data/raw/Pepper Berry Grading V3.yolov8/train/images/20260508_153025_jpg.rf.vRjSfc60GW12oeDzEVjB.jpg,data/raw/Pepper Berry Grading V3.yolov8/train/labels/20260508_153025_jpg.rf.vRjSfc60GW12oeDzEVjB.txt,train,af5c9024dcec6f30e13c06769968aa47e06f375d0116cd480824528a139a7d5b,D:/work/Year - 4/pepper/project/datset reorder/grade_1/sample_003/20260508_153025.jpg,grade_1,sample_003,grade_1/sample_003,0,V3 Grade 1,0.492,0.597605,0.9706666666666667,0.7342075,4000,3000,1.3333333333333333,samsung,SM-A127F,6,130.4561564127604,13.870951334635416,178.55539152759948,TRAIN
data/raw/Pepper Berry Grading V3.yolov8/train/images/20260508_153102_jpg.rf.gzMhPf7CtewauSYEBOCw.jpg,data/raw/Pepper Berry Grading V3.yolov8/train/labels/20260508_153102_jpg.rf.gzMhPf7CtewauSYEBOCw.txt,train,81427a4fef7cabffd78a7739d5ccfb70cc1d1a8a37cec02f54b3b79e36759329,D:/work/Year - 4/pepper/project/datset reorder/grade_1/sample_003/20260508_153102.jpg,grade_1,sample_003,grade_1/sample_003,0,V3 Grade 1,0.47833333333333333,0.496875,0.95,0.8077475,4000,3000,1.3333333333333333,samsung,SM-A127F,6,142.7786661783854,13.465596516927084,200.62008985879334,TRAIN
data/raw/Pepper Berry Grading V3.yolov8/train/images/20260508_153140_jpg.rf.b6NBt6pg8r3HTc9cvoah.jpg,data/raw/Pepper Berry Grading V3.yolov8/train/labels/20260508_153140_jpg.rf.b6NBt6pg8r3HTc9cvoah.txt,train,a1d877612109208dc5f90f5db8d64ab3ea4afdd4ccdc102e4e380c973d082e91,D:/work/Year - 4/pepper/project/datset reorder/grade_1/sample_003/20260508_153140.jpg,grade_1,sample_003,grade_1/sample_003,0,V3 Grade 1,0.46266666666666667,0.5216075,0.912,0.8622150000000001,4000,3000,1.3333333333333333,samsung,SM-A127F,6,130.49104817708334,16.171162923177082,180.7785622593068,TRAIN
data/raw/Pepper Berry Grading V3.yolov8/train/images/20260508_153312_jpg.rf.rwDfwYtoqhe5nSd6qqfa.jpg,data/raw/Pepper Berry Grading V3.yolov8/train/labels/20260508_153312_jpg.rf.rwDfwYtoqhe5nSd6qqfa.txt,train,5c9ae580c410bd2a6449afab7ad427e8af965551495ba204afaa753643dc35a0,D:/work/Year - 4/pepper/project/datset reorder/grade_1/sample_004/20260508_153312.jpg,grade_1,sample_004,grade_1/sample_004,0,V3 Grade 1,0.5,0.52775,1.0,0.9445,4000,3000,1.3333333333333333,samsung,SM-A127F,6,129.85479736328125,18.5029296875,188.8048780487805,TRAIN
data/raw/Pepper Berry Grading V3.yolov8/train/images/20260508_153348_jpg.rf.ptDZLxROZaGEbrgx78P2.jpg,data/raw/Pepper Berry Grading V3.yolov8/train/labels/20260508_153348_jpg.rf.ptDZLxROZaGEbrgx78P2.txt,train,b96ebd02e5e783ad96e8a5775d59fc2fbcac39c02e38da5c6759b4ee3a79fddc,D:/work/Year - 4/pepper/project/datset reorder/grade_1/sample_004/20260508_153348.jpg,grade_1,sample_004,grade_1/sample_004,0,V3 Grade 1,0.4866666666666667,0.58275,0.96,0.8345,4000,3000,1.3333333333333333,samsung,SM-A127F,6,135.6976521809896,17.628621419270832,195.37926829268292,TRAIN
data/raw/Pepper Berry Grading V3.yolov8/train/images/20260508_153514_jpg.rf.yhzZjyhplXxy4I9tNt14.jpg,data/raw/Pepper Berry Grading V3.yolov8/train/labels/20260508_153514_jpg.rf.yhzZjyhplXxy4I9tNt14.txt,train,b83aea3ba140e351cc453a37af1e1cc2a1075d3871155a45bdcc432582597180,D:/work/Year - 4/pepper/project/datset reorder/grade_1/sample_005/20260508_153514.jpg,grade_1,sample_005,grade_1/sample_005,0,V3 Grade 1,0.42025,0.38908666666666664,0.7355,0.7375033333333334,4000,3000,1.3333333333333333,samsung,SM-A127F,3,142.87005615234375,58.38970947265625,191.8247753530167,TRAIN
data/raw/Pepper Berry Grading V3.yolov8/train/images/20260508_153531_jpg.rf.M5OwHZ1Nc76oHcM7nAvy.jpg,data/raw/Pepper Berry Grading V3.yolov8/train/labels/20260508_153531_jpg.rf.M5OwHZ1Nc76oHcM7nAvy.txt,train,01f85c3f94140e6fdd58d8e9a8bbc4693e75b07c4fb19e70d7d7058c37c2fe7b,D:/work/Year - 4/pepper/project/datset reorder/grade_1/sample_005/20260508_153531.jpg,grade_1,sample_005,grade_1/sample_005,0,V3 Grade 1,0.486,0.5365,0.972,0.927,4000,3000,1.3333333333333333,samsung,SM-A127F,6,147.92767333984375,11.399190266927084,209.7657894736842,TRAIN
data/raw/Pepper Berry Grading V3.yolov8/train/images/20260508_153558_jpg.rf.MGmbne0p7sHc7hpSBeb0.jpg,data/raw/Pepper Berry Grading V3.yolov8/train/labels/20260508_153558_jpg.rf.MGmbne0p7sHc7hpSBeb0.txt,train,8088075d913139b8cb88cc61f3fbad1b43108bb02e44457e96d0671c821ef815,D:/work/Year - 4/pepper/project/datset reorder/grade_1/sample_005/20260508_153558.jpg,grade_1,sample_005,grade_1/sample_005,0,V3 Grade 1,0.5,0.5308425,1.0,0.9356875,4000,3000,1.3333333333333333,samsung,SM-A127F,6,127.21809895833333,20.00384521484375,190.17901155327343,TRAIN
data/raw/Pepper Berry Grading V3.yolov8/train/images/20260508_153635_jpg.rf.XrjzfwCG8f3IuNGCxPzp.jpg,data/raw/Pepper Berry Grading V3.yolov8/train/labels/20260508_153635_jpg.rf.XrjzfwCG8f3IuNGCxPzp.txt,train,bd8c896e210c1b32017052a2af740e38ede8e5db48a8d1390e50a2662aeaa59a,D:/work/Year - 4/pepper/project/datset reorder/grade_1/sample_005/20260508_153635.jpg,grade_1,sample_005,grade_1/sample_005,0,V3 Grade 1,0.5,0.61275,1.0,0.7745,4000,3000,1.3333333333333333,samsung,SM-A127F,6,112.03497314453125,22.123291015625,151.07021822849808,TRAIN
data/raw/Pepper Berry Grading V3.yolov8/train/images/20260508_153716_jpg.rf.hSvIZkgHLbSpVPAE4u2X.jpg,data/raw/Pepper Berry Grading V3.yolov8/train/labels/20260508_153716_jpg.rf.hSvIZkgHLbSpVPAE4u2X.txt,train,dbb51249904054f0f52c99ab5e4bb4be2a67b05e493ac410b03581cd07d9310e,D:/work/Year - 4/pepper/project/datset reorder/grade_1/sample_006/20260508_153716.jpg,grade_1,sample_006,grade_1/sample_006,0,V3 Grade 1,0.475,0.49234666666666665,0.95,0.9840300000000001,4000,3000,1.3333333333333333,samsung,SM-A127F,3,138.46879069010416,31.971537272135418,192.83761232349167,TRAIN
data/raw/Pepper Berry Grading V3.yolov8/train/images/20260508_153805_jpg.rf.N7xoS75LyJ2crNnGz0nG.jpg,data/raw/Pepper Berry Grading V3.yolov8/train/labels/20260508_153805_jpg.rf.N7xoS75LyJ2crNnGz0nG.txt,train,565cdd80ff5db3d65843c2c0d06c7d4228e21596b4a8227f3bf120134c6972c0,D:/work/Year - 4/pepper/project/datset reorder/grade_1/sample_006/20260508_153805.jpg,grade_1,sample_006,grade_1/sample_006,0,V3 Grade 1,0.49366666666666664,0.514,0.9406666666666667,0.972,4000,3000,1.3333333333333333,samsung,SM-A127F,6,167.15802001953125,8.982218424479166,227.73504492939665,TRAIN
data/raw/Pepper Berry Grading V3.yolov8/train/images/20260508_153811_jpg.rf.ep4drVmCKnIwa6PhW5uo.jpg,data/raw/Pepper Berry Grading V3.yolov8/train/labels/20260508_153811_jpg.rf.ep4drVmCKnIwa6PhW5uo.txt,train,345018ab70f588116e299addd9d8a39e12208410212252f55c86b1bc2da6f979,D:/work/Year - 4/pepper/project/datset reorder/grade_1/sample_006/20260508_153811.jpg,grade_1,sample_006,grade_1/sample_006,0,V3 Grade 1,0.5033333333333333,0.54775,0.9933333333333333,0.9045,4000,3000,1.3333333333333333,samsung,SM-A127F,6,140.39599609375,16.046549479166668,203.9165596919127,TRAIN
data/raw/Pepper Berry Grading V3.yolov8/train/images/20260508_154024_jpg.rf.eG7zzKXe4ZtWzBWDSULS.jpg,data/raw/Pepper Berry Grading V3.yolov8/train/labels/20260508_154024_jpg.rf.eG7zzKXe4ZtWzBWDSULS.txt,train,61b531824041f02cfd360344476242bc3b80840c711b38909df546aacc1477c2,D:/work/Year - 4/pepper/project/datset reorder/grade_1/sample_007/20260508_154024.jpg,grade_1,sample_007,grade_1/sample_007,0,V3 Grade 1,0.522,0.529,0.7773333333333333,0.942,4000,3000,1.3333333333333333,samsung,SM-A127F,6,141.329345703125,40.72174072265625,203.32766367137356,VALIDATION
data/raw/Pepper Berry Grading V3.yolov8/train/images/20260508_154049_jpg.rf.aOCzHYe7N1tyHTKZxcoC.jpg,data/raw/Pepper Berry Grading V3.yolov8/train/labels/20260508_154049_jpg.rf.aOCzHYe7N1tyHTKZxcoC.txt,train,1f9b61c33a509a77b724ed2d5ccb1dab5e009de4f707a37b3f48442406f52447,D:/work/Year - 4/pepper/project/datset reorder/grade_1/sample_007/20260508_154049.jpg,grade_1,sample_007,grade_1/sample_007,0,V3 Grade 1,0.49666666666666665,0.524355,0.9933333333333333,0.87271,4000,3000,1.3333333333333333,samsung,SM-A127F,6,145.51017252604166,15.3397216796875,203.58048780487806,VALIDATION
data/raw/Pepper Berry Grading V3.yolov8/train/images/20260508_154116_jpg.rf.i9WKMdryVhNzZ5JkA1Gp.jpg,data/raw/Pepper Berry Grading V3.yolov8/train/labels/20260508_154116_jpg.rf.i9WKMdryVhNzZ5JkA1Gp.txt,train,72261e7c1b119391da5c753c48464d6e9bddd57d1ad5b4c34cacf5bbf4761869,D:/work/Year - 4/pepper/project/datset reorder/grade_1/sample_007/20260508_154116.jpg,grade_1,sample_007,grade_1/sample_007,0,V3 Grade 1,0.48333333333333334,0.5073575,0.9666666666666667,0.8987125,4000,3000,1.3333333333333333,samsung,SM-A127F,6,144.66520182291666,15.502726236979166,206.96540436456996,VALIDATION
data/raw/Pepper Berry Grading V3.yolov8/train/images/20260508_154150_jpg.rf.rA13xHOn6SqxOBCigFZa.jpg,data/raw/Pepper Berry Grading V3.yolov8/train/labels/20260508_154150_jpg.rf.rA13xHOn6SqxOBCigFZa.txt,train,81ccc9369ff546373bcff096b3145ceebd08b4735acb44d7baee702a480e89fa,D:/work/Year - 4/pepper/project/datset reorder/grade_1/sample_007/20260508_154150.jpg,grade_1,sample_007,grade_1/sample_007,0,V3 Grade 1,0.45,0.48835,0.9,0.9767,4000,3000,1.3333333333333333,samsung,SM-A127F,6,137.87565104166666,13.128438313802084,195.9283055198973,VALIDATION
data/raw/Pepper Berry Grading V3.yolov8/train/images/20260508_154240_jpg.rf.l01hWambMOSqjdyotPa6.jpg,data/raw/Pepper Berry Grading V3.yolov8/train/labels/20260508_154240_jpg.rf.l01hWambMOSqjdyotPa6.txt,train,39c8bddbff8816241f1a8e21e25328c7cee54eb7357196e2c2cffcda6b6bcf70,D:/work/Year - 4/pepper/project/datset reorder/grade_1/sample_008/20260508_154240.jpg,grade_1,sample_008,grade_1/sample_008,0,V3 Grade 1,0.45966666666666667,0.559,0.9126666666666666,0.882,4000,3000,1.3333333333333333,samsung,SM-A127F,6,134.8487752278646,38.771830240885414,192.2395378690629,VALIDATION
data/raw/Pepper Berry Grading V3.yolov8/train/images/20260508_154315_jpg.rf.eHUOBa6aD7mFJMiB3laY.jpg,data/raw/Pepper Berry Grading V3.yolov8/train/labels/20260508_154315_jpg.rf.eHUOBa6aD7mFJMiB3laY.txt,train,881ffe968b758039094f5f838abc98d8696d63eaf3e497720c96d4a694e1841d,D:/work/Year - 4/pepper/project/datset reorder/grade_1/sample_008/20260508_154315.jpg,grade_1,sample_008,grade_1/sample_008,0,V3 Grade 1,0.455,0.44296,0.91,0.88592,4000,3000,1.3333333333333333,samsung,SM-A127F,3,136.822998046875,16.148966471354168,189.6395378690629,VALIDATION
data/raw/Pepper Berry Grading V3.yolov8/train/images/20260508_154436_jpg.rf.cAe6H5C703L0IlNfBJE3.jpg,data/raw/Pepper Berry Grading V3.yolov8/train/labels/20260508_154436_jpg.rf.cAe6H5C703L0IlNfBJE3.txt,train,9a0439a4c761c559209fd4589eb4d64e813b43e1ca22c73cb975cc31539fdd67,D:/work/Year - 4/pepper/project/datset reorder/grade_1/sample_008/20260508_154436.jpg,grade_1,sample_008,grade_1/sample_008,0,V3 Grade 1,0.4643333333333333,0.55525,0.9086666666666666,0.8895,4000,3000,1.3333333333333333,samsung,SM-A127F,6,123.20916748046875,19.59173583984375,172.88299101412068,VALIDATION
data/raw/Pepper Berry Grading V3.yolov8/train/images/20260508_154544_jpg.rf.wV1efHPVb2G0LPWkDsDm.jpg,data/raw/Pepper Berry Grading V3.yolov8/train/labels/20260508_154544_jpg.rf.wV1efHPVb2G0LPWkDsDm.txt,train,839859aa3348cd5f9be2092e9a6fba04c28ca65094055949f0fed6b0b0f1f941,D:/work/Year - 4/pepper/project/datset reorder/grade_1/sample_009/20260508_154544.jpg,grade_1,sample_009,grade_1/sample_009,0,V3 Grade 1,0.5033333333333333,0.5958424999999999,0.9933333333333333,0.8056875,4000,3000,1.3333333333333333,samsung,SM-A127F,6,156.15926106770834,13.790608723958334,208.1374839537869,TRAIN
data/raw/Pepper Berry Grading V3.yolov8/train/images/20260508_154648_jpg.rf.R4fFompCRE6AupemUDhJ.jpg,data/raw/Pepper Berry Grading V3.yolov8/train/labels/20260508_154648_jpg.rf.R4fFompCRE6AupemUDhJ.txt,train,4383958ac0862c6ab3ce5b41c906b7a931d63333a4d5cbc12dc88992daefb370,D:/work/Year - 4/pepper/project/datset reorder/grade_1/sample_009/20260508_154648.jpg,grade_1,sample_009,grade_1/sample_009,0,V3 Grade 1,0.5,0.5575950000000001,1.0,0.87419,4000,3000,1.3333333333333333,samsung,SM-A127F,6,128.48919677734375,21.597249348958332,169.02971758664955,TRAIN
data/raw/Pepper Berry Grading V3.yolov8/train/images/20260508_154731_jpg.rf.sFjKLQEPmKxTlKt2BMuh.jpg,data/raw/Pepper Berry Grading V3.yolov8/train/labels/20260508_154731_jpg.rf.sFjKLQEPmKxTlKt2BMuh.txt,train,afe929dfc9408cc5290721269a4336f73bd8a016caebfbd6d1736e760c8f5c06,D:/work/Year - 4/pepper/project/datset reorder/grade_1/sample_010/20260508_154731.jpg,grade_1,sample_010,grade_1/sample_010,0,V3 Grade 1,0.4493333333333333,0.5,0.7786666666666666,1.0,4000,3000,1.3333333333333333,samsung,SM-A127F,6,121.81642659505208,44.939208984375,187.8403080872914,TRAIN
data/raw/Pepper Berry Grading V3.yolov8/train/images/20260508_154854_jpg.rf.fkgBcSJ4zMY1UeZJgYbL.jpg,data/raw/Pepper Berry Grading V3.yolov8/train/labels/20260508_154854_jpg.rf.fkgBcSJ4zMY1UeZJgYbL.txt,train,6de3fcbbcaa1580bab10533a6bc5e666ae660df403a00ccdc0d1815135f63480,D:/work/Year - 4/pepper/project/datset reorder/grade_1/sample_010/20260508_154854.jpg,grade_1,sample_010,grade_1/sample_010,0,V3 Grade 1,0.5033333333333333,0.5365,0.9933333333333333,0.927,4000,3000,1.3333333333333333,samsung,SM-A127F,6,119.60986328125,20.638936360677082,169.26360718870347,TRAIN
data/raw/Pepper Berry Grading V3.yolov8/train/images/20260508_154934_jpg.rf.kBbrL9DomzRgRi2VcdL4.jpg,data/raw/Pepper Berry Grading V3.yolov8/train/labels/20260508_154934_jpg.rf.kBbrL9DomzRgRi2VcdL4.txt,train,8fd23288acfa9651438f0d52e9306aeb3ac0000b896e7d50ecbedd082e9fe46f,D:/work/Year - 4/pepper/project/datset reorder/grade_1/sample_010/20260508_154934.jpg,grade_1,sample_010,grade_1/sample_010,0,V3 Grade 1,0.5,0.5633425,1.0,0.8706875,4000,3000,1.3333333333333333,samsung,SM-A127F,6,111.21112060546875,19.8714599609375,147.03562259306804,TRAIN
data/raw/Pepper Berry Grading V3.yolov8/train/images/20260508_155016_jpg.rf.Pt7Z4QB16GhBONd5Ytul.jpg,data/raw/Pepper Berry Grading V3.yolov8/train/labels/20260508_155016_jpg.rf.Pt7Z4QB16GhBONd5Ytul.txt,train,0d3db4fec2d1f50951e4ee784bd146812458eb98e86ee542debccee5f8667a25,D:/work/Year - 4/pepper/project/datset reorder/grade_1/sample_010/20260508_155016.jpg,grade_1,sample_010,grade_1/sample_010,0,V3 Grade 1,0.5,0.5115,1.0,0.977,4000,3000,1.3333333333333333,samsung,SM-A127F,6,111.38189697265625,19.103129069010418,159.23273427471116,TRAIN
data/raw/Pepper Berry Grading V3.yolov8/train/images/20260508_155056_jpg.rf.Zf6qLF0rO4enxfGs290v.jpg,data/raw/Pepper Berry Grading V3.yolov8/train/labels/20260508_155056_jpg.rf.Zf6qLF0rO4enxfGs290v.txt,train,aa5e1dcbf43e713a0be6384389ff3e19337560d7c89eeddcc0457c49f425e533,D:/work/Year - 4/pepper/project/datset reorder/grade_1/sample_011/20260508_155056.jpg,grade_1,sample_011,grade_1/sample_011,0,V3 Grade 1,0.436625,0.36959666666666663,0.84075,0.7151900000000001,4000,3000,1.3333333333333333,samsung,SM-A127F,3,143.9701944986979,52.532694498697914,195.65706033376122,TRAIN
data/raw/Pepper Berry Grading V3.yolov8/train/images/20260508_155134_jpg.rf.Idg5jxhnriYXJK5Mp8WX.jpg,data/raw/Pepper Berry Grading V3.yolov8/train/labels/20260508_155134_jpg.rf.Idg5jxhnriYXJK5Mp8WX.txt,train,f76f97a401702ce4506e6b720efaf509e746bde015ba77cb9a82bb4ca0cb69f0,D:/work/Year - 4/pepper/project/datset reorder/grade_1/sample_011/20260508_155134.jpg,grade_1,sample_011,grade_1/sample_011,0,V3 Grade 1,0.455,0.48352,0.87,0.9563766666666667,4000,3000,1.3333333333333333,samsung,SM-A127F,3,134.83756510416666,15.325032552083334,199.86707317073171,TRAIN
data/raw/Pepper Berry Grading V3.yolov8/train/images/20260508_155237_jpg.rf.ZeB4T0Xz5ATpERf8DYGP.jpg,data/raw/Pepper Berry Grading V3.yolov8/train/labels/20260508_155237_jpg.rf.ZeB4T0Xz5ATpERf8DYGP.txt,train,ab05b7ff835ccd9176521ced9dae0d8f327b6a7f5f277e125f8d1411340efe27,D:/work/Year - 4/pepper/project/datset reorder/grade_1/sample_011/20260508_155237.jpg,grade_1,sample_011,grade_1/sample_011,0,V3 Grade 1,0.5016666666666667,0.57275,0.9966666666666667,0.8545,4000,3000,1.3333333333333333,samsung,SM-A127F,6,120.47361246744792,20.362162272135418,158.1987163029525,TRAIN
data/raw/Pepper Berry Grading V3.yolov8/train/images/20260508_155333_jpg.rf.suL4Z71rXLELHAJA9cDs.jpg,data/raw/Pepper Berry Grading V3.yolov8/train/labels/20260508_155333_jpg.rf.suL4Z71rXLELHAJA9cDs.txt,train,7f52dac5bf3879b8357201ceb19c9952aceec7e4bec331080a7ed2692a60fc9c,D:/work/Year - 4/pepper/project/datset reorder/grade_1/sample_012/20260508_155333.jpg,grade_1,sample_012,grade_1/sample_012,0,V3 Grade 1,0.381,0.55025,0.7553333333333333,0.8995,4000,3000,1.3333333333333333,samsung,SM-A127F,6,121.39369710286458,58.166849772135414,160.86264441591786,VALIDATION
data/raw/Pepper Berry Grading V3.yolov8/train/images/20260508_155524_jpg.rf.VW45dr6NPyHOVJMJztPa.jpg,data/raw/Pepper Berry Grading V3.yolov8/train/labels/20260508_155524_jpg.rf.VW45dr6NPyHOVJMJztPa.txt,train,363721b7489ab4ee9845f8da30203debe78eebe0116c84cbfe5561ce399d24eb,D:/work/Year - 4/pepper/project/datset reorder/grade_1/sample_012/20260508_155524.jpg,grade_1,sample_012,grade_1/sample_012,0,V3 Grade 1,0.46266666666666667,0.5115,0.912,0.977,4000,3000,1.3333333333333333,samsung,SM-A127F,6,124.5001220703125,20.91192626953125,174.61688061617457,VALIDATION
data/raw/Pepper Berry Grading V3.yolov8/train/images/20260508_155609_jpg.rf.hOKYUzG7pD1kXOtW723q.jpg,data/raw/Pepper Berry Grading V3.yolov8/train/labels/20260508_155609_jpg.rf.hOKYUzG7pD1kXOtW723q.txt,train,fd34dfc799d25c51b8af8fd5e1858e05fcd7baebbbd37822a8438cce05334d3d,D:/work/Year - 4/pepper/project/datset reorder/grade_1/sample_013/20260508_155609.jpg,grade_1,sample_013,grade_1/sample_013,0,V3 Grade 1,0.457,0.41889333333333334,0.914,0.8377866666666667,4000,3000,1.3333333333333333,samsung,SM-A127F,3,120.65098063151042,50.240865071614586,172.62682926829268,TEST
data/raw/Pepper Berry Grading V3.yolov8/train/images/20260508_155644_jpg.rf.QRhp3doiMuBLMfyDTf4j.jpg,data/raw/Pepper Berry Grading V3.yolov8/train/labels/20260508_155644_jpg.rf.QRhp3doiMuBLMfyDTf4j.txt,train,e48147ff047769cba23111a9287d15b42f18707cef34a610b77db96102c1eb4a,D:/work/Year - 4/pepper/project/datset reorder/grade_1/sample_013/20260508_155644.jpg,grade_1,sample_013,grade_1/sample_013,0,V3 Grade 1,0.47533333333333333,0.5685950000000001,0.9506666666666667,0.8561875,4000,3000,1.3333333333333333,samsung,SM-A127F,6,131.1316935221354,14.607096354166666,178.4328626444159,TEST
data/raw/Pepper Berry Grading V3.yolov8/train/images/20260508_155708_jpg.rf.VbPWJb7vZbRbrD5TQ3Qp.jpg,data/raw/Pepper Berry Grading V3.yolov8/train/labels/20260508_155708_jpg.rf.VbPWJb7vZbRbrD5TQ3Qp.txt,train,0327c913a4360c6415c02d29a329a401e5f765b6779a8fa7658c7acb5ce1170f,D:/work/Year - 4/pepper/project/datset reorder/grade_1/sample_013/20260508_155708.jpg,grade_1,sample_013,grade_1/sample_013,0,V3 Grade 1,0.498,0.57275,0.996,0.8545,4000,3000,1.3333333333333333,samsung,SM-A127F,6,117.99094645182292,18.468770345052082,161.45397946084725,TEST
data/raw/Pepper Berry Grading V3.yolov8/train/images/20260508_155742_jpg.rf.MfOTYGJytGYQXCZimUFK.jpg,data/raw/Pepper Berry Grading V3.yolov8/train/labels/20260508_155742_jpg.rf.MfOTYGJytGYQXCZimUFK.txt,train,e6166321e9b31f02abea6459d51b38bf922f90c53572f38c0bc53c92c4d2376d,D:/work/Year - 4/pepper/project/datset reorder/grade_1/sample_013/20260508_155742.jpg,grade_1,sample_013,grade_1/sample_013,0,V3 Grade 1,0.5033333333333333,0.5658500000000001,0.9933333333333333,0.8257000000000001,4000,3000,1.3333333333333333,samsung,SM-A127F,6,120.28664143880208,16.577596028645832,167.46136071887034,TEST
data/raw/Pepper Berry Grading V3.yolov8/train/images/20260508_155809_jpg.rf.ZStva3spsaFC7u3A1ip2.jpg,data/raw/Pepper Berry Grading V3.yolov8/train/labels/20260508_155809_jpg.rf.ZStva3spsaFC7u3A1ip2.txt,train,49ee641db24e390f5ae67584998969ea44ddf8101fb182ac14e9f537a9228a7f,D:/work/Year - 4/pepper/project/datset reorder/grade_1/sample_014/20260508_155809.jpg,grade_1,sample_014,grade_1/sample_014,0,V3 Grade 1,0.432,0.3780866666666667,0.864,0.74884,4000,3000,1.3333333333333333,samsung,SM-A127F,3,138.2882080078125,50.39898681640625,182.03254172015406,TRAIN
data/raw/Pepper Berry Grading V3.yolov8/train/images/20260508_155931_jpg.rf.K6huEzEbhfNE1HSqoHhs.jpg,data/raw/Pepper Berry Grading V3.yolov8/train/labels/20260508_155931_jpg.rf.K6huEzEbhfNE1HSqoHhs.txt,train,ba57982793b37c4d4c610c8482bfc7c00e28e4b3e059ba51ff4ce299bd2219e2,D:/work/Year - 4/pepper/project/datset reorder/grade_1/sample_014/20260508_155931.jpg,grade_1,sample_014,grade_1/sample_014,0,V3 Grade 1,0.498,0.52525,0.996,0.9495,4000,3000,1.3333333333333333,samsung,SM-A127F,6,124.748291015625,20.726521809895832,173.71052631578948,TRAIN
data/raw/Pepper Berry Grading V3.yolov8/train/images/20260508_155949_jpg.rf.vVsiioL3jqg9FMv55D7f.jpg,data/raw/Pepper Berry Grading V3.yolov8/train/labels/20260508_155949_jpg.rf.vVsiioL3jqg9FMv55D7f.txt,train,83fee78aa00315b0e6ddb833e5c983cc27ccc0c7b927c1bff8c89d9176a6ebd7,D:/work/Year - 4/pepper/project/datset reorder/grade_1/sample_014/20260508_155949.jpg,grade_1,sample_014,grade_1/sample_014,0,V3 Grade 1,0.5,0.63275,1.0,0.7345,4000,3000,1.3333333333333333,samsung,SM-A127F,6,139.13262939453125,12.65350341796875,164.03279845956354,TRAIN
data/raw/Pepper Berry Grading V3.yolov8/train/images/20260508_160032_jpg.rf.bMcKUHap1Y9i6rXx52fp.jpg,data/raw/Pepper Berry Grading V3.yolov8/train/labels/20260508_160032_jpg.rf.bMcKUHap1Y9i6rXx52fp.txt,train,8e55c989f81f6b35758eb0e51e0668bfa665f253a38702b15404904ddaa3a182,D:/work/Year - 4/pepper/project/datset reorder/grade_1/sample_015/20260508_160032.jpg,grade_1,sample_015,grade_1/sample_015,0,V3 Grade 1,0.37,0.62275,0.74,0.7545,4000,3000,1.3333333333333333,samsung,SM-A127F,6,137.9984334309896,53.799845377604164,164.21636713735558,TRAIN
data/raw/Pepper Berry Grading V3.yolov8/train/images/20260508_160054_jpg.rf.OlaVssL8gPRJZEjpam8a.jpg,data/raw/Pepper Berry Grading V3.yolov8/train/labels/20260508_160054_jpg.rf.OlaVssL8gPRJZEjpam8a.txt,train,22bdfba164c9dfa5f23288884727d1e7d53cb35b7478aca281a03ec54a4e5482,D:/work/Year - 4/pepper/project/datset reorder/grade_1/sample_015/20260508_160054.jpg,grade_1,sample_015,grade_1/sample_015,0,V3 Grade 1,0.4836666666666667,0.5336025,0.9606666666666667,0.8662075,4000,3000,1.3333333333333333,samsung,SM-A127F,6,150.5020955403646,12.655517578125,221.24807445442875,TRAIN
data/raw/Pepper Berry Grading V3.yolov8/train/images/20260508_160134_jpg.rf.yvuSUfmFdOYh9fUJS2F0.jpg,data/raw/Pepper Berry Grading V3.yolov8/train/labels/20260508_160134_jpg.rf.yvuSUfmFdOYh9fUJS2F0.txt,train,4feaeb40f433bd2eaa2b28dfcd5c2bac3ec8b25e156ef223457cb55759bdffd3,D:/work/Year - 4/pepper/project/datset reorder/grade_1/sample_015/20260508_160134.jpg,grade_1,sample_015,grade_1/sample_015,0,V3 Grade 1,0.5033333333333333,0.50525,0.9933333333333333,0.9895,4000,3000,1.3333333333333333,samsung,SM-A127F,6,130.7309773763021,19.180623372395832,184.84300385109114,TRAIN
data/raw/Pepper Berry Grading V3.yolov8/train/images/20260508_160207_jpg.rf.KeK1N1OEK0tWTNBbes2a.jpg,data/raw/Pepper Berry Grading V3.yolov8/train/labels/20260508_160207_jpg.rf.KeK1N1OEK0tWTNBbes2a.txt,train,da7b42033bb35ad8cd5e7be267e0fae51f03fc83987adb8672ef5a1b44af0a58,D:/work/Year - 4/pepper/project/datset reorder/grade_1/sample_015/20260508_160207.jpg,grade_1,sample_015,grade_1/sample_015,0,V3 Grade 1,0.4856666666666667,0.5406025,0.738,0.860205,4000,3000,1.3333333333333333,samsung,SM-A127F,6,140.8742879231771,12.561197916666666,177.45725288831835,TRAIN
data/raw/Pepper Berry Grading V3.yolov8/train/images/20260508_160357_jpg.rf.evUEakrcej9IBEhEAzsh.jpg,data/raw/Pepper Berry Grading V3.yolov8/train/labels/20260508_160357_jpg.rf.evUEakrcej9IBEhEAzsh.txt,train,bd301cdd3238dee91e7abed3c21b69bab22b8c624f591a88b77b480a12849fd7,D:/work/Year - 4/pepper/project/datset reorder/grade_1/sample_016/20260508_160357.jpg,grade_1,sample_016,grade_1/sample_016,0,V3 Grade 1,0.5,0.51025,1.0,0.9795,4000,3000,1.3333333333333333,samsung,SM-A127F,6,112.17840576171875,23.328857421875,160.60121951219512,TRAIN
data/raw/Pepper Berry Grading V3.yolov8/train/images/20260508_160448_jpg.rf.ibx8cFDoTeCNvi8dwRDk.jpg,data/raw/Pepper Berry Grading V3.yolov8/train/labels/20260508_160448_jpg.rf.ibx8cFDoTeCNvi8dwRDk.txt,train,859748aa434819ca807f842fdd79d478f107e098b060e78d4946dfe8e48e74f8,D:/work/Year - 4/pepper/project/datset reorder/grade_1/sample_016/20260508_160448.jpg,grade_1,sample_016,grade_1/sample_016,0,V3 Grade 1,0.49666666666666665,0.52275,0.9933333333333333,0.9545,4000,3000,1.3333333333333333,samsung,SM-A127F,6,112.03717041015625,23.132527669270832,158.64858793324774,TRAIN
data/raw/Pepper Berry Grading V3.yolov8/train/images/20260508_160831_jpg.rf.aC1hT90L41bKqFsKi2yd.jpg,data/raw/Pepper Berry Grading V3.yolov8/train/labels/20260508_160831_jpg.rf.aC1hT90L41bKqFsKi2yd.txt,train,da353e55eab0856c5ef90a5f47af5d526e97a26d93c73dd09323b7c4f17e0590,D:/work/Year - 4/pepper/project/datset reorder/grade_1/sample_018/20260508_160831.jpg,grade_1,sample_018,grade_1/sample_018,0,V3 Grade 1,0.48,0.49035,0.96,0.9667033333333334,4000,3000,1.3333333333333333,samsung,SM-A127F,3,113.19287109375,22.076009114583332,171.098973042362,TRAIN
data/raw/Pepper Berry Grading V3.yolov8/train/images/20260508_160921_jpg.rf.YM6vYmMuqJHjftMu08fb.jpg,data/raw/Pepper Berry Grading V3.yolov8/train/labels/20260508_160921_jpg.rf.YM6vYmMuqJHjftMu08fb.txt,train,d4fb2fc848a419d3216bf9fe39f10c180f1aee45d9ec3e0cf28cee51458968df,D:/work/Year - 4/pepper/project/datset reorder/grade_1/sample_018/20260508_160921.jpg,grade_1,sample_018,grade_1/sample_018,0,V3 Grade 1,0.47433333333333333,0.54775,0.942,0.9045,4000,3000,1.3333333333333333,samsung,SM-A127F,6,127.09283447265625,19.969807942708332,193.12946084724004,TRAIN
data/raw/Pepper Berry Grading V3.yolov8/train/images/20260508_161001_jpg.rf.d9IjmUReP1VzMaH1YeUr.jpg,data/raw/Pepper Berry Grading V3.yolov8/train/labels/20260508_161001_jpg.rf.d9IjmUReP1VzMaH1YeUr.txt,train,4653ead40f032bfa32af987a43df55fd032e7053932633cc4eb4312b74b8f34e,D:/work/Year - 4/pepper/project/datset reorder/grade_1/sample_018/20260508_161001.jpg,grade_1,sample_018,grade_1/sample_018,0,V3 Grade 1,0.4686666666666667,0.514,0.9373333333333334,0.972,4000,3000,1.3333333333333333,samsung,SM-A127F,6,104.17744954427083,24.5540771484375,144.17432605905006,TRAIN
data/raw/Pepper Berry Grading V3.yolov8/train/images/20260508_161059_jpg.rf.twCIyGazRNCk86j7JI5l.jpg,data/raw/Pepper Berry Grading V3.yolov8/train/labels/20260508_161059_jpg.rf.twCIyGazRNCk86j7JI5l.txt,train,d5e907ca3b8a31cfa17bf78641a30bccb810e033f4369c6fbd89c6b397d90236,D:/work/Year - 4/pepper/project/datset reorder/grade_1/sample_029/20260508_161059.jpg,grade_1,sample_029,grade_1/sample_029,0,V3 Grade 1,0.46,0.57275,0.7466666666666667,0.8545,4000,3000,1.3333333333333333,samsung,SM-A127F,6,130.77701822916666,55.927347819010414,182.54813863928112,TRAIN
data/raw/Pepper Berry Grading V3.yolov8/train/images/20260508_161122_jpg.rf.KN1AmH5SYa8Ik88wOy2K.jpg,data/raw/Pepper Berry Grading V3.yolov8/train/labels/20260508_161122_jpg.rf.KN1AmH5SYa8Ik88wOy2K.txt,train,086f5c9b7ddd1d863dd77190b94d723783d78ac7722b57cebb9f866299bfe4f8,D:/work/Year - 4/pepper/project/datset reorder/grade_1/sample_029/20260508_161122.jpg,grade_1,sample_029,grade_1/sample_029,0,V3 Grade 1,0.4785,0.4887133333333334,0.837,0.7834266666666667,4000,3000,1.3333333333333333,samsung,SM-A127F,3,147.1727498372396,13.380411783854166,212.2104621309371,TRAIN
data/raw/Pepper Berry Grading V3.yolov8/train/images/20260508_161335_jpg.rf.OXxOITOBkVHZl8zw6SUu.jpg,data/raw/Pepper Berry Grading V3.yolov8/train/labels/20260508_161335_jpg.rf.OXxOITOBkVHZl8zw6SUu.txt,train,bf6fb00db454d8e6d17d80bb7d3eb690ca9430f6f46b91feca73124123086d91,D:/work/Year - 4/pepper/project/datset reorder/grade_1/sample_027/20260508_161335.jpg,grade_1,sample_027,grade_1/sample_027,0,V3 Grade 1,0.479,0.50868,0.958,0.9566933333333333,4000,3000,1.3333333333333333,samsung,SM-A127F,3,132.01995849609375,15.268208821614584,201.901026957638,TRAIN
data/raw/Pepper Berry Grading V3.yolov8/train/images/20260508_161421_jpg.rf.YgagpNklXwB24a02M8TF.jpg,data/raw/Pepper Berry Grading V3.yolov8/train/labels/20260508_161421_jpg.rf.YgagpNklXwB24a02M8TF.txt,train,debca8fe2daba53a72c39dfcc0ddeb9f37e380104793a82d1f15e65a96904171,D:/work/Year - 4/pepper/project/datset reorder/grade_1/sample_027/20260508_161421.jpg,grade_1,sample_027,grade_1/sample_027,0,V3 Grade 1,0.391,0.4665333333333333,0.782,0.9157333333333333,4000,3000,1.3333333333333333,samsung,SM-A127F,3,141.30826822916666,14.523681640625,195.03267008985878,TRAIN
data/raw/Pepper Berry Grading V3.yolov8/train/images/20260508_161500_jpg.rf.pR2ask1mOaYX6T4YPqOe.jpg,data/raw/Pepper Berry Grading V3.yolov8/train/labels/20260508_161500_jpg.rf.pR2ask1mOaYX6T4YPqOe.txt,train,7b87399d60ca89c518451532a475e02efe71677ec5984e2f57d40d62b67adcad,D:/work/Year - 4/pepper/project/datset reorder/grade_1/sample_027/20260508_161500.jpg,grade_1,sample_027,grade_1/sample_027,0,V3 Grade 1,0.48975,0.4533733333333333,0.9745,0.8994133333333333,4000,3000,1.3333333333333333,samsung,SM-A127F,3,121.40861002604167,16.962890625,164.83947368421053,TRAIN
data/raw/Pepper Berry Grading V3.yolov8/train/images/20260508_161610_jpg.rf.pzbTiV9B5kWxvfsaIhMg.jpg,data/raw/Pepper Berry Grading V3.yolov8/train/labels/20260508_161610_jpg.rf.pzbTiV9B5kWxvfsaIhMg.txt,train,077e30b86f3492f28f286e88f19bcbec08ad05633b951bcc45b2296164d33e90,D:/work/Year - 4/pepper/project/datset reorder/grade_1/sample_028/20260508_161610.jpg,grade_1,sample_028,grade_1/sample_028,0,V3 Grade 1,0.5,0.46236999999999995,1.0,0.9107366666666666,4000,3000,1.3333333333333333,samsung,SM-A127F,3,116.25447591145833,19.5081787109375,159.61206675224648,TRAIN
data/raw/Pepper Berry Grading V3.yolov8/train/images/20260508_161727_jpg.rf.JZSMRYtqqRdQ9WuGWcQv.jpg,data/raw/Pepper Berry Grading V3.yolov8/train/labels/20260508_161727_jpg.rf.JZSMRYtqqRdQ9WuGWcQv.txt,train,33dc00cbe546a2c0d3b639860bd6c4a98dc89640ff89a5ce1d32cbf5c342d653,D:/work/Year - 4/pepper/project/datset reorder/grade_1/sample_026/20260508_161727.jpg,grade_1,sample_026,grade_1/sample_026,0,V3 Grade 1,0.5055,0.41706333333333334,0.981,0.8201266666666667,4000,3000,1.3333333333333333,samsung,SM-A127F,3,123.357177734375,44.573649088541664,168.02284980744545,TRAIN
data/raw/Pepper Berry Grading V3.yolov8/train/images/20260508_161754_jpg.rf.IZChl65s0oCbOWfWHjhU.jpg,data/raw/Pepper Berry Grading V3.yolov8/train/labels/20260508_161754_jpg.rf.IZChl65s0oCbOWfWHjhU.txt,train,0ec8bacb3e1968f4b9c88fcf71a275aae21257483d89fde34410eb751d0bae61,D:/work/Year - 4/pepper/project/datset reorder/grade_1/sample_026/20260508_161754.jpg,grade_1,sample_026,grade_1/sample_026,0,V3 Grade 1,0.520375,0.5326666666666666,0.84325,0.9346666666666666,4000,3000,1.3333333333333333,samsung,SM-A127F,3,148.15946451822916,13.49981689453125,222.35937098844673,TRAIN
data/raw/Pepper Berry Grading V3.yolov8/train/images/20260508_162138_jpg.rf.eJB2wvb4f7jpEQyYOS1J.jpg,data/raw/Pepper Berry Grading V3.yolov8/train/labels/20260508_162138_jpg.rf.eJB2wvb4f7jpEQyYOS1J.txt,train,c6fb128cfecb1b34ee98c5a71dbb1e20408d9c7424c77b62b188d235cd916bbd,D:/work/Year - 4/pepper/project/datset reorder/grade_1/sample_025/20260508_162138.jpg,grade_1,sample_025,grade_1/sample_025,0,V3 Grade 1,0.469625,0.5026666666666667,0.80675,0.9946666666666667,4000,3000,1.3333333333333333,samsung,SM-A127F,3,118.08359781901042,19.12939453125,163.8890243902439,TRAIN
data/raw/Pepper Berry Grading V3.yolov8/train/images/20260508_163438_jpg.rf.Mcgfly8Aksik7WwI9Ccj.jpg,data/raw/Pepper Berry Grading V3.yolov8/train/labels/20260508_163438_jpg.rf.Mcgfly8Aksik7WwI9Ccj.txt,train,5d5520bf11987ebb0d43f32988872a4739855e68114fd490fba5764b831070a7,D:/work/Year - 4/pepper/project/datset reorder/grade_1/sample_024/20260508_163438.jpg,grade_1,sample_024,grade_1/sample_024,0,V3 Grade 1,0.422,0.50025,0.844,0.9995,4000,3000,1.3333333333333333,samsung,SM-A127F,6,116.43115234375,45.392964680989586,166.8193838254172,TRAIN
data/raw/Pepper Berry Grading V3.yolov8/train/images/20260508_163524_jpg.rf.wF8uTHJHQJMoKjk9WSQ6.jpg,data/raw/Pepper Berry Grading V3.yolov8/train/labels/20260508_163524_jpg.rf.wF8uTHJHQJMoKjk9WSQ6.txt,train,7368454480fa9461c283c17f98579ee0b484bcfaf255f0dcba3fd7094a10cd47,D:/work/Year - 4/pepper/project/datset reorder/grade_1/sample_024/20260508_163524.jpg,grade_1,sample_024,grade_1/sample_024,0,V3 Grade 1,0.5043333333333333,0.497595,0.9886666666666667,0.99419,4000,3000,1.3333333333333333,samsung,SM-A127F,6,136.1679484049479,15.846354166666666,201.55314505776636,TRAIN
data/raw/Pepper Berry Grading V3.yolov8/train/images/20260508_163552_jpg.rf.c6Ml4gFI2xQeEQsPh6zF.jpg,data/raw/Pepper Berry Grading V3.yolov8/train/labels/20260508_163552_jpg.rf.c6Ml4gFI2xQeEQsPh6zF.txt,train,f528802d6ac70393bdfd3d13316fdb826f195720d0cdfabd0b56ca708a5d57ce,D:/work/Year - 4/pepper/project/datset reorder/grade_1/sample_024/20260508_163552.jpg,grade_1,sample_024,grade_1/sample_024,0,V3 Grade 1,0.4485,0.47202666666666665,0.797,0.9367233333333334,4000,3000,1.3333333333333333,samsung,SM-A127F,3,137.32417805989584,14.47650146484375,187.1548780487805,TRAIN
data/raw/Pepper Berry Grading V3.yolov8/train/images/20260508_163950_jpg.rf.M2QTgtyaKct5x0AsA5mV.jpg,data/raw/Pepper Berry Grading V3.yolov8/train/labels/20260508_163950_jpg.rf.M2QTgtyaKct5x0AsA5mV.txt,train,1c40a1be5def76c82788fba1471d59df748e8be55ba4903631974ea7055b904a,D:/work/Year - 4/pepper/project/datset reorder/grade_1/sample_023/20260508_163950.jpg,grade_1,sample_023,grade_1/sample_023,0,V3 Grade 1,0.401,0.4648725,0.7686666666666667,0.883745,4000,3000,1.3333333333333333,samsung,SM-A127F,6,130.2063191731771,50.06634521484375,176.4719512195122,TRAIN
data/raw/Pepper Berry Grading V3.yolov8/train/images/20260508_164014_jpg.rf.bxhNjqDSJKpYJ9WgpB3m.jpg,data/raw/Pepper Berry Grading V3.yolov8/train/labels/20260508_164014_jpg.rf.bxhNjqDSJKpYJ9WgpB3m.txt,train,acb682cc669292d1a8bab600e07bdd861585d48ec3bef5f3d0d28edb1837a111,D:/work/Year - 4/pepper/project/datset reorder/grade_1/sample_023/20260508_164014.jpg,grade_1,sample_023,grade_1/sample_023,0,V3 Grade 1,0.46875,0.5093333333333333,0.8825,0.9813333333333333,4000,3000,1.3333333333333333,samsung,SM-A127F,3,130.75101725260416,18.104471842447918,203.44473684210527,TRAIN
data/raw/Pepper Berry Grading V3.yolov8/train/images/20260508_164304_jpg.rf.uWear6lB1HDggcNDvkmN.jpg,data/raw/Pepper Berry Grading V3.yolov8/train/labels/20260508_164304_jpg.rf.uWear6lB1HDggcNDvkmN.txt,train,0a88fb09fbffca96c99d5010972ffdb5f83cacb41b5b22025453dd3ebe53a573,D:/work/Year - 4/pepper/project/datset reorder/grade_1/sample_023/20260508_164304.jpg,grade_1,sample_023,grade_1/sample_023,0,V3 Grade 1,0.516,0.50602,0.912,0.9113766666666667,4000,3000,1.3333333333333333,samsung,SM-A127F,3,140.7952677408854,16.197835286458332,210.3143132220796,TRAIN
data/raw/Pepper Berry Grading V3.yolov8/train/images/20260508_164536_jpg.rf.fvincV1vnguB97poEqNK.jpg,data/raw/Pepper Berry Grading V3.yolov8/train/labels/20260508_164536_jpg.rf.fvincV1vnguB97poEqNK.txt,train,fa942ba460305e848a66c5cdefc8a7acfa52c9cc979e4508756f048bec96b624,D:/work/Year - 4/pepper/project/datset reorder/grade_1/sample_022/20260508_164536.jpg,grade_1,sample_022,grade_1/sample_022,0,V3 Grade 1,0.43333333333333335,0.55025,0.8266666666666667,0.8995,4000,3000,1.3333333333333333,samsung,SM-A127F,6,132.8380330403646,46.79583740234375,178.55834403080874,TRAIN
data/raw/Pepper Berry Grading V3.yolov8/train/images/20260508_164619_jpg.rf.VCaChaxTN7cw6AlzJQnL.jpg,data/raw/Pepper Berry Grading V3.yolov8/train/labels/20260508_164619_jpg.rf.VCaChaxTN7cw6AlzJQnL.txt,train,724ffecb237d952440dd8d77eb98c9e2eebfad3aad9676b2266270dc42c6d88e,D:/work/Year - 4/pepper/project/datset reorder/grade_1/sample_022/20260508_164619.jpg,grade_1,sample_022,grade_1/sample_022,0,V3 Grade 1,0.513125,0.42289000000000004,0.97375,0.8457833333333333,4000,3000,1.3333333333333333,samsung,SM-A127F,3,132.515380859375,14.94659423828125,187.15622593068036,TRAIN
data/raw/Pepper Berry Grading V3.yolov8/train/images/20260508_164838_jpg.rf.tItTJR6Q2zPpJUj4RaIq.jpg,data/raw/Pepper Berry Grading V3.yolov8/train/labels/20260508_164838_jpg.rf.tItTJR6Q2zPpJUj4RaIq.txt,train,00a87317f85cf5be88c378d7132b3760b238c053a3184a8cd90d4a7cc1fd24a6,D:/work/Year - 4/pepper/project/datset reorder/grade_1/sample_021/20260508_164838.jpg,grade_1,sample_021,grade_1/sample_021,0,V3 Grade 1,0.4825,0.42208,0.895,0.7168233333333333,4000,3000,1.3333333333333333,samsung,SM-A127F,3,138.436279296875,51.937520345052086,201.86103979460847,TRAIN
data/raw/Pepper Berry Grading V3.yolov8/train/images/20260508_164909_jpg.rf.avRWa3ScAQpL5JTFTK7F.jpg,data/raw/Pepper Berry Grading V3.yolov8/train/labels/20260508_164909_jpg.rf.avRWa3ScAQpL5JTFTK7F.txt,train,a95495e0036aee1fcc2859ef73ce3cb2bb3e92f4cd40f158eb237dee161874e6,D:/work/Year - 4/pepper/project/datset reorder/grade_1/sample_021/20260508_164909.jpg,grade_1,sample_021,grade_1/sample_021,0,V3 Grade 1,0.459,0.4700333333333333,0.918,0.9060666666666666,4000,3000,1.3333333333333333,samsung,SM-A127F,3,135.99271647135416,12.954630533854166,188.61258023106546,TRAIN
data/raw/Pepper Berry Grading V3.yolov8/train/images/20260508_164939_jpg.rf.rsBQJke99huizKKLEH54.jpg,data/raw/Pepper Berry Grading V3.yolov8/train/labels/20260508_164939_jpg.rf.rsBQJke99huizKKLEH54.txt,train,650c0aab94531f6b988646d57dd84b44f3329b768fdfc4ee31cefe1baf9c2b9d,D:/work/Year - 4/pepper/project/datset reorder/grade_1/sample_021/20260508_164939.jpg,grade_1,sample_021,grade_1/sample_021,0,V3 Grade 1,0.46125,0.47435999999999995,0.9175,0.9347233333333334,4000,3000,1.3333333333333333,samsung,SM-A127F,3,117.13332112630208,21.292236328125,162.0114890885751,TRAIN
data/raw/Pepper Berry Grading V3.yolov8/train/images/20260508_165022_jpg.rf.M1T5FdtZylnBr8Cbjb3s.jpg,data/raw/Pepper Berry Grading V3.yolov8/train/labels/20260508_165022_jpg.rf.M1T5FdtZylnBr8Cbjb3s.txt,train,9323890180b5464f4b04d82070ea63df9eb60624709c1a1734645f0d22046622,D:/work/Year - 4/pepper/project/datset reorder/grade_1/sample_021/20260508_165022.jpg,grade_1,sample_021,grade_1/sample_021,0,V3 Grade 1,0.4845,0.46519999999999995,0.969,0.9130666666666666,4000,3000,1.3333333333333333,samsung,SM-A127F,3,111.776123046875,21.183797200520832,154.1611681643132,TRAIN
data/raw/Pepper Berry Grading V3.yolov8/train/images/20260508_165320_jpg.rf.RyjWjbVZn5c9gwLYdWZz.jpg,data/raw/Pepper Berry Grading V3.yolov8/train/labels/20260508_165320_jpg.rf.RyjWjbVZn5c9gwLYdWZz.txt,train,a523f7d647533447fee2c526bdea3b8f973b5e498c5ee193ef67ef3d36cd3ae3,D:/work/Year - 4/pepper/project/datset reorder/grade_1/sample_020/20260508_165320.jpg,grade_1,sample_020,grade_1/sample_020,0,V3 Grade 1,0.422,0.50275,0.844,0.9945,4000,3000,1.3333333333333333,samsung,SM-A127F,6,133.6688232421875,33.584859212239586,184.48690629011554,TRAIN
data/raw/Pepper Berry Grading V3.yolov8/train/images/20260508_165352_jpg.rf.vzZVfOB33l8zq0JlnnbQ.jpg,data/raw/Pepper Berry Grading V3.yolov8/train/labels/20260508_165352_jpg.rf.vzZVfOB33l8zq0JlnnbQ.txt,train,f0c79bf2ccfc6336783bc1571dda13732c925e9a87915db1f8018db37d3978c9,D:/work/Year - 4/pepper/project/datset reorder/grade_1/sample_020/20260508_165352.jpg,grade_1,sample_020,grade_1/sample_020,0,V3 Grade 1,0.486375,0.47486999999999996,0.95525,0.8724066666666666,4000,3000,1.3333333333333333,samsung,SM-A127F,3,135.6976521809896,15.167826334635416,199.9178433889602,TRAIN
data/raw/Pepper Berry Grading V3.yolov8/train/images/20260508_165413_jpg.rf.vmdS7XdoqB84W1cvaulr.jpg,data/raw/Pepper Berry Grading V3.yolov8/train/labels/20260508_165413_jpg.rf.vmdS7XdoqB84W1cvaulr.txt,train,32e4d4fd3aa70e4615b5412ffb11629984e79cef64ad674522afaa69c4bcdcf2,D:/work/Year - 4/pepper/project/datset reorder/grade_1/sample_020/20260508_165413.jpg,grade_1,sample_020,grade_1/sample_020,0,V3 Grade 1,0.438625,0.41373333333333334,0.84475,0.8134666666666667,4000,3000,1.3333333333333333,samsung,SM-A127F,3,137.40643310546875,15.71405029296875,169.89993581514761,TRAIN
data/raw/Pepper Berry Grading V3.yolov8/train/images/20260508_165436_jpg.rf.unZVJlYNpiNAgU4RdFLo.jpg,data/raw/Pepper Berry Grading V3.yolov8/train/labels/20260508_165436_jpg.rf.unZVJlYNpiNAgU4RdFLo.txt,train,ead6678670cadc97f074b5b16f13a230330ee5ebd3b2a6ad2406e6af8c49974c,D:/work/Year - 4/pepper/project/datset reorder/grade_1/sample_020/20260508_165436.jpg,grade_1,sample_020,grade_1/sample_020,0,V3 Grade 1,0.485125,0.4910366666666666,0.94775,0.8480733333333332,4000,3000,1.3333333333333333,samsung,SM-A127F,3,122.45039876302083,20.606587727864582,176.6915917843389,TRAIN
data/raw/Pepper Berry Grading V3.yolov8/train/images/20260508_165531_jpg.rf.rHVA7Kpd7tnS2gv56gP0.jpg,data/raw/Pepper Berry Grading V3.yolov8/train/labels/20260508_165531_jpg.rf.rHVA7Kpd7tnS2gv56gP0.txt,train,0e6a880a03defa6a18876b4774bd71f4aa63155bbc96517f786b79956b6d9f3f,D:/work/Year - 4/pepper/project/datset reorder/grade_1/sample_019/20260508_165531.jpg,grade_1,sample_019,grade_1/sample_019,0,V3 Grade 1,0.444,0.5291024999999999,0.7413333333333333,0.8872025,4000,3000,1.3333333333333333,samsung,SM-A127F,6,138.4136962890625,38.414225260416664,198.40821566110398,TRAIN
data/raw/Pepper Berry Grading V3.yolov8/train/images/20260508_165556_jpg.rf.h5xBOr6ajcWpNY37Ihvq.jpg,data/raw/Pepper Berry Grading V3.yolov8/train/labels/20260508_165556_jpg.rf.h5xBOr6ajcWpNY37Ihvq.txt,train,db974bf52db4b62605035bd82cd6a0ea34335489cd140990dca62cd4c982979c,D:/work/Year - 4/pepper/project/datset reorder/grade_1/sample_019/20260508_165556.jpg,grade_1,sample_019,grade_1/sample_019,0,V3 Grade 1,0.416375,0.44305333333333335,0.78525,0.8321066666666668,4000,3000,1.3333333333333333,samsung,SM-A127F,3,130.69681803385416,14.93231201171875,178.46700898587935,TRAIN
data/raw/Pepper Berry Grading V3.yolov8/train/images/20260508_165620_jpg.rf.hk50POKDDXJWiLn45LCz.jpg,data/raw/Pepper Berry Grading V3.yolov8/train/labels/20260508_165620_jpg.rf.hk50POKDDXJWiLn45LCz.txt,train,59e70cb137d9bb94cf49e77f17f272eefe4173e0a43b93783c24b6b0f1521728,D:/work/Year - 4/pepper/project/datset reorder/grade_1/sample_019/20260508_165620.jpg,grade_1,sample_019,grade_1/sample_019,0,V3 Grade 1,0.447625,0.38025,0.75275,0.7605033333333334,4000,3000,1.3333333333333333,samsung,SM-A127F,3,141.24519856770834,13.92791748046875,181.51617458279847,TRAIN
data/raw/Pepper Berry Grading V3.yolov8/train/images/20260508_165709_jpg.rf.jgPLxuuZfU2ErQSqm1sE.jpg,data/raw/Pepper Berry Grading V3.yolov8/train/labels/20260508_165709_jpg.rf.jgPLxuuZfU2ErQSqm1sE.txt,train,aebd20d28409d834e13b6df5dba228ec2a7dfaf04d86a078071e1bc3cf307d6b,D:/work/Year - 4/pepper/project/datset reorder/grade_1/sample_019/20260508_165709.jpg,grade_1,sample_019,grade_1/sample_019,0,V3 Grade 1,0.440125,0.44938000000000006,0.87775,0.8647600000000001,4000,3000,1.3333333333333333,samsung,SM-A127F,3,135.8718058268229,15.448221842447916,204.2120025673941,TRAIN
data/raw/Pepper Berry Grading V3.yolov8/train/images/20260508_165811_jpg.rf.gctHn86q8Jx3GyUwbnOP.jpg,data/raw/Pepper Berry Grading V3.yolov8/train/labels/20260508_165811_jpg.rf.gctHn86q8Jx3GyUwbnOP.txt,train,4fd29df5aa9db53cd77dc717b07f0e94171dd7b95430b3c40d9a2c826c56e363,D:/work/Year - 4/pepper/project/datset reorder/grade_1/sample_030/20260508_165811.jpg,grade_1,sample_030,grade_1/sample_030,0,V3 Grade 1,0.449625,0.47635666666666665,0.88675,0.9520500000000001,4000,3000,1.3333333333333333,samsung,SM-A127F,3,135.85845947265625,15.052022298177084,198.7576379974326,TRAIN
data/raw/Pepper Berry Grading V3.yolov8/train/images/20260508_165828_jpg.rf.cyH8P2jOrK6TFqGXab97.jpg,data/raw/Pepper Berry Grading V3.yolov8/train/labels/20260508_165828_jpg.rf.cyH8P2jOrK6TFqGXab97.txt,train,53ec79410b2dac1e9be44aab4cf4b636090825c1bf6424eec52b5d410471f88c,D:/work/Year - 4/pepper/project/datset reorder/grade_1/sample_030/20260508_165828.jpg,grade_1,sample_030,grade_1/sample_030,0,V3 Grade 1,0.470375,0.4686266666666667,0.93325,0.92659,4000,3000,1.3333333333333333,samsung,SM-A127F,3,141.1637980143229,16.3802490234375,208.78735558408215,TRAIN
data/raw/Pepper Berry Grading V3.yolov8/train/images/20260508_170429_jpg.rf.rWJAwhAbMun6niepfnzR.jpg,data/raw/Pepper Berry Grading V3.yolov8/train/labels/20260508_170429_jpg.rf.rWJAwhAbMun6niepfnzR.txt,train,d45a245ab5f2c26c6fd403940ad22ad9669552af5efabff11cecf04ff602a289,D:/work/Year - 4/pepper/project/datset reorder/grade_1/sample_076/20260508_170429.jpg,grade_1,sample_076,grade_1/sample_076,0,V3 Grade 1,0.464,0.49384666666666666,0.928,0.9836933333333333,4000,3000,1.3333333333333333,samsung,SM-A127F,3,133.3775431315104,17.876057942708332,186.13042362002568,TRAIN
data/raw/Pepper Berry Grading V3.yolov8/train/images/20260508_170549_jpg.rf.u1n9ecmb8G0xiPQymk3N.jpg,data/raw/Pepper Berry Grading V3.yolov8/train/labels/20260508_170549_jpg.rf.u1n9ecmb8G0xiPQymk3N.txt,train,933b5165981107f533561d1e3f095cd5c7c0bbc934106cdfdac8d005cd30a1d5,D:/work/Year - 4/pepper/project/datset reorder/grade_1/sample_075/20260508_170549.jpg,grade_1,sample_075,grade_1/sample_075,0,V3 Grade 1,0.478,0.40790000000000004,0.956,0.8118033333333333,4000,3000,1.3333333333333333,samsung,SM-A127F,3,133.10321044921875,30.9468994140625,176.86335044929396,TRAIN
data/raw/Pepper Berry Grading V3.yolov8/train/images/20260508_170609_jpg.rf.aOowyzteh68IQBHf2Gsj.jpg,data/raw/Pepper Berry Grading V3.yolov8/train/labels/20260508_170609_jpg.rf.aOowyzteh68IQBHf2Gsj.txt,train,a87a5ea5942f973c5f0602a02ef982965bcdc780a4bc4c26edfc7664bc4ec951,D:/work/Year - 4/pepper/project/datset reorder/grade_1/sample_075/20260508_170609.jpg,grade_1,sample_075,grade_1/sample_075,0,V3 Grade 1,0.426125,0.44621000000000005,0.84975,0.8924200000000001,4000,3000,1.3333333333333333,samsung,SM-A127F,3,133.0684611002604,24.90179443359375,162.25519897304235,TRAIN
data/raw/Pepper Berry Grading V3.yolov8/train/images/20260508_170625_jpg.rf.KJZwCvgQkFDXkjRjJ5hW.jpg,data/raw/Pepper Berry Grading V3.yolov8/train/labels/20260508_170625_jpg.rf.KJZwCvgQkFDXkjRjJ5hW.txt,train,29adbb6e65d93d73f09b6f38b140eb6b17f2708a6012e659537d57cdcecdecaf,D:/work/Year - 4/pepper/project/datset reorder/grade_1/sample_075/20260508_170625.jpg,grade_1,sample_075,grade_1/sample_075,0,V3 Grade 1,0.479,0.48735666666666666,0.958,0.9273833333333333,4000,3000,1.3333333333333333,samsung,SM-A127F,3,132.7900594075521,26.295125325520832,185.7527599486521,TRAIN
data/raw/Pepper Berry Grading V3.yolov8/train/images/20260508_170845_jpg.rf.egL8e2sHiiwqb2JCTyPu.jpg,data/raw/Pepper Berry Grading V3.yolov8/train/labels/20260508_170845_jpg.rf.egL8e2sHiiwqb2JCTyPu.txt,train,b4f1f791a67db072d9ecc0bd6883e6b1a36ff846a47266f7c1c09b65d962e6dd,D:/work/Year - 4/pepper/project/datset reorder/grade_1/sample_075/20260508_170845.jpg,grade_1,sample_075,grade_1/sample_075,0,V3 Grade 1,0.496,0.519,0.9786666666666667,0.962,4000,3000,1.3333333333333333,samsung,SM-A127F,6,137.32769775390625,18.3072509765625,189.400513478819,TRAIN
data/raw/Pepper Berry Grading V3.yolov8/train/images/20260508_171108_jpg.rf.z0BCjgCyTL0LLPmrd3QX.jpg,data/raw/Pepper Berry Grading V3.yolov8/train/labels/20260508_171108_jpg.rf.z0BCjgCyTL0LLPmrd3QX.txt,train,780c4ab8dfcad7666819d74e74347edae2667195d5870cb132b8e9da3ffbc42e,D:/work/Year - 4/pepper/project/datset reorder/grade_2/sample_001/20260508_171108.jpg,grade_2,sample_001,grade_2/sample_001,1,V3 Grade 2,0.44133333333333336,0.5121100000000001,0.7626666666666667,0.8732175,4000,3000,1.3333333333333333,samsung,SM-A127F,6,141.43131510416666,32.18951416015625,197.14345314505778,TRAIN
data/raw/Pepper Berry Grading V3.yolov8/train/images/20260508_171122_jpg.rf.JxFldBqmznRUEVQr5sCH.jpg,data/raw/Pepper Berry Grading V3.yolov8/train/labels/20260508_171122_jpg.rf.JxFldBqmznRUEVQr5sCH.txt,train,a7bfc38d5c87f5aab9d8fb9c4f25af5e6a15c2de9ebd8a57f85919165777db03,D:/work/Year - 4/pepper/project/datset reorder/grade_2/sample_001/20260508_171122.jpg,grade_2,sample_001,grade_2/sample_001,1,V3 Grade 2,0.5065,0.48469999999999996,0.813,0.8687366666666667,4000,3000,1.3333333333333333,samsung,SM-A127F,3,150.49932861328125,19.360616048177082,208.8048780487805,TRAIN
data/raw/Pepper Berry Grading V3.yolov8/train/images/20260508_171320_jpg.rf.mhJQ2DOkh3FvaSDxCgfA.jpg,data/raw/Pepper Berry Grading V3.yolov8/train/labels/20260508_171320_jpg.rf.mhJQ2DOkh3FvaSDxCgfA.txt,train,659cbbe69dcd6e9403bb6ea8a12215240cb4b3b6e9087e8524d2e47ef96490dd,D:/work/Year - 4/pepper/project/datset reorder/grade_2/sample_002/20260508_171320.jpg,grade_2,sample_002,grade_2/sample_002,1,V3 Grade 2,0.6626666666666666,0.3774225,0.672,0.738845,4000,3000,1.3333333333333333,samsung,SM-A127F,8,127.8275146484375,57.171061197916664,158.39878048780488,TRAIN
data/raw/Pepper Berry Grading V3.yolov8/train/images/20260508_171333_jpg.rf.KYB4tRwKFMf82wjacmEW.jpg,data/raw/Pepper Berry Grading V3.yolov8/train/labels/20260508_171333_jpg.rf.KYB4tRwKFMf82wjacmEW.txt,train,8a44bf7a9686ee6d395fad05a7c399d72de69104daee332dbff6ae99d8027297,D:/work/Year - 4/pepper/project/datset reorder/grade_2/sample_002/20260508_171333.jpg,grade_2,sample_002,grade_2/sample_002,1,V3 Grade 2,0.328625,0.4232533333333333,0.65475,0.8465066666666666,4000,3000,1.3333333333333333,samsung,SM-A127F,3,140.3663533528646,21.091593424479168,178.69062901155328,TRAIN
data/raw/Pepper Berry Grading V3.yolov8/train/images/20260508_171440_jpg.rf.wbNE6uEgTVzHhicKCNn9.jpg,data/raw/Pepper Berry Grading V3.yolov8/train/labels/20260508_171440_jpg.rf.wbNE6uEgTVzHhicKCNn9.txt,train,a70a845674cc35b5586f677e71244ff0798631a39c5d78b5f311d39f7ab35b99,D:/work/Year - 4/pepper/project/datset reorder/grade_2/sample_002/20260508_171440.jpg,grade_2,sample_002,grade_2/sample_002,1,V3 Grade 2,0.466375,0.501,0.92525,0.998,4000,3000,1.3333333333333333,samsung,SM-A127F,3,129.76481119791666,22.380391438802082,176.7211810012837,TRAIN
data/raw/Pepper Berry Grading V3.yolov8/train/images/20260508_171742_jpg.rf.rei8Nwlg92BxA6msoEpR.jpg,data/raw/Pepper Berry Grading V3.yolov8/train/labels/20260508_171742_jpg.rf.rei8Nwlg92BxA6msoEpR.txt,train,a0f264455426929a843acc31c8d06c50f4f02746e057731be06ee072f9d5a3ba,D:/work/Year - 4/pepper/project/datset reorder/grade_2/sample_003/20260508_171742.jpg,grade_2,sample_003,grade_2/sample_003,1,V3 Grade 2,0.5126666666666667,0.4897575,0.9746666666666667,0.9685175,4000,3000,1.3333333333333333,samsung,SM-A127F,6,135.7851765950521,20.59478759765625,175.01598202824132,TRAIN
data/raw/Pepper Berry Grading V3.yolov8/train/images/20260508_171951_jpg.rf.R3vyqYonKH4W1pIbMZhe.jpg,data/raw/Pepper Berry Grading V3.yolov8/train/labels/20260508_171951_jpg.rf.R3vyqYonKH4W1pIbMZhe.txt,train,e9c4608bb4942c4fc3642d1b31c87cce67c9782da11daec307f072f2d7e5d0ad,D:/work/Year - 4/pepper/project/datset reorder/grade_2/sample_004/20260508_171951.jpg,grade_2,sample_004,grade_2/sample_004,1,V3 Grade 2,0.5016666666666667,0.5500975,0.9966666666666667,0.869195,4000,3000,1.3333333333333333,samsung,SM-A127F,6,127.94883219401042,21.946126302083332,173.1517971758665,TEST
data/raw/Pepper Berry Grading V3.yolov8/train/images/20260508_172033_jpg.rf.xFxKuve5XVp4meIPIvuD.jpg,data/raw/Pepper Berry Grading V3.yolov8/train/labels/20260508_172033_jpg.rf.xFxKuve5XVp4meIPIvuD.txt,train,4639c80664b9d97fb1276db114f4f15324b5326a454f5163d5a0d83de5033994,D:/work/Year - 4/pepper/project/datset reorder/grade_2/sample_005/20260508_172033.jpg,grade_2,sample_005,grade_2/sample_005,1,V3 Grade 2,0.404,0.52275,0.7946666666666666,0.9545,4000,3000,1.3333333333333333,samsung,SM-A127F,6,126.73248291015625,30.231119791666668,169.54043645699616,TRAIN
data/raw/Pepper Berry Grading V3.yolov8/train/images/20260508_172053_jpg.rf.N9BPI61iv6Dr3GHDy2D5.jpg,data/raw/Pepper Berry Grading V3.yolov8/train/labels/20260508_172053_jpg.rf.N9BPI61iv6Dr3GHDy2D5.txt,train,372b43f5724de3629acb95c37f6b3bc9ddef39cf41026152bc0136bdcca7388c,D:/work/Year - 4/pepper/project/datset reorder/grade_2/sample_005/20260508_172053.jpg,grade_2,sample_005,grade_2/sample_005,1,V3 Grade 2,0.489,0.5,0.908,1.0,4000,3000,1.3333333333333333,samsung,SM-A127F,3,127.66876220703125,26.420267740885418,176.44942233632864,TRAIN
data/raw/Pepper Berry Grading V3.yolov8/train/images/20260508_172133_jpg.rf.lW59vatSeQds19N8p5ib.jpg,data/raw/Pepper Berry Grading V3.yolov8/train/labels/20260508_172133_jpg.rf.lW59vatSeQds19N8p5ib.txt,train,9a01296229caa68c2b629d8956078bcbe2bede39176bba359b8a98881ac9db49,D:/work/Year - 4/pepper/project/datset reorder/grade_2/sample_005/20260508_172133.jpg,grade_2,sample_005,grade_2/sample_005,1,V3 Grade 2,0.5033333333333333,0.49834500000000004,0.9933333333333333,0.9966875,4000,3000,1.3333333333333333,samsung,SM-A127F,6,132.5151163736979,20.397257486979168,190.96643132220797,TRAIN
data/raw/Pepper Berry Grading V3.yolov8/train/images/20260508_172204_jpg.rf.suibyhb7v7mUIwr7vR2X.jpg,data/raw/Pepper Berry Grading V3.yolov8/train/labels/20260508_172204_jpg.rf.suibyhb7v7mUIwr7vR2X.txt,train,0ebb05d950499fe32fa329084a3955d57600d56e1a1cddddb7b2b90d01a77e56,D:/work/Year - 4/pepper/project/datset reorder/grade_2/sample_005/20260508_172204.jpg,grade_2,sample_005,grade_2/sample_005,1,V3 Grade 2,0.5393333333333333,0.4956025,0.9186666666666666,0.9502050000000001,4000,3000,1.3333333333333333,samsung,SM-A127F,6,116.01395670572917,29.46588134765625,162.8905648267009,TRAIN
data/raw/Pepper Berry Grading V3.yolov8/train/images/20260508_172507_jpg.rf.NJIGOAcJC1w7PFKZam23.jpg,data/raw/Pepper Berry Grading V3.yolov8/train/labels/20260508_172507_jpg.rf.NJIGOAcJC1w7PFKZam23.txt,train,64650c17aac9dd78da23d1f2e0072e61ca403639969abadee43d9d7ab94b6cff,D:/work/Year - 4/pepper/project/datset reorder/grade_2/sample_006/20260508_172507.jpg,grade_2,sample_006,grade_2/sample_006,1,V3 Grade 2,0.507,0.47606000000000004,0.774,0.9181233333333333,4000,3000,1.3333333333333333,samsung,SM-A127F,3,133.75618489583334,28.876220703125,191.29980744544287,TRAIN
data/raw/Pepper Berry Grading V3.yolov8/train/images/20260508_172546_jpg.rf.TDv90SNPWbb4d2aLi5gu.jpg,data/raw/Pepper Berry Grading V3.yolov8/train/labels/20260508_172546_jpg.rf.TDv90SNPWbb4d2aLi5gu.txt,train,d9c178abe6d3bc79208e2d2a6dae258eb7cdfb0ee957e08ad224be048dfe5c15,D:/work/Year - 4/pepper/project/datset reorder/grade_2/sample_006/20260508_172546.jpg,grade_2,sample_006,grade_2/sample_006,1,V3 Grade 2,0.573125,0.4876833333333333,0.85375,0.9747,4000,3000,1.3333333333333333,samsung,SM-A127F,3,131.4776611328125,22.253580729166668,183.0234274711168,TRAIN
data/raw/Pepper Berry Grading V3.yolov8/train/images/20260508_172723_jpg.rf.M9KyrniOfxG2k4D4hYe9.jpg,data/raw/Pepper Berry Grading V3.yolov8/train/labels/20260508_172723_jpg.rf.M9KyrniOfxG2k4D4hYe9.txt,train,2cefc80a39945fb9a970aa0be9d722d342cfecbd71153bb3ecb729f5207d52a8,D:/work/Year - 4/pepper/project/datset reorder/grade_2/sample_007/20260508_172723.jpg,grade_2,sample_007,grade_2/sample_007,1,V3 Grade 2,0.39466666666666667,0.49635,0.5893333333333334,0.9567025,4000,3000,1.3333333333333333,samsung,SM-A127F,6,131.8270060221354,36.78302001953125,181.0357509627728,TRAIN
data/raw/Pepper Berry Grading V3.yolov8/train/images/20260508_172748_jpg.rf.cOQHG7kmuowvq7CcCGq5.jpg,data/raw/Pepper Berry Grading V3.yolov8/train/labels/20260508_172748_jpg.rf.cOQHG7kmuowvq7CcCGq5.txt,train,9516a530f33903c0370083568bc375137051133a9e8017b78aba7f1d30d74751,D:/work/Year - 4/pepper/project/datset reorder/grade_2/sample_007/20260508_172748.jpg,grade_2,sample_007,grade_2/sample_007,1,V3 Grade 2,0.50625,0.46919666666666665,0.8875,0.9343933333333333,4000,3000,1.3333333333333333,samsung,SM-A127F,3,141.96577962239584,21.774373372395832,202.14852374839538,TRAIN
data/raw/Pepper Berry Grading V3.yolov8/train/images/20260508_172859_jpg.rf.mWGig2YuMouNTQh9Gk62.jpg,data/raw/Pepper Berry Grading V3.yolov8/train/labels/20260508_172859_jpg.rf.mWGig2YuMouNTQh9Gk62.txt,train,c4c365b22dcff5426bf878931decbd54dcab4a7c7940bddacf76060ef87222d9,D:/work/Year - 4/pepper/project/datset reorder/grade_2/sample_007/20260508_172859.jpg,grade_2,sample_007,grade_2/sample_007,1,V3 Grade 2,0.498375,0.4924433333333333,0.90925,0.9708866666666666,4000,3000,1.3333333333333333,samsung,SM-A127F,3,131.00980631510416,23.214152018229168,172.0028241335045,TRAIN
data/raw/Pepper Berry Grading V3.yolov8/train/images/20260508_173106_jpg.rf.OVOzUEFu3mVEt9Dk8TIR.jpg,data/raw/Pepper Berry Grading V3.yolov8/train/labels/20260508_173106_jpg.rf.OVOzUEFu3mVEt9Dk8TIR.txt,train,0237a12672a8fe66593e42ff33976bb6b4d19017e21789d452cbfb640e6c8b53,D:/work/Year - 4/pepper/project/datset reorder/grade_2/sample_008/20260508_173106.jpg,grade_2,sample_008,grade_2/sample_008,1,V3 Grade 2,0.495125,0.4965133333333333,0.79775,0.9890233333333334,4000,3000,1.3333333333333333,samsung,SM-A127F,3,140.23846435546875,26.223592122395832,199.70725288831835,TRAIN
data/raw/Pepper Berry Grading V3.yolov8/train/images/20260508_173145_jpg.rf.tHxQAOEukZiYW4LWMXYZ.jpg,data/raw/Pepper Berry Grading V3.yolov8/train/labels/20260508_173145_jpg.rf.tHxQAOEukZiYW4LWMXYZ.txt,train,b06f944e147cb5823296c53bea9c770a6afcb9af634cee462a6ad283635042a0,D:/work/Year - 4/pepper/project/datset reorder/grade_2/sample_008/20260508_173145.jpg,grade_2,sample_008,grade_2/sample_008,1,V3 Grade 2,0.500625,0.47935666666666665,0.99875,0.95138,4000,3000,1.3333333333333333,samsung,SM-A127F,3,126.13431803385417,26.282694498697918,169.3808729139923,TRAIN
data/raw/Pepper Berry Grading V3.yolov8/train/images/20260508_173344_jpg.rf.QoJk4gsbikYWcLb06Ska.jpg,data/raw/Pepper Berry Grading V3.yolov8/train/labels/20260508_173344_jpg.rf.QoJk4gsbikYWcLb06Ska.txt,train,8fe8d3d98ded040f0ef4f81245dcfe7f57819c6bcf3ae5afcd9572acc442d0ce,D:/work/Year - 4/pepper/project/datset reorder/grade_2/sample_009/20260508_173344.jpg,grade_2,sample_009,grade_2/sample_009,1,V3 Grade 2,0.59,0.4751933333333333,0.82,0.9330566666666666,4000,3000,1.3333333333333333,samsung,SM-A127F,3,129.8932088216146,28.561503092447918,180.09114249037228,TRAIN
data/raw/Pepper Berry Grading V3.yolov8/train/images/20260508_173419_jpg.rf.P8Z8zo5SYadYJkIKBGdH.jpg,data/raw/Pepper Berry Grading V3.yolov8/train/labels/20260508_173419_jpg.rf.P8Z8zo5SYadYJkIKBGdH.txt,train,a7dda37700ab259a1075bdfc664dc0aa6a52d668e3133285b6e7941807914b33,D:/work/Year - 4/pepper/project/datset reorder/grade_2/sample_009/20260508_173419.jpg,grade_2,sample_009,grade_2/sample_009,1,V3 Grade 2,0.42725,0.47102666666666665,0.8495,0.9413900000000001,4000,3000,1.3333333333333333,samsung,SM-A127F,3,135.3984375,27.563822428385418,176.24698331193838,TRAIN
data/raw/Pepper Berry Grading V3.yolov8/train/images/20260508_173531_jpg.rf.S4vKEl19GehCVxlJaxkc.jpg,data/raw/Pepper Berry Grading V3.yolov8/train/labels/20260508_173531_jpg.rf.S4vKEl19GehCVxlJaxkc.txt,train,e0a03ad2518e6433a4e6db5cb32f9d8c2ee8af4d2d8b56ccd77a36a0e0e8919a,D:/work/Year - 4/pepper/project/datset reorder/grade_2/sample_010/20260508_173531.jpg,grade_2,sample_010,grade_2/sample_010,1,V3 Grade 2,0.50375,0.40642,0.9925,0.6921733333333333,4000,3000,1.3333333333333333,samsung,SM-A127F,3,131.81827799479166,31.189453125,178.9990372272144,TRAIN
data/raw/Pepper Berry Grading V3.yolov8/train/images/20260508_173641_jpg.rf.TOStb11SkTJ5M2qdNUpI.jpg,data/raw/Pepper Berry Grading V3.yolov8/train/labels/20260508_173641_jpg.rf.TOStb11SkTJ5M2qdNUpI.txt,train,450eda0da7e830062a1c2dd870287f5a24cc22c30eb03cddab3cb45b881ef145,D:/work/Year - 4/pepper/project/datset reorder/grade_2/sample_010/20260508_173641.jpg,grade_2,sample_010,grade_2/sample_010,1,V3 Grade 2,0.574375,0.501,0.82125,0.998,4000,3000,1.3333333333333333,samsung,SM-A127F,3,128.49298095703125,54.6346435546875,157.47503209242618,TRAIN
data/raw/Pepper Berry Grading V3.yolov8/train/images/20260508_173725_jpg.rf.U39ftLB7zAQe6CmQIt0k.jpg,data/raw/Pepper Berry Grading V3.yolov8/train/labels/20260508_173725_jpg.rf.U39ftLB7zAQe6CmQIt0k.txt,train,e7808fcfb6b892cd582b912e336244321152e57465dfe2a391431d2df54c589f,D:/work/Year - 4/pepper/project/datset reorder/grade_2/sample_010/20260508_173725.jpg,grade_2,sample_010,grade_2/sample_010,1,V3 Grade 2,0.507375,0.4751933333333333,0.92725,0.9330566666666666,4000,3000,1.3333333333333333,samsung,SM-A127F,3,141.0870157877604,21.122660319010418,202.3188703465982,TRAIN
data/raw/Pepper Berry Grading V3.yolov8/train/images/20260508_173954_jpg.rf.yvszWmuTULlYEPNNE0jP.jpg,data/raw/Pepper Berry Grading V3.yolov8/train/labels/20260508_173954_jpg.rf.yvszWmuTULlYEPNNE0jP.txt,train,a71819a11e688132bebe31f810f78efd67b4ec1892c868084f6fc487ea0b376c,D:/work/Year - 4/pepper/project/datset reorder/grade_1/sample_074/20260508_173954.jpg,grade_1,sample_074,grade_1/sample_074,0,V3 Grade 1,0.4553333333333333,0.465615,0.6706666666666666,0.93023,4000,3000,1.3333333333333333,samsung,SM-A127F,6,131.20772298177084,34.123250325520836,190.06065468549423,TRAIN
data/raw/Pepper Berry Grading V3.yolov8/train/images/20260508_174150_jpg.rf.Y6FrKFRx01gBdRZElZcS.jpg,data/raw/Pepper Berry Grading V3.yolov8/train/labels/20260508_174150_jpg.rf.Y6FrKFRx01gBdRZElZcS.txt,train,a79e475fc2be7be34836b71caa5cc324e4e23f124b69bea423e87b12d3e329ef,D:/work/Year - 4/pepper/project/datset reorder/grade_1/sample_074/20260508_174150.jpg,grade_1,sample_074,grade_1/sample_074,0,V3 Grade 1,0.473,0.4635333333333333,0.946,0.9270633333333334,4000,3000,1.3333333333333333,samsung,SM-A127F,3,132.1361083984375,20.84619140625,204.82708600770218,TRAIN
data/raw/Pepper Berry Grading V3.yolov8/train/images/20260508_174203_jpg.rf.xnr6fTh1SjINAXddgwek.jpg,data/raw/Pepper Berry Grading V3.yolov8/train/labels/20260508_174203_jpg.rf.xnr6fTh1SjINAXddgwek.txt,train,d99ce1981eb7ff52e607e2c705d059940ea146557a827739b24b2fd0802b3048,D:/work/Year - 4/pepper/project/datset reorder/grade_2/sample_056/20260508_174203.jpg,grade_2,sample_056,grade_2/sample_056,1,V3 Grade 2,0.44730392156862747,0.46148039215686276,0.7524509803921569,0.8438758169934641,4080,3060,1.3333333333333333,samsung,Galaxy A06,3,177.8362019856771,44.052449544270836,222.06206675224647,VALIDATION
data/raw/Pepper Berry Grading V3.yolov8/train/images/20260508_174231_jpg.rf.yRe5W57zw1l8G4DG5OWQ.jpg,data/raw/Pepper Berry Grading V3.yolov8/train/labels/20260508_174231_jpg.rf.yRe5W57zw1l8G4DG5OWQ.txt,train,341344f1c54745fdb7b563f71c6f005b4e83d7341d3be0cc183b560f8d02cb17,D:/work/Year - 4/pepper/project/datset reorder/grade_1/sample_074/20260508_174231.jpg,grade_1,sample_074,grade_1/sample_074,0,V3 Grade 1,0.5,0.501,1.0,0.998,4000,3000,1.3333333333333333,samsung,SM-A127F,3,132.4240519205729,34.189798990885414,172.8474967907574,TRAIN
data/raw/Pepper Berry Grading V3.yolov8/train/images/20260508_174307_jpg.rf.S7jV5nkQzUcNqomolRG0.jpg,data/raw/Pepper Berry Grading V3.yolov8/train/labels/20260508_174307_jpg.rf.S7jV5nkQzUcNqomolRG0.txt,train,a083ef9868b84c79adfd45bbbbaf8dfa7cadecaa04a3a88d6a0867fe325f2bab,D:/work/Year - 4/pepper/project/datset reorder/grade_1/sample_074/20260508_174307.jpg,grade_1,sample_074,grade_1/sample_074,0,V3 Grade 1,0.49875,0.47336,0.9825,0.9393866666666666,4000,3000,1.3333333333333333,samsung,SM-A127F,3,127.73683675130208,16.9697265625,183.07381258023108,TRAIN
data/raw/Pepper Berry Grading V3.yolov8/train/images/20260508_174344_jpg.rf.WVvJ6IOWsAXAWH6oou8i.jpg,data/raw/Pepper Berry Grading V3.yolov8/train/labels/20260508_174344_jpg.rf.WVvJ6IOWsAXAWH6oou8i.txt,train,72cee7cdbd5e933dddcf23558cd9b2e8f1d097c9d0f28c0871e5bdb8ae6bc9d0,D:/work/Year - 4/pepper/project/datset reorder/grade_1/sample_073/20260508_174344.jpg,grade_1,sample_073,grade_1/sample_073,0,V3 Grade 1,0.501375,0.42156000000000005,0.98525,0.8324533333333334,4000,3000,1.3333333333333333,samsung,SM-A127F,3,133.5194091796875,44.60662841796875,187.42997432605904,TRAIN
data/raw/Pepper Berry Grading V3.yolov8/train/images/20260508_174445_jpg.rf.mSA7gThBCmpYxwC2bBBX.jpg,data/raw/Pepper Berry Grading V3.yolov8/train/labels/20260508_174445_jpg.rf.mSA7gThBCmpYxwC2bBBX.txt,train,37c5c929081b03901e11f4158ae989a7d1313e85027186eeafe145e05f569802,D:/work/Year - 4/pepper/project/datset reorder/grade_1/sample_073/20260508_174445.jpg,grade_1,sample_073,grade_1/sample_073,0,V3 Grade 1,0.4075,0.49334666666666666,0.815,0.9793633333333334,4000,3000,1.3333333333333333,samsung,SM-A127F,3,132.09395345052084,25.77862548828125,178.2637997432606,TRAIN
data/raw/Pepper Berry Grading V3.yolov8/train/images/20260508_174610_jpg.rf.b8SSTsNqaCcGr6qcXw6b.jpg,data/raw/Pepper Berry Grading V3.yolov8/train/labels/20260508_174610_jpg.rf.b8SSTsNqaCcGr6qcXw6b.txt,train,76c53cf5a4b618cd4115b2a0d043382184b361bdf5a8593e2f85341f9ea09a11,D:/work/Year - 4/pepper/project/datset reorder/grade_1/sample_073/20260508_174610.jpg,grade_1,sample_073,grade_1/sample_073,0,V3 Grade 1,0.513125,0.4988433333333333,0.97375,0.9976866666666666,4000,3000,1.3333333333333333,samsung,SM-A127F,3,130.13018798828125,27.586161295572918,175.20507060333762,TRAIN
data/raw/Pepper Berry Grading V3.yolov8/train/images/20260508_174638_jpg.rf.Z3uz4VuEj5xJO9uxir50.jpg,data/raw/Pepper Berry Grading V3.yolov8/train/labels/20260508_174638_jpg.rf.Z3uz4VuEj5xJO9uxir50.txt,train,51da71c8a352b3934aa2aa49501ecd863d247b6e9a50d25697a94e7d5debfc47,D:/work/Year - 4/pepper/project/datset reorder/grade_1/sample_072/20260508_174638.jpg,grade_1,sample_072,grade_1/sample_072,0,V3 Grade 1,0.5,0.43555000000000005,1.0,0.8711000000000001,4000,3000,1.3333333333333333,samsung,SM-A127F,3,130.16166178385416,48.28289794921875,191.24448010269577,TEST
data/raw/Pepper Berry Grading V3.yolov8/train/images/20260508_174823_jpg.rf.r51LXJSVDQ5alYNi4TkS.jpg,data/raw/Pepper Berry Grading V3.yolov8/train/labels/20260508_174823_jpg.rf.r51LXJSVDQ5alYNi4TkS.txt,train,a675880aa9dd2315b0a0916d4e5883382e50bf598083472de55c669061e98d00,D:/work/Year - 4/pepper/project/datset reorder/grade_1/sample_072/20260508_174823.jpg,grade_1,sample_072,grade_1/sample_072,0,V3 Grade 1,0.5,0.5021025,1.0,0.9332050000000001,4000,3000,1.3333333333333333,samsung,SM-A127F,6,135.25543212890625,26.268391927083332,189.60237483953787,TEST
data/raw/Pepper Berry Grading V3.yolov8/train/images/20260508_174914_jpg.rf.iIugJTMskAOgo1RPzpXB.jpg,data/raw/Pepper Berry Grading V3.yolov8/train/labels/20260508_174914_jpg.rf.iIugJTMskAOgo1RPzpXB.txt,train,5767056981e0c8748cdbfd7f8386a182388634fe25ca6a0075e0fc200865dd2a,D:/work/Year - 4/pepper/project/datset reorder/grade_1/sample_071/20260508_174914.jpg,grade_1,sample_071,grade_1/sample_071,0,V3 Grade 1,0.4493333333333333,0.4768925,0.6453333333333333,0.727785,4000,3000,1.3333333333333333,samsung,SM-A127F,6,136.3367919921875,73.64194742838542,186.64178433889603,TRAIN
data/raw/Pepper Berry Grading V3.yolov8/train/images/20260508_174942_jpg.rf.IBZASVEWJTdHUqWrvSJn.jpg,data/raw/Pepper Berry Grading V3.yolov8/train/labels/20260508_174942_jpg.rf.IBZASVEWJTdHUqWrvSJn.txt,train,b84dfa933a073abe4b297485b5b2f1f0c4344022e5581e8fe7cd8280363edf51,D:/work/Year - 4/pepper/project/datset reorder/grade_1/sample_071/20260508_174942.jpg,grade_1,sample_071,grade_1/sample_071,0,V3 Grade 1,0.5,0.5003566666666667,1.0,0.9067133333333333,4000,3000,1.3333333333333333,samsung,SM-A127F,3,134.03678385416666,20.471415201822918,213.15237483953786,TRAIN
data/raw/Pepper Berry Grading V3.yolov8/train/images/20260508_175021_jpg.rf.kNr2vdyeW3wfEBaGKr5D.jpg,data/raw/Pepper Berry Grading V3.yolov8/train/labels/20260508_175021_jpg.rf.kNr2vdyeW3wfEBaGKr5D.txt,train,cef555d3ca54648a2bc56fb9d11045539ee8b95a08ad6709f7e5260605ae5c69,D:/work/Year - 4/pepper/project/datset reorder/grade_1/sample_071/20260508_175021.jpg,grade_1,sample_071,grade_1/sample_071,0,V3 Grade 1,0.46725,0.49941,0.8695,0.9614866666666667,4000,3000,1.3333333333333333,samsung,SM-A127F,3,125.78741455078125,27.56060791015625,183.63286264441592,TRAIN
data/raw/Pepper Berry Grading V3.yolov8/train/images/20260508_175052_jpg.rf.ssBgN5ByGpW5c7QbksN4.jpg,data/raw/Pepper Berry Grading V3.yolov8/train/labels/20260508_175052_jpg.rf.ssBgN5ByGpW5c7QbksN4.txt,train,415bc3cbfc2c56867babf0535d91266f8d50fec358264fe931bfe60235b48bb4,D:/work/Year - 4/pepper/project/datset reorder/grade_1/sample_071/20260508_175052.jpg,grade_1,sample_071,grade_1/sample_071,0,V3 Grade 1,0.516875,0.5035,0.94625,0.993,4000,3000,1.3333333333333333,samsung,SM-A127F,3,127.72450764973958,26.289326985677082,176.3283697047497,TRAIN
data/raw/Pepper Berry Grading V3.yolov8/train/images/20260508_232306_jpg.rf.nM5Sd0G51dr92ziirYMh.jpg,data/raw/Pepper Berry Grading V3.yolov8/train/labels/20260508_232306_jpg.rf.nM5Sd0G51dr92ziirYMh.txt,train,f9e79843a3e4d972ed39f88661de82a2b01d860d321621d38adf2bb875f484ee,D:/work/Year - 4/pepper/project/datset reorder/grade_2/sample_011/20260508_232306.jpg,grade_2,sample_011,grade_2/sample_011,1,V3 Grade 2,0.443,0.604615,0.5193333333333333,0.64823,4000,3000,1.3333333333333333,samsung,SM-A127F,6,135.45654296875,40.970682779947914,172.90545571245187,TRAIN
data/raw/Pepper Berry Grading V3.yolov8/train/images/20260508_232616_jpg.rf.pnMgeTNBKIQEgtyLsOEY.jpg,data/raw/Pepper Berry Grading V3.yolov8/train/labels/20260508_232616_jpg.rf.pnMgeTNBKIQEgtyLsOEY.txt,train,cd55aa9b60566ce49ed4752d50d0abf30061bff412ef028b594d8a5689c006b0,D:/work/Year - 4/pepper/project/datset reorder/grade_2/sample_012/20260508_232616.jpg,grade_2,sample_012,grade_2/sample_012,1,V3 Grade 2,0.49666666666666665,0.54812,0.8066666666666666,0.7252424999999999,4000,3000,1.3333333333333333,samsung,SM-A127F,6,117.95369466145833,25.349833170572918,144.30975609756098,TRAIN
data/raw/Pepper Berry Grading V3.yolov8/train/images/20260508_232716_jpg.rf.Oc2z86wkR2k79G9XB9x2.jpg,data/raw/Pepper Berry Grading V3.yolov8/train/labels/20260508_232716_jpg.rf.Oc2z86wkR2k79G9XB9x2.txt,train,8539dfe72f6b613e344aca7f555231198c1977d9373946a17994e2d5833a93b4,D:/work/Year - 4/pepper/project/datset reorder/grade_2/sample_013/20260508_232716.jpg,grade_2,sample_013,grade_2/sample_013,1,V3 Grade 2,0.409375,0.44871000000000005,0.77125,0.8900866666666667,4000,3000,1.3333333333333333,samsung,SM-A127F,3,142.31475830078125,22.237711588541668,191.66803594351734,TRAIN
data/raw/Pepper Berry Grading V3.yolov8/train/images/20260508_232746_jpg.rf.fudfTWyiRQJiurUHLl64.jpg,data/raw/Pepper Berry Grading V3.yolov8/train/labels/20260508_232746_jpg.rf.fudfTWyiRQJiurUHLl64.txt,train,7afaf187e9061a5f720cd0b702c986d298ac04afc031826c8de7052a6d758695,D:/work/Year - 4/pepper/project/datset reorder/grade_2/sample_013/20260508_232746.jpg,grade_2,sample_013,grade_2/sample_013,1,V3 Grade 2,0.3695,0.5176766666666667,0.739,0.95469,4000,3000,1.3333333333333333,samsung,SM-A127F,3,149.0215861002604,15.592244466145834,193.69152759948653,TRAIN
data/raw/Pepper Berry Grading V3.yolov8/train/images/20260508_232804_jpg.rf.sG6hm0o76lQBXI3l1L9c.jpg,data/raw/Pepper Berry Grading V3.yolov8/train/labels/20260508_232804_jpg.rf.sG6hm0o76lQBXI3l1L9c.txt,train,3472e118e712fe4674ee234bc51e1c094bdb8cd203830f55c95f5dc49b989e1c,D:/work/Year - 4/pepper/project/datset reorder/grade_2/sample_013/20260508_232804.jpg,grade_2,sample_013,grade_2/sample_013,1,V3 Grade 2,0.429875,0.5017366666666667,0.79225,0.99614,4000,3000,1.3333333333333333,samsung,SM-A127F,3,127.13932291666667,20.017496744791668,172.17541720154043,TRAIN
data/raw/Pepper Berry Grading V3.yolov8/train/images/20260508_232837_jpg.rf.Z8pwzoxym4oc2mp8Fs0O.jpg,data/raw/Pepper Berry Grading V3.yolov8/train/labels/20260508_232837_jpg.rf.Z8pwzoxym4oc2mp8Fs0O.txt,train,e87d68b4888e00a7ec8bcfdcf880e0f47c6e97ccaf60093bb950238e9cea3621,D:/work/Year - 4/pepper/project/datset reorder/grade_2/sample_014/20260508_232837.jpg,grade_2,sample_014,grade_2/sample_014,1,V3 Grade 2,0.468375,0.45873,0.92925,0.7367933333333334,4000,3000,1.3333333333333333,samsung,SM-A127F,3,134.6373494466146,29.682454427083332,179.76508344030808,VALIDATION
data/raw/Pepper Berry Grading V3.yolov8/train/images/20260508_232900_jpg.rf.Nkd3SaXex4g505hKMGm5.jpg,data/raw/Pepper Berry Grading V3.yolov8/train/labels/20260508_232900_jpg.rf.Nkd3SaXex4g505hKMGm5.txt,train,c7a4f52f5b2f62b0d6d35c532ea1006704b1687326ab83113e563ae324f4712d,D:/work/Year - 4/pepper/project/datset reorder/grade_2/sample_014/20260508_232900.jpg,grade_2,sample_014,grade_2/sample_014,1,V3 Grade 2,0.5133333333333333,0.55275,0.88,0.8945,4000,3000,1.3333333333333333,samsung,SM-A127F,6,129.26566569010416,21.197530110677082,192.73106546854942,VALIDATION
data/raw/Pepper Berry Grading V3.yolov8/train/images/20260508_232931_jpg.rf.We6jQRhI1VBZx7YOU4RJ.jpg,data/raw/Pepper Berry Grading V3.yolov8/train/labels/20260508_232931_jpg.rf.We6jQRhI1VBZx7YOU4RJ.txt,train,34a09477bd150461929b167397c4801b2e7d99560010fa220e7e7c25fa429892,D:/work/Year - 4/pepper/project/datset reorder/grade_2/sample_014/20260508_232931.jpg,grade_2,sample_014,grade_2/sample_014,1,V3 Grade 2,0.49533333333333335,0.6065,0.9906666666666667,0.787,4000,3000,1.3333333333333333,samsung,SM-A127F,6,121.13063557942708,29.670979817708332,158.45288831835686,VALIDATION
data/raw/Pepper Berry Grading V3.yolov8/train/images/20260508_233027_jpg.rf.pgBwCn2ZN5wql7xscbGn.jpg,data/raw/Pepper Berry Grading V3.yolov8/train/labels/20260508_233027_jpg.rf.pgBwCn2ZN5wql7xscbGn.txt,train,b0f068b0c1ae63c3451638e8d6bda60e9a12c2c2344cd55984be16d1d70310a7,D:/work/Year - 4/pepper/project/datset reorder/grade_2/sample_015/20260508_233027.jpg,grade_2,sample_015,grade_2/sample_015,1,V3 Grade 2,0.397,0.5611,0.7873333333333333,0.8312,4000,3000,1.3333333333333333,samsung,SM-A127F,6,125.0213623046875,29.567708333333332,171.30038510911425,TRAIN
data/raw/Pepper Berry Grading V3.yolov8/train/images/20260508_233054_jpg.rf.rBbkFwSaYlxFUuUOxAeG.jpg,data/raw/Pepper Berry Grading V3.yolov8/train/labels/20260508_233054_jpg.rf.rBbkFwSaYlxFUuUOxAeG.txt,train,d8011cc0629afb77d00b8a1b8aba3727abe8c9eca8731fee75ddbc0274f8f6da,D:/work/Year - 4/pepper/project/datset reorder/grade_2/sample_015/20260508_233054.jpg,grade_2,sample_015,grade_2/sample_015,1,V3 Grade 2,0.47833333333333333,0.5638575,0.8433333333333334,0.781715,4000,3000,1.3333333333333333,samsung,SM-A127F,6,138.53104654947916,22.78857421875,173.01874197689347,TRAIN
data/raw/Pepper Berry Grading V3.yolov8/train/images/20260508_233118_jpg.rf.SiIIdndTdAwhg24FUcLp.jpg,data/raw/Pepper Berry Grading V3.yolov8/train/labels/20260508_233118_jpg.rf.SiIIdndTdAwhg24FUcLp.txt,train,96a44aadb3d7a4cd0dbc096d8c78da8290dade811b29c34854f9ee801521e70d,D:/work/Year - 4/pepper/project/datset reorder/grade_2/sample_015/20260508_233118.jpg,grade_2,sample_015,grade_2/sample_015,1,V3 Grade 2,0.446,0.6045925,0.8653333333333333,0.7881875,4000,3000,1.3333333333333333,samsung,SM-A127F,6,134.93888346354166,23.334737141927082,164.3209242618742,TRAIN
data/raw/Pepper Berry Grading V3.yolov8/train/images/20260508_233147_jpg.rf.mDUdr6UHXvaiox53v9B9.jpg,data/raw/Pepper Berry Grading V3.yolov8/train/labels/20260508_233147_jpg.rf.mDUdr6UHXvaiox53v9B9.txt,train,82bff4a8a07cbfc18b5349c7347e7419b140b38964751eb5635319fc6a267803,D:/work/Year - 4/pepper/project/datset reorder/grade_2/sample_015/20260508_233147.jpg,grade_2,sample_015,grade_2/sample_015,1,V3 Grade 2,0.5116666666666667,0.5938475,0.9766666666666667,0.781695,4000,3000,1.3333333333333333,samsung,SM-A127F,6,120.73665364583333,21.083414713541668,154.25474967907573,TRAIN
data/raw/Pepper Berry Grading V3.yolov8/train/images/20260508_233255_jpg.rf.fM5KFjnkVyT1uxEpNyEL.jpg,data/raw/Pepper Berry Grading V3.yolov8/train/labels/20260508_233255_jpg.rf.fM5KFjnkVyT1uxEpNyEL.txt,train,2c9fab3d2dbc7c56af1fad00c92117678c04c0c76d00d84657eb9f5baa4fb66b,D:/work/Year - 4/pepper/project/datset reorder/grade_2/sample_016/20260508_233255.jpg,grade_2,sample_016,grade_2/sample_016,1,V3 Grade 2,0.43033333333333335,0.5708475,0.774,0.8356925,4000,3000,1.3333333333333333,samsung,SM-A127F,6,142.2082316080729,35.378519694010414,177.67021822849807,TRAIN
data/raw/Pepper Berry Grading V3.yolov8/train/images/20260508_233317_jpg.rf.ls7npou8W6mGoEcJy9z6.jpg,data/raw/Pepper Berry Grading V3.yolov8/train/labels/20260508_233317_jpg.rf.ls7npou8W6mGoEcJy9z6.txt,train,86fde9563955fae09a72e5f008106cb2e9dbbda6d930e93ac6e57a7b1e8645d9,D:/work/Year - 4/pepper/project/datset reorder/grade_2/sample_016/20260508_233317.jpg,grade_2,sample_016,grade_2/sample_016,1,V3 Grade 2,0.5,0.541095,1.0,0.9111875,4000,3000,1.3333333333333333,samsung,SM-A127F,6,122.68857828776042,23.823527018229168,164.28433889602053,TRAIN
data/raw/Pepper Berry Grading V3.yolov8/train/images/20260508_233339_jpg.rf.Q1fUve9gXiQYUuxIX1dg.jpg,data/raw/Pepper Berry Grading V3.yolov8/train/labels/20260508_233339_jpg.rf.Q1fUve9gXiQYUuxIX1dg.txt,train,ced5e9b6a1d5fbe58967b4f3d644f943fc6b90472e63693cb95dee9fcc1014d6,D:/work/Year - 4/pepper/project/datset reorder/grade_2/sample_016/20260508_233339.jpg,grade_2,sample_016,grade_2/sample_016,1,V3 Grade 2,0.5033333333333333,0.569,0.9933333333333333,0.862,4000,3000,1.3333333333333333,samsung,SM-A127F,6,137.32916259765625,21.974507649739582,201.08132220795892,TRAIN
data/raw/Pepper Berry Grading V3.yolov8/train/images/20260508_233357_jpg.rf.ofKT3lpW3TOBlxStXDVH.jpg,data/raw/Pepper Berry Grading V3.yolov8/train/labels/20260508_233357_jpg.rf.ofKT3lpW3TOBlxStXDVH.txt,train,12c5abd5963a3d86609a5dbe60f2861658c6387c439dfe4250ad0ffb0e8ac87a,D:/work/Year - 4/pepper/project/datset reorder/grade_2/sample_016/20260508_233357.jpg,grade_2,sample_016,grade_2/sample_016,1,V3 Grade 2,0.49866666666666665,0.58775,0.984,0.8245,4000,3000,1.3333333333333333,samsung,SM-A127F,6,134.6595255533854,24.16680908203125,180.4854300385109,TRAIN
data/raw/Pepper Berry Grading V3.yolov8/train/images/20260508_233452_jpg.rf.dCUARI5oVEUUqRPMVC46.jpg,data/raw/Pepper Berry Grading V3.yolov8/train/labels/20260508_233452_jpg.rf.dCUARI5oVEUUqRPMVC46.txt,train,9e6d7b392796925d2ae118da44830c3322152915e9697d8f1035fb4fb3b8e360,D:/work/Year - 4/pepper/project/datset reorder/grade_2/sample_017/20260508_233452.jpg,grade_2,sample_017,grade_2/sample_017,1,V3 Grade 2,0.5066666666666667,0.47711000000000003,0.9866666666666667,0.9432174999999999,4000,3000,1.3333333333333333,samsung,SM-A127F,8,135.9586181640625,28.0396728515625,189.53966623876764,TEST
data/raw/Pepper Berry Grading V3.yolov8/train/images/20260508_233518_jpg.rf.NpzBaJy8CjaxXL1YnkDZ.jpg,data/raw/Pepper Berry Grading V3.yolov8/train/labels/20260508_233518_jpg.rf.NpzBaJy8CjaxXL1YnkDZ.txt,train,81ba2fe34ec2742f915e58ef55c8c9aee8db6655929d6b9586367bcea0bac845,D:/work/Year - 4/pepper/project/datset reorder/grade_2/sample_017/20260508_233518.jpg,grade_2,sample_017,grade_2/sample_017,1,V3 Grade 2,0.5033333333333333,0.41689499999999996,0.9933333333333333,0.8277925,4000,3000,1.3333333333333333,samsung,SM-A127F,8,135.85396321614584,23.029622395833332,192.80186136071887,TEST
data/raw/Pepper Berry Grading V3.yolov8/train/images/20260508_233612_jpg.rf.hJ3uj0pbsHSETHY4JRLB.jpg,data/raw/Pepper Berry Grading V3.yolov8/train/labels/20260508_233612_jpg.rf.hJ3uj0pbsHSETHY4JRLB.txt,train,36744a6b0ce0d286c86d283eeb8b556f83dd918b905f4b055c179d799cc68202,D:/work/Year - 4/pepper/project/datset reorder/grade_2/sample_018/20260508_233612.jpg,grade_2,sample_018,grade_2/sample_018,1,V3 Grade 2,0.4866666666666667,0.52235,0.96,0.9087000000000001,4000,3000,1.3333333333333333,samsung,SM-A127F,6,138.41998291015625,38.296366373697914,177.1114890885751,VALIDATION
data/raw/Pepper Berry Grading V3.yolov8/train/images/20260508_233631_jpg.rf.xxDqxFa5pfnGePfgGJwK.jpg,data/raw/Pepper Berry Grading V3.yolov8/train/labels/20260508_233631_jpg.rf.xxDqxFa5pfnGePfgGJwK.txt,train,7b51c7351b3537b065cf0f4d87478dc550f69b38c6ea1812f421cab896889094,D:/work/Year - 4/pepper/project/datset reorder/grade_2/sample_018/20260508_233631.jpg,grade_2,sample_018,grade_2/sample_018,1,V3 Grade 2,0.5156666666666667,0.5471024999999999,0.8646666666666667,0.8432050000000001,4000,3000,1.3333333333333333,samsung,SM-A127F,6,139.66035970052084,24.86077880859375,182.50641848523748,VALIDATION
data/raw/Pepper Berry Grading V3.yolov8/train/images/20260508_233704_jpg.rf.PNQvdgLQyNkI7zptSV4R.jpg,data/raw/Pepper Berry Grading V3.yolov8/train/labels/20260508_233704_jpg.rf.PNQvdgLQyNkI7zptSV4R.txt,train,96f0df30a768c21c6d76af910fe9422058fb962da93c4b76ab4fb1a7c0c952dd,D:/work/Year - 4/pepper/project/datset reorder/grade_2/sample_018/20260508_233704.jpg,grade_2,sample_018,grade_2/sample_018,1,V3 Grade 2,0.5516666666666666,0.61775,0.8966666666666666,0.7645,4000,3000,1.3333333333333333,samsung,SM-A127F,6,146.17838541666666,18.457682291666668,179.10417201540437,VALIDATION
data/raw/Pepper Berry Grading V3.yolov8/train/images/20260508_233906_jpg.rf.lHqz8A6dNDFCW6FrUBbj.jpg,data/raw/Pepper Berry Grading V3.yolov8/train/labels/20260508_233906_jpg.rf.lHqz8A6dNDFCW6FrUBbj.txt,train,5b3855e30673c78dcb5ed7ab704a85a6d7dcfb09c0f7a1a80f26e8320e2c29b1,D:/work/Year - 4/pepper/project/datset reorder/grade_2/sample_019/20260508_233906.jpg,grade_2,sample_019,grade_2/sample_019,1,V3 Grade 2,0.42333333333333334,0.4768775,0.6333333333333333,0.827755,4000,3000,1.3333333333333333,samsung,SM-A127F,6,122.9237060546875,28.24285888671875,144.74672657252887,TEST
data/raw/Pepper Berry Grading V3.yolov8/train/images/20260508_234005_jpg.rf.x7LV4edqq8XgFz4kBMN7.jpg,data/raw/Pepper Berry Grading V3.yolov8/train/labels/20260508_234005_jpg.rf.x7LV4edqq8XgFz4kBMN7.txt,train,223902ba5a256b239562334b57ed5713019283c124d54798579b0e9763a75e87,D:/work/Year - 4/pepper/project/datset reorder/grade_2/sample_020/20260508_234005.jpg,grade_2,sample_020,grade_2/sample_020,1,V3 Grade 2,0.5256666666666666,0.5323475,0.7113333333333334,0.908695,4000,3000,1.3333333333333333,samsung,SM-A127F,6,136.87823486328125,32.799173990885414,183.3553273427471,TRAIN
data/raw/Pepper Berry Grading V3.yolov8/train/images/20260508_234023_jpg.rf.IbAfuNhGCOppgQL3LsGL.jpg,data/raw/Pepper Berry Grading V3.yolov8/train/labels/20260508_234023_jpg.rf.IbAfuNhGCOppgQL3LsGL.txt,train,9aa3bcb2bb6e601c3c5784a3fa021129f6d76519a5f63f4c5c1441860a146e00,D:/work/Year - 4/pepper/project/datset reorder/grade_2/sample_020/20260508_234023.jpg,grade_2,sample_020,grade_2/sample_020,1,V3 Grade 2,0.5033333333333333,0.626595,0.9933333333333333,0.73219,4000,3000,1.3333333333333333,samsung,SM-A127F,6,114.93662516276042,32.699605305989586,152.81803594351732,TRAIN
data/raw/Pepper Berry Grading V3.yolov8/train/images/20260508_234055_jpg.rf.Lk4osRn1VnXSM3U9G2RP.jpg,data/raw/Pepper Berry Grading V3.yolov8/train/labels/20260508_234055_jpg.rf.Lk4osRn1VnXSM3U9G2RP.txt,train,4bcf57eeec2209f9863ada39e6cd7a5860fb5647a1a3b8647c983226a7de5af5,D:/work/Year - 4/pepper/project/datset reorder/grade_2/sample_020/20260508_234055.jpg,grade_2,sample_020,grade_2/sample_020,1,V3 Grade 2,0.5033333333333333,0.5140950000000001,0.9933333333333333,0.9571900000000001,4000,3000,1.3333333333333333,samsung,SM-A127F,6,131.53946940104166,19.980611165364582,168.80494223363286,TRAIN
data/raw/Pepper Berry Grading V3.yolov8/train/images/20260508_234220_jpg.rf.TUptTgsJvrJSuU7szuOn.jpg,data/raw/Pepper Berry Grading V3.yolov8/train/labels/20260508_234220_jpg.rf.TUptTgsJvrJSuU7szuOn.txt,train,d8ab385b96d1eabbf75f0e57132107e3b62c44a14fc6ef4d9ca019539cfefb96,D:/work/Year - 4/pepper/project/datset reorder/grade_2/sample_021/20260508_234220.jpg,grade_2,sample_021,grade_2/sample_021,1,V3 Grade 2,0.4706666666666667,0.5186000000000001,0.928,0.9162,4000,3000,1.3333333333333333,samsung,SM-A127F,6,142.6530965169271,23.062235514322918,212.92034659820283,TRAIN
data/raw/Pepper Berry Grading V3.yolov8/train/images/20260508_234247_jpg.rf.QhFY57Q7Uh9RN143O3ir.jpg,data/raw/Pepper Berry Grading V3.yolov8/train/labels/20260508_234247_jpg.rf.QhFY57Q7Uh9RN143O3ir.txt,train,178a9ad6b8b1380b9609df65cc72fb33d912eaccf1eeebc4872a82e59ece37ae,D:/work/Year - 4/pepper/project/datset reorder/grade_2/sample_021/20260508_234247.jpg,grade_2,sample_021,grade_2/sample_021,1,V3 Grade 2,0.5016666666666667,0.505345,0.9966666666666667,0.9746900000000001,4000,3000,1.3333333333333333,samsung,SM-A127F,6,130.6144816080729,19.798685709635418,170.05860077021822,TRAIN
data/raw/Pepper Berry Grading V3.yolov8/train/images/20260508_234330_jpg.rf.nwtej4qE2K5LXjo8ML8x.jpg,data/raw/Pepper Berry Grading V3.yolov8/train/labels/20260508_234330_jpg.rf.nwtej4qE2K5LXjo8ML8x.txt,train,5b63ab8e6ec1456e7b421094d47bf9ef5bf7e8d338a6e0c53149677b55cdb3d0,D:/work/Year - 4/pepper/project/datset reorder/grade_2/sample_021/20260508_234330.jpg,grade_2,sample_021,grade_2/sample_021,1,V3 Grade 2,0.5033333333333333,0.4903575,0.9933333333333333,0.9247150000000001,4000,3000,1.3333333333333333,samsung,SM-A127F,6,135.7900187174479,20.611958821614582,181.8188703465982,TRAIN
data/raw/Pepper Berry Grading V3.yolov8/train/images/20260508_234418_jpg.rf.u3edCEfnmaID730wz7z2.jpg,data/raw/Pepper Berry Grading V3.yolov8/train/labels/20260508_234418_jpg.rf.u3edCEfnmaID730wz7z2.txt,train,53ee154a3a79a53cf4a19b0bb448fe6b2f6bac657630e525f1fbcf3ed71c964c,D:/work/Year - 4/pepper/project/datset reorder/grade_2/sample_022/20260508_234418.jpg,grade_2,sample_022,grade_2/sample_022,1,V3 Grade 2,0.5583333333333333,0.52025,0.8833333333333333,0.9595,4000,3000,1.3333333333333333,samsung,SM-A127F,6,131.0110066731771,26.364501953125,192.85706033376124,TRAIN
data/raw/Pepper Berry Grading V3.yolov8/train/images/20260508_234447_jpg.rf.Nr6mwWew3ZRz9JA4I1gF.jpg,data/raw/Pepper Berry Grading V3.yolov8/train/labels/20260508_234447_jpg.rf.Nr6mwWew3ZRz9JA4I1gF.txt,train,2b33ea1125671228117515168996cd10d16848ed0268dccff84b5e5ce3fc9b9b,D:/work/Year - 4/pepper/project/datset reorder/grade_2/sample_022/20260508_234447.jpg,grade_2,sample_022,grade_2/sample_022,1,V3 Grade 2,0.53,0.5531050000000001,0.94,0.81521,4000,3000,1.3333333333333333,samsung,SM-A127F,6,132.1291707356771,25.089436848958332,174.23639281129653,TRAIN
data/raw/Pepper Berry Grading V3.yolov8/train/images/20260508_234559_jpg.rf.wZf0op0yOtRrKqnUB6za.jpg,data/raw/Pepper Berry Grading V3.yolov8/train/labels/20260508_234559_jpg.rf.wZf0op0yOtRrKqnUB6za.txt,train,60254a4af2be9314793fa5326cf23a0726643fb6098e9ef27b84bf960c5600ce,D:/work/Year - 4/pepper/project/datset reorder/grade_2/sample_023/20260508_234559.jpg,grade_2,sample_023,grade_2/sample_023,1,V3 Grade 2,0.38466666666666666,0.5453450000000001,0.7693333333333333,0.8946900000000001,4000,3000,1.3333333333333333,samsung,SM-A127F,6,134.2092081705729,35.37457275390625,174.6104621309371,TRAIN
data/raw/Pepper Berry Grading V3.yolov8/train/images/20260508_234644_jpg.rf.olL4PhlnW53Zer5PRvxg.jpg,data/raw/Pepper Berry Grading V3.yolov8/train/labels/20260508_234644_jpg.rf.olL4PhlnW53Zer5PRvxg.txt,train,d96914c3c4a2629611c8a529665c7702be40b4597793d7430e9dc5ad34863ef9,D:/work/Year - 4/pepper/project/datset reorder/grade_2/sample_023/20260508_234644.jpg,grade_2,sample_023,grade_2/sample_023,1,V3 Grade 2,0.501,0.52525,0.9953333333333333,0.9495,4000,3000,1.3333333333333333,samsung,SM-A127F,6,134.2166951497396,26.74444580078125,195.81258023106548,TRAIN
data/raw/Pepper Berry Grading V3.yolov8/train/images/20260508_234721_jpg.rf.xbaG30yO8eO3BRRFkTCz.jpg,data/raw/Pepper Berry Grading V3.yolov8/train/labels/20260508_234721_jpg.rf.xbaG30yO8eO3BRRFkTCz.txt,train,5f7a1969fb3dc63798f1d7ab68ff57799f1add4e86672d74f0baef97d81c389b,D:/work/Year - 4/pepper/project/datset reorder/grade_2/sample_023/20260508_234721.jpg,grade_2,sample_023,grade_2/sample_023,1,V3 Grade 2,0.5013333333333333,0.50025,0.9893333333333333,0.9995,4000,3000,1.3333333333333333,samsung,SM-A127F,8,133.27364095052084,24.0802001953125,170.32214377406933,TRAIN
data/raw/Pepper Berry Grading V3.yolov8/train/images/20260508_234816_jpg.rf.ydqxf7PDsM8ZK0UxtUOj.jpg,data/raw/Pepper Berry Grading V3.yolov8/train/labels/20260508_234816_jpg.rf.ydqxf7PDsM8ZK0UxtUOj.txt,train,418541d08dfb7ee7cd89be4647d245f527562218ee942e66a5af60a124752500,D:/work/Year - 4/pepper/project/datset reorder/grade_2/sample_024/20260508_234816.jpg,grade_2,sample_024,grade_2/sample_024,1,V3 Grade 2,0.44533333333333336,0.577605,0.6373333333333333,0.7742074999999999,4000,3000,1.3333333333333333,samsung,SM-A127F,6,135.8184611002604,42.716959635416664,167.16585365853658,TRAIN
data/raw/Pepper Berry Grading V3.yolov8/train/images/20260508_234940_jpg.rf.Z3pdrEIyq3kPQc0i95DC.jpg,data/raw/Pepper Berry Grading V3.yolov8/train/labels/20260508_234940_jpg.rf.Z3pdrEIyq3kPQc0i95DC.txt,train,1824a4ca8ec6d8a95315278e43330950ecba4676d8678ae7d0e39f75bc4f0392,D:/work/Year - 4/pepper/project/datset reorder/grade_2/sample_024/20260508_234940.jpg,grade_2,sample_024,grade_2/sample_024,1,V3 Grade 2,0.49933333333333335,0.517595,0.9986666666666667,0.9541900000000001,4000,3000,1.3333333333333333,samsung,SM-A127F,6,137.13167317708334,23.69580078125,204.89865211810013,TRAIN
data/raw/Pepper Berry Grading V3.yolov8/train/images/20260508_235019_jpg.rf.oyl6X4KpQEHaEAJTlFJx.jpg,data/raw/Pepper Berry Grading V3.yolov8/train/labels/20260508_235019_jpg.rf.oyl6X4KpQEHaEAJTlFJx.txt,train,603ac3c651b8be49c4bbbd31e08b2e5051503644ad344933ad1c5c8955988df0,D:/work/Year - 4/pepper/project/datset reorder/grade_2/sample_024/20260508_235019.jpg,grade_2,sample_024,grade_2/sample_024,1,V3 Grade 2,0.58,0.53775,0.84,0.9245,4000,3000,1.3333333333333333,samsung,SM-A127F,6,133.46710205078125,21.77923583984375,173.79557124518612,TRAIN
data/raw/Pepper Berry Grading V3.yolov8/train/images/20260508_235156_jpg.rf.jIbLEkgUUYlYW5J1g3Dw.jpg,data/raw/Pepper Berry Grading V3.yolov8/train/labels/20260508_235156_jpg.rf.jIbLEkgUUYlYW5J1g3Dw.txt,train,1d2942341e56de15b4eedf27fdfe1b5c1e1c505a60bc5112310b335fccbe2a43,D:/work/Year - 4/pepper/project/datset reorder/grade_2/sample_025/20260508_235156.jpg,grade_2,sample_025,grade_2/sample_025,1,V3 Grade 2,0.491,0.48486,0.962,0.92372,4000,3000,1.3333333333333333,samsung,SM-A127F,6,139.29337565104166,19.396240234375,185.40237483953786,TRAIN
data/raw/Pepper Berry Grading V3.yolov8/train/images/20260508_235227_jpg.rf.f6lH4qjxfHuxlruS3zPo.jpg,data/raw/Pepper Berry Grading V3.yolov8/train/labels/20260508_235227_jpg.rf.f6lH4qjxfHuxlruS3zPo.txt,train,7cbb32b83de744966bca362398a8d521db35ea896de7be3e9295fb3ffd1723ae,D:/work/Year - 4/pepper/project/datset reorder/grade_2/sample_026/20260508_235227.jpg,grade_2,sample_026,grade_2/sample_026,1,V3 Grade 2,0.48833333333333334,0.476655,0.53,0.65231,4000,3000,1.3333333333333333,samsung,SM-A127F,6,142.1749267578125,52.70281982421875,177.27490372272143,TEST
data/raw/Pepper Berry Grading V3.yolov8/train/images/20260508_235252_jpg.rf.tjUtHErabXBqQjyKm9Vi.jpg,data/raw/Pepper Berry Grading V3.yolov8/train/labels/20260508_235252_jpg.rf.tjUtHErabXBqQjyKm9Vi.txt,train,77c18f70748c866aeb82baf5cadd73b634dd5393dcdfb8684f8f299a215d47cd,D:/work/Year - 4/pepper/project/datset reorder/grade_2/sample_026/20260508_235252.jpg,grade_2,sample_026,grade_2/sample_026,1,V3 Grade 2,0.5016666666666667,0.4971025,0.9966666666666667,0.9432050000000001,4000,3000,1.3333333333333333,samsung,SM-A127F,6,132.4095458984375,25.289794921875,201.72567394094995,TEST
data/raw/Pepper Berry Grading V3.yolov8/train/images/20260508_235341_jpg.rf.KDoPFhiFUIbjoGw5mGlt.jpg,data/raw/Pepper Berry Grading V3.yolov8/train/labels/20260508_235341_jpg.rf.KDoPFhiFUIbjoGw5mGlt.txt,train,2fe7fb5c1ee1555fe8ac60b7fbe2b6c18256f80531072f57d52b4dc82250733d,D:/work/Year - 4/pepper/project/datset reorder/grade_2/sample_026/20260508_235341.jpg,grade_2,sample_026,grade_2/sample_026,1,V3 Grade 2,0.5066666666666667,0.49834500000000004,0.9866666666666667,0.9966875,4000,3000,1.3333333333333333,samsung,SM-A127F,6,129.84456380208334,18.814290364583332,162.62753530166881,TEST
data/raw/Pepper Berry Grading V3.yolov8/train/images/20260508_235409_jpg.rf.xtpT0p3FfSOfqnQGAsg0.jpg,data/raw/Pepper Berry Grading V3.yolov8/train/labels/20260508_235409_jpg.rf.xtpT0p3FfSOfqnQGAsg0.txt,train,6e53a02772b83fc8c41647c4b498c712b21c743a61034251366f91d296e6b2df,D:/work/Year - 4/pepper/project/datset reorder/grade_2/sample_027/20260508_235409.jpg,grade_2,sample_027,grade_2/sample_027,1,V3 Grade 2,0.48533333333333334,0.5066325,0.7706666666666667,0.7322649999999999,4000,3000,1.3333333333333333,samsung,SM-A127F,6,142.7923787434896,46.747456868489586,190.70648267008985,VALIDATION
data/raw/Pepper Berry Grading V3.yolov8/train/images/20260508_235425_jpg.rf.z0ZbX333JCUVmtAfRNeZ.jpg,data/raw/Pepper Berry Grading V3.yolov8/train/labels/20260508_235425_jpg.rf.z0ZbX333JCUVmtAfRNeZ.txt,train,9e967a441b12044686e9c9d28683109d9502093f66b33e4f1cb93e4e785dcf06,D:/work/Year - 4/pepper/project/datset reorder/grade_2/sample_027/20260508_235425.jpg,grade_2,sample_027,grade_2/sample_027,1,V3 Grade 2,0.462,0.5256124999999999,0.924,0.8302225,4000,3000,1.3333333333333333,samsung,SM-A127F,6,140.77642822265625,25.18438720703125,185.8347240051348,VALIDATION
data/raw/Pepper Berry Grading V3.yolov8/train/images/20260508_235552_jpg.rf.nVmqavibQXE1WKML4wZS.jpg,data/raw/Pepper Berry Grading V3.yolov8/train/labels/20260508_235552_jpg.rf.nVmqavibQXE1WKML4wZS.txt,train,e75b58120a482b3364bdb90001f1c3dc5ce1339fd6717dba9a801500955e61b7,D:/work/Year - 4/pepper/project/datset reorder/grade_2/sample_028/20260508_235552.jpg,grade_2,sample_028,grade_2/sample_028,1,V3 Grade 2,0.4696666666666667,0.544,0.8393333333333334,0.912,4000,3000,1.3333333333333333,samsung,SM-A127F,6,133.6593221028646,35.409159342447914,165.91091142490373,TRAIN
data/raw/Pepper Berry Grading V3.yolov8/train/images/20260508_235625_jpg.rf.VAg28lYKPUdsmr8mU5ex.jpg,data/raw/Pepper Berry Grading V3.yolov8/train/labels/20260508_235625_jpg.rf.VAg28lYKPUdsmr8mU5ex.txt,train,496ee7244c02d428b6de5da0a52bce9772ddc15db6fbc2442c958b0be7b00519,D:/work/Year - 4/pepper/project/datset reorder/grade_2/sample_028/20260508_235625.jpg,grade_2,sample_028,grade_2/sample_028,1,V3 Grade 2,0.4876666666666667,0.5663475,0.9686666666666667,0.8366950000000001,4000,3000,1.3333333333333333,samsung,SM-A127F,6,136.93074544270834,26.428955078125,171.97612323491657,TRAIN
data/raw/Pepper Berry Grading V3.yolov8/train/images/20260508_235702_jpg.rf.Tfu31HaNfx3nHaLv8cEi.jpg,data/raw/Pepper Berry Grading V3.yolov8/train/labels/20260508_235702_jpg.rf.Tfu31HaNfx3nHaLv8cEi.txt,train,29855ff73914dd1624113db0d366c05b7587e272027edad867c8a43b825669a4,D:/work/Year - 4/pepper/project/datset reorder/grade_2/sample_028/20260508_235702.jpg,grade_2,sample_028,grade_2/sample_028,1,V3 Grade 2,0.499,0.439915,0.9246666666666666,0.6538324999999999,4000,3000,1.3333333333333333,samsung,SM-A127F,6,144.76656087239584,21.462198893229168,180.02618741976895,TRAIN
data/raw/Pepper Berry Grading V3.yolov8/train/images/20260508_235724_jpg.rf.VPc1wTbGsNPOI1LbrMHI.jpg,data/raw/Pepper Berry Grading V3.yolov8/train/labels/20260508_235724_jpg.rf.VPc1wTbGsNPOI1LbrMHI.txt,train,a34423335408cc8ddd2783d5f65fb4c7d7170e6ff4b264b7ecec63b862a8ed55,D:/work/Year - 4/pepper/project/datset reorder/grade_2/sample_028/20260508_235724.jpg,grade_2,sample_028,grade_2/sample_028,1,V3 Grade 2,0.5016666666666667,0.52775,0.9966666666666667,0.9445,4000,3000,1.3333333333333333,samsung,SM-A127F,6,128.82452392578125,18.2991943359375,173.6997432605905,TRAIN
data/raw/Pepper Berry Grading V3.yolov8/train/images/20260508_235850_jpg.rf.Nggj9Kq72KMAyqBSwQEe.jpg,data/raw/Pepper Berry Grading V3.yolov8/train/labels/20260508_235850_jpg.rf.Nggj9Kq72KMAyqBSwQEe.txt,train,1aca071268449bc57922d4b7150b0f4008d38ca22d67e734f72fbbc246057b48,D:/work/Year - 4/pepper/project/datset reorder/grade_2/sample_029/20260508_235850.jpg,grade_2,sample_029,grade_2/sample_029,1,V3 Grade 2,0.5016666666666667,0.4571225,0.9966666666666667,0.9032425,4000,3000,1.3333333333333333,samsung,SM-A127F,6,133.15899658203125,22.90020751953125,195.140243902439,TEST
data/raw/Pepper Berry Grading V3.yolov8/train/images/20260508_235922_jpg.rf.NGZ1Xx1RkhFblSBuLMFq.jpg,data/raw/Pepper Berry Grading V3.yolov8/train/labels/20260508_235922_jpg.rf.NGZ1Xx1RkhFblSBuLMFq.txt,train,e780a64a3cb05ec3434bcf550b74cfdfb5a7eb3d07315b3d8086e13988a481fd,D:/work/Year - 4/pepper/project/datset reorder/grade_2/sample_029/20260508_235922.jpg,grade_2,sample_029,grade_2/sample_029,1,V3 Grade 2,0.505,0.466115,0.99,0.9212325,4000,3000,1.3333333333333333,samsung,SM-A127F,6,135.26481119791666,20.736246744791668,172.65744544287548,TEST
data/raw/Pepper Berry Grading V3.yolov8/train/images/20260509_000027_jpg.rf.lf0XkeIWEUob6AGy2BnR.jpg,data/raw/Pepper Berry Grading V3.yolov8/train/labels/20260509_000027_jpg.rf.lf0XkeIWEUob6AGy2BnR.txt,train,3f599c098899ea5a642a94d4c76e1bf983891753a122e9a2f42abcfda5ac8d37,D:/work/Year - 4/pepper/project/datset reorder/grade_2/sample_030/20260509_000027.jpg,grade_2,sample_030,grade_2/sample_030,1,V3 Grade 2,0.412,0.5161224999999999,0.8106666666666666,0.781245,4000,3000,1.3333333333333333,samsung,SM-A127F,6,138.77103678385416,37.184549967447914,169.26572528883185,TEST
data/raw/Pepper Berry Grading V3.yolov8/train/images/20260509_000050_jpg.rf.x00UIqlfacdePKFAIUIn.jpg,data/raw/Pepper Berry Grading V3.yolov8/train/labels/20260509_000050_jpg.rf.x00UIqlfacdePKFAIUIn.txt,train,a16e5d37ce7901dfd6ed29771e58bbf7327087032167ce49c3f58e5caae809bc,D:/work/Year - 4/pepper/project/datset reorder/grade_2/sample_030/20260509_000050.jpg,grade_2,sample_030,grade_2/sample_030,1,V3 Grade 2,0.5033333333333333,0.46362000000000003,0.9933333333333333,0.9062374999999999,4000,3000,1.3333333333333333,samsung,SM-A127F,8,130.69242350260416,21.813924153645832,192.97432605905007,TEST
data/raw/Pepper Berry Grading V3.yolov8/train/images/20260509_000203_jpg.rf.vIRKfGHagltXM6hJVrj9.jpg,data/raw/Pepper Berry Grading V3.yolov8/train/labels/20260509_000203_jpg.rf.vIRKfGHagltXM6hJVrj9.txt,train,abc45c61af7fee34d47c2b0140c512aed332fe40ab40268f1e52b07e969d5606,D:/work/Year - 4/pepper/project/datset reorder/grade_2/sample_030/20260509_000203.jpg,grade_2,sample_030,grade_2/sample_030,1,V3 Grade 2,0.42133333333333334,0.53275,0.8293333333333334,0.9345,4000,3000,1.3333333333333333,samsung,SM-A127F,6,124.01894124348958,29.547444661458332,160.19172015404365,TEST
data/raw/Pepper Berry Grading V3.yolov8/train/images/20260509_000525_jpg.rf.KU4dpkmSE0WdcWGE3WB5.jpg,data/raw/Pepper Berry Grading V3.yolov8/train/labels/20260509_000525_jpg.rf.KU4dpkmSE0WdcWGE3WB5.txt,train,bc299b8734e63519f5f180bcd412da501075f5f7513050187d7f7596a3741d0e,D:/work/Year - 4/pepper/project/datset reorder/grade_1/sample_070/20260509_000525.jpg,grade_1,sample_070,grade_1/sample_070,0,V3 Grade 1,0.45966666666666667,0.539845,0.8593333333333333,0.9136875,4000,3000,1.3333333333333333,samsung,SM-A127F,6,137.0811767578125,32.01611328125,187.81662387676508,TRAIN
data/raw/Pepper Berry Grading V3.yolov8/train/images/20260509_000624_jpg.rf.joWyOZy4P5fojoJfjeZd.jpg,data/raw/Pepper Berry Grading V3.yolov8/train/labels/20260509_000624_jpg.rf.joWyOZy4P5fojoJfjeZd.txt,train,9708f7dc8dfb6edbc2f5419730a79812276bf37f097e57e02441f81a061974e0,D:/work/Year - 4/pepper/project/datset reorder/grade_1/sample_070/20260509_000624.jpg,grade_1,sample_070,grade_1/sample_070,0,V3 Grade 1,0.5,0.49234750000000005,1.0,0.9846950000000001,4000,3000,1.3333333333333333,samsung,SM-A127F,6,133.02099609375,22.128824869791668,177.2456996148909,TRAIN
data/raw/Pepper Berry Grading V3.yolov8/train/images/20260509_000648_jpg.rf.iDzT3kMIAsUM0LcoN2Zf.jpg,data/raw/Pepper Berry Grading V3.yolov8/train/labels/20260509_000648_jpg.rf.iDzT3kMIAsUM0LcoN2Zf.txt,train,4d035bd8a8f03b0ffe4f40beaf9566677a25da6c4ac8c65af0e021279f5accfc,D:/work/Year - 4/pepper/project/datset reorder/grade_1/sample_069/20260509_000648.jpg,grade_1,sample_069,grade_1/sample_069,0,V3 Grade 1,0.394,0.4871125,0.788,0.9032250000000001,4000,3000,1.3333333333333333,samsung,SM-A127F,6,137.93693033854166,33.413431803385414,194.33376123234916,TRAIN
data/raw/Pepper Berry Grading V3.yolov8/train/images/20260509_000726_jpg.rf.LkJxHW5gfTr7zmMIGCtB.jpg,data/raw/Pepper Berry Grading V3.yolov8/train/labels/20260509_000726_jpg.rf.LkJxHW5gfTr7zmMIGCtB.txt,train,035c14a9f9905986f51f0611048ed3fb3b846102223112dfb8f5ddfca37cc300,D:/work/Year - 4/pepper/project/datset reorder/grade_1/sample_069/20260509_000726.jpg,grade_1,sample_069,grade_1/sample_069,0,V3 Grade 1,0.5,0.4613675,1.0,0.922735,4000,3000,1.3333333333333333,samsung,SM-A127F,6,130.0938517252604,18.544840494791668,170.8390243902439,TRAIN
data/raw/Pepper Berry Grading V3.yolov8/train/images/20260509_000749_jpg.rf.Jcc1xnKGSWds53xVj5kv.jpg,data/raw/Pepper Berry Grading V3.yolov8/train/labels/20260509_000749_jpg.rf.Jcc1xnKGSWds53xVj5kv.txt,train,f2608c261a632d30f9c8ab3e7a43c334ca1c0641f38994676450b6af1a6c693d,D:/work/Year - 4/pepper/project/datset reorder/grade_1/sample_069/20260509_000749.jpg,grade_1,sample_069,grade_1/sample_069,0,V3 Grade 1,0.42133333333333334,0.4703625,0.8293333333333334,0.9407225,4000,3000,1.3333333333333333,samsung,SM-A127F,6,128.0089111328125,24.19305419921875,167.0454428754814,TRAIN
data/raw/Pepper Berry Grading V3.yolov8/train/images/20260509_000826_jpg.rf.SCZEjXB7ds3H0S9ByJ7a.jpg,data/raw/Pepper Berry Grading V3.yolov8/train/labels/20260509_000826_jpg.rf.SCZEjXB7ds3H0S9ByJ7a.txt,train,efc721c26d80a62ce0cfdb8e2d032785535d2ba5196be0e33faa579ebb5ac965,D:/work/Year - 4/pepper/project/datset reorder/grade_1/sample_068/20260509_000826.jpg,grade_1,sample_068,grade_1/sample_068,0,V3 Grade 1,0.482,0.51525,0.964,0.9695,4000,3000,1.3333333333333333,samsung,SM-A127F,6,138.18770345052084,21.168660481770832,204.6285622593068,VALIDATION
data/raw/Pepper Berry Grading V3.yolov8/train/images/20260509_000955_jpg.rf.aK6bvTsO7vTQj3FHM0mv.jpg,data/raw/Pepper Berry Grading V3.yolov8/train/labels/20260509_000955_jpg.rf.aK6bvTsO7vTQj3FHM0mv.txt,train,8948b15d3c109dfb5d0047647c7332c548966a6f5120138c141131b592466cbc,D:/work/Year - 4/pepper/project/datset reorder/grade_1/sample_067/20260509_000955.jpg,grade_1,sample_067,grade_1/sample_067,0,V3 Grade 1,0.47833333333333333,0.554095,0.95,0.87719,4000,3000,1.3333333333333333,samsung,SM-A127F,6,131.19185384114584,28.44049072265625,175.84775353016687,TRAIN
data/raw/Pepper Berry Grading V3.yolov8/train/images/20260509_001046_jpg.rf.hawn8CrPe9WkMukJBoiT.jpg,data/raw/Pepper Berry Grading V3.yolov8/train/labels/20260509_001046_jpg.rf.hawn8CrPe9WkMukJBoiT.txt,train,eec475d2dd28f1f0b739f106225fc0576857c67a15e478d06879f251a4a569d5,D:/work/Year - 4/pepper/project/datset reorder/grade_1/sample_067/20260509_001046.jpg,grade_1,sample_067,grade_1/sample_067,0,V3 Grade 1,0.49066666666666664,0.51163,0.9413333333333334,0.74226,4000,3000,1.3333333333333333,samsung,SM-A127F,6,131.42073567708334,23.377197265625,168.3064184852375,TRAIN
data/raw/Pepper Berry Grading V3.yolov8/train/images/20260509_001109_jpg.rf.vBJVAKsjZSFgvCuHFAmF.jpg,data/raw/Pepper Berry Grading V3.yolov8/train/labels/20260509_001109_jpg.rf.vBJVAKsjZSFgvCuHFAmF.txt,train,517f0f4718570231abfb3264f97ee0d694f5d27101de824064d2f12e591f30db,D:/work/Year - 4/pepper/project/datset reorder/grade_1/sample_066/20260509_001109.jpg,grade_1,sample_066,grade_1/sample_066,0,V3 Grade 1,0.516,0.4773725,0.6453333333333333,0.858745,4000,3000,1.3333333333333333,samsung,SM-A127F,6,139.16552734375,41.927469889322914,184.47008985879333,TRAIN
data/raw/Pepper Berry Grading V3.yolov8/train/images/20260509_001124_jpg.rf.o4e2xTZ15ZPp3oCI3smj.jpg,data/raw/Pepper Berry Grading V3.yolov8/train/labels/20260509_001124_jpg.rf.o4e2xTZ15ZPp3oCI3smj.txt,train,0793ce737ca5d4976143670dd42db36df85bd760595ab65a211620252e5f4e06,D:/work/Year - 4/pepper/project/datset reorder/grade_1/sample_066/20260509_001124.jpg,grade_1,sample_066,grade_1/sample_066,0,V3 Grade 1,0.5,0.41090499999999996,1.0,0.7758125,4000,3000,1.3333333333333333,samsung,SM-A127F,6,130.95487467447916,25.8922119140625,176.27278562259306,TRAIN
data/raw/Pepper Berry Grading V3.yolov8/train/images/20260509_001203_jpg.rf.UdWaf7BWRdqhDUm5xHV1.jpg,data/raw/Pepper Berry Grading V3.yolov8/train/labels/20260509_001203_jpg.rf.UdWaf7BWRdqhDUm5xHV1.txt,train,ad647c37a5f3172f1d43f1d0c395d9b26177f2e883b6da10d24f8f4efb95029c,D:/work/Year - 4/pepper/project/datset reorder/grade_1/sample_066/20260509_001203.jpg,grade_1,sample_066,grade_1/sample_066,0,V3 Grade 1,0.5033333333333333,0.5,0.9933333333333333,1.0,4000,3000,1.3333333333333333,samsung,SM-A127F,6,139.8289794921875,19.816080729166668,187.75006418485236,TRAIN
data/raw/Pepper Berry Grading V3.yolov8/train/images/20260509_001228_jpg.rf.UOX5JUA3yHmTA9uiPfMj.jpg,data/raw/Pepper Berry Grading V3.yolov8/train/labels/20260509_001228_jpg.rf.UOX5JUA3yHmTA9uiPfMj.txt,train,d9de2045adefa056c2a2dceee2c279800567c19720f0d58892ac732bcb09a073,D:/work/Year - 4/pepper/project/datset reorder/grade_1/sample_065/20260509_001228.jpg,grade_1,sample_065,grade_1/sample_065,0,V3 Grade 1,0.450375,0.43007,0.86325,0.7594733333333333,4000,3000,1.3333333333333333,samsung,SM-A127F,3,134.0534464518229,36.218729654947914,179.27021822849807,VALIDATION
data/raw/Pepper Berry Grading V3.yolov8/train/images/20260509_001248_jpg.rf.RpBbhixFz0rMLTSMhxqq.jpg,data/raw/Pepper Berry Grading V3.yolov8/train/labels/20260509_001248_jpg.rf.RpBbhixFz0rMLTSMhxqq.txt,train,c939e04a47bc88b225cac484eee914e9275d2d12c31c07d0b0c5a2f403f2e777,D:/work/Year - 4/pepper/project/datset reorder/grade_1/sample_065/20260509_001248.jpg,grade_1,sample_065,grade_1/sample_065,0,V3 Grade 1,0.530375,0.44970666666666664,0.91325,0.89875,4000,3000,1.3333333333333333,samsung,SM-A127F,3,145.5202840169271,20.195943196614582,204.24345314505777,VALIDATION
data/raw/Pepper Berry Grading V3.yolov8/train/images/20260509_001331_jpg.rf.XkHCq7PffsUGScZ3BbKh.jpg,data/raw/Pepper Berry Grading V3.yolov8/train/labels/20260509_001331_jpg.rf.XkHCq7PffsUGScZ3BbKh.txt,train,b6d6280a576cddb8e445ff80ed97534a820749585d6ac5eee35fa5f1a6da9905,D:/work/Year - 4/pepper/project/datset reorder/grade_1/sample_065/20260509_001331.jpg,grade_1,sample_065,grade_1/sample_065,0,V3 Grade 1,0.510375,0.5085,0.97325,0.983,4000,3000,1.3333333333333333,samsung,SM-A127F,3,134.47810872395834,20.13580322265625,178.49403080872915,VALIDATION
data/raw/Pepper Berry Grading V3.yolov8/train/images/20260509_001425_jpg.rf.ruE46U8sAn2nFfYwVzyk.jpg,data/raw/Pepper Berry Grading V3.yolov8/train/labels/20260509_001425_jpg.rf.ruE46U8sAn2nFfYwVzyk.txt,train,e0ec37a974ebbce16deea92779b5c10063b9f7f246efa4ce91c4883882ee8bef,D:/work/Year - 4/pepper/project/datset reorder/grade_1/sample_064/20260509_001425.jpg,grade_1,sample_064,grade_1/sample_064,0,V3 Grade 1,0.5,0.430145,1.0,0.80929,4000,3000,1.3333333333333333,samsung,SM-A127F,6,136.2064412434896,18.534993489583332,196.23465982028242,TRAIN
data/raw/Pepper Berry Grading V3.yolov8/train/images/20260509_001446_jpg.rf.mvp2JuTBNscGeeknEJZj.jpg,data/raw/Pepper Berry Grading V3.yolov8/train/labels/20260509_001446_jpg.rf.mvp2JuTBNscGeeknEJZj.txt,train,4a75b76755472d5e5d8ff54dc351fd913aa9cd3055d4730adfbba1cd2ea6bf0e,D:/work/Year - 4/pepper/project/datset reorder/grade_1/sample_064/20260509_001446.jpg,grade_1,sample_064,grade_1/sample_064,0,V3 Grade 1,0.5016666666666667,0.47336,0.9966666666666667,0.94672,4000,3000,1.3333333333333333,samsung,SM-A127F,6,134.2485555013021,17.812520345052082,187.88093709884467,TRAIN
data/raw/Pepper Berry Grading V3.yolov8/train/images/20260509_001508_jpg.rf.JWlUCryV5ZTUmYUPg8XC.jpg,data/raw/Pepper Berry Grading V3.yolov8/train/labels/20260509_001508_jpg.rf.JWlUCryV5ZTUmYUPg8XC.txt,train,d77d35fab14994ea5f71c5e4cc0424b181c2ec955a5393f045e045904a4ebaae,D:/work/Year - 4/pepper/project/datset reorder/grade_1/sample_064/20260509_001508.jpg,grade_1,sample_064,grade_1/sample_064,0,V3 Grade 1,0.478,0.49934249999999997,0.956,0.9986875,4000,3000,1.3333333333333333,samsung,SM-A127F,6,131.5942179361979,19.416056315104168,174.89403080872913,TRAIN
data/raw/Pepper Berry Grading V3.yolov8/train/images/20260509_001527_jpg.rf.c7APV9gKiSIB2Sx24wrY.jpg,data/raw/Pepper Berry Grading V3.yolov8/train/labels/20260509_001527_jpg.rf.c7APV9gKiSIB2Sx24wrY.txt,train,63311229bda8eed2072d784097b775d4b101fbcc76e078546bd995558781407c,D:/work/Year - 4/pepper/project/datset reorder/grade_1/sample_063/20260509_001527.jpg,grade_1,sample_063,grade_1/sample_063,0,V3 Grade 1,0.435,0.5308474999999999,0.7166666666666667,0.9156925,4000,3000,1.3333333333333333,samsung,SM-A127F,6,137.06290690104166,39.220296223958336,183.058215661104,TEST
data/raw/Pepper Berry Grading V3.yolov8/train/images/20260509_001631_jpg.rf.PRVrgTCefZatVcB0yMDK.jpg,data/raw/Pepper Berry Grading V3.yolov8/train/labels/20260509_001631_jpg.rf.PRVrgTCefZatVcB0yMDK.txt,train,4580dee6700a912fa26273461a0f9c8244b66649c30e17a5030898bf50850734,D:/work/Year - 4/pepper/project/datset reorder/grade_1/sample_063/20260509_001631.jpg,grade_1,sample_063,grade_1/sample_063,0,V3 Grade 1,0.5,0.52525,1.0,0.9495,4000,3000,1.3333333333333333,samsung,SM-A127F,6,135.80672200520834,18.704366048177082,193.03735558408215,TEST
data/raw/Pepper Berry Grading V3.yolov8/train/images/20260509_001651_jpg.rf.RAgqzMWsv8q3Hb1SZrUt.jpg,data/raw/Pepper Berry Grading V3.yolov8/train/labels/20260509_001651_jpg.rf.RAgqzMWsv8q3Hb1SZrUt.txt,train,058211de4de34e639eda9e7bafdde1e9d8bed71bce7af55896e2d4a08c5ec630,D:/work/Year - 4/pepper/project/datset reorder/grade_1/sample_063/20260509_001651.jpg,grade_1,sample_063,grade_1/sample_063,0,V3 Grade 1,0.482,0.4986275,0.9106666666666666,0.7762575,4000,3000,1.3333333333333333,samsung,SM-A127F,6,132.2435099283854,25.697652180989582,177.353594351733,TEST
data/raw/Pepper Berry Grading V3.yolov8/train/images/20260509_001725_jpg.rf.gDnwbAA69yuRUupU01Vc.jpg,data/raw/Pepper Berry Grading V3.yolov8/train/labels/20260509_001725_jpg.rf.gDnwbAA69yuRUupU01Vc.txt,train,3de054dd543fc0431d8feb478691872f19fb754640920b2460080ecdcf4f57e3,D:/work/Year - 4/pepper/project/datset reorder/grade_1/sample_062/20260509_001725.jpg,grade_1,sample_062,grade_1/sample_062,0,V3 Grade 1,0.5043333333333333,0.5021625000000001,0.9886666666666667,0.5533250000000001,4000,3000,1.3333333333333333,samsung,SM-A127F,6,127.3304443359375,36.552571614583336,166.01790757381258,TRAIN
data/raw/Pepper Berry Grading V3.yolov8/train/images/20260509_001753_jpg.rf.ZARtE4DChY87zb96xKZt.jpg,data/raw/Pepper Berry Grading V3.yolov8/train/labels/20260509_001753_jpg.rf.ZARtE4DChY87zb96xKZt.txt,train,a4ec5fcbe5cf56724456b009521521a4442706ad3255cb74aeda1565f5e4d8de,D:/work/Year - 4/pepper/project/datset reorder/grade_1/sample_062/20260509_001753.jpg,grade_1,sample_062,grade_1/sample_062,0,V3 Grade 1,0.506,0.4543775,0.9586666666666667,0.872755,4000,3000,1.3333333333333333,samsung,SM-A127F,6,136.74825032552084,23.263509114583332,201.5864569961489,TRAIN
data/raw/Pepper Berry Grading V3.yolov8/train/images/20260509_001854_jpg.rf.O1oRPSIZPvBKQlTdHqZd.jpg,data/raw/Pepper Berry Grading V3.yolov8/train/labels/20260509_001854_jpg.rf.O1oRPSIZPvBKQlTdHqZd.txt,train,73bda2f423f255d5d97e59dfe54dabf9d7168b243a25381ceaac3324685ed57e,D:/work/Year - 4/pepper/project/datset reorder/grade_1/sample_061/20260509_001854.jpg,grade_1,sample_061,grade_1/sample_061,0,V3 Grade 1,0.528125,0.51473,0.92375,0.6354566666666667,4000,3000,1.3333333333333333,samsung,SM-A127F,3,132.2916259765625,37.282572428385414,189.6578947368421,TEST
data/raw/Pepper Berry Grading V3.yolov8/train/images/20260509_002002_jpg.rf.gRRdxWVSKcJLDRmoFLDU.jpg,data/raw/Pepper Berry Grading V3.yolov8/train/labels/20260509_002002_jpg.rf.gRRdxWVSKcJLDRmoFLDU.txt,train,968380cf1a1e88ca5cf1b3b7e4f7d492611905e26006efce80b2e0c818807112,D:/work/Year - 4/pepper/project/datset reorder/grade_1/sample_061/20260509_002002.jpg,grade_1,sample_061,grade_1/sample_061,0,V3 Grade 1,0.5,0.49634500000000004,1.0,0.9926900000000001,4000,3000,1.3333333333333333,samsung,SM-A127F,6,133.3514607747396,20.507710774739582,174.4745186136072,TEST
data/raw/Pepper Berry Grading V3.yolov8/train/images/20260509_002047_jpg.rf.aJdf007r6s4oystmgiB0.jpg,data/raw/Pepper Berry Grading V3.yolov8/train/labels/20260509_002047_jpg.rf.aJdf007r6s4oystmgiB0.txt,train,cb130eb7d1ed97123ee1faa9394b836204cef1db52c3d2233dc28d11eef7c92f,D:/work/Year - 4/pepper/project/datset reorder/grade_1/sample_060/20260509_002047.jpg,grade_1,sample_060,grade_1/sample_060,0,V3 Grade 1,0.501,0.48085500000000003,0.9686666666666667,0.9557125,4000,3000,1.3333333333333333,samsung,SM-A127F,6,134.4498494466146,20.300008138020832,200.63992297817714,TRAIN
data/raw/Pepper Berry Grading V3.yolov8/train/images/20260509_002109_jpg.rf.eIU4DfcJgmmS7dyyIMRS.jpg,data/raw/Pepper Berry Grading V3.yolov8/train/labels/20260509_002109_jpg.rf.eIU4DfcJgmmS7dyyIMRS.txt,train,dd6b3ab3ce9e9e1d0e4adfef4bc0e1b0d87b3b2f83c9a13819fb21c6b01b1a07,D:/work/Year - 4/pepper/project/datset reorder/grade_1/sample_060/20260509_002109.jpg,grade_1,sample_060,grade_1/sample_060,0,V3 Grade 1,0.5016666666666667,0.47361000000000003,0.9966666666666667,0.9462200000000001,4000,3000,1.3333333333333333,samsung,SM-A127F,6,128.01883951822916,19.58245849609375,187.4112323491656,TRAIN
data/raw/Pepper Berry Grading V3.yolov8/train/images/20260509_002145_jpg.rf.lZPkSlnYqRGrth2F45yw.jpg,data/raw/Pepper Berry Grading V3.yolov8/train/labels/20260509_002145_jpg.rf.lZPkSlnYqRGrth2F45yw.txt,train,056b0ec8f945b41ab4479844efc353cb092f596b85de90f5ce3ff35db3297c2b,D:/work/Year - 4/pepper/project/datset reorder/grade_1/sample_060/20260509_002145.jpg,grade_1,sample_060,grade_1/sample_060,0,V3 Grade 1,0.5033333333333333,0.4978475,0.9933333333333333,0.9696975,4000,3000,1.3333333333333333,samsung,SM-A127F,6,125.1077880859375,22.4842529296875,168.27240051347883,TRAIN
data/raw/Pepper Berry Grading V3.yolov8/train/images/20260509_002205_jpg.rf.rHX0XMt0515H9aRMsZP5.jpg,data/raw/Pepper Berry Grading V3.yolov8/train/labels/20260509_002205_jpg.rf.rHX0XMt0515H9aRMsZP5.txt,train,c2732341a8928c6354436113ce6294f38075785787ba2c76361377c92ea1ca4d,D:/work/Year - 4/pepper/project/datset reorder/grade_1/sample_059/20260509_002205.jpg,grade_1,sample_059,grade_1/sample_059,0,V3 Grade 1,0.424,0.4863525,0.7813333333333333,0.9727025,4000,3000,1.3333333333333333,samsung,SM-A127F,6,133.41959635416666,38.568379720052086,183.06842105263158,TRAIN
data/raw/Pepper Berry Grading V3.yolov8/train/images/20260509_002221_jpg.rf.v8ZjgC37KxZg04ryVL2l.jpg,data/raw/Pepper Berry Grading V3.yolov8/train/labels/20260509_002221_jpg.rf.v8ZjgC37KxZg04ryVL2l.txt,train,d384d9b6106097a88e31f7b265d03c8d0c70b61dc66000ebd94076fa7e52be59,D:/work/Year - 4/pepper/project/datset reorder/grade_1/sample_059/20260509_002221.jpg,grade_1,sample_059,grade_1/sample_059,0,V3 Grade 1,0.465,0.479135,0.8966666666666666,0.7672725,4000,3000,1.3333333333333333,samsung,SM-A127F,6,137.830078125,26.26300048828125,179.58491655969192,TRAIN
data/raw/Pepper Berry Grading V3.yolov8/train/images/20260509_002248_jpg.rf.lmlHtsd2ISKAWz882NYU.jpg,data/raw/Pepper Berry Grading V3.yolov8/train/labels/20260509_002248_jpg.rf.lmlHtsd2ISKAWz882NYU.txt,train,03d08e29bc001377c8fa8423d5c201eaec5bab2166c76c51cef1983d6ea07b38,D:/work/Year - 4/pepper/project/datset reorder/grade_1/sample_059/20260509_002248.jpg,grade_1,sample_059,grade_1/sample_059,0,V3 Grade 1,0.5,0.47113499999999997,1.0,0.79127,4000,3000,1.3333333333333333,samsung,SM-A127F,6,136.12666829427084,21.043294270833332,183.8451219512195,TRAIN
data/raw/Pepper Berry Grading V3.yolov8/train/images/20260509_002305_jpg.rf.MRErnfzjeCZdpCLceECn.jpg,data/raw/Pepper Berry Grading V3.yolov8/train/labels/20260509_002305_jpg.rf.MRErnfzjeCZdpCLceECn.txt,train,95201327b3828069b3584fdca4392a290c09178b42d6c0311a326df72d3a3402,D:/work/Year - 4/pepper/project/datset reorder/grade_1/sample_059/20260509_002305.jpg,grade_1,sample_059,grade_1/sample_059,0,V3 Grade 1,0.5026666666666667,0.4798725,0.992,0.853745,4000,3000,1.3333333333333333,samsung,SM-A127F,6,132.58929443359375,26.226969401041668,174.88831835686779,TRAIN
data/raw/Pepper Berry Grading V3.yolov8/train/images/20260509_002353_jpg.rf.swnBt00mSqWBd2KaPKBO.jpg,data/raw/Pepper Berry Grading V3.yolov8/train/labels/20260509_002353_jpg.rf.swnBt00mSqWBd2KaPKBO.txt,train,79f43a60e85b548c273209333755ea7fc9474e2fb67e19c64404c6320a522f34,D:/work/Year - 4/pepper/project/datset reorder/grade_1/sample_058/20260509_002353.jpg,grade_1,sample_058,grade_1/sample_058,0,V3 Grade 1,0.515,0.48486,0.97,0.92372,4000,3000,1.3333333333333333,samsung,SM-A127F,6,125.52836100260417,32.91485595703125,163.50012836970475,TRAIN
data/raw/Pepper Berry Grading V3.yolov8/train/images/20260509_002440_jpg.rf.v5qfja01DP1Tl5ovBPKH.jpg,data/raw/Pepper Berry Grading V3.yolov8/train/labels/20260509_002440_jpg.rf.v5qfja01DP1Tl5ovBPKH.txt,train,8adc848705cf49d9b867d151997603c509152a097c2f52125d390b6288df979e,D:/work/Year - 4/pepper/project/datset reorder/grade_1/sample_058/20260509_002440.jpg,grade_1,sample_058,grade_1/sample_058,0,V3 Grade 1,0.5166666666666667,0.49934249999999997,0.9666666666666667,0.9986875,4000,3000,1.3333333333333333,samsung,SM-A127F,6,133.9565633138021,22.969340006510418,186.65821566110398,TRAIN
data/raw/Pepper Berry Grading V3.yolov8/train/images/20260509_002457_jpg.rf.ZK5M9Wk9hduVtx0MJUzi.jpg,data/raw/Pepper Berry Grading V3.yolov8/train/labels/20260509_002457_jpg.rf.ZK5M9Wk9hduVtx0MJUzi.txt,train,ecd0e2c02db916bd092f03fa779de1d423b63451f97a31a5e35563a8f7e4f84e,D:/work/Year - 4/pepper/project/datset reorder/grade_1/sample_058/20260509_002457.jpg,grade_1,sample_058,grade_1/sample_058,0,V3 Grade 1,0.5033333333333333,0.4283875,0.9933333333333333,0.856775,4000,3000,1.3333333333333333,samsung,SM-A127F,6,132.53375244140625,20.2349853515625,173.24557124518614,TRAIN
data/raw/Pepper Berry Grading V3.yolov8/train/images/20260509_002547_jpg.rf.kDA5ATuVf7ELpFDriPDg.jpg,data/raw/Pepper Berry Grading V3.yolov8/train/labels/20260509_002547_jpg.rf.kDA5ATuVf7ELpFDriPDg.txt,train,e8061ebeb2a064d9eb068dd3a5d84a833df83a4e6a36656b2b2933ae7b899b57,D:/work/Year - 4/pepper/project/datset reorder/grade_1/sample_058/20260509_002547.jpg,grade_1,sample_058,grade_1/sample_058,0,V3 Grade 1,0.5033333333333333,0.49210000000000004,0.9933333333333333,0.9732000000000001,4000,3000,1.3333333333333333,samsung,SM-A127F,6,134.47945149739584,21.010172526041668,176.64069319640564,TRAIN
data/raw/Pepper Berry Grading V3.yolov8/train/images/20260509_002644_jpg.rf.lQlNIXq59nKSL5KYyOfp.jpg,data/raw/Pepper Berry Grading V3.yolov8/train/labels/20260509_002644_jpg.rf.lQlNIXq59nKSL5KYyOfp.txt,train,0c3bbf2beefe17fb44fdfa6698823921a6ba4e17449ddf6623bdbc631708c397,D:/work/Year - 4/pepper/project/datset reorder/grade_1/sample_057/20260509_002644.jpg,grade_1,sample_057,grade_1/sample_057,0,V3 Grade 1,0.5,0.5,1.0,1.0,4000,3000,1.3333333333333333,samsung,SM-A127F,6,111.42032877604167,37.552347819010414,137.38741976893454,TRAIN
data/raw/Pepper Berry Grading V3.yolov8/train/images/20260509_002710_jpg.rf.sy8WKQu9J3IUOZQWubf4.jpg,data/raw/Pepper Berry Grading V3.yolov8/train/labels/20260509_002710_jpg.rf.sy8WKQu9J3IUOZQWubf4.txt,train,d1e92647ff8a94256839fb5a67e166f8d5b65b44247ba6a222f640dd389ff9d0,D:/work/Year - 4/pepper/project/datset reorder/grade_1/sample_057/20260509_002710.jpg,grade_1,sample_057,grade_1/sample_057,0,V3 Grade 1,0.5,0.4383825,1.0,0.8767625,4000,3000,1.3333333333333333,samsung,SM-A127F,6,129.10211181640625,19.744222005208332,177.9849807445443,TRAIN
data/raw/Pepper Berry Grading V3.yolov8/train/images/20260509_002734_jpg.rf.w0wP87IimtreYoJ0TptW.jpg,data/raw/Pepper Berry Grading V3.yolov8/train/labels/20260509_002734_jpg.rf.w0wP87IimtreYoJ0TptW.txt,train,3411204aaacf09cd1e840d632de00618455677251dcb33392f02a4a5ef396ff3,D:/work/Year - 4/pepper/project/datset reorder/grade_1/sample_057/20260509_002734.jpg,grade_1,sample_057,grade_1/sample_057,0,V3 Grade 1,0.49866666666666665,0.50111,0.984,0.89122,4000,3000,1.3333333333333333,samsung,SM-A127F,6,133.96329752604166,20.649210611979168,180.43177150192554,TRAIN
data/raw/Pepper Berry Grading V3.yolov8/train/images/20260509_103253_jpg.rf.sQ9tZ9P74SwYXC0f1LUu.jpg,data/raw/Pepper Berry Grading V3.yolov8/train/labels/20260509_103253_jpg.rf.sQ9tZ9P74SwYXC0f1LUu.txt,train,4f477274e18fad546eb1ad9b9e1c70d37324d00f23298cc375051beba65ee26f,D:/work/Year - 4/pepper/project/datset reorder/grade_1/sample_086/20260509_103253.jpg,grade_1,sample_086,grade_1/sample_086,0,V3 Grade 1,0.4718954248366013,0.4741666666666666,0.8980392156862745,0.672843137254902,4080,3060,1.3333333333333333,samsung,Galaxy A06,6,124.60188802083333,92.75557454427083,169.85141206675226,TRAIN
data/raw/Pepper Berry Grading V3.yolov8/train/images/20260509_103611_jpg.rf.ip1pm4TW5HnmZ1R6z0AV.jpg,data/raw/Pepper Berry Grading V3.yolov8/train/labels/20260509_103611_jpg.rf.ip1pm4TW5HnmZ1R6z0AV.txt,train,bd7b64fd6a0fb1dab41583133c344ed897c7bc9122ab0a50cc3be1c9c36bb200,D:/work/Year - 4/pepper/project/datset reorder/grade_1/sample_086/20260509_103611.jpg,grade_1,sample_086,grade_1/sample_086,0,V3 Grade 1,0.5256127450980392,0.4361633986928105,0.6370098039215686,0.8422581699346405,4080,3060,1.3333333333333333,samsung,Galaxy A06,3,145.26025390625,44.911051432291664,190.03555840821565,TRAIN
data/raw/Pepper Berry Grading V3.yolov8/train/images/20260509_103800_jpg.rf.ZwIcHsW4xfPM9jwMetnA.jpg,data/raw/Pepper Berry Grading V3.yolov8/train/labels/20260509_103800_jpg.rf.ZwIcHsW4xfPM9jwMetnA.txt,train,7981afd2af9240471249e117fc853b1428069ebfa7855a61b909ba999977721c,D:/work/Year - 4/pepper/project/datset reorder/grade_1/sample_085/20260509_103800.jpg,grade_1,sample_085,grade_1/sample_085,0,V3 Grade 1,0.5161764705882353,0.4920032679738562,0.8362745098039216,0.9840098039215687,4080,3060,1.3333333333333333,samsung,Galaxy A06,1,163.93505859375,39.093892415364586,223.63401797175865,TRAIN
data/raw/Pepper Berry Grading V3.yolov8/train/images/20260509_103837_jpg.rf.UkbKnwpLGXYi5qxvs2Cu.jpg,data/raw/Pepper Berry Grading V3.yolov8/train/labels/20260509_103837_jpg.rf.UkbKnwpLGXYi5qxvs2Cu.txt,train,77bebca6a1cf0fa5f2ac651c12239888d9d925721f12de2481e619af50fd25de,D:/work/Year - 4/pepper/project/datset reorder/grade_1/sample_085/20260509_103837.jpg,grade_1,sample_085,grade_1/sample_085,0,V3 Grade 1,0.5462009803921568,0.5006666666666667,0.7272058823529411,0.9614607843137255,4080,3060,1.3333333333333333,samsung,Galaxy A06,3,166.62740071614584,41.693155924479164,226.842297817715,TRAIN
data/raw/Pepper Berry Grading V3.yolov8/train/images/20260509_103935_jpg.rf.eW96avPHr74sBMIRlzcB.jpg,data/raw/Pepper Berry Grading V3.yolov8/train/labels/20260509_103935_jpg.rf.eW96avPHr74sBMIRlzcB.txt,train,1bbc6eb570da9cbf87ce5a42c203dca790adc5edd5b08f2b871a88ee3c3cb162,D:/work/Year - 4/pepper/project/datset reorder/grade_1/sample_085/20260509_103935.jpg,grade_1,sample_085,grade_1/sample_085,0,V3 Grade 1,0.48823529411764705,0.45624836601307184,0.6431372549019608,0.8856960784313725,4080,3060,1.3333333333333333,samsung,Galaxy A06,3,165.8769327799479,42.1597900390625,218.6102053915276,TRAIN
data/raw/Pepper Berry Grading V3.yolov8/train/images/20260509_104054_jpg.rf.ggBwWw253bxcmf1sOUXc.jpg,data/raw/Pepper Berry Grading V3.yolov8/train/labels/20260509_104054_jpg.rf.ggBwWw253bxcmf1sOUXc.txt,train,95488811bf7a677abd55458ba6b7d119daaa82808c4f1079afaa5e14190f6760,D:/work/Year - 4/pepper/project/datset reorder/grade_1/sample_084/20260509_104054.jpg,grade_1,sample_084,grade_1/sample_084,0,V3 Grade 1,0.5063725490196078,0.4257385620915033,0.4245098039215686,0.6384084967320262,4080,3060,1.3333333333333333,samsung,Galaxy A06,1,162.3632609049479,61.845601399739586,209.09242618741976,TRAIN
data/raw/Pepper Berry Grading V3.yolov8/train/images/20260509_104209_jpg.rf.R6YFyZwlPqAoixtZlGvd.jpg,data/raw/Pepper Berry Grading V3.yolov8/train/labels/20260509_104209_jpg.rf.R6YFyZwlPqAoixtZlGvd.txt,train,5945805baa8ada11ba97cb1111a5ac9784cbba46a36820d6114c7719bcb9e012,D:/work/Year - 4/pepper/project/datset reorder/grade_1/sample_084/20260509_104209.jpg,grade_1,sample_084,grade_1/sample_084,0,V3 Grade 1,0.5001225490196078,0.5157287581699347,0.5860294117647059,0.7301535947712419,4080,3060,1.3333333333333333,samsung,Galaxy A06,3,188.5563761393229,26.340006510416668,237.5122593068036,TRAIN
data/raw/Pepper Berry Grading V3.yolov8/train/images/20260509_104304_jpg.rf.JJ5g7nHNzDBRcNzK3Bl6.jpg,data/raw/Pepper Berry Grading V3.yolov8/train/labels/20260509_104304_jpg.rf.JJ5g7nHNzDBRcNzK3Bl6.txt,train,4439716705c6501f6c98ba40e858dfe51d8d989bea8c3e832c0be7af1d3de011,D:/work/Year - 4/pepper/project/datset reorder/grade_1/sample_084/20260509_104304.jpg,grade_1,sample_084,grade_1/sample_084,0,V3 Grade 1,0.5318627450980392,0.5032941176470588,0.6911764705882353,0.8621437908496732,4080,3060,1.3333333333333333,samsung,Galaxy A06,3,173.63028971354166,36.320393880208336,244.5200898587933,TRAIN
data/raw/Pepper Berry Grading V3.yolov8/train/images/20260509_104444_jpg.rf.hQDD9fmvFYskBIPW3p3W.jpg,data/raw/Pepper Berry Grading V3.yolov8/train/labels/20260509_104444_jpg.rf.hQDD9fmvFYskBIPW3p3W.txt,train,b57725708efcd7c229dd739082a26021201b53e55bf532b5eb1810aca3b094cb,D:/work/Year - 4/pepper/project/datset reorder/grade_1/sample_084/20260509_104444.jpg,grade_1,sample_084,grade_1/sample_084,0,V3 Grade 1,0.5484068627450981,0.5090032679738562,0.5894607843137255,0.9160457516339869,4080,3060,1.3333333333333333,samsung,Galaxy A06,3,169.33087158203125,36.34417724609375,214.3859435173299,TRAIN
data/raw/Pepper Berry Grading V3.yolov8/train/images/20260509_104744_jpg.rf.jTv9v0SrSUKeqQf6KrqE.jpg,data/raw/Pepper Berry Grading V3.yolov8/train/labels/20260509_104744_jpg.rf.jTv9v0SrSUKeqQf6KrqE.txt,train,3e214e50b75b4528ee7002fbe5eedc549d26d32c4c0be468ac310b848f482756,D:/work/Year - 4/pepper/project/datset reorder/grade_1/sample_083/20260509_104744.jpg,grade_1,sample_083,grade_1/sample_083,0,V3 Grade 1,0.4338235294117647,0.4562581699346406,0.6715686274509803,0.8203562091503268,4080,3060,1.3333333333333333,samsung,Galaxy A06,3,187.88360595703125,28.313618977864582,239.51065468549422,TRAIN
data/raw/Pepper Berry Grading V3.yolov8/train/images/20260509_104808_jpg.rf.d1hri9Q4lr2RSqtUwgG6.jpg,data/raw/Pepper Berry Grading V3.yolov8/train/labels/20260509_104808_jpg.rf.d1hri9Q4lr2RSqtUwgG6.txt,train,2d06c5fff40a122698cd238c6d2da42e9db90fca6f5c7eb0b5fe9e6284e5a5bb,D:/work/Year - 4/pepper/project/datset reorder/grade_1/sample_083/20260509_104808.jpg,grade_1,sample_083,grade_1/sample_083,0,V3 Grade 1,0.4910539215686274,0.5047450980392156,0.8178921568627451,0.9794281045751635,4080,3060,1.3333333333333333,samsung,Galaxy A06,3,166.90022786458334,32.679606119791664,226.68793324775353,TRAIN
data/raw/Pepper Berry Grading V3.yolov8/train/images/20260509_104828_jpg.rf.yJx3CxpPLEdFMyxDu3zF.jpg,data/raw/Pepper Berry Grading V3.yolov8/train/labels/20260509_104828_jpg.rf.yJx3CxpPLEdFMyxDu3zF.txt,train,7aee97b92273dd14aadcaff8d5c0504c6530c6380cbdb1c653dcd5c903eb4760,D:/work/Year - 4/pepper/project/datset reorder/grade_1/sample_083/20260509_104828.jpg,grade_1,sample_083,grade_1/sample_083,0,V3 Grade 1,0.47009803921568627,0.4835261437908496,0.6460784313725491,0.8781666666666667,4080,3060,1.3333333333333333,samsung,Galaxy A06,3,166.6994832356771,43.68389892578125,211.67708600770217,TRAIN
data/raw/Pepper Berry Grading V3.yolov8/train/images/20260509_105056_jpg.rf.UVmKAPvJ8vEqPkUjzBDO.jpg,data/raw/Pepper Berry Grading V3.yolov8/train/labels/20260509_105056_jpg.rf.UVmKAPvJ8vEqPkUjzBDO.txt,train,a1e77d1d6e2debb7e1f328d97f90911114ecc70db9eeade68fed345debf3c05c,D:/work/Year - 4/pepper/project/datset reorder/grade_1/sample_082/20260509_105056.jpg,grade_1,sample_082,grade_1/sample_082,0,V3 Grade 1,0.5975490196078431,0.41352614379084973,0.6460784313725491,0.6760718954248367,4080,3060,1.3333333333333333,samsung,Galaxy A06,1,148.0957234700521,62.241109212239586,194.4349165596919,TRAIN
data/raw/Pepper Berry Grading V3.yolov8/train/images/20260509_105134_jpg.rf.PXUIFfHrV3vBJMk2lIM3.jpg,data/raw/Pepper Berry Grading V3.yolov8/train/labels/20260509_105134_jpg.rf.PXUIFfHrV3vBJMk2lIM3.txt,train,e8dbb2f06d337d85b7a34c5702d00f66dc85eeb9dd8fa5ed83592a755a1434cc,D:/work/Year - 4/pepper/project/datset reorder/grade_1/sample_082/20260509_105134.jpg,grade_1,sample_082,grade_1/sample_082,0,V3 Grade 1,0.44509803921568625,0.48010130718954247,0.7823529411764706,0.848437908496732,4080,3060,1.3333333333333333,samsung,Galaxy A06,3,155.2935994466146,40.24652099609375,215.202053915276,TRAIN
data/raw/Pepper Berry Grading V3.yolov8/train/images/20260509_105300_jpg.rf.UYxOSnFLs48QMmvEKFNz.jpg,data/raw/Pepper Berry Grading V3.yolov8/train/labels/20260509_105300_jpg.rf.UYxOSnFLs48QMmvEKFNz.txt,train,ed74486672fcfe692dd0daa7858c0998647703d8bbe3f399a0bfe7a26959c971,D:/work/Year - 4/pepper/project/datset reorder/grade_1/sample_082/20260509_105300.jpg,grade_1,sample_082,grade_1/sample_082,0,V3 Grade 1,0.5051470588235294,0.48727124183006537,0.525,0.9673496732026144,4080,3060,1.3333333333333333,samsung,Galaxy A06,3,166.26275634765625,45.730611165364586,204.2245186136072,TRAIN
data/raw/Pepper Berry Grading V3.yolov8/train/images/20260509_105455_jpg.rf.itlsWqQkkTDC37af7vGm.jpg,data/raw/Pepper Berry Grading V3.yolov8/train/labels/20260509_105455_jpg.rf.itlsWqQkkTDC37af7vGm.txt,train,676eb34f238c875ad922dc36703826f61676ce4d7a6fc4978350f8f73431bdbe,D:/work/Year - 4/pepper/project/datset reorder/grade_1/sample_081/20260509_105455.jpg,grade_1,sample_081,grade_1/sample_081,0,V3 Grade 1,0.475,0.5488954248366013,0.6558823529411765,0.8912549019607843,4080,3060,1.3333333333333333,samsung,Galaxy A06,3,153.69816080729166,79.05190022786458,197.69910141206674,TRAIN
data/raw/Pepper Berry Grading V3.yolov8/train/images/20260509_105601_jpg.rf.jfXNTaAdIuSZQFvy71Bt.jpg,data/raw/Pepper Berry Grading V3.yolov8/train/labels/20260509_105601_jpg.rf.jfXNTaAdIuSZQFvy71Bt.txt,train,9a86928cdc27e8a605b96ac7bcc41bf8b6eb21b0adcc2e9bf92b8cf5dbcd9eda,D:/work/Year - 4/pepper/project/datset reorder/grade_1/sample_081/20260509_105601.jpg,grade_1,sample_081,grade_1/sample_081,0,V3 Grade 1,0.442156862745098,0.478454248366013,0.7274509803921568,0.9431797385620916,4080,3060,1.3333333333333333,samsung,Galaxy A06,3,165.9275919596354,38.548970540364586,220.5767650834403,TRAIN
data/raw/Pepper Berry Grading V3.yolov8/train/images/20260509_105652_jpg.rf.lami57g0OIA4s9NoAvCL.jpg,data/raw/Pepper Berry Grading V3.yolov8/train/labels/20260509_105652_jpg.rf.lami57g0OIA4s9NoAvCL.txt,train,0237c03ff484f76ad691a85cfe1ac4e68ccfbbf1dd7ecad9af2f2ce03769e649,D:/work/Year - 4/pepper/project/datset reorder/grade_1/sample_081/20260509_105652.jpg,grade_1,sample_081,grade_1/sample_081,0,V3 Grade 1,0.4503267973856209,0.4599485294117647,0.8679738562091504,0.7130367647058824,4080,3060,1.3333333333333333,samsung,Galaxy A06,6,165.8033650716146,43.043986002604164,208.64120667522465,TRAIN
data/raw/Pepper Berry Grading V3.yolov8/train/images/20260509_105739_jpg.rf.xhvOgdxfIkWXMJEZew7Q.jpg,data/raw/Pepper Berry Grading V3.yolov8/train/labels/20260509_105739_jpg.rf.xhvOgdxfIkWXMJEZew7Q.txt,train,7c0559cf82065a10de704d8657f34f36f1545fa1d64be9f7e7b23fd6834899fe,D:/work/Year - 4/pepper/project/datset reorder/grade_1/sample_080/20260509_105739.jpg,grade_1,sample_080,grade_1/sample_080,0,V3 Grade 1,0.49411764705882355,0.6736323529411765,0.9163398692810457,0.5521691176470588,4080,3060,1.3333333333333333,samsung,Galaxy A06,6,147.83465576171875,99.18585205078125,182.51155327342747,TRAIN
data/raw/Pepper Berry Grading V3.yolov8/train/images/20260509_105816_jpg.rf.JGA0rRefpnkQ569FNIQG.jpg,data/raw/Pepper Berry Grading V3.yolov8/train/labels/20260509_105816_jpg.rf.JGA0rRefpnkQ569FNIQG.txt,train,638c1c93e18fdf9eec1a47af981392384d4c67d53e566b56f320294621d0b9b6,D:/work/Year - 4/pepper/project/datset reorder/grade_1/sample_080/20260509_105816.jpg,grade_1,sample_080,grade_1/sample_080,0,V3 Grade 1,0.5294117647058824,0.5405710784313726,0.9084967320261438,0.6536911764705883,4080,3060,1.3333333333333333,samsung,Galaxy A06,8,172.56304931640625,27.835530598958332,225.34358151476252,TRAIN
data/raw/Pepper Berry Grading V3.yolov8/train/images/20260509_105846_jpg.rf.hXSIbiTY4rKP9H26ndyW.jpg,data/raw/Pepper Berry Grading V3.yolov8/train/labels/20260509_105846_jpg.rf.hXSIbiTY4rKP9H26ndyW.txt,train,82b15f13dde5eecc6d205e22d1e4aa127c16872b40e8fa49d61ef3fc12cd0a83,D:/work/Year - 4/pepper/project/datset reorder/grade_1/sample_080/20260509_105846.jpg,grade_1,sample_080,grade_1/sample_080,0,V3 Grade 1,0.5163398692810458,0.5236372549019608,0.9673202614379085,0.8208063725490196,4080,3060,1.3333333333333333,samsung,Galaxy A06,6,161.3327433268229,46.336629231770836,229.44467265725288,TRAIN
data/raw/Pepper Berry Grading V3.yolov8/train/images/20260509_105908_jpg.rf.O1mATcXxgDCTavC8POfZ.jpg,data/raw/Pepper Berry Grading V3.yolov8/train/labels/20260509_105908_jpg.rf.O1mATcXxgDCTavC8POfZ.txt,train,dedc8b0956d623d88a790b5b1787ba4789ad66c2c18d03ef0227c20cd1a26e3c,D:/work/Year - 4/pepper/project/datset reorder/grade_1/sample_080/20260509_105908.jpg,grade_1,sample_080,grade_1/sample_080,0,V3 Grade 1,0.48562091503267973,0.5711813725490196,0.8862745098039215,0.7688308823529412,4080,3060,1.3333333333333333,samsung,Galaxy A06,6,168.41357421875,44.20611572265625,215.37740693196406,TRAIN
data/raw/Pepper Berry Grading V3.yolov8/train/images/20260509_105951_jpg.rf.IFQhP2v1Ksp2NaQMGvfy.jpg,data/raw/Pepper Berry Grading V3.yolov8/train/labels/20260509_105951_jpg.rf.IFQhP2v1Ksp2NaQMGvfy.txt,train,c4314300e622540347a188e6360d6a699d422ec9f84e8569b9545ffdde71a715,D:/work/Year - 4/pepper/project/datset reorder/grade_1/sample_079/20260509_105951.jpg,grade_1,sample_079,grade_1/sample_079,0,V3 Grade 1,0.6197303921568628,0.4938006535947712,0.4625,0.9804150326797386,4080,3060,1.3333333333333333,samsung,Galaxy A06,1,161.8849894205729,67.78141276041667,204.0469833119384,TEST
data/raw/Pepper Berry Grading V3.yolov8/train/images/20260509_110042_jpg.rf.W3b4iQRkt4ACV8fvCVOp.jpg,data/raw/Pepper Berry Grading V3.yolov8/train/labels/20260509_110042_jpg.rf.W3b4iQRkt4ACV8fvCVOp.txt,train,f350c674ebb7d688132735f1078a846a8bd6e68572c3b70a9dfe3e1ec32a1635,D:/work/Year - 4/pepper/project/datset reorder/grade_1/sample_079/20260509_110042.jpg,grade_1,sample_079,grade_1/sample_079,0,V3 Grade 1,0.6050245098039215,0.48712091503267974,0.7272058823529411,0.8788169934640523,4080,3060,1.3333333333333333,samsung,Galaxy A06,1,178.1749471028646,30.88555908203125,236.17593068035944,TEST
data/raw/Pepper Berry Grading V3.yolov8/train/images/20260509_110334_jpg.rf.SRwusUxv5qtyduStJwqW.jpg,data/raw/Pepper Berry Grading V3.yolov8/train/labels/20260509_110334_jpg.rf.SRwusUxv5qtyduStJwqW.txt,train,6a2a5e8dafc333f56d1a752b5b4eda090c3c1f6855dbe829bda400bfd6c09c28,D:/work/Year - 4/pepper/project/datset reorder/grade_1/sample_078/20260509_110334.jpg,grade_1,sample_078,grade_1/sample_078,0,V3 Grade 1,0.5245098039215687,0.6699681372549019,0.8398692810457516,0.4811151960784314,4080,3060,1.3333333333333333,samsung,Galaxy A06,6,156.68501790364584,97.59794108072917,198.54736842105262,TRAIN
data/raw/Pepper Berry Grading V3.yolov8/train/images/20260509_110357_jpg.rf.loSVNeFC0I5F5ukenbDf.jpg,data/raw/Pepper Berry Grading V3.yolov8/train/labels/20260509_110357_jpg.rf.loSVNeFC0I5F5ukenbDf.txt,train,6684f4ca2c799a9514964ea86f3be77467b54fc31dc464911b31a17eb383dce4,D:/work/Year - 4/pepper/project/datset reorder/grade_1/sample_078/20260509_110357.jpg,grade_1,sample_078,grade_1/sample_078,0,V3 Grade 1,0.4096813725490196,0.48354248366013075,0.5865196078431373,0.7866895424836601,4080,3060,1.3333333333333333,samsung,Galaxy A06,3,177.91158040364584,20.061787923177082,221.93786906290114,TRAIN
data/raw/Pepper Berry Grading V3.yolov8/train/images/20260509_110427_jpg.rf.oY5iv1oDjKqCVvAY5CNx.jpg,data/raw/Pepper Berry Grading V3.yolov8/train/labels/20260509_110427_jpg.rf.oY5iv1oDjKqCVvAY5CNx.txt,train,5d7a38b4af603776a83ee1d6c7138b723b88f9efc90210c9f92aecfffe807228,D:/work/Year - 4/pepper/project/datset reorder/grade_1/sample_078/20260509_110427.jpg,grade_1,sample_078,grade_1/sample_078,0,V3 Grade 1,0.4284313725490196,0.4652287581699346,0.6411764705882353,0.9069248366013072,4080,3060,1.3333333333333333,samsung,Galaxy A06,3,179.4743448893229,26.484842936197918,231.693324775353,TRAIN
data/raw/Pepper Berry Grading V3.yolov8/train/images/20260509_110456_jpg.rf.kveGQ8G7sSsDZ8QzPm5c.jpg,data/raw/Pepper Berry Grading V3.yolov8/train/labels/20260509_110456_jpg.rf.kveGQ8G7sSsDZ8QzPm5c.txt,train,be504e088e1d3ad388ac6e159322d0c3f1f06a514431902742c3e09b61024d4b,D:/work/Year - 4/pepper/project/datset reorder/grade_1/sample_078/20260509_110456.jpg,grade_1,sample_078,grade_1/sample_078,0,V3 Grade 1,0.5313725490196078,0.484453431372549,0.8209150326797385,0.7032205882352941,4080,3060,1.3333333333333333,samsung,Galaxy A06,8,166.6056925455729,20.10748291015625,208.55949935815147,TRAIN
data/raw/Pepper Berry Grading V3.yolov8/train/images/20260509_110556_jpg.rf.LxSpH4uEwZdgRyfUYNOE.jpg,data/raw/Pepper Berry Grading V3.yolov8/train/labels/20260509_110556_jpg.rf.LxSpH4uEwZdgRyfUYNOE.txt,train,0043b55295ece6ba16be6055f77a2a2b71a51a3e3e0344a9677318f23c70b4b4,D:/work/Year - 4/pepper/project/datset reorder/grade_1/sample_077/20260509_110556.jpg,grade_1,sample_077,grade_1/sample_077,0,V3 Grade 1,0.5475490196078432,0.4719477124183007,0.48333333333333334,0.9143872549019608,8160,6120,1.3333333333333333,samsung,Galaxy A06,1,157.8661905924479,45.8958740234375,211.93183568677793,VALIDATION
data/raw/Pepper Berry Grading V3.yolov8/train/images/20260509_110700_jpg.rf.RTM4BbZvWK0cxX3UdzcD.jpg,data/raw/Pepper Berry Grading V3.yolov8/train/labels/20260509_110700_jpg.rf.RTM4BbZvWK0cxX3UdzcD.txt,train,126c80a31e18e53845bd850c80909224aa4fbc240b8cb7bced1e122470b4cd11,D:/work/Year - 4/pepper/project/datset reorder/grade_1/sample_077/20260509_110700.jpg,grade_1,sample_077,grade_1/sample_077,0,V3 Grade 1,0.5348039215686274,0.525375,0.8898692810457516,0.6850624999999999,8160,6120,1.3333333333333333,samsung,Galaxy A06,6,181.16923014322916,25.860432942708332,249.498973042362,VALIDATION
data/raw/Pepper Berry Grading V3.yolov8/train/images/20260509_110734_jpg.rf.RS6Et3SyIXDASBMbXCeR.jpg,data/raw/Pepper Berry Grading V3.yolov8/train/labels/20260509_110734_jpg.rf.RS6Et3SyIXDASBMbXCeR.txt,train,664406766e016dad4c7031dc737257dd9108f12cb737381403e3c09c5de6ce00,D:/work/Year - 4/pepper/project/datset reorder/grade_1/sample_077/20260509_110734.jpg,grade_1,sample_077,grade_1/sample_077,0,V3 Grade 1,0.5381127450980392,0.4928235294117647,0.7649509803921568,0.9719215686274509,8160,6120,1.3333333333333333,samsung,Galaxy A06,1,171.5429890950521,26.8699951171875,232.8033376123235,VALIDATION
data/raw/Pepper Berry Grading V3.yolov8/train/images/20260509_110801_jpg.rf.XcEYbgNDfJ8DWn5yD2Oa.jpg,data/raw/Pepper Berry Grading V3.yolov8/train/labels/20260509_110801_jpg.rf.XcEYbgNDfJ8DWn5yD2Oa.txt,train,3db8383df66cece53309871c1b8d6c6f9d8661e8cbf12f00f21d68ee0c372872,D:/work/Year - 4/pepper/project/datset reorder/grade_1/sample_077/20260509_110801.jpg,grade_1,sample_077,grade_1/sample_077,0,V3 Grade 1,0.48709150326797385,0.4941213235294118,0.9643790849673203,0.7671642156862746,8160,6120,1.3333333333333333,samsung,Galaxy A06,6,157.2041015625,36.834981282552086,213.99550706033375,VALIDATION
data/raw/Pepper Berry Grading V3.yolov8/train/images/20260728_172444_jpg.rf.NFHkeDzoAkPw6nBsAdgI.jpg,data/raw/Pepper Berry Grading V3.yolov8/train/labels/20260728_172444_jpg.rf.NFHkeDzoAkPw6nBsAdgI.txt,train,a264173a89062c2220c57a30a580a220ab867ca9ba6bf40b33ce1fafa521df8b,D:/work/Year - 4/pepper/project/datset reorder/grade_1/sample_056/20260728_172444.jpg,grade_1,sample_056,grade_1/sample_056,0,V3 Grade 1,0.49,0.4981025,0.9,0.9452050000000001,4000,3000,1.3333333333333333,samsung,SM-A127F,6,118.9395751953125,21.55938720703125,188.26598202824132,TEST
data/raw/Pepper Berry Grading V3.yolov8/train/images/20260728_172609_jpg.rf.y3fORlHLIMMcj5wm2L3B.jpg,data/raw/Pepper Berry Grading V3.yolov8/train/labels/20260728_172609_jpg.rf.y3fORlHLIMMcj5wm2L3B.txt,train,b612c73d282494d8ad6e6dc99eeb133d42264c725522f018bd67767c3eb5d1f3,D:/work/Year - 4/pepper/project/datset reorder/grade_1/sample_055/20260728_172609.jpg,grade_1,sample_055,grade_1/sample_055,0,V3 Grade 1,0.412,0.53775,0.8106666666666666,0.9245,4000,3000,1.3333333333333333,samsung,SM-A127F,6,110.79819742838542,51.050638834635414,147.12560975609756,TRAIN
data/raw/Pepper Berry Grading V3.yolov8/train/images/20260728_172841_jpg.rf.Sa6J9u5n1FWQOqZbKGiV.jpg,data/raw/Pepper Berry Grading V3.yolov8/train/labels/20260728_172841_jpg.rf.Sa6J9u5n1FWQOqZbKGiV.txt,train,524b7ea6cfa5c161427ca3732626ee51e9273aeb723089d8ac3602cd91bf641f,D:/work/Year - 4/pepper/project/datset reorder/grade_1/sample_055/20260728_172841.jpg,grade_1,sample_055,grade_1/sample_055,0,V3 Grade 1,0.465125,0.4901833333333333,0.92775,0.9803633333333334,4000,3000,1.3333333333333333,samsung,SM-A127F,3,120.343017578125,30.287373860677082,171.70680359435173,TRAIN
data/raw/Pepper Berry Grading V3.yolov8/train/images/20260728_173125_jpg.rf.Ihxnnb29JbiAbXR5ZwfK.jpg,data/raw/Pepper Berry Grading V3.yolov8/train/labels/20260728_173125_jpg.rf.Ihxnnb29JbiAbXR5ZwfK.txt,train,5ca14855362fd90df43259c2f2cf7d56aa536dc6a2009d0d24976389043717ca,D:/work/Year - 4/pepper/project/datset reorder/grade_1/sample_056/20260728_173125.jpg,grade_1,sample_056,grade_1/sample_056,0,V3 Grade 1,0.5,0.4616175,1.0,0.922235,4000,3000,1.3333333333333333,samsung,SM-A127F,6,123.63053385416667,20.62982177734375,170.69043645699614,TEST
data/raw/Pepper Berry Grading V3.yolov8/train/images/20260728_173142_jpg.rf.qwHxEhPJzrGZP3md92yp.jpg,data/raw/Pepper Berry Grading V3.yolov8/train/labels/20260728_173142_jpg.rf.qwHxEhPJzrGZP3md92yp.txt,train,38146cafbe6042f7bde26516ecf0ecb03b9402a55e7ec20b4886e074fd44f684,D:/work/Year - 4/pepper/project/datset reorder/grade_1/sample_054/20260728_173142.jpg,grade_1,sample_054,grade_1/sample_054,0,V3 Grade 1,0.4533333333333333,0.50275,0.8666666666666667,0.9945,4000,3000,1.3333333333333333,samsung,SM-A127F,6,109.79325358072917,63.980509440104164,150.7673940949936,TRAIN
data/raw/Pepper Berry Grading V3.yolov8/train/images/20260728_173158_jpg.rf.Qh3aVBKsNmIHsGelQEm5.jpg,data/raw/Pepper Berry Grading V3.yolov8/train/labels/20260728_173158_jpg.rf.Qh3aVBKsNmIHsGelQEm5.txt,train,21892b4740163d733f2663a331dbecfe2869d4708b7f0f292570d70de84c3fc6,D:/work/Year - 4/pepper/project/datset reorder/grade_1/sample_054/20260728_173158.jpg,grade_1,sample_054,grade_1/sample_054,0,V3 Grade 1,0.466,0.5003475000000001,0.932,0.9646975,4000,3000,1.3333333333333333,samsung,SM-A127F,6,126.88602701822917,17.64111328125,187.66797175866495,TRAIN
data/raw/Pepper Berry Grading V3.yolov8/train/images/20260728_173223_jpg.rf.YNnRJmX35gfumYcnWa4q.jpg,data/raw/Pepper Berry Grading V3.yolov8/train/labels/20260728_173223_jpg.rf.YNnRJmX35gfumYcnWa4q.txt,train,03f96dd808672dec2dc489b8d6c425211e2de15101ab483e550f35158fba506e,D:/work/Year - 4/pepper/project/datset reorder/grade_1/sample_054/20260728_173223.jpg,grade_1,sample_054,grade_1/sample_054,0,V3 Grade 1,0.49133333333333334,0.49134750000000005,0.9826666666666667,0.9826975,4000,3000,1.3333333333333333,samsung,SM-A127F,6,114.03291829427083,20.611897786458332,173.61059050064185,TRAIN
data/raw/Pepper Berry Grading V3.yolov8/train/images/20260728_173250_jpg.rf.aSvNJ2qLHW1spm6FbsW6.jpg,data/raw/Pepper Berry Grading V3.yolov8/train/labels/20260728_173250_jpg.rf.aSvNJ2qLHW1spm6FbsW6.txt,train,3a894853e46e8cab281646e2f0ee07fbbf4265a557903ab80840f2053a230574,D:/work/Year - 4/pepper/project/datset reorder/grade_1/sample_054/20260728_173250.jpg,grade_1,sample_054,grade_1/sample_054,0,V3 Grade 1,0.5,0.46536500000000003,1.0,0.9307300000000001,4000,3000,1.3333333333333333,samsung,SM-A127F,6,112.46112060546875,26.764506022135418,155.55192554557124,TRAIN
data/raw/Pepper Berry Grading V3.yolov8/train/images/20260728_173438_jpg.rf.adAvu3PVmQ91dQURe2SC.jpg,data/raw/Pepper Berry Grading V3.yolov8/train/labels/20260728_173438_jpg.rf.adAvu3PVmQ91dQURe2SC.txt,train,0e3a67ebeec9f8741ca12de99a4dc8a9202c4f76e78af55bee9194d18ca188e6,D:/work/Year - 4/pepper/project/datset reorder/grade_1/sample_053/20260728_173438.jpg,grade_1,sample_053,grade_1/sample_053,0,V3 Grade 1,0.49266666666666664,0.48061750000000003,0.9853333333333333,0.880235,4000,3000,1.3333333333333333,samsung,SM-A127F,6,132.5019327799479,17.132731119791668,198.3512836970475,TEST
data/raw/Pepper Berry Grading V3.yolov8/train/images/20260728_173505_jpg.rf.qitE26svRKaDUVrfKkjq.jpg,data/raw/Pepper Berry Grading V3.yolov8/train/labels/20260728_173505_jpg.rf.qitE26svRKaDUVrfKkjq.txt,train,30c25ba184f2d13c60f6366de65f84050bb2cb93f716830e214c08db752a2328,D:/work/Year - 4/pepper/project/datset reorder/grade_1/sample_053/20260728_173505.jpg,grade_1,sample_053,grade_1/sample_053,0,V3 Grade 1,0.5036666666666667,0.49461,0.974,0.9082175,4000,3000,1.3333333333333333,samsung,SM-A127F,6,129.8472900390625,25.367818196614582,185.0188703465982,TEST
data/raw/Pepper Berry Grading V3.yolov8/train/images/20260728_173537_jpg.rf.gBhjxXhQBiPPpGKRpMEq.jpg,data/raw/Pepper Berry Grading V3.yolov8/train/labels/20260728_173537_jpg.rf.gBhjxXhQBiPPpGKRpMEq.txt,train,4e06b34a0fe769025a5e4317fcff8d886fde67885c8b37c9b4873811d4a13909,D:/work/Year - 4/pepper/project/datset reorder/grade_1/sample_052/20260728_173537.jpg,grade_1,sample_052,grade_1/sample_052,0,V3 Grade 1,0.426,0.5065,0.852,0.987,4000,3000,1.3333333333333333,samsung,SM-A127F,6,108.38907877604167,56.24774169921875,149.63806161745828,TRAIN
data/raw/Pepper Berry Grading V3.yolov8/train/images/20260728_173615_jpg.rf.NjMiLU0xv6Oex0dt8jBX.jpg,data/raw/Pepper Berry Grading V3.yolov8/train/labels/20260728_173615_jpg.rf.NjMiLU0xv6Oex0dt8jBX.txt,train,ec1c5bf36ca128b76caec54bed8eac55d4541bc57ed8f353a15e350cc0df38a2,D:/work/Year - 4/pepper/project/datset reorder/grade_1/sample_052/20260728_173615.jpg,grade_1,sample_052,grade_1/sample_052,0,V3 Grade 1,0.4553333333333333,0.46536500000000003,0.9106666666666666,0.9307300000000001,4000,3000,1.3333333333333333,samsung,SM-A127F,6,122.04270426432292,17.611328125,185.86617458279846,TRAIN
data/raw/Pepper Berry Grading V3.yolov8/train/images/20260728_173803_jpg.rf.rxXYwpfiKcYizJyA2bnZ.jpg,data/raw/Pepper Berry Grading V3.yolov8/train/labels/20260728_173803_jpg.rf.rxXYwpfiKcYizJyA2bnZ.txt,train,ec3a50d3ce4de657b7d43071e1d506f78a204b99ae7ea6ff9e8b2809432ccae0,D:/work/Year - 4/pepper/project/datset reorder/grade_1/sample_052/20260728_173803.jpg,grade_1,sample_052,grade_1/sample_052,0,V3 Grade 1,0.469,0.491125,0.9313333333333333,0.81125,4000,3000,1.3333333333333333,samsung,SM-A127F,6,135.48030598958334,19.440409342447918,184.24377406931964,TRAIN
data/raw/Pepper Berry Grading V3.yolov8/train/images/20260728_173827_jpg.rf.rLsbdNRCaJoNmiYpHfkZ.jpg,data/raw/Pepper Berry Grading V3.yolov8/train/labels/20260728_173827_jpg.rf.rLsbdNRCaJoNmiYpHfkZ.txt,train,d5cb0e198402fa00ba9d8e8bd962cfbdf38d72a140c3ea9db407b788c05a02eb,D:/work/Year - 4/pepper/project/datset reorder/grade_1/sample_051/20260728_173827.jpg,grade_1,sample_051,grade_1/sample_051,0,V3 Grade 1,0.43333333333333335,0.5298525,0.8,0.8737075,4000,3000,1.3333333333333333,samsung,SM-A127F,6,114.87325032552083,54.103291829427086,156.22779204107832,TRAIN
data/raw/Pepper Berry Grading V3.yolov8/train/images/20260728_173846_jpg.rf.p3obA81PsCEHDNVD7Npx.jpg,data/raw/Pepper Berry Grading V3.yolov8/train/labels/20260728_173846_jpg.rf.p3obA81PsCEHDNVD7Npx.txt,train,b78ca645e40a43a41710e9a667c65c6c869ea667cbea4b1cf5bad9903bf0901a,D:/work/Year - 4/pepper/project/datset reorder/grade_1/sample_051/20260728_173846.jpg,grade_1,sample_051,grade_1/sample_051,0,V3 Grade 1,0.4146666666666667,0.4971125,0.816,0.883225,4000,3000,1.3333333333333333,samsung,SM-A127F,6,152.1824951171875,13.69635009765625,226.6611681643132,TRAIN
data/raw/Pepper Berry Grading V3.yolov8/train/images/20260728_173936_jpg.rf.jenema8vN53kq9cGsftu.jpg,data/raw/Pepper Berry Grading V3.yolov8/train/labels/20260728_173936_jpg.rf.jenema8vN53kq9cGsftu.txt,train,e0f1dbf411058fe86ae1ed981a359f941eb594f958725b8097e505ad72968360,D:/work/Year - 4/pepper/project/datset reorder/grade_1/sample_051/20260728_173936.jpg,grade_1,sample_051,grade_1/sample_051,0,V3 Grade 1,0.4746666666666667,0.5091175,0.936,0.827235,4000,3000,1.3333333333333333,samsung,SM-A127F,6,140.1121622721354,15.572123209635416,203.35224646983312,TRAIN
data/raw/Pepper Berry Grading V3.yolov8/train/images/20260728_174135_jpg.rf.vPIQipR8GowGSv18iJwg.jpg,data/raw/Pepper Berry Grading V3.yolov8/train/labels/20260728_174135_jpg.rf.vPIQipR8GowGSv18iJwg.txt,train,d289ac0aed6756ab4b6af6915bc3b68a726355572d328f13eb6fc125cea3604a,D:/work/Year - 4/pepper/project/datset reorder/grade_1/sample_051/20260728_174135.jpg,grade_1,sample_051,grade_1/sample_051,0,V3 Grade 1,0.5233333333333333,0.544615,0.9133333333333333,0.76823,4000,3000,1.3333333333333333,samsung,SM-A127F,6,137.28302001953125,21.29644775390625,187.35526315789474,TRAIN
data/raw/Pepper Berry Grading V3.yolov8/train/images/20260728_174218_jpg.rf.JjEmIFn44bXVg9ARWEpe.jpg,data/raw/Pepper Berry Grading V3.yolov8/train/labels/20260728_174218_jpg.rf.JjEmIFn44bXVg9ARWEpe.txt,train,74fe4615dcdcae54e6116d63aa2314fa3d32358ba9ba228f44d5dd2027880471,D:/work/Year - 4/pepper/project/datset reorder/grade_1/sample_050/20260728_174218.jpg,grade_1,sample_050,grade_1/sample_050,0,V3 Grade 1,0.43233333333333335,0.5396025,0.738,0.858205,4000,3000,1.3333333333333333,samsung,SM-A127F,6,123.41436767578125,47.793660481770836,168.0204107830552,TRAIN
data/raw/Pepper Berry Grading V3.yolov8/train/images/20260728_174258_jpg.rf.jnmEp7aBJfjmwKF5atED.jpg,data/raw/Pepper Berry Grading V3.yolov8/train/labels/20260728_174258_jpg.rf.jnmEp7aBJfjmwKF5atED.txt,train,6927741bfaf6dc16cda1007210271e21291ac3c0e65d3c50a7212f272fe488b4,D:/work/Year - 4/pepper/project/datset reorder/grade_1/sample_050/20260728_174258.jpg,grade_1,sample_050,grade_1/sample_050,0,V3 Grade 1,0.47533333333333333,0.4811075,0.9506666666666667,0.9512125,4000,3000,1.3333333333333333,samsung,SM-A127F,6,130.9782918294271,16.8277587890625,195.56136071887033,TRAIN
data/raw/Pepper Berry Grading V3.yolov8/train/images/20260728_174413_jpg.rf.xZ9r8cTTomh3CUnRGa9V.jpg,data/raw/Pepper Berry Grading V3.yolov8/train/labels/20260728_174413_jpg.rf.xZ9r8cTTomh3CUnRGa9V.txt,train,740d0775f3ce938162e0eb917f6718fc6ec70e0533915c5f851946e9fd0eccce,D:/work/Year - 4/pepper/project/datset reorder/grade_1/sample_050/20260728_174413.jpg,grade_1,sample_050,grade_1/sample_050,0,V3 Grade 1,0.5033333333333333,0.47812,0.9933333333333333,0.8652424999999999,4000,3000,1.3333333333333333,samsung,SM-A127F,6,133.8778279622396,16.149088541666668,190.50500641848524,TRAIN
data/raw/Pepper Berry Grading V3.yolov8/train/images/20260728_174527_jpg.rf.gljYxaDXPh6LJIkXden4.jpg,data/raw/Pepper Berry Grading V3.yolov8/train/labels/20260728_174527_jpg.rf.gljYxaDXPh6LJIkXden4.txt,train,83723ec21fff5c0890138e9b8e5e9998201a8f286aece7a26e3bfb4a82c3e78b,D:/work/Year - 4/pepper/project/datset reorder/grade_1/sample_050/20260728_174527.jpg,grade_1,sample_050,grade_1/sample_050,0,V3 Grade 1,0.5366666666666666,0.5350975,0.9266666666666666,0.8991950000000001,4000,3000,1.3333333333333333,samsung,SM-A127F,6,132.54608154296875,16.955790201822918,180.296405648267,TRAIN
data/raw/Pepper Berry Grading V3.yolov8/train/images/20260728_174604_jpg.rf.mkJhBbDs4m53inKqS4px.jpg,data/raw/Pepper Berry Grading V3.yolov8/train/labels/20260728_174604_jpg.rf.mkJhBbDs4m53inKqS4px.txt,train,5314dba51fd0e3c00b527e16b8025f6ec7c205f1cc2650d733cc45f0ca0fd178,D:/work/Year - 4/pepper/project/datset reorder/grade_1/sample_049/20260728_174604.jpg,grade_1,sample_049,grade_1/sample_049,0,V3 Grade 1,0.466125,0.43291,0.83975,0.7084866666666667,4000,3000,1.3333333333333333,samsung,SM-A127F,3,121.08013916015625,54.006103515625,165.92477535301668,TRAIN
data/raw/Pepper Berry Grading V3.yolov8/train/images/20260728_174651_jpg.rf.sF8H2eIdXMwVATIuDOJ8.jpg,data/raw/Pepper Berry Grading V3.yolov8/train/labels/20260728_174651_jpg.rf.sF8H2eIdXMwVATIuDOJ8.txt,train,11a7b8d640c164426d8fd58aa01d5f475d18dab38fe5a73a5e543103281b115f,D:/work/Year - 4/pepper/project/datset reorder/grade_1/sample_049/20260728_174651.jpg,grade_1,sample_049,grade_1/sample_049,0,V3 Grade 1,0.515875,0.43805000000000005,0.83425,0.8687666666666667,4000,3000,1.3333333333333333,samsung,SM-A127F,3,153.2706298828125,13.751424153645834,223.37901155327341,TRAIN
data/raw/Pepper Berry Grading V3.yolov8/train/images/20260728_174917_jpg.rf.X2Ykppm4OGfPpDfi6JRA.jpg,data/raw/Pepper Berry Grading V3.yolov8/train/labels/20260728_174917_jpg.rf.X2Ykppm4OGfPpDfi6JRA.txt,train,aceecf40286da641552cb90a249f612b818c6ff95a880557600826713a2e6335,D:/work/Year - 4/pepper/project/datset reorder/grade_1/sample_048/20260728_174917.jpg,grade_1,sample_048,grade_1/sample_048,0,V3 Grade 1,0.366,0.5183625,0.652,0.8407250000000001,4000,3000,1.3333333333333333,samsung,SM-A127F,6,118.44101969401042,52.459309895833336,157.19653401797177,VALIDATION
data/raw/Pepper Berry Grading V3.yolov8/train/images/20260728_174957_jpg.rf.UcBOwODfiAjdyPQBkjec.jpg,data/raw/Pepper Berry Grading V3.yolov8/train/labels/20260728_174957_jpg.rf.UcBOwODfiAjdyPQBkjec.txt,train,2d34c99d52b31297f646bd8e675f537eb8481f7a1cb2bb93a1e4ef013c45572a,D:/work/Year - 4/pepper/project/datset reorder/grade_1/sample_048/20260728_174957.jpg,grade_1,sample_048,grade_1/sample_048,0,V3 Grade 1,0.463375,0.44705,0.72925,0.8401033333333333,4000,3000,1.3333333333333333,samsung,SM-A127F,3,153.84773763020834,14.252095540364584,224.7864569961489,VALIDATION
data/raw/Pepper Berry Grading V3.yolov8/train/images/20260728_175055_jpg.rf.V4eLVniAWeGO3B2qdpsb.jpg,data/raw/Pepper Berry Grading V3.yolov8/train/labels/20260728_175055_jpg.rf.V4eLVniAWeGO3B2qdpsb.txt,train,16d3071e512f3e5a69de94b00d0aadf29249831ed2396f0c390bd15cedf0b03f,D:/work/Year - 4/pepper/project/datset reorder/grade_1/sample_048/20260728_175055.jpg,grade_1,sample_048,grade_1/sample_048,0,V3 Grade 1,0.5346666666666666,0.43065499999999995,0.896,0.7403099999999999,4000,3000,1.3333333333333333,samsung,SM-A127F,8,149.72005208333334,15.86871337890625,215.02278562259306,VALIDATION
data/raw/Pepper Berry Grading V3.yolov8/train/images/20260728_175300_jpg.rf.Qb3tijhpfLPLQA5aCZcZ.jpg,data/raw/Pepper Berry Grading V3.yolov8/train/labels/20260728_175300_jpg.rf.Qb3tijhpfLPLQA5aCZcZ.txt,train,efe5938823eb5139143811975ca2166f06a3fe54e144208f112b4d5857a8484f,D:/work/Year - 4/pepper/project/datset reorder/grade_1/sample_047/20260728_175300.jpg,grade_1,sample_047,grade_1/sample_047,0,V3 Grade 1,0.47933333333333333,0.52985,0.9586666666666667,0.8937,4000,3000,1.3333333333333333,samsung,SM-A127F,6,134.3747762044271,19.4879150390625,198.20211810012836,TEST
data/raw/Pepper Berry Grading V3.yolov8/train/images/20260728_175537_jpg.rf.jLa8z23bvD8uyJoSjjva.jpg,data/raw/Pepper Berry Grading V3.yolov8/train/labels/20260728_175537_jpg.rf.jLa8z23bvD8uyJoSjjva.txt,train,bde70f0d66250cc40ba162c3640ad768bb08b375af244551ba4b7459ab720226,D:/work/Year - 4/pepper/project/datset reorder/grade_1/sample_047/20260728_175537.jpg,grade_1,sample_047,grade_1/sample_047,0,V3 Grade 1,0.4485,0.45886999999999994,0.847,0.9177366666666666,4000,3000,1.3333333333333333,samsung,SM-A127F,3,135.97552490234375,16.782755533854168,190.54499358151477,TEST
data/raw/Pepper Berry Grading V3.yolov8/train/images/20260728_175905_jpg.rf.NUy4X9je8jmfSRADuOpM.jpg,data/raw/Pepper Berry Grading V3.yolov8/train/labels/20260728_175905_jpg.rf.NUy4X9je8jmfSRADuOpM.txt,train,b96e2b3b3420ced8c57db166cee9c6638dc9ae7135b62129fe868f5749c9df24,D:/work/Year - 4/pepper/project/datset reorder/grade_1/sample_046/20260728_175905.jpg,grade_1,sample_046,grade_1/sample_046,0,V3 Grade 1,0.462,0.4701175,0.924,0.9092325,4000,3000,1.3333333333333333,samsung,SM-A127F,6,138.777587890625,16.042867024739582,199.6334403080873,VALIDATION
data/raw/Pepper Berry Grading V3.yolov8/train/images/20260728_175939_jpg.rf.K5kG1k4QdZMRtN8r6OQX.jpg,data/raw/Pepper Berry Grading V3.yolov8/train/labels/20260728_175939_jpg.rf.K5kG1k4QdZMRtN8r6OQX.txt,train,d5cd5b17d10af8f29de9acfd9ab4de1c9b626d15fa26dfa30d5a4210a167af75,D:/work/Year - 4/pepper/project/datset reorder/grade_1/sample_046/20260728_175939.jpg,grade_1,sample_046,grade_1/sample_046,0,V3 Grade 1,0.4266666666666667,0.46812,0.8133333333333334,0.8852424999999999,4000,3000,1.3333333333333333,samsung,SM-A127F,6,149.8929443359375,13.0467529296875,224.9459563543004,VALIDATION
data/raw/Pepper Berry Grading V3.yolov8/train/images/20260729_080157_jpg.rf.rM3TX5R91DCbefTYskid.jpg,data/raw/Pepper Berry Grading V3.yolov8/train/labels/20260729_080157_jpg.rf.rM3TX5R91DCbefTYskid.txt,train,fdecc9ff0c862308a51fb621802e21ad8d7ea6588a0ec2be9f62edbf6f915c82,D:/work/Year - 4/pepper/project/datset reorder/grade_1/sample_045/20260729_080157.jpg,grade_1,sample_045,grade_1/sample_045,0,V3 Grade 1,0.4103333333333333,0.5028475,0.814,0.9596975,4000,3000,1.3333333333333333,samsung,SM-A127F,6,127.71565755208333,45.148274739583336,185.69165596919126,TRAIN
data/raw/Pepper Berry Grading V3.yolov8/train/images/20260729_080310_jpg.rf.NxkStNVFI3Xfl2x9ynLY.jpg,data/raw/Pepper Berry Grading V3.yolov8/train/labels/20260729_080310_jpg.rf.NxkStNVFI3Xfl2x9ynLY.txt,train,094e523d124a432694c3215ee771cd0e421bd914cfeb5424fd53623dcd5bc239,D:/work/Year - 4/pepper/project/datset reorder/grade_1/sample_045/20260729_080310.jpg,grade_1,sample_045,grade_1/sample_045,0,V3 Grade 1,0.4935,0.42822000000000005,0.987,0.8564433333333333,4000,3000,1.3333333333333333,samsung,SM-A127F,3,134.57784016927084,16.40472412109375,192.9915917843389,TRAIN
data/raw/Pepper Berry Grading V3.yolov8/train/images/20260729_080359_jpg.rf.VQgQwwzMGAszt9h9Vsv9.jpg,data/raw/Pepper Berry Grading V3.yolov8/train/labels/20260729_080359_jpg.rf.VQgQwwzMGAszt9h9Vsv9.txt,train,b848b9a5fc4c7bc04fe8be89ac6b27106258b6a8782ebc1bcc4805e1cb1f7787,D:/work/Year - 4/pepper/project/datset reorder/grade_1/sample_045/20260729_080359.jpg,grade_1,sample_045,grade_1/sample_045,0,V3 Grade 1,0.508125,0.46086666666666665,0.93375,0.9217333333333333,4000,3000,1.3333333333333333,samsung,SM-A127F,3,134.9296875,17.457621256510418,195.20905006418485,TRAIN
data/raw/Pepper Berry Grading V3.yolov8/train/images/20260729_080436_jpg.rf.xctgcuVx0ggqeNqVmFw7.jpg,data/raw/Pepper Berry Grading V3.yolov8/train/labels/20260729_080436_jpg.rf.xctgcuVx0ggqeNqVmFw7.txt,train,00e0257687dcfdd7a6822d810f477224fa30357586e63c4af32ee270551b6752,D:/work/Year - 4/pepper/project/datset reorder/grade_1/sample_044/20260729_080436.jpg,grade_1,sample_044,grade_1/sample_044,0,V3 Grade 1,0.5,0.5561833333333334,1.0,0.8483633333333334,4000,3000,1.3333333333333333,samsung,SM-A127F,1,130.91056315104166,41.6302490234375,180.5564184852375,TRAIN
data/raw/Pepper Berry Grading V3.yolov8/train/images/20260729_080505_jpg.rf.gx88WqsCR48vpM5UgljI.jpg,data/raw/Pepper Berry Grading V3.yolov8/train/labels/20260729_080505_jpg.rf.gx88WqsCR48vpM5UgljI.txt,train,928c6aa3392c5174cfce44c036f45634aaf17762c93878782cb2d31ea58354ec,D:/work/Year - 4/pepper/project/datset reorder/grade_1/sample_044/20260729_080505.jpg,grade_1,sample_044,grade_1/sample_044,0,V3 Grade 1,0.48875,0.48875,0.7825,0.9168333333333333,4000,3000,1.3333333333333333,samsung,SM-A127F,3,151.8327840169271,19.251688639322918,218.4780487804878,TRAIN
data/raw/Pepper Berry Grading V3.yolov8/train/images/20260729_080615_jpg.rf.b1lECuu7OOANYsVsJSnZ.jpg,data/raw/Pepper Berry Grading V3.yolov8/train/labels/20260729_080615_jpg.rf.b1lECuu7OOANYsVsJSnZ.txt,train,d766b964bd51c2473711b4bd79dea6013236c2ac99774a61650ccd2b71d6bce9,D:/work/Year - 4/pepper/project/datset reorder/grade_1/sample_044/20260729_080615.jpg,grade_1,sample_044,grade_1/sample_044,0,V3 Grade 1,0.543625,0.5185,0.76475,0.963,4000,3000,1.3333333333333333,samsung,SM-A127F,3,138.2882080078125,16.87799072265625,190.72766367137356,TRAIN
data/raw/Pepper Berry Grading V3.yolov8/train/images/20260729_080730_jpg.rf.p0bjKSbo2VG8vSz2Ax16.jpg,data/raw/Pepper Berry Grading V3.yolov8/train/labels/20260729_080730_jpg.rf.p0bjKSbo2VG8vSz2Ax16.txt,train,70b1a4ccae45bd6d3bb670691d09ac7ac32e6b9c26f65cc3865bd6530274b9a0,D:/work/Year - 4/pepper/project/datset reorder/grade_1/sample_043/20260729_080730.jpg,grade_1,sample_043,grade_1/sample_043,0,V3 Grade 1,0.536125,0.45886999999999994,0.91975,0.9177366666666666,4000,3000,1.3333333333333333,samsung,SM-A127F,3,137.33001708984375,18.899556477864582,202.8719512195122,TRAIN
data/raw/Pepper Berry Grading V3.yolov8/train/images/20260729_080859_jpg.rf.T2q7i5GsD0q3SPspfXZ1.jpg,data/raw/Pepper Berry Grading V3.yolov8/train/labels/20260729_080859_jpg.rf.T2q7i5GsD0q3SPspfXZ1.txt,train,f0279292b16275e81b50705bc226e278aabad268c7e4cef10b4c52fe8dec6cce,D:/work/Year - 4/pepper/project/datset reorder/grade_1/sample_043/20260729_080859.jpg,grade_1,sample_043,grade_1/sample_043,0,V3 Grade 1,0.4965,0.5020233333333333,0.983,0.90338,4000,3000,1.3333333333333333,samsung,SM-A127F,3,140.3781534830729,21.074869791666668,203.86052631578949,TRAIN
data/raw/Pepper Berry Grading V3.yolov8/train/images/20260729_081159_jpg.rf.bliQl7im1XTkiI0iFBRe.jpg,data/raw/Pepper Berry Grading V3.yolov8/train/labels/20260729_081159_jpg.rf.bliQl7im1XTkiI0iFBRe.txt,train,3de997a58149e7ce31e83b98b8f9d082af92865b3646e6f11574c9697ab01ed0,D:/work/Year - 4/pepper/project/datset reorder/grade_1/sample_042/20260729_081159.jpg,grade_1,sample_042,grade_1/sample_042,0,V3 Grade 1,0.421,0.5115975,0.7286666666666667,0.9421975,4000,3000,1.3333333333333333,samsung,SM-A127F,6,132.10689290364584,42.551005045572914,186.41360718870345,TEST
data/raw/Pepper Berry Grading V3.yolov8/train/images/20260729_081257_jpg.rf.JtNcGxAJlTaILkJlVOwF.jpg,data/raw/Pepper Berry Grading V3.yolov8/train/labels/20260729_081257_jpg.rf.JtNcGxAJlTaILkJlVOwF.txt,train,1d2c865e26dc0dd503d919d99b5995bf4763f859f6b1ae26843e85f10ee687ad,D:/work/Year - 4/pepper/project/datset reorder/grade_1/sample_042/20260729_081257.jpg,grade_1,sample_042,grade_1/sample_042,0,V3 Grade 1,0.5233333333333333,0.51275,0.9533333333333334,0.9745,4000,3000,1.3333333333333333,samsung,SM-A127F,6,132.6722615559896,30.189493815104168,201.99165596919127,TEST
data/raw/Pepper Berry Grading V3.yolov8/train/images/20260729_081404_jpg.rf.KzTW9aHWv10J8sjfx0EI.jpg,data/raw/Pepper Berry Grading V3.yolov8/train/labels/20260729_081404_jpg.rf.KzTW9aHWv10J8sjfx0EI.txt,train,925611d59ff14febbae877a6ce50fa5c553c3058d4d23f777c43f9b84523b316,D:/work/Year - 4/pepper/project/datset reorder/grade_1/sample_042/20260729_081404.jpg,grade_1,sample_042,grade_1/sample_042,0,V3 Grade 1,0.5026666666666667,0.554,0.992,0.892,4000,3000,1.3333333333333333,samsung,SM-A127F,6,136.40523274739584,32.3570556640625,187.00295250320923,TEST
data/raw/Pepper Berry Grading V3.yolov8/train/images/20260729_081556_jpg.rf.rkOzyIgCQgtfqI6jYcNV.jpg,data/raw/Pepper Berry Grading V3.yolov8/train/labels/20260729_081556_jpg.rf.rkOzyIgCQgtfqI6jYcNV.txt,train,f94dfb57b2c9aad4f17aadc23f74e7500f4ccee380bb3ee7ed8a27b7cd39f9fa,D:/work/Year - 4/pepper/project/datset reorder/grade_1/sample_042/20260729_081556.jpg,grade_1,sample_042,grade_1/sample_042,0,V3 Grade 1,0.5,0.544,1.0,0.912,4000,3000,1.3333333333333333,samsung,SM-A127F,6,130.2479248046875,18.89306640625,181.0834403080873,TEST
data/raw/Pepper Berry Grading V3.yolov8/train/images/20260729_081637_jpg.rf.gsUIYgwPKRcJpHRTi2wu.jpg,data/raw/Pepper Berry Grading V3.yolov8/train/labels/20260729_081637_jpg.rf.gsUIYgwPKRcJpHRTi2wu.txt,train,b94bd8922ba52b0538513f4c9fe7fc650fcef7861877857f070e0d32b92b8206,D:/work/Year - 4/pepper/project/datset reorder/grade_1/sample_041/20260729_081637.jpg,grade_1,sample_041,grade_1/sample_041,0,V3 Grade 1,0.44633333333333336,0.49035500000000004,0.7793333333333333,0.94471,4000,3000,1.3333333333333333,samsung,SM-A127F,6,126.44809977213542,46.91827392578125,184.1690629011553,TRAIN
data/raw/Pepper Berry Grading V3.yolov8/train/images/20260729_081715_jpg.rf.Wu2HvU6gv8szwAZhez7x.jpg,data/raw/Pepper Berry Grading V3.yolov8/train/labels/20260729_081715_jpg.rf.Wu2HvU6gv8szwAZhez7x.txt,train,8637c0a72d5e5e882fc00f2c75a7e0f2481043f4d8747c18549cdffe8ba11743,D:/work/Year - 4/pepper/project/datset reorder/grade_1/sample_041/20260729_081715.jpg,grade_1,sample_041,grade_1/sample_041,0,V3 Grade 1,0.428,0.5091075,0.8426666666666667,0.8872150000000001,4000,3000,1.3333333333333333,samsung,SM-A127F,6,149.06363932291666,15.526448567708334,216.7145057766367,TRAIN
data/raw/Pepper Berry Grading V3.yolov8/train/images/20260729_081915_jpg.rf.hgXXwJMYptBrhkUm1D13.jpg,data/raw/Pepper Berry Grading V3.yolov8/train/labels/20260729_081915_jpg.rf.hgXXwJMYptBrhkUm1D13.txt,train,cba6a40c1f5576762c118b86c2289639cfc2bb934458b16a429f446ffbf9cc5f,D:/work/Year - 4/pepper/project/datset reorder/grade_1/sample_041/20260729_081915.jpg,grade_1,sample_041,grade_1/sample_041,0,V3 Grade 1,0.481,0.5785,0.802,0.843,4000,3000,1.3333333333333333,samsung,SM-A127F,1,147.93853759765625,18.475056966145832,218.59801026957638,TRAIN
data/raw/Pepper Berry Grading V3.yolov8/train/images/20260729_082001_jpg.rf.c5XottabX6XVX30UjV16.jpg,data/raw/Pepper Berry Grading V3.yolov8/train/labels/20260729_082001_jpg.rf.c5XottabX6XVX30UjV16.txt,train,8144288a4bfa7ff469ce2a8135761738ab2eb1241d9486a266ac2426860f462f,D:/work/Year - 4/pepper/project/datset reorder/grade_1/sample_041/20260729_082001.jpg,grade_1,sample_041,grade_1/sample_041,0,V3 Grade 1,0.49933333333333335,0.4526475,0.9986666666666667,0.7442949999999999,4000,3000,1.3333333333333333,samsung,SM-A127F,6,137.5216064453125,16.650004069010418,182.70365853658538,TRAIN
data/raw/Pepper Berry Grading V3.yolov8/train/images/20260729_082228_jpg.rf.tIH23W46RUUvw6FARUCx.jpg,data/raw/Pepper Berry Grading V3.yolov8/train/labels/20260729_082228_jpg.rf.tIH23W46RUUvw6FARUCx.txt,train,698994a796574e6fafd4bc2dbe55987cd50c3ca40995e2a906a39b062117b9e5,D:/work/Year - 4/pepper/project/datset reorder/grade_1/sample_040/20260729_082228.jpg,grade_1,sample_040,grade_1/sample_040,0,V3 Grade 1,0.36766666666666664,0.514615,0.7286666666666667,0.82823,4000,3000,1.3333333333333333,samsung,SM-A127F,6,134.1360066731771,54.484334309895836,174.61110397946084,TEST
data/raw/Pepper Berry Grading V3.yolov8/train/images/20260729_082252_jpg.rf.qZhX2DNHqn3uCCG5K9RK.jpg,data/raw/Pepper Berry Grading V3.yolov8/train/labels/20260729_082252_jpg.rf.qZhX2DNHqn3uCCG5K9RK.txt,train,0b1aeb54b2c06652206199f12560760fc803927b2c3a0735fdf4590866b9327d,D:/work/Year - 4/pepper/project/datset reorder/grade_1/sample_040/20260729_082252.jpg,grade_1,sample_040,grade_1/sample_040,0,V3 Grade 1,0.49925,0.4280566666666667,0.8335,0.8354499999999999,4000,3000,1.3333333333333333,samsung,SM-A127F,3,135.2018025716146,18.530558268229168,195.18254172015403,TEST
data/raw/Pepper Berry Grading V3.yolov8/train/images/20260729_082345_jpg.rf.WJRC1w5u4iNytuo8vqoy.jpg,data/raw/Pepper Berry Grading V3.yolov8/train/labels/20260729_082345_jpg.rf.WJRC1w5u4iNytuo8vqoy.txt,train,3f8fb00e00c3b9a836b71069ac92068c55a20c2bfb1ab78b68f0d73e0f9e10ba,D:/work/Year - 4/pepper/project/datset reorder/grade_1/sample_040/20260729_082345.jpg,grade_1,sample_040,grade_1/sample_040,0,V3 Grade 1,0.53025,0.44654333333333335,0.8555,0.8890866666666667,4000,3000,1.3333333333333333,samsung,SM-A127F,3,134.3488566080729,18.794637044270832,184.88729139922978,TEST
data/raw/Pepper Berry Grading V3.yolov8/train/images/20260729_082421_jpg.rf.OgjopfpBDACPrIjAbDwp.jpg,data/raw/Pepper Berry Grading V3.yolov8/train/labels/20260729_082421_jpg.rf.OgjopfpBDACPrIjAbDwp.txt,train,c4fdd59900ad87d51b55a2b3dba55726a30dabbd3cd74cce61b112b9beebbf59,D:/work/Year - 4/pepper/project/datset reorder/grade_1/sample_040/20260729_082421.jpg,grade_1,sample_040,grade_1/sample_040,0,V3 Grade 1,0.517875,0.5018333333333334,0.65825,0.9963333333333333,4000,3000,1.3333333333333333,samsung,SM-A127F,3,135.76605224609375,21.92962646484375,177.7299101412067,TEST
data/raw/Pepper Berry Grading V3.yolov8/train/images/20260729_082804_jpg.rf.JedYHqOZ8pyYnlmoHF7p.jpg,data/raw/Pepper Berry Grading V3.yolov8/train/labels/20260729_082804_jpg.rf.JedYHqOZ8pyYnlmoHF7p.txt,train,c58c815c75be95da968bdf2fbe2eb8471a498223d2e22f7d738b2a9f0be6b3fb,D:/work/Year - 4/pepper/project/datset reorder/grade_1/sample_039/20260729_082804.jpg,grade_1,sample_039,grade_1/sample_039,0,V3 Grade 1,0.47333333333333333,0.499095,0.72,0.98719,4000,3000,1.3333333333333333,samsung,SM-A127F,6,127.58811442057292,43.771687825520836,187.12284980744545,TEST
data/raw/Pepper Berry Grading V3.yolov8/train/images/20260729_083128_jpg.rf.icFXZOQ1aYFJ5BQ4QdIo.jpg,data/raw/Pepper Berry Grading V3.yolov8/train/labels/20260729_083128_jpg.rf.icFXZOQ1aYFJ5BQ4QdIo.txt,train,da9145ab8469e59ea09d3374d2d1c42f0d653f3978846aec5a6f04affa9f4f80,D:/work/Year - 4/pepper/project/datset reorder/grade_1/sample_039/20260729_083128.jpg,grade_1,sample_039,grade_1/sample_039,0,V3 Grade 1,0.462,0.5068675,0.924,0.827735,4000,3000,1.3333333333333333,samsung,SM-A127F,6,135.240478515625,15.763102213541666,197.3856867779204,TEST
data/raw/Pepper Berry Grading V3.yolov8/train/images/20260729_083334_jpg.rf.nfblthGxibuVH6yN09cJ.jpg,data/raw/Pepper Berry Grading V3.yolov8/train/labels/20260729_083334_jpg.rf.nfblthGxibuVH6yN09cJ.txt,train,34e3f0775ddfcae3399890f0ea51e73cc32d0d279feff2909742c3bd5cfd660b,D:/work/Year - 4/pepper/project/datset reorder/grade_1/sample_038/20260729_083334.jpg,grade_1,sample_038,grade_1/sample_038,0,V3 Grade 1,0.451,0.49210000000000004,0.7486666666666667,0.9732000000000001,4000,3000,1.3333333333333333,samsung,SM-A127F,6,133.9608357747396,42.427876790364586,188.82817715019254,VALIDATION
data/raw/Pepper Berry Grading V3.yolov8/train/images/20260729_083410_jpg.rf.nxlgjgajADRb8PXacWsI.jpg,data/raw/Pepper Berry Grading V3.yolov8/train/labels/20260729_083410_jpg.rf.nxlgjgajADRb8PXacWsI.txt,train,9ee0b9d57a4a3b9d782fd67c7df383299704c4bdc9cef4f1ceb4b246f3a5d3b7,D:/work/Year - 4/pepper/project/datset reorder/grade_1/sample_038/20260729_083410.jpg,grade_1,sample_038,grade_1/sample_038,0,V3 Grade 1,0.4543333333333333,0.5320975,0.902,0.9131925,4000,3000,1.3333333333333333,samsung,SM-A127F,6,133.4438680013021,15.470113118489584,184.5166238767651,VALIDATION
data/raw/Pepper Berry Grading V3.yolov8/train/images/20260729_083525_jpg.rf.zAY8d87pr0TNPHKRKqI9.jpg,data/raw/Pepper Berry Grading V3.yolov8/train/labels/20260729_083525_jpg.rf.zAY8d87pr0TNPHKRKqI9.txt,train,a83ddb8ef1f1a4d309912b2f163d7fc90eb701cbeb651582ceba592ff2d0a340,D:/work/Year - 4/pepper/project/datset reorder/grade_1/sample_038/20260729_083525.jpg,grade_1,sample_038,grade_1/sample_038,0,V3 Grade 1,0.4716666666666667,0.5568624999999999,0.9366666666666666,0.7677225,4000,3000,1.3333333333333333,samsung,SM-A127F,6,129.83770751953125,16.700541178385418,179.41155327342747,VALIDATION
data/raw/Pepper Berry Grading V3.yolov8/train/images/20260729_083554_jpg.rf.goTuu2IF5KK2jHZbUiHP.jpg,data/raw/Pepper Berry Grading V3.yolov8/train/labels/20260729_083554_jpg.rf.goTuu2IF5KK2jHZbUiHP.txt,train,bb6449eebaca3058856fe87a863a3d01488e8ef655cdb819b78bfe667e6b9f3f,D:/work/Year - 4/pepper/project/datset reorder/grade_1/sample_038/20260729_083554.jpg,grade_1,sample_038,grade_1/sample_038,0,V3 Grade 1,0.5,0.49013,0.9866666666666667,0.7892575000000001,4000,3000,1.3333333333333333,samsung,SM-A127F,6,133.28238932291666,15.078206380208334,174.17336328626445,VALIDATION
data/raw/Pepper Berry Grading V3.yolov8/train/images/20260729_083937_jpg.rf.lJO2AR7FR17wEErZFX9N.jpg,data/raw/Pepper Berry Grading V3.yolov8/train/labels/20260729_083937_jpg.rf.lJO2AR7FR17wEErZFX9N.txt,train,a5041e2a89b1f9ed17a63a724297560f9899c19dbb3bd74f72a415dbe70c3510,D:/work/Year - 4/pepper/project/datset reorder/grade_1/sample_037/20260729_083937.jpg,grade_1,sample_037,grade_1/sample_037,0,V3 Grade 1,0.42733333333333334,0.54275,0.8546666666666667,0.9145,4000,3000,1.3333333333333333,samsung,SM-A127F,6,130.0573933919271,16.093465169270832,178.797946084724,VALIDATION
data/raw/Pepper Berry Grading V3.yolov8/train/images/20260729_084142_jpg.rf.b1jbGkffrhVjv4J173tn.jpg,data/raw/Pepper Berry Grading V3.yolov8/train/labels/20260729_084142_jpg.rf.b1jbGkffrhVjv4J173tn.txt,train,376a7e415a06e45d738aa61271c8f93ce76ac8dab5bd3cf43080d6fbfdd69e6e,D:/work/Year - 4/pepper/project/datset reorder/grade_1/sample_037/20260729_084142.jpg,grade_1,sample_037,grade_1/sample_037,0,V3 Grade 1,0.5306666666666666,0.5141074999999999,0.9146666666666666,0.8772150000000001,4000,3000,1.3333333333333333,samsung,SM-A127F,8,137.1037801106771,16.063700358072918,199.54736842105262,VALIDATION
data/raw/Pepper Berry Grading V3.yolov8/train/images/20260729_084243_jpg.rf.RuLsOCUniuh1CR3DvOKe.jpg,data/raw/Pepper Berry Grading V3.yolov8/train/labels/20260729_084243_jpg.rf.RuLsOCUniuh1CR3DvOKe.txt,train,6f40af3f9ef031646dbbc07c4628f261973c2976cce53051490288ffafdc8c72,D:/work/Year - 4/pepper/project/datset reorder/grade_1/sample_037/20260729_084243.jpg,grade_1,sample_037,grade_1/sample_037,0,V3 Grade 1,0.5,0.51813,1.0,0.72526,4000,3000,1.3333333333333333,samsung,SM-A127F,6,117.48801676432292,18.11883544921875,151.67471116816432,VALIDATION
data/raw/Pepper Berry Grading V3.yolov8/train/images/20260814_150010_jpg.rf.y6JU6TGkhUFvQxF0o0iz.jpg,data/raw/Pepper Berry Grading V3.yolov8/train/labels/20260814_150010_jpg.rf.y6JU6TGkhUFvQxF0o0iz.txt,train,f264fede7291677f4e2e12f1eb1c6d8fe6b74775d01ef882b6bd0547699a1a85,D:/work/Year - 4/pepper/project/datset reorder/grade_1/sample_036/20260814_150010.jpg,grade_1,sample_036,grade_1/sample_036,0,V3 Grade 1,0.4866666666666667,0.5321224999999999,0.7733333333333333,0.7532424999999999,4000,3000,1.3333333333333333,samsung,SM-A127F,6,143.08793131510416,55.362223307291664,196.60937098844673,TRAIN
data/raw/Pepper Berry Grading V3.yolov8/train/images/20260814_150029_jpg.rf.gAdFJAjod9aMoRecE8bs.jpg,data/raw/Pepper Berry Grading V3.yolov8/train/labels/20260814_150029_jpg.rf.gAdFJAjod9aMoRecE8bs.txt,train,a932f4055c25e603dbb0e2b2b029cbb001001bceb6589e3c40d2d4b4d1c4f38b,D:/work/Year - 4/pepper/project/datset reorder/grade_1/sample_036/20260814_150029.jpg,grade_1,sample_036,grade_1/sample_036,0,V3 Grade 1,0.47333333333333333,0.5141074999999999,0.8533333333333334,0.8772150000000001,4000,3000,1.3333333333333333,samsung,SM-A127F,6,162.1429646809896,14.563557942708334,235.42034659820283,TRAIN
data/raw/Pepper Berry Grading V3.yolov8/train/images/20260814_150119_jpg.rf.WrcO7PDL8folbsGcMLHQ.jpg,data/raw/Pepper Berry Grading V3.yolov8/train/labels/20260814_150119_jpg.rf.WrcO7PDL8folbsGcMLHQ.txt,train,7de13d4ab986fc703f31bf24458b5a36cacdb6543cf07d901ec7e557592346bc,D:/work/Year - 4/pepper/project/datset reorder/grade_1/sample_036/20260814_150119.jpg,grade_1,sample_036,grade_1/sample_036,0,V3 Grade 1,0.508,0.487885,0.976,0.7497725000000001,4000,3000,1.3333333333333333,samsung,SM-A127F,6,135.18695068359375,22.067036946614582,191.1086649550706,TRAIN
data/raw/Pepper Berry Grading V3.yolov8/train/images/20260814_150204_jpg.rf.clGC2qfkMIKdsQZR9gjM.jpg,data/raw/Pepper Berry Grading V3.yolov8/train/labels/20260814_150204_jpg.rf.clGC2qfkMIKdsQZR9gjM.txt,train,3c8fb0a5f8214b0fc6bb9baed02c6822acfac9c095b2763745de84af7b0df2ae,D:/work/Year - 4/pepper/project/datset reorder/grade_1/sample_036/20260814_150204.jpg,grade_1,sample_036,grade_1/sample_036,0,V3 Grade 1,0.486,0.5715975,0.972,0.8221975,4000,3000,1.3333333333333333,samsung,SM-A127F,6,137.97650146484375,21.984761555989582,188.43555840821566,TRAIN
data/raw/Pepper Berry Grading V3.yolov8/train/images/20260814_150253_jpg.rf.YuS1PBU3tukHCETg4o0w.jpg,data/raw/Pepper Berry Grading V3.yolov8/train/labels/20260814_150253_jpg.rf.YuS1PBU3tukHCETg4o0w.txt,train,ec9c08393b0e9ece95604274b427503d862de91e51e1abc3b309a7e31ec9de3a,D:/work/Year - 4/pepper/project/datset reorder/grade_1/sample_035/20260814_150253.jpg,grade_1,sample_035,grade_1/sample_035,0,V3 Grade 1,0.444,0.51512,0.7413333333333333,0.7992400000000001,4000,3000,1.3333333333333333,samsung,SM-A127F,6,141.99869791666666,58.392171223958336,197.52721437740692,TRAIN
data/raw/Pepper Berry Grading V3.yolov8/train/images/20260814_150335_jpg.rf.sPb3N4ZVYUxXYFNudL5r.jpg,data/raw/Pepper Berry Grading V3.yolov8/train/labels/20260814_150335_jpg.rf.sPb3N4ZVYUxXYFNudL5r.txt,train,777cf9d4d8f4e8847f68010977d7031e410f70012f2d7f1f1d7ce31aec41c5bc,D:/work/Year - 4/pepper/project/datset reorder/grade_1/sample_035/20260814_150335.jpg,grade_1,sample_035,grade_1/sample_035,0,V3 Grade 1,0.5053333333333333,0.4851175,0.9706666666666667,0.8792325,4000,3000,1.3333333333333333,samsung,SM-A127F,6,134.4044392903646,28.362548828125,207.65750962772785,TRAIN
data/raw/Pepper Berry Grading V3.yolov8/train/images/20260814_150424_jpg.rf.j0oCpK0x9E998XVR4Fvl.jpg,data/raw/Pepper Berry Grading V3.yolov8/train/labels/20260814_150424_jpg.rf.j0oCpK0x9E998XVR4Fvl.txt,train,df7143896dafc88a76c040815b273cf426c3c6e6293dd6f7827464e0f4b5593d,D:/work/Year - 4/pepper/project/datset reorder/grade_1/sample_035/20260814_150424.jpg,grade_1,sample_035,grade_1/sample_035,0,V3 Grade 1,0.5013333333333333,0.5308674999999999,0.856,0.7757375,4000,3000,1.3333333333333333,samsung,SM-A127F,6,134.4692179361979,24.996378580729168,201.42509627727856,TRAIN
data/raw/Pepper Berry Grading V3.yolov8/train/images/20260814_150511_jpg.rf.SxYsyNCGrdg9ryDhAfdD.jpg,data/raw/Pepper Berry Grading V3.yolov8/train/labels/20260814_150511_jpg.rf.SxYsyNCGrdg9ryDhAfdD.txt,train,a7f27e2050051310bb5ea4d365052530a58b65a054742d20330282483fd168e0,D:/work/Year - 4/pepper/project/datset reorder/grade_1/sample_035/20260814_150511.jpg,grade_1,sample_035,grade_1/sample_035,0,V3 Grade 1,0.44333333333333336,0.54435,0.8866666666666667,0.8726975,4000,3000,1.3333333333333333,samsung,SM-A127F,6,133.29402669270834,19.178934733072918,180.88472400513479,TRAIN
data/raw/Pepper Berry Grading V3.yolov8/train/images/20260814_150551_jpg.rf.b3ZLEXbWDjxjWefb9O2Y.jpg,data/raw/Pepper Berry Grading V3.yolov8/train/labels/20260814_150551_jpg.rf.b3ZLEXbWDjxjWefb9O2Y.txt,train,bdc3eab256b1b54ec0ff3d0af89af4df844b497bf10d5c123c5a49ae726f62c0,D:/work/Year - 4/pepper/project/datset reorder/grade_1/sample_034/20260814_150551.jpg,grade_1,sample_034,grade_1/sample_034,0,V3 Grade 1,0.46066666666666667,0.5823475,0.7613333333333333,0.808695,4000,3000,1.3333333333333333,samsung,SM-A127F,6,113.22672526041667,51.953511555989586,158.75391527599487,TRAIN
data/raw/Pepper Berry Grading V3.yolov8/train/images/20260814_150625_jpg.rf.bCgMtOIJbaun3kRZUVWT.jpg,data/raw/Pepper Berry Grading V3.yolov8/train/labels/20260814_150625_jpg.rf.bCgMtOIJbaun3kRZUVWT.txt,train,bdd05e7a41d3f6e85c75cf980418bbbb4964a8f70ca65eabc692510fe8f70424,D:/work/Year - 4/pepper/project/datset reorder/grade_1/sample_034/20260814_150625.jpg,grade_1,sample_034,grade_1/sample_034,0,V3 Grade 1,0.46266666666666667,0.5118675,0.912,0.817735,4000,3000,1.3333333333333333,samsung,SM-A127F,6,133.83489990234375,21.8702392578125,202.38485237483954,TRAIN
data/raw/Pepper Berry Grading V3.yolov8/train/images/20260814_150714_jpg.rf.w0TVu7nzym5NMBFg6aAc.jpg,data/raw/Pepper Berry Grading V3.yolov8/train/labels/20260814_150714_jpg.rf.w0TVu7nzym5NMBFg6aAc.txt,train,273d8f31ea2569e634ac4aba1240abefc8b76f7b8007c1805bee31e3589b8ceb,D:/work/Year - 4/pepper/project/datset reorder/grade_1/sample_034/20260814_150714.jpg,grade_1,sample_034,grade_1/sample_034,0,V3 Grade 1,0.5,0.48912,1.0,0.84724,4000,3000,1.3333333333333333,samsung,SM-A127F,6,126.52829996744792,23.804423014322918,185.67920410783054,TRAIN
data/raw/Pepper Berry Grading V3.yolov8/train/images/20260814_150853_jpg.rf.xGb2c6pac3Nq74eyJjrM.jpg,data/raw/Pepper Berry Grading V3.yolov8/train/labels/20260814_150853_jpg.rf.xGb2c6pac3Nq74eyJjrM.txt,train,471f51dadcedc6eb1bd60b07721cec968f5cd3349f82f91acafab5539dc61c4d,D:/work/Year - 4/pepper/project/datset reorder/grade_1/sample_033/20260814_150853.jpg,grade_1,sample_033,grade_1/sample_033,0,V3 Grade 1,0.4563333333333333,0.566605,0.706,0.7922100000000001,4000,3000,1.3333333333333333,samsung,SM-A127F,6,143.7286173502604,50.6334228515625,197.04454428754815,TRAIN
data/raw/Pepper Berry Grading V3.yolov8/train/images/20260814_151027_jpg.rf.d5Gp9CNljvilA6oRHIWH.jpg,data/raw/Pepper Berry Grading V3.yolov8/train/labels/20260814_151027_jpg.rf.d5Gp9CNljvilA6oRHIWH.txt,train,8190871bce155b8d4c60f7b416c34cef4b43a602a4263d5f7d233297174b101f,D:/work/Year - 4/pepper/project/datset reorder/grade_1/sample_033/20260814_151027.jpg,grade_1,sample_033,grade_1/sample_033,0,V3 Grade 1,0.47533333333333333,0.49110750000000003,0.9506666666666667,0.9312125,4000,3000,1.3333333333333333,samsung,SM-A127F,6,142.9238077799479,18.97027587890625,206.63151476251605,TRAIN
data/raw/Pepper Berry Grading V3.yolov8/train/images/20260814_151229_jpg.rf.u4jYK04OqeMC9wmjUeWo.jpg,data/raw/Pepper Berry Grading V3.yolov8/train/labels/20260814_151229_jpg.rf.u4jYK04OqeMC9wmjUeWo.txt,train,1c1b15447d29aaa05435f3fe59966f338ec442765b68f75f202f91412af8f34e,D:/work/Year - 4/pepper/project/datset reorder/grade_1/sample_033/20260814_151229.jpg,grade_1,sample_033,grade_1/sample_033,0,V3 Grade 1,0.49666666666666665,0.488615,0.9933333333333333,0.8762325,4000,3000,1.3333333333333333,samsung,SM-A127F,6,121.91035970052083,23.525980631510418,171.36181001283697,TRAIN
data/raw/Pepper Berry Grading V3.yolov8/train/images/20260814_151336_jpg.rf.JYqazrcVXgJSJklNZB13.jpg,data/raw/Pepper Berry Grading V3.yolov8/train/labels/20260814_151336_jpg.rf.JYqazrcVXgJSJklNZB13.txt,train,7e5388963e094f18907f5b7c34d4f65b5b5e42707808ad67c4f66020fd1666ae,D:/work/Year - 4/pepper/project/datset reorder/grade_1/sample_032/20260814_151336.jpg,grade_1,sample_032,grade_1/sample_032,0,V3 Grade 1,0.41333333333333333,0.58775,0.7333333333333333,0.8245,4000,3000,1.3333333333333333,samsung,SM-A127F,6,140.8503621419271,50.47955322265625,185.28003851091142,VALIDATION
data/raw/Pepper Berry Grading V3.yolov8/train/images/20260814_151415_jpg.rf.yZFI4EEsZUL7VgXdmcNL.jpg,data/raw/Pepper Berry Grading V3.yolov8/train/labels/20260814_151415_jpg.rf.yZFI4EEsZUL7VgXdmcNL.txt,train,cd4ad5d459484941d8e087cc04d5b1ed257cb785c62fa652b2d7560b5acf014f,D:/work/Year - 4/pepper/project/datset reorder/grade_1/sample_032/20260814_151415.jpg,grade_1,sample_032,grade_1/sample_032,0,V3 Grade 1,0.506,0.4691325,0.932,0.807265,4000,3000,1.3333333333333333,samsung,SM-A127F,6,145.92205810546875,19.270182291666668,209.6925545571245,VALIDATION
data/raw/Pepper Berry Grading V3.yolov8/train/images/20260814_151519_jpg.rf.Z19ccE9b81tqt2PDXloY.jpg,data/raw/Pepper Berry Grading V3.yolov8/train/labels/20260814_151519_jpg.rf.Z19ccE9b81tqt2PDXloY.txt,train,0a4827443f435ed8f4d90ff0fa3215221dc2761ddd91ffb41668585210844af9,D:/work/Year - 4/pepper/project/datset reorder/grade_1/sample_032/20260814_151519.jpg,grade_1,sample_032,grade_1/sample_032,0,V3 Grade 1,0.4786666666666667,0.5541024999999999,0.9173333333333333,0.8372025,4000,3000,1.3333333333333333,samsung,SM-A127F,6,138.7557576497396,20.44342041015625,201.75340179717585,VALIDATION
data/raw/Pepper Berry Grading V3.yolov8/train/images/20260814_151654_jpg.rf.hXsZZ78vCrNCuFpH3H7Q.jpg,data/raw/Pepper Berry Grading V3.yolov8/train/labels/20260814_151654_jpg.rf.hXsZZ78vCrNCuFpH3H7Q.txt,train,5a4427f8f20c0d093838b2c0df94a60b48cca29f3589d99c42d0bf7bfbc75e14,D:/work/Year - 4/pepper/project/datset reorder/grade_1/sample_032/20260814_151654.jpg,grade_1,sample_032,grade_1/sample_032,0,V3 Grade 1,0.472,0.568095,0.9306666666666666,0.8451925,4000,3000,1.3333333333333333,samsung,SM-A127F,6,130.81339518229166,17.121317545572918,176.25629011553272,VALIDATION
data/raw/Pepper Berry Grading V3.yolov8/train/images/20260814_151933_jpg.rf.pabTk3wvFp4uIziotHYv.jpg,data/raw/Pepper Berry Grading V3.yolov8/train/labels/20260814_151933_jpg.rf.pabTk3wvFp4uIziotHYv.txt,train,8a18f7a6a08e8516514768d8854ed620a8d31edf87348f5d85adceb0d01af44c,D:/work/Year - 4/pepper/project/datset reorder/grade_1/sample_031/20260814_151933.jpg,grade_1,sample_031,grade_1/sample_031,0,V3 Grade 1,0.5183333333333333,0.5231125,0.6833333333333333,0.8352225,4000,3000,1.3333333333333333,samsung,SM-A127F,6,118.31424967447917,68.383544921875,166.06996148908857,TRAIN
data/raw/Pepper Berry Grading V3.yolov8/train/images/20260814_152058_jpg.rf.t827J59noF9KnJe66O7z.jpg,data/raw/Pepper Berry Grading V3.yolov8/train/labels/20260814_152058_jpg.rf.t827J59noF9KnJe66O7z.txt,train,8b25e1ec81c9fd709cc340829d4eec364a7b6763e591d250cd44da5b4c898761,D:/work/Year - 4/pepper/project/datset reorder/grade_1/sample_031/20260814_152058.jpg,grade_1,sample_031,grade_1/sample_031,0,V3 Grade 1,0.5026666666666667,0.5048575000000001,0.912,0.9037125,4000,3000,1.3333333333333333,samsung,SM-A127F,6,138.4453125,16.779622395833332,206.5780487804878,TRAIN
data/raw/Pepper Berry Grading V3.yolov8/train/images/20260814_152135_jpg.rf.n0kDDHCll9U82tguTJK0.jpg,data/raw/Pepper Berry Grading V3.yolov8/train/labels/20260814_152135_jpg.rf.n0kDDHCll9U82tguTJK0.txt,train,2f87cb43bd3a70184ed902b869f97eeecbf49cf5feaefb6ad5fc97a1a0911d2a,D:/work/Year - 4/pepper/project/datset reorder/grade_1/sample_031/20260814_152135.jpg,grade_1,sample_031,grade_1/sample_031,0,V3 Grade 1,0.5036666666666667,0.5181,0.974,0.9251975,4000,3000,1.3333333333333333,samsung,SM-A127F,6,131.41573079427084,17.339152018229168,196.0563543003851,TRAIN
data/raw/Pepper Berry Grading V3.yolov8/train/images/20260814_152215_jpg.rf.MquDdS6yijIpaktnKIfE.jpg,data/raw/Pepper Berry Grading V3.yolov8/train/labels/20260814_152215_jpg.rf.MquDdS6yijIpaktnKIfE.txt,train,13719f6c1e9757c6376c5592b8d2b14125fc045361fb98a41878e380d1003b17,D:/work/Year - 4/pepper/project/datset reorder/grade_1/sample_031/20260814_152215.jpg,grade_1,sample_031,grade_1/sample_031,0,V3 Grade 1,0.4886666666666667,0.56487,0.9773333333333334,0.7037374999999999,4000,3000,1.3333333333333333,samsung,SM-A127F,6,146.23724365234375,14.580118815104166,202.79480102695763,TRAIN
data/raw/Pepper Berry Grading V3.yolov8/train/images/20260814_153317_jpg.rf.no9nmxRoevsyA7eX9y4G.jpg,data/raw/Pepper Berry Grading V3.yolov8/train/labels/20260814_153317_jpg.rf.no9nmxRoevsyA7eX9y4G.txt,train,b303616ee6630c67965a2a8baf0c49174099ea0cec4e27fbf320f089e1037d11,D:/work/Year - 4/pepper/project/datset reorder/grade_2/sample_031/20260814_153317.jpg,grade_2,sample_031,grade_2/sample_031,1,V3 Grade 2,0.5156666666666667,0.584345,0.6513333333333333,0.8126925,4000,3000,1.3333333333333333,samsung,SM-A127F,6,132.4717000325521,65.00876871744792,167.18613607188703,TRAIN
data/raw/Pepper Berry Grading V3.yolov8/train/images/20260814_153503_jpg.rf.aDhfFC0EL3huR03PvBLx.jpg,data/raw/Pepper Berry Grading V3.yolov8/train/labels/20260814_153503_jpg.rf.aDhfFC0EL3huR03PvBLx.txt,train,4d29445b1bd46b3de4588522280c0f6d11bbd8c1c542f2cca9de403990efe4a5,D:/work/Year - 4/pepper/project/datset reorder/grade_2/sample_031/20260814_153503.jpg,grade_2,sample_031,grade_2/sample_031,1,V3 Grade 2,0.5033333333333333,0.4568875,0.9933333333333333,0.8077725,4000,3000,1.3333333333333333,samsung,SM-A127F,6,151.32157389322916,25.2845458984375,202.64916559691912,TRAIN
data/raw/Pepper Berry Grading V3.yolov8/train/images/20260814_153532_jpg.rf.qGaFaf4SVEkUqVJqpYPw.jpg,data/raw/Pepper Berry Grading V3.yolov8/train/labels/20260814_153532_jpg.rf.qGaFaf4SVEkUqVJqpYPw.txt,train,a2d5f02456e1a537084f2a6aa88c2f76514de4a82c228cc511b506ca76a3b0d9,D:/work/Year - 4/pepper/project/datset reorder/grade_2/sample_031/20260814_153532.jpg,grade_2,sample_031,grade_2/sample_031,1,V3 Grade 2,0.4543333333333333,0.5193775,0.822,0.7427549999999999,4000,3000,1.3333333333333333,samsung,SM-A127F,6,149.49798583984375,23.652547200520832,216.9336970474968,TRAIN
data/raw/Pepper Berry Grading V3.yolov8/train/images/20260814_153602_jpg.rf.OY2kdFw6NBT4P2cHwBIG.jpg,data/raw/Pepper Berry Grading V3.yolov8/train/labels/20260814_153602_jpg.rf.OY2kdFw6NBT4P2cHwBIG.txt,train,8c66a74e28bf54eb87c442ab03b12d42aa6db1584adc9732fbd922c8c65741cc,D:/work/Year - 4/pepper/project/datset reorder/grade_2/sample_031/20260814_153602.jpg,grade_2,sample_031,grade_2/sample_031,1,V3 Grade 2,0.505,0.540135,0.8433333333333334,0.64927,4000,3000,1.3333333333333333,samsung,SM-A127F,6,151.0163370768229,22.853902180989582,197.50012836970475,TRAIN
data/raw/Pepper Berry Grading V3.yolov8/train/images/20260814_153636_jpg.rf.ecuwx46GOARBEhstRw6B.jpg,data/raw/Pepper Berry Grading V3.yolov8/train/labels/20260814_153636_jpg.rf.ecuwx46GOARBEhstRw6B.txt,train,cee47da617a31cb0d5069abdff022d4b47e03055d1d57f9192ad199899babb62,D:/work/Year - 4/pepper/project/datset reorder/grade_2/sample_032/20260814_153636.jpg,grade_2,sample_032,grade_2/sample_032,1,V3 Grade 2,0.465,0.5385975,0.79,0.8961950000000001,4000,3000,1.3333333333333333,samsung,SM-A127F,6,118.36100260416667,46.670939127604164,164.96399229781773,TRAIN
data/raw/Pepper Berry Grading V3.yolov8/train/images/20260814_153832_jpg.rf.zhg3vi5bswUTDQGhW2aG.jpg,data/raw/Pepper Berry Grading V3.yolov8/train/labels/20260814_153832_jpg.rf.zhg3vi5bswUTDQGhW2aG.txt,train,fc19fa51fcdf9d691ec909b0bddf2605b7eba5dbbb0c721de219bcee802c7229,D:/work/Year - 4/pepper/project/datset reorder/grade_2/sample_032/20260814_153832.jpg,grade_2,sample_032,grade_2/sample_032,1,V3 Grade 2,0.4816666666666667,0.5236075,0.9433333333333334,0.8662124999999999,4000,3000,1.3333333333333333,samsung,SM-A127F,6,148.5244344075521,28.737162272135418,213.82150192554556,TRAIN
data/raw/Pepper Berry Grading V3.yolov8/train/images/20260814_153903_jpg.rf.tNwyhgTC4UucL35jD4Tr.jpg,data/raw/Pepper Berry Grading V3.yolov8/train/labels/20260814_153903_jpg.rf.tNwyhgTC4UucL35jD4Tr.txt,train,55bf9826d57246c2ef93ecfe356793c54635719f9addfae9cea0e4caadfa88b9,D:/work/Year - 4/pepper/project/datset reorder/grade_2/sample_032/20260814_153903.jpg,grade_2,sample_032,grade_2/sample_032,1,V3 Grade 2,0.5233333333333333,0.5066175,0.9533333333333334,0.8322350000000001,4000,3000,1.3333333333333333,samsung,SM-A127F,6,147.3817138671875,21.919209798177082,198.7890243902439,TRAIN
data/raw/Pepper Berry Grading V3.yolov8/train/images/20260814_154015_jpg.rf.fnDbF27GHyp5UVxmoyCm.jpg,data/raw/Pepper Berry Grading V3.yolov8/train/labels/20260814_154015_jpg.rf.fnDbF27GHyp5UVxmoyCm.txt,train,48114df131d8527b587345d4eddca69a0cf8e7b1f5ef4e9a2206caa2d4ae6e62,D:/work/Year - 4/pepper/project/datset reorder/grade_2/sample_033/20260814_154015.jpg,grade_2,sample_033,grade_2/sample_033,1,V3 Grade 2,0.539,0.46713,0.7913333333333333,0.8232625,4000,3000,1.3333333333333333,samsung,SM-A127F,6,135.42584228515625,64.97062174479167,191.22079589216943,TRAIN
data/raw/Pepper Berry Grading V3.yolov8/train/images/20260814_154044_jpg.rf.VYjZzU9vE6QaCHIaXxnc.jpg,data/raw/Pepper Berry Grading V3.yolov8/train/labels/20260814_154044_jpg.rf.VYjZzU9vE6QaCHIaXxnc.txt,train,56853e101b45479147c56e0555a92b706e3b259596c1d89bc628eb272b4b7a3d,D:/work/Year - 4/pepper/project/datset reorder/grade_2/sample_033/20260814_154044.jpg,grade_2,sample_033,grade_2/sample_033,1,V3 Grade 2,0.5216666666666666,0.4983725,0.9566666666666667,0.8207424999999999,4000,3000,1.3333333333333333,samsung,SM-A127F,6,148.42854817708334,30.098470052083332,213.18921694480102,TRAIN
data/raw/Pepper Berry Grading V3.yolov8/train/images/20260814_154146_jpg.rf.cqaWjoulhAfPPP7CGKSK.jpg,data/raw/Pepper Berry Grading V3.yolov8/train/labels/20260814_154146_jpg.rf.cqaWjoulhAfPPP7CGKSK.txt,train,0c6f75a727ac86f353c0afabbaa57e369d0da787fa39696724a490097f05bfbf,D:/work/Year - 4/pepper/project/datset reorder/grade_2/sample_033/20260814_154146.jpg,grade_2,sample_033,grade_2/sample_033,1,V3 Grade 2,0.52,0.46914,0.96,0.7672775000000001,4000,3000,1.3333333333333333,samsung,SM-A127F,6,148.52852376302084,28.695332845052082,215.34075738125802,TRAIN
data/raw/Pepper Berry Grading V3.yolov8/train/images/20260814_154223_jpg.rf.ThSWOoihKuWdZv7GaHGb.jpg,data/raw/Pepper Berry Grading V3.yolov8/train/labels/20260814_154223_jpg.rf.ThSWOoihKuWdZv7GaHGb.txt,train,b60ae9cb98bc0d1e9738880c4e860c12d7e3021714bf1a9efe829badb7825915,D:/work/Year - 4/pepper/project/datset reorder/grade_2/sample_033/20260814_154223.jpg,grade_2,sample_033,grade_2/sample_033,1,V3 Grade 2,0.4683333333333333,0.5798724999999999,0.89,0.653745,4000,3000,1.3333333333333333,samsung,SM-A127F,6,145.20186360677084,18.798421223958332,181.17618741976892,TRAIN
data/raw/Pepper Berry Grading V3.yolov8/train/images/20260814_154307_jpg.rf.bCkuMT1oUByGapuJdjKa.jpg,data/raw/Pepper Berry Grading V3.yolov8/train/labels/20260814_154307_jpg.rf.bCkuMT1oUByGapuJdjKa.txt,train,252c23258cc6733d283e62f82f9d046771b43c2d903a35768a8151b3e594fa55,D:/work/Year - 4/pepper/project/datset reorder/grade_2/sample_034/20260814_154307.jpg,grade_2,sample_034,grade_2/sample_034,1,V3 Grade 2,0.5186666666666667,0.47287,0.784,0.87974,4000,3000,1.3333333333333333,samsung,SM-A127F,6,136.14530436197916,59.2230224609375,199.8022464698331,VALIDATION
data/raw/Pepper Berry Grading V3.yolov8/train/images/20260814_154341_jpg.rf.SZuCZ30m8pFMkQM7Ymzt.jpg,data/raw/Pepper Berry Grading V3.yolov8/train/labels/20260814_154341_jpg.rf.SZuCZ30m8pFMkQM7Ymzt.txt,train,957f4423cba67b85d1a220ac38e86a61ed594fe57722efb0d726cba5bc04714f,D:/work/Year - 4/pepper/project/datset reorder/grade_2/sample_034/20260814_154341.jpg,grade_2,sample_034,grade_2/sample_034,1,V3 Grade 2,0.5006666666666667,0.46463499999999996,0.9746666666666667,0.8082675,4000,3000,1.3333333333333333,samsung,SM-A127F,6,154.6396687825521,25.89312744140625,219.8132862644416,VALIDATION
data/raw/Pepper Berry Grading V3.yolov8/train/images/20260814_154417_jpg.rf.dgaYJ5SSMSI18QJ4sdQt.jpg,data/raw/Pepper Berry Grading V3.yolov8/train/labels/20260814_154417_jpg.rf.dgaYJ5SSMSI18QJ4sdQt.txt,train,82247b43b904e3841e497c9c7d95834936ebbc9bc8ef6b167ff0c7fa84dbfca6,D:/work/Year - 4/pepper/project/datset reorder/grade_2/sample_034/20260814_154417.jpg,grade_2,sample_034,grade_2/sample_034,1,V3 Grade 2,0.5083333333333333,0.45014499999999996,0.9433333333333334,0.7692899999999999,4000,3000,1.3333333333333333,samsung,SM-A127F,6,149.26263427734375,24.610758463541668,210.3997432605905,VALIDATION
data/raw/Pepper Berry Grading V3.yolov8/train/images/20260814_154513_jpg.rf.N4tEYWydgbvoZ5WrNoeN.jpg,data/raw/Pepper Berry Grading V3.yolov8/train/labels/20260814_154513_jpg.rf.N4tEYWydgbvoZ5WrNoeN.txt,train,7ab1a64636d33c3463cd460024b4c459ee2aef6e759cec91840024b6f55049e2,D:/work/Year - 4/pepper/project/datset reorder/grade_2/sample_034/20260814_154513.jpg,grade_2,sample_034,grade_2/sample_034,1,V3 Grade 2,0.5083333333333333,0.4991425,0.9433333333333334,0.6872849999999999,4000,3000,1.3333333333333333,samsung,SM-A127F,6,147.81107584635416,21.09356689453125,191.47978177150193,VALIDATION
data/raw/Pepper Berry Grading V3.yolov8/train/images/20260814_154538_jpg.rf.iZJeCxBOPru05rNUSO3u.jpg,data/raw/Pepper Berry Grading V3.yolov8/train/labels/20260814_154538_jpg.rf.iZJeCxBOPru05rNUSO3u.txt,train,1224a8a60816f9505760190d0fc9cb9a926657c5f8e5d4f076c3f6ebaa500e65,D:/work/Year - 4/pepper/project/datset reorder/grade_2/sample_035/20260814_154538.jpg,grade_2,sample_035,grade_2/sample_035,1,V3 Grade 2,0.4726666666666667,0.518355,0.7853333333333333,0.8807125,4000,3000,1.3333333333333333,samsung,SM-A127F,6,137.136962890625,49.206258138020836,198.7996790757381,TRAIN
data/raw/Pepper Berry Grading V3.yolov8/train/images/20260814_154604_jpg.rf.pER8BPXfhMpA4zGCMSjX.jpg,data/raw/Pepper Berry Grading V3.yolov8/train/labels/20260814_154604_jpg.rf.pER8BPXfhMpA4zGCMSjX.txt,train,2c075bf2bb0b5f4378a10d9eadfea1edec6f4fe6b569a7cda7311154f741fab7,D:/work/Year - 4/pepper/project/datset reorder/grade_2/sample_035/20260814_154604.jpg,grade_2,sample_035,grade_2/sample_035,1,V3 Grade 2,0.5536666666666666,0.4873825,0.8206666666666667,0.7787625,4000,3000,1.3333333333333333,samsung,SM-A127F,6,152.6562296549479,21.949320475260418,211.41983311938384,TRAIN
data/raw/Pepper Berry Grading V3.yolov8/train/images/20260814_155007_jpg.rf.lEBUuiexJLeSCaBYRv05.jpg,data/raw/Pepper Berry Grading V3.yolov8/train/labels/20260814_155007_jpg.rf.lEBUuiexJLeSCaBYRv05.txt,train,3a05022df4b1fa7e7a36b445b2cae785d6612f84743dc676a10bdcc91ae13c65,D:/work/Year - 4/pepper/project/datset reorder/grade_2/sample_036/20260814_155007.jpg,grade_2,sample_036,grade_2/sample_036,1,V3 Grade 2,0.45666666666666667,0.5671025,0.6733333333333333,0.8032050000000001,4000,3000,1.3333333333333333,samsung,SM-A127F,6,141.3579305013021,66.37762451171875,188.41867779204108,VALIDATION
data/raw/Pepper Berry Grading V3.yolov8/train/images/20260814_155053_jpg.rf.kgQ1qvmOWDMH3JSlcmsD.jpg,data/raw/Pepper Berry Grading V3.yolov8/train/labels/20260814_155053_jpg.rf.kgQ1qvmOWDMH3JSlcmsD.txt,train,b4d824f51636df9c29c52b6a2435ec151ac962f02d4a7937687eda21d163e268,D:/work/Year - 4/pepper/project/datset reorder/grade_2/sample_036/20260814_155053.jpg,grade_2,sample_036,grade_2/sample_036,1,V3 Grade 2,0.4126666666666667,0.507105,0.7453333333333333,0.9032125,4000,3000,1.3333333333333333,samsung,SM-A127F,6,149.82025146484375,23.897440592447918,216.50718870346597,VALIDATION
data/raw/Pepper Berry Grading V3.yolov8/train/images/20260814_155132_jpg.rf.SAYEk3tvCVrkuxLP84iA.jpg,data/raw/Pepper Berry Grading V3.yolov8/train/labels/20260814_155132_jpg.rf.SAYEk3tvCVrkuxLP84iA.txt,train,37e9dc16141eac95db7a537e937322afaf82fccb0b468a46788bbf7b813a21ed,D:/work/Year - 4/pepper/project/datset reorder/grade_2/sample_036/20260814_155132.jpg,grade_2,sample_036,grade_2/sample_036,1,V3 Grade 2,0.489,0.5308674999999999,0.9713333333333334,0.7757375,4000,3000,1.3333333333333333,samsung,SM-A127F,6,149.94317626953125,23.553995768229168,218.83818998716302,VALIDATION
data/raw/Pepper Berry Grading V3.yolov8/train/images/20260814_161857_jpg.rf.uVbLqD0lz35cpJCKsQJ1.jpg,data/raw/Pepper Berry Grading V3.yolov8/train/labels/20260814_161857_jpg.rf.uVbLqD0lz35cpJCKsQJ1.txt,train,e6c8b64192f3c551b6e043c933d340e16092c5548cb4d9e0262a02b9e851f855,D:/work/Year - 4/pepper/project/datset reorder/grade_2/sample_037/20260814_161857.jpg,grade_2,sample_037,grade_2/sample_037,1,V3 Grade 2,0.5016666666666667,0.4683675,0.7966666666666666,0.9007375,4000,3000,1.3333333333333333,samsung,SM-A127F,6,123.06964111328125,58.292277018229164,184.21283697047497,TRAIN
data/raw/Pepper Berry Grading V3.yolov8/train/images/20260814_162039_jpg.rf.fQwSvI77Vdbvd1h5Qs9n.jpg,data/raw/Pepper Berry Grading V3.yolov8/train/labels/20260814_162039_jpg.rf.fQwSvI77Vdbvd1h5Qs9n.txt,train,99d374aac70b780f053d802bf571a48540b75f4bf4c19e4629a3df2f162c2191,D:/work/Year - 4/pepper/project/datset reorder/grade_2/sample_037/20260814_162039.jpg,grade_2,sample_037,grade_2/sample_037,1,V3 Grade 2,0.49166666666666664,0.499135,0.8966666666666666,0.7272725,4000,3000,1.3333333333333333,samsung,SM-A127F,6,148.9706827799479,24.017801920572918,209.45924261874197,TRAIN
data/raw/Pepper Berry Grading V3.yolov8/train/images/20260814_162141_jpg.rf.senQdWDTrkm0bHzDvekp.jpg,data/raw/Pepper Berry Grading V3.yolov8/train/labels/20260814_162141_jpg.rf.senQdWDTrkm0bHzDvekp.txt,train,3f96d833b03c4693da9fc9a1a832a28e0ca6d1d6e5e2e79737f0eb1b27d2de32,D:/work/Year - 4/pepper/project/datset reorder/grade_2/sample_037/20260814_162141.jpg,grade_2,sample_037,grade_2/sample_037,1,V3 Grade 2,0.5106666666666667,0.506865,0.848,0.84773,4000,3000,1.3333333333333333,samsung,SM-A127F,6,153.87200927734375,21.653523763020832,217.14306803594351,TRAIN
data/raw/Pepper Berry Grading V3.yolov8/train/images/20260814_162309_jpg.rf.d8cVr6Ce4WsRO4gf26It.jpg,data/raw/Pepper Berry Grading V3.yolov8/train/labels/20260814_162309_jpg.rf.d8cVr6Ce4WsRO4gf26It.txt,train,5ca541db2f9c2f9bb618f6f662cbcbdd035380adf15f4a0016c69588a3959e0a,D:/work/Year - 4/pepper/project/datset reorder/grade_2/sample_038/20260814_162309.jpg,grade_2,sample_038,grade_2/sample_038,1,V3 Grade 2,0.47333333333333333,0.6163500000000001,0.9066666666666666,0.7167025,4000,3000,1.3333333333333333,samsung,SM-A127F,6,148.0113728841146,24.140726725260418,199.20250320924262,TRAIN
data/raw/Pepper Berry Grading V3.yolov8/train/images/20260814_162356_jpg.rf.bzaWnyieA7aU2ui9BH4G.jpg,data/raw/Pepper Berry Grading V3.yolov8/train/labels/20260814_162356_jpg.rf.bzaWnyieA7aU2ui9BH4G.txt,train,2c5c2d6a008eef0fb3a24d4b3de7631dc257f5be3cbfc5235e020b2461dcbee2,D:/work/Year - 4/pepper/project/datset reorder/grade_2/sample_038/20260814_162356.jpg,grade_2,sample_038,grade_2/sample_038,1,V3 Grade 2,0.5213333333333333,0.5301125,0.9493333333333334,0.8092275,4000,3000,1.3333333333333333,samsung,SM-A127F,6,143.30293782552084,26.44921875,203.5563543003851,TRAIN
data/raw/Pepper Berry Grading V3.yolov8/train/images/20260814_162447_jpg.rf.JNMKoJUEaWfZsnO9EPQc.jpg,data/raw/Pepper Berry Grading V3.yolov8/train/labels/20260814_162447_jpg.rf.JNMKoJUEaWfZsnO9EPQc.txt,train,53bbf64d23f6177893b107a36ff60fc712bbb3892635247e3014111d7bcb8467,D:/work/Year - 4/pepper/project/datset reorder/grade_2/sample_038/20260814_162447.jpg,grade_2,sample_038,grade_2/sample_038,1,V3 Grade 2,0.504,0.47389499999999996,0.968,0.7217899999999999,4000,3000,1.3333333333333333,samsung,SM-A127F,6,147.20564778645834,21.97967529296875,194.4372272143774,TRAIN
data/raw/Pepper Berry Grading V3.yolov8/train/images/20260814_162755_jpg.rf.oJ8udyAkXR0Zq9GriVpf.jpg,data/raw/Pepper Berry Grading V3.yolov8/train/labels/20260814_162755_jpg.rf.oJ8udyAkXR0Zq9GriVpf.txt,train,729dbdda8e7a3dc16ef1facbb95b4eb0a66a5abd51324a17e8300bcf39f6ffa7,D:/work/Year - 4/pepper/project/datset reorder/grade_2/sample_039/20260814_162755.jpg,grade_2,sample_039,grade_2/sample_039,1,V3 Grade 2,0.462,0.48364749999999995,0.924,0.686295,4000,3000,1.3333333333333333,samsung,SM-A127F,6,149.4585978190104,25.81610107421875,198.02753530166882,TRAIN
data/raw/Pepper Berry Grading V3.yolov8/train/images/20260814_162835_jpg.rf.PUUknuHPUM0WS4pCOmMG.jpg,data/raw/Pepper Berry Grading V3.yolov8/train/labels/20260814_162835_jpg.rf.PUUknuHPUM0WS4pCOmMG.txt,train,3f94eff3d5e07637b14f50e73628693e4c0d7a9e34d17c3578cb6113aea4ce1e,D:/work/Year - 4/pepper/project/datset reorder/grade_2/sample_039/20260814_162835.jpg,grade_2,sample_039,grade_2/sample_039,1,V3 Grade 2,0.492,0.48913249999999997,0.9706666666666667,0.767265,4000,3000,1.3333333333333333,samsung,SM-A127F,6,153.10713704427084,25.71435546875,216.20109114249038,TRAIN
data/raw/Pepper Berry Grading V3.yolov8/train/images/20260814_163043_jpg.rf.t004WynEs6krN6s6IAMR.jpg,data/raw/Pepper Berry Grading V3.yolov8/train/labels/20260814_163043_jpg.rf.t004WynEs6krN6s6IAMR.txt,train,055d351f08da57d07a84f00d483f2754a6cdf568f683ce84700c23c70ad924c5,D:/work/Year - 4/pepper/project/datset reorder/grade_2/sample_039/20260814_163043.jpg,grade_2,sample_039,grade_2/sample_039,1,V3 Grade 2,0.44133333333333336,0.49939249999999996,0.8426666666666667,0.682785,4000,3000,1.3333333333333333,samsung,SM-A127F,6,137.8105265299479,26.341471354166668,168.9512195121951,TRAIN
data/raw/Pepper Berry Grading V3.yolov8/train/images/20260814_163149_jpg.rf.akYgyVxsjFSkI9lbWxrt.jpg,data/raw/Pepper Berry Grading V3.yolov8/train/labels/20260814_163149_jpg.rf.akYgyVxsjFSkI9lbWxrt.txt,train,e56ad676816faf518602f05508cf45426fcdbcc5ff08b7befd7f9eb17c19556f,D:/work/Year - 4/pepper/project/datset reorder/grade_2/sample_040/20260814_163149.jpg,grade_2,sample_040,grade_2/sample_040,1,V3 Grade 2,0.5183333333333333,0.5131074999999999,0.6833333333333333,0.8752175,4000,3000,1.3333333333333333,samsung,SM-A127F,6,141.2639363606771,55.15692138671875,201.74993581514764,TEST
data/raw/Pepper Berry Grading V3.yolov8/train/images/20260814_163541_jpg.rf.W9Hd15xlXGRQXc4P7ahp.jpg,data/raw/Pepper Berry Grading V3.yolov8/train/labels/20260814_163541_jpg.rf.W9Hd15xlXGRQXc4P7ahp.txt,train,514ce7125fbe9673b662639c7ccbb965b089a7efb18a720ba89145870db6e417,D:/work/Year - 4/pepper/project/datset reorder/grade_2/sample_040/20260814_163541.jpg,grade_2,sample_040,grade_2/sample_040,1,V3 Grade 2,0.531,0.5240975,0.802,0.9171975,4000,3000,1.3333333333333333,samsung,SM-A127F,6,133.50472005208334,24.783487955729168,183.34627727856227,TEST
data/raw/Pepper Berry Grading V3.yolov8/train/images/20260814_163649_jpg.rf.XWRveOYavQOizanGOsWj.jpg,data/raw/Pepper Berry Grading V3.yolov8/train/labels/20260814_163649_jpg.rf.XWRveOYavQOizanGOsWj.txt,train,45a70e7304711c1e9cc6a9a70a599dc22f6c5a88c83bb6f45a86488bf17fd7d2,D:/work/Year - 4/pepper/project/datset reorder/grade_2/sample_041/20260814_163649.jpg,grade_2,sample_041,grade_2/sample_041,1,V3 Grade 2,0.4723333333333333,0.5023625,0.8713333333333333,0.868725,4000,3000,1.3333333333333333,samsung,SM-A127F,6,120.12119547526042,58.187764485677086,175.40494223363285,TRAIN
data/raw/Pepper Berry Grading V3.yolov8/train/images/20260814_163828_jpg.rf.aUO1EVnz3H5IPEnS5o21.jpg,data/raw/Pepper Berry Grading V3.yolov8/train/labels/20260814_163828_jpg.rf.aUO1EVnz3H5IPEnS5o21.txt,train,86954435351ca2bbe61329447f0cd6eb79a667a5e5ef53d0a1aae08da9b7f416,D:/work/Year - 4/pepper/project/datset reorder/grade_2/sample_041/20260814_163828.jpg,grade_2,sample_041,grade_2/sample_041,1,V3 Grade 2,0.479625,0.5073566666666667,0.82675,0.8873833333333334,4000,3000,1.3333333333333333,samsung,SM-A127F,1,132.9659627278646,28.02862548828125,193.33857509627728,TRAIN
data/raw/Pepper Berry Grading V3.yolov8/train/images/20260814_163955_jpg.rf.sgPqjGYBaioiq36PMy4I.jpg,data/raw/Pepper Berry Grading V3.yolov8/train/labels/20260814_163955_jpg.rf.sgPqjGYBaioiq36PMy4I.txt,train,90e0582ce40c53193ead1443985f650f6e3ff2240fa6ac8fc48546a127c03402,D:/work/Year - 4/pepper/project/datset reorder/grade_2/sample_041/20260814_163955.jpg,grade_2,sample_041,grade_2/sample_041,1,V3 Grade 2,0.48033333333333333,0.55937,0.914,0.7027424999999999,4000,3000,1.3333333333333333,samsung,SM-A127F,6,136.9986572265625,24.881591796875,179.89839537869062,TRAIN
data/raw/Pepper Berry Grading V3.yolov8/train/images/20260814_164053_jpg.rf.vH5i3tKT810M3WVqV6JB.jpg,data/raw/Pepper Berry Grading V3.yolov8/train/labels/20260814_164053_jpg.rf.vH5i3tKT810M3WVqV6JB.txt,train,755d001cbf9a5fc16690a1fc1c9c6da0f0f331de2643aeb343b12cac67aeca98,D:/work/Year - 4/pepper/project/datset reorder/grade_2/sample_042/20260814_164053.jpg,grade_2,sample_042,grade_2/sample_042,1,V3 Grade 2,0.517,0.4631275,0.7606666666666667,0.855255,4000,3000,1.3333333333333333,samsung,SM-A127F,6,118.80354817708333,68.1602783203125,164.96258023106546,TRAIN
data/raw/Pepper Berry Grading V3.yolov8/train/images/20260814_164252_jpg.rf.uqqIEyYO3kPSFCkE2sM2.jpg,data/raw/Pepper Berry Grading V3.yolov8/train/labels/20260814_164252_jpg.rf.uqqIEyYO3kPSFCkE2sM2.txt,train,4e93a08d890e5d025854facc1c48974d91bb4ced49338c9201526849defa83eb,D:/work/Year - 4/pepper/project/datset reorder/grade_2/sample_042/20260814_164252.jpg,grade_2,sample_042,grade_2/sample_042,1,V3 Grade 2,0.5336666666666666,0.4928825,0.8606666666666667,0.759765,4000,3000,1.3333333333333333,samsung,SM-A127F,8,136.22454833984375,28.8846435546875,189.22227214377406,TRAIN
data/raw/Pepper Berry Grading V3.yolov8/train/images/20260814_164350_jpg.rf.omc69SoOZrZPAzAv9QRl.jpg,data/raw/Pepper Berry Grading V3.yolov8/train/labels/20260814_164350_jpg.rf.omc69SoOZrZPAzAv9QRl.txt,train,aaa2804e8235ddeabd3737488b8415b43627ac982f0f12ab3f581d195be89e71,D:/work/Year - 4/pepper/project/datset reorder/grade_2/sample_042/20260814_164350.jpg,grade_2,sample_042,grade_2/sample_042,1,V3 Grade 2,0.4623333333333333,0.46964249999999996,0.7846666666666666,0.7382875,4000,3000,1.3333333333333333,samsung,SM-A127F,6,143.48482259114584,25.113789876302082,182.0591784338896,TRAIN
data/raw/Pepper Berry Grading V3.yolov8/train/images/20260814_164425_jpg.rf.K7aDBmdU3clYCjvyqeiu.jpg,data/raw/Pepper Berry Grading V3.yolov8/train/labels/20260814_164425_jpg.rf.K7aDBmdU3clYCjvyqeiu.txt,train,ac64bdedca05c2f070a7c8714f1967e40a1bd82351984115469fee2dbb6e89a3,D:/work/Year - 4/pepper/project/datset reorder/grade_2/sample_043/20260814_164425.jpg,grade_2,sample_043,grade_2/sample_043,1,V3 Grade 2,0.448,0.4731575,0.616,0.6353175,4000,3000,1.3333333333333333,samsung,SM-A127F,6,146.4243367513021,74.54345703125,183.92965340179717,TRAIN
data/raw/Pepper Berry Grading V3.yolov8/train/images/20260814_164544_jpg.rf.Ifs72EW73MlSTALP5HCu.jpg,data/raw/Pepper Berry Grading V3.yolov8/train/labels/20260814_164544_jpg.rf.Ifs72EW73MlSTALP5HCu.txt,train,dc73d4fe2c933b6c8c6f1fccef59243d7f6c134f3074ceabff10d6e7974106e1,D:/work/Year - 4/pepper/project/datset reorder/grade_2/sample_043/20260814_164544.jpg,grade_2,sample_043,grade_2/sample_043,1,V3 Grade 2,0.5603333333333333,0.5311325,0.834,0.6912625,4000,3000,1.3333333333333333,samsung,SM-A127F,8,149.58978271484375,23.429463704427082,202.73818998716303,TRAIN
data/raw/Pepper Berry Grading V3.yolov8/train/images/20260814_164742_jpg.rf.diMwsSoV3esKZqgFhzyr.jpg,data/raw/Pepper Berry Grading V3.yolov8/train/labels/20260814_164742_jpg.rf.diMwsSoV3esKZqgFhzyr.txt,train,827d4b2589210317ee717ff3d6f2945bdf87c3589bcd2c1f015246f4daa0037b,D:/work/Year - 4/pepper/project/datset reorder/grade_2/sample_044/20260814_164742.jpg,grade_2,sample_044,grade_2/sample_044,1,V3 Grade 2,0.454,0.5246124999999999,0.748,0.828225,4000,3000,1.3333333333333333,samsung,SM-A127F,6,136.4104207356771,62.203165690104164,182.6933889602054,TEST
data/raw/Pepper Berry Grading V3.yolov8/train/images/20260814_164829_jpg.rf.ukT8zSs7OPI8eBki70ud.jpg,data/raw/Pepper Berry Grading V3.yolov8/train/labels/20260814_164829_jpg.rf.ukT8zSs7OPI8eBki70ud.txt,train,404fc3e9825b0e57426a68f9a0bf3f89a1643f19b2e790050429c8c59ae5a779,D:/work/Year - 4/pepper/project/datset reorder/grade_2/sample_044/20260814_164829.jpg,grade_2,sample_044,grade_2/sample_044,1,V3 Grade 2,0.49866666666666665,0.5251224999999999,0.904,0.7592450000000001,4000,3000,1.3333333333333333,samsung,SM-A127F,6,153.45635986328125,27.06036376953125,209.45449293966624,TEST
data/raw/Pepper Berry Grading V3.yolov8/train/images/20260814_164927_jpg.rf.LIjZ7Hn3PfDDQ9LierHB.jpg,data/raw/Pepper Berry Grading V3.yolov8/train/labels/20260814_164927_jpg.rf.LIjZ7Hn3PfDDQ9LierHB.txt,train,a195a19bfbc83ad058b14ddfc556c0b2c7237657516b6750a99cbd594b3ca0a9,D:/work/Year - 4/pepper/project/datset reorder/grade_2/sample_044/20260814_164927.jpg,grade_2,sample_044,grade_2/sample_044,1,V3 Grade 2,0.5013333333333333,0.5291174999999999,0.8826666666666667,0.787235,4000,3000,1.3333333333333333,samsung,SM-A127F,6,153.28253173828125,29.527425130208332,216.951540436457,TEST
data/raw/Pepper Berry Grading V3.yolov8/train/images/20260814_165019_jpg.rf.wYpflwIsDyyJGipkUa92.jpg,data/raw/Pepper Berry Grading V3.yolov8/train/labels/20260814_165019_jpg.rf.wYpflwIsDyyJGipkUa92.txt,train,3218f7c837a1607ee93e11bc87731be83f468a4cf89fdac8aa694f0b64625542,D:/work/Year - 4/pepper/project/datset reorder/grade_2/sample_044/20260814_165019.jpg,grade_2,sample_044,grade_2/sample_044,1,V3 Grade 2,0.5003333333333333,0.5611124999999999,0.7673333333333333,0.751225,4000,3000,1.3333333333333333,samsung,SM-A127F,6,151.2892049153646,19.932291666666668,201.40937098844674,TEST
data/raw/Pepper Berry Grading V3.yolov8/train/images/20260814_165219_jpg.rf.wIEdaKhnJoSn59i9ZHss.jpg,data/raw/Pepper Berry Grading V3.yolov8/train/labels/20260814_165219_jpg.rf.wIEdaKhnJoSn59i9ZHss.txt,train,9e2163bb63403cd63d80a6fd57a069851354cac03619742659b31e80ef39c8fe,D:/work/Year - 4/pepper/project/datset reorder/grade_2/sample_056/20260814_165219.jpg,grade_2,sample_056,grade_2/sample_056,1,V3 Grade 2,0.478,0.5228700000000001,0.9293333333333333,0.77974,4000,3000,1.3333333333333333,samsung,SM-A127F,6,142.0465291341146,30.231099446614582,199.72516046213093,VALIDATION
data/raw/Pepper Berry Grading V3.yolov8/train/images/20260814_165320_jpg.rf.TovGKIj5DvX7eP5zdV0z.jpg,data/raw/Pepper Berry Grading V3.yolov8/train/labels/20260814_165320_jpg.rf.TovGKIj5DvX7eP5zdV0z.txt,train,219ea4bda54d33ee1dad4138318e997fc8789b11a8b4992ca3ebceca4e650f32,D:/work/Year - 4/pepper/project/datset reorder/grade_2/sample_056/20260814_165320.jpg,grade_2,sample_056,grade_2/sample_056,1,V3 Grade 2,0.5196666666666667,0.48187,0.9526666666666667,0.8577425,4000,3000,1.3333333333333333,samsung,SM-A127F,6,136.6033935546875,25.77386474609375,182.18273427471118,VALIDATION
data/raw/Pepper Berry Grading V3.yolov8/train/images/20260814_165357_jpg.rf.sR30iD5bpq3zQp2YO4FI.jpg,data/raw/Pepper Berry Grading V3.yolov8/train/labels/20260814_165357_jpg.rf.sR30iD5bpq3zQp2YO4FI.txt,train,627f5b5a769f37d0a9841471882dfca68a422b8ae4e412bff9a73dd8284de471,D:/work/Year - 4/pepper/project/datset reorder/grade_2/sample_055/20260814_165357.jpg,grade_2,sample_055,grade_2/sample_055,1,V3 Grade 2,0.4493333333333333,0.5061275,0.752,0.7612575,4000,3000,1.3333333333333333,samsung,SM-A127F,6,152.15189615885416,60.8692626953125,195.96842105263158,TRAIN
data/raw/Pepper Berry Grading V3.yolov8/train/images/20260814_165446_jpg.rf.RfH2sWUkf0yYNjhHuOKe.jpg,data/raw/Pepper Berry Grading V3.yolov8/train/labels/20260814_165446_jpg.rf.RfH2sWUkf0yYNjhHuOKe.txt,train,f6728e2ad37b62329fd921cca532855428e2e5c3b90f25aca515043a0df87062,D:/work/Year - 4/pepper/project/datset reorder/grade_2/sample_055/20260814_165446.jpg,grade_2,sample_055,grade_2/sample_055,1,V3 Grade 2,0.43733333333333335,0.5131375,0.8613333333333333,0.6952725000000001,4000,3000,1.3333333333333333,samsung,SM-A127F,6,149.96846516927084,24.11346435546875,197.80872913992297,TRAIN
data/raw/Pepper Berry Grading V3.yolov8/train/images/20260814_165521_jpg.rf.zCA0AEVx6GB7Fqp4opWV.jpg,data/raw/Pepper Berry Grading V3.yolov8/train/labels/20260814_165521_jpg.rf.zCA0AEVx6GB7Fqp4opWV.txt,train,4c78172fd444f4e2976edf549e9d06a80ba1759b0b3ed35b6bf665040c6f35e6,D:/work/Year - 4/pepper/project/datset reorder/grade_2/sample_055/20260814_165521.jpg,grade_2,sample_055,grade_2/sample_055,1,V3 Grade 2,0.5066666666666667,0.5261224999999999,0.9866666666666667,0.761245,4000,3000,1.3333333333333333,samsung,SM-A127F,6,142.5948282877604,27.227254231770832,193.44935815147625,TRAIN
data/raw/Pepper Berry Grading V3.yolov8/train/images/20260814_165624_jpg.rf.eYiYxIwSzkiQnrpv396t.jpg,data/raw/Pepper Berry Grading V3.yolov8/train/labels/20260814_165624_jpg.rf.eYiYxIwSzkiQnrpv396t.txt,train,66db9157631f4c314e4fd1838bc4193dc054b117cd8e218959d500bae475a0bc,D:/work/Year - 4/pepper/project/datset reorder/grade_2/sample_055/20260814_165624.jpg,grade_2,sample_055,grade_2/sample_055,1,V3 Grade 2,0.526,0.56261,0.812,0.76422,4000,3000,1.3333333333333333,samsung,SM-A127F,6,134.4749552408854,25.2027587890625,176.51765083440307,TRAIN
data/raw/Pepper Berry Grading V3.yolov8/train/images/20260814_165739_jpg.rf.VrF9cl4u3OcfsUx2yUt2.jpg,data/raw/Pepper Berry Grading V3.yolov8/train/labels/20260814_165739_jpg.rf.VrF9cl4u3OcfsUx2yUt2.txt,train,a51c9bbcc823f10168c31991714c7913f0ff9c040b8f8169aec00d8210cc96fc,D:/work/Year - 4/pepper/project/datset reorder/grade_2/sample_054/20260814_165739.jpg,grade_2,sample_054,grade_2/sample_054,1,V3 Grade 2,0.4676666666666667,0.5671174999999999,0.6886666666666666,0.7032375,4000,3000,1.3333333333333333,samsung,SM-A127F,6,143.2332763671875,60.672871907552086,184.26392811296535,TRAIN
data/raw/Pepper Berry Grading V3.yolov8/train/images/20260814_170149_jpg.rf.uzKCvDIxoCLePXPqtgss.jpg,data/raw/Pepper Berry Grading V3.yolov8/train/labels/20260814_170149_jpg.rf.uzKCvDIxoCLePXPqtgss.txt,train,eb5e280b8b26975335d062b93c62d14dd4b2aa9b8ef1f4afb09ecdd2b5083671,D:/work/Year - 4/pepper/project/datset reorder/grade_2/sample_053/20260814_170149.jpg,grade_2,sample_053,grade_2/sample_053,1,V3 Grade 2,0.4146666666666667,0.5551075,0.816,0.799215,4000,3000,1.3333333333333333,samsung,SM-A127F,6,119.73636881510417,66.58201090494792,156.0268292682927,TRAIN
data/raw/Pepper Berry Grading V3.yolov8/train/images/20260814_170232_jpg.rf.SemdUi9N2bds1oEsLO1z.jpg,data/raw/Pepper Berry Grading V3.yolov8/train/labels/20260814_170232_jpg.rf.SemdUi9N2bds1oEsLO1z.txt,train,1d56b1149170cb2c4a7ca23e82918efbf670f9ff3bf1625b7825c8474c227cda,D:/work/Year - 4/pepper/project/datset reorder/grade_2/sample_053/20260814_170232.jpg,grade_2,sample_053,grade_2/sample_053,1,V3 Grade 2,0.44533333333333336,0.4961325,0.8773333333333333,0.7612625000000001,4000,3000,1.3333333333333333,samsung,SM-A127F,6,148.86641438802084,26.148396809895832,204.4007702182285,TRAIN
data/raw/Pepper Berry Grading V3.yolov8/train/images/20260814_170400_jpg.rf.TUxEpWpjpwOGyXn8VMXP.jpg,data/raw/Pepper Berry Grading V3.yolov8/train/labels/20260814_170400_jpg.rf.TUxEpWpjpwOGyXn8VMXP.txt,train,5bcedb5af3085e11b30ee2c2c92d560b10c4f49ede601aa472db777c2df2e8ba,D:/work/Year - 4/pepper/project/datset reorder/grade_2/sample_053/20260814_170400.jpg,grade_2,sample_053,grade_2/sample_053,1,V3 Grade 2,0.429,0.4821275,0.8513333333333334,0.813255,4000,3000,1.3333333333333333,samsung,SM-A127F,6,145.6859130859375,30.498189290364582,204.29646983311937,TRAIN
data/raw/Pepper Berry Grading V3.yolov8/train/images/20260814_170612_jpg.rf.pvKCJuHXRwJ2exy4YL8D.jpg,data/raw/Pepper Berry Grading V3.yolov8/train/labels/20260814_170612_jpg.rf.pvKCJuHXRwJ2exy4YL8D.txt,train,32fe59eb7e5ca08b5ac36eec628c67b7ba285a0d2b04be2dafcc15de22a30c31,D:/work/Year - 4/pepper/project/datset reorder/grade_2/sample_052/20260814_170612.jpg,grade_2,sample_052,grade_2/sample_052,1,V3 Grade 2,0.446,0.586095,0.7586666666666667,0.8211875,4000,3000,1.3333333333333333,samsung,SM-A127F,6,140.15934244791666,61.797831217447914,195.54422336328628,TRAIN
data/raw/Pepper Berry Grading V3.yolov8/train/images/20260814_171039_jpg.rf.Slvy9yNH3V0jsxEktOws.jpg,data/raw/Pepper Berry Grading V3.yolov8/train/labels/20260814_171039_jpg.rf.Slvy9yNH3V0jsxEktOws.txt,train,e98e6871c792aeafec22e0600811d65f827cbdd1566289c2c9d9cba683cf586f,D:/work/Year - 4/pepper/project/datset reorder/grade_2/sample_052/20260814_171039.jpg,grade_2,sample_052,grade_2/sample_052,1,V3 Grade 2,0.42933333333333334,0.54713,0.8453333333333334,0.6632625000000001,4000,3000,1.3333333333333333,samsung,SM-A127F,6,138.7649943033854,22.25567626953125,169.46720154043646,TRAIN
data/raw/Pepper Berry Grading V3.yolov8/train/images/20260814_171203_jpg.rf.UfVxEwJQQqaD3ClZOgw7.jpg,data/raw/Pepper Berry Grading V3.yolov8/train/labels/20260814_171203_jpg.rf.UfVxEwJQQqaD3ClZOgw7.txt,train,1f972331c7860e26809c7a907f156ddea7619a73bfba8b6409ac29e34222c1d1,D:/work/Year - 4/pepper/project/datset reorder/grade_2/sample_051/20260814_171203.jpg,grade_2,sample_051,grade_2/sample_051,1,V3 Grade 2,0.47433333333333333,0.5453525,0.8353333333333334,0.8547025,4000,3000,1.3333333333333333,samsung,SM-A127F,6,137.7909138997396,51.741719563802086,192.73016688061617,VALIDATION
data/raw/Pepper Berry Grading V3.yolov8/train/images/20260814_171236_jpg.rf.xj5m3bFpuOKiWDo4QCh7.jpg,data/raw/Pepper Berry Grading V3.yolov8/train/labels/20260814_171236_jpg.rf.xj5m3bFpuOKiWDo4QCh7.txt,train,934adf6a8c7bfe3ec07551192c9b7d99f17d739f2a59e5f9f2af703f30bb7947,D:/work/Year - 4/pepper/project/datset reorder/grade_2/sample_051/20260814_171236.jpg,grade_2,sample_051,grade_2/sample_051,1,V3 Grade 2,0.488,0.55036,0.8826666666666667,0.7847225,4000,3000,1.3333333333333333,samsung,SM-A127F,6,147.8040974934896,20.600667317708332,213.07702182284982,VALIDATION
data/raw/Pepper Berry Grading V3.yolov8/train/images/20260814_171640_jpg.rf.LP35SrczdH9hFVkKCu59.jpg,data/raw/Pepper Berry Grading V3.yolov8/train/labels/20260814_171640_jpg.rf.LP35SrczdH9hFVkKCu59.txt,train,4e8c43bebc41c111a14dddda468d04c8c7562486316d3d6345748ec5b7c55b08,D:/work/Year - 4/pepper/project/datset reorder/grade_2/sample_051/20260814_171640.jpg,grade_2,sample_051,grade_2/sample_051,1,V3 Grade 2,0.5026666666666667,0.41616000000000003,0.992,0.7413200000000001,4000,3000,1.3333333333333333,samsung,SM-A127F,6,137.1197306315104,21.902547200520832,190.35693196405649,VALIDATION
data/raw/Pepper Berry Grading V3.yolov8/train/images/20260814_172118_jpg.rf.xkhMupZ2MuolbzVh4kSM.jpg,data/raw/Pepper Berry Grading V3.yolov8/train/labels/20260814_172118_jpg.rf.xkhMupZ2MuolbzVh4kSM.txt,train,78ef6b226e224ebe04b98d8ce6b975fc172c87752f55e4dd5c1585f1b197057c,D:/work/Year - 4/pepper/project/datset reorder/grade_2/sample_050/20260814_172118.jpg,grade_2,sample_050,grade_2/sample_050,1,V3 Grade 2,0.4786666666666667,0.58775,0.7306666666666667,0.8245,4000,3000,1.3333333333333333,samsung,SM-A127F,6,133.58843994140625,61.551656087239586,193.37753530166881,TRAIN
data/raw/Pepper Berry Grading V3.yolov8/train/images/20260814_172212_jpg.rf.yansGzGC6RMDb1UZQhzG.jpg,data/raw/Pepper Berry Grading V3.yolov8/train/labels/20260814_172212_jpg.rf.yansGzGC6RMDb1UZQhzG.txt,train,98754cfe10f3734b8845041e0e5fee19b3a8e2551638459befdba268fe8fb2cf,D:/work/Year - 4/pepper/project/datset reorder/grade_2/sample_050/20260814_172212.jpg,grade_2,sample_050,grade_2/sample_050,1,V3 Grade 2,0.47533333333333333,0.524625,0.844,0.74825,4000,3000,1.3333333333333333,samsung,SM-A127F,6,148.96649169921875,23.236165364583332,215.16033376123235,TRAIN
data/raw/Pepper Berry Grading V3.yolov8/train/images/20260814_172500_jpg.rf.tkwosRlXdSxk9jFdr1Zb.jpg,data/raw/Pepper Berry Grading V3.yolov8/train/labels/20260814_172500_jpg.rf.tkwosRlXdSxk9jFdr1Zb.txt,train,dfa8307e12c64405d6285646f806ed3496a371abdc64b4e8252732ec1b59f7ad,D:/work/Year - 4/pepper/project/datset reorder/grade_2/sample_050/20260814_172500.jpg,grade_2,sample_050,grade_2/sample_050,1,V3 Grade 2,0.43133333333333335,0.52537,0.8626666666666667,0.77474,4000,3000,1.3333333333333333,samsung,SM-A127F,6,135.6620890299479,26.021016438802082,178.85847240051348,TRAIN
data/raw/Pepper Berry Grading V3.yolov8/train/images/20260815_071312_jpg.rf.RvnxdEgEmWftG60o43IJ.jpg,data/raw/Pepper Berry Grading V3.yolov8/train/labels/20260815_071312_jpg.rf.RvnxdEgEmWftG60o43IJ.txt,train,d4f47725a1bb7065260cfae0e368a2f4a11b97e9cd547f790fb6c358bbfe1f62,D:/work/Year - 4/pepper/project/datset reorder/grade_2/sample_049/20260815_071312.jpg,grade_2,sample_049,grade_2/sample_049,1,V3 Grade 2,0.4553333333333333,0.5138575,0.884,0.881715,4000,3000,1.3333333333333333,samsung,SM-A127F,6,136.8277384440104,39.77313232421875,190.20064184852376,TRAIN
data/raw/Pepper Berry Grading V3.yolov8/train/images/20260815_071335_jpg.rf.eqqpY9xetie5gi9mgoYv.jpg,data/raw/Pepper Berry Grading V3.yolov8/train/labels/20260815_071335_jpg.rf.eqqpY9xetie5gi9mgoYv.txt,train,550a63a9700ab99e2199ca944fd3a1ce40341b2081da2174188feb2a8c5ae93d,D:/work/Year - 4/pepper/project/datset reorder/grade_2/sample_049/20260815_071335.jpg,grade_2,sample_049,grade_2/sample_049,1,V3 Grade 2,0.4703333333333333,0.4768675,0.934,0.887735,4000,3000,1.3333333333333333,samsung,SM-A127F,6,151.55965169270834,19.688028971354168,220.66777920410783,TRAIN
data/raw/Pepper Berry Grading V3.yolov8/train/images/20260815_071541_jpg.rf.I23sOLAU6UZouvtP0iVW.jpg,data/raw/Pepper Berry Grading V3.yolov8/train/labels/20260815_071541_jpg.rf.I23sOLAU6UZouvtP0iVW.txt,train,77cb26d6dea7d9b816399b66b7d8c6e864d7f4831ee16fa0651d40b1bd898d03,D:/work/Year - 4/pepper/project/datset reorder/grade_2/sample_048/20260815_071541.jpg,grade_2,sample_048,grade_2/sample_048,1,V3 Grade 2,0.4613333333333333,0.5793575,0.776,0.7427174999999999,4000,3000,1.3333333333333333,samsung,SM-A127F,6,143.6811319986979,44.120951334635414,201.47978177150193,TRAIN
data/raw/Pepper Berry Grading V3.yolov8/train/images/20260815_071623_jpg.rf.Vhi4oVjl5qHUSqrem56M.jpg,data/raw/Pepper Berry Grading V3.yolov8/train/labels/20260815_071623_jpg.rf.Vhi4oVjl5qHUSqrem56M.txt,train,df05d5967cf55412eec8af69a057870b7db71758e91fbf1b58354449aa6e4932,D:/work/Year - 4/pepper/project/datset reorder/grade_2/sample_048/20260815_071623.jpg,grade_2,sample_048,grade_2/sample_048,1,V3 Grade 2,0.49466666666666664,0.470625,0.9493333333333334,0.8602474999999999,4000,3000,1.3333333333333333,samsung,SM-A127F,6,142.71185302734375,36.35064697265625,206.3150834403081,TRAIN
data/raw/Pepper Berry Grading V3.yolov8/train/images/20260815_071656_jpg.rf.xiL9iMdJV02Zvpu6Cbl7.jpg,data/raw/Pepper Berry Grading V3.yolov8/train/labels/20260815_071656_jpg.rf.xiL9iMdJV02Zvpu6Cbl7.txt,train,3765223ec1bb70abc528fe4ba64b0c17883f32f1b553159154cd33a839a4d9d3,D:/work/Year - 4/pepper/project/datset reorder/grade_2/sample_048/20260815_071656.jpg,grade_2,sample_048,grade_2/sample_048,1,V3 Grade 2,0.5,0.5513724999999999,0.9333333333333333,0.706745,4000,3000,1.3333333333333333,samsung,SM-A127F,6,148.4811808268229,31.308837890625,205.72227214377406,TRAIN
data/raw/Pepper Berry Grading V3.yolov8/train/images/20260815_071813_jpg.rf.wqjghsEhrQRPZdQqthZb.jpg,data/raw/Pepper Berry Grading V3.yolov8/train/labels/20260815_071813_jpg.rf.wqjghsEhrQRPZdQqthZb.txt,train,43eafec7ebfb155f0dd821fbe1188447f4955e00c142172a1070376e4f6d4f0e,D:/work/Year - 4/pepper/project/datset reorder/grade_2/sample_047/20260815_071813.jpg,grade_2,sample_047,grade_2/sample_047,1,V3 Grade 2,0.43,0.4521275,0.78,0.873255,4000,3000,1.3333333333333333,samsung,SM-A127F,6,137.5084228515625,47.200154622395836,190.95879332477534,TRAIN
data/raw/Pepper Berry Grading V3.yolov8/train/images/20260815_071835_jpg.rf.UyC2yLB6rtlQsqNmjl6V.jpg,data/raw/Pepper Berry Grading V3.yolov8/train/labels/20260815_071835_jpg.rf.UyC2yLB6rtlQsqNmjl6V.txt,train,03493abc3693fe05fb06b57213988105e7aa196f9d77787e13affd9e7ca67a2a,D:/work/Year - 4/pepper/project/datset reorder/grade_2/sample_047/20260815_071835.jpg,grade_2,sample_047,grade_2/sample_047,1,V3 Grade 2,0.47633333333333333,0.5296175,0.8526666666666667,0.7782374999999999,4000,3000,1.3333333333333333,samsung,SM-A127F,6,151.85762532552084,22.770263671875,219.1543645699615,TRAIN
data/raw/Pepper Berry Grading V3.yolov8/train/images/20260815_072001_jpg.rf.z0a7nf15468H0Q76dYcw.jpg,data/raw/Pepper Berry Grading V3.yolov8/train/labels/20260815_072001_jpg.rf.z0a7nf15468H0Q76dYcw.txt,train,9397b750c8b0b2f362bb918bc36b351bb994e5a5bd49b9a3a432a7286ed8baba,D:/work/Year - 4/pepper/project/datset reorder/grade_2/sample_047/20260815_072001.jpg,grade_2,sample_047,grade_2/sample_047,1,V3 Grade 2,0.49733333333333335,0.5051225,0.9013333333333333,0.799245,4000,3000,1.3333333333333333,samsung,SM-A127F,6,145.75858561197916,20.284627278645832,201.19281129653402,TRAIN
data/raw/Pepper Berry Grading V3.yolov8/train/images/20260815_072034_jpg.rf.QIadQvonnK5WnsyuNKa9.jpg,data/raw/Pepper Berry Grading V3.yolov8/train/labels/20260815_072034_jpg.rf.QIadQvonnK5WnsyuNKa9.txt,train,8d142add208a772b85090e6f4829bb26c6c2285ff8d165baafe2a9e8da9d0c1d,D:/work/Year - 4/pepper/project/datset reorder/grade_2/sample_046/20260815_072034.jpg,grade_2,sample_046,grade_2/sample_046,1,V3 Grade 2,0.4683333333333333,0.5088725,0.7033333333333334,0.791745,4000,3000,1.3333333333333333,samsung,SM-A127F,6,148.72530110677084,42.034016927083336,204.1645699614891,TRAIN
data/raw/Pepper Berry Grading V3.yolov8/train/images/20260815_072435_jpg.rf.vNKZKDwPqPk3PgEFqcwg.jpg,data/raw/Pepper Berry Grading V3.yolov8/train/labels/20260815_072435_jpg.rf.vNKZKDwPqPk3PgEFqcwg.txt,train,971a6e9297ce6dd65a6640fa49863bb6115bc202373aaadaa53eb32b65625611,D:/work/Year - 4/pepper/project/datset reorder/grade_2/sample_046/20260815_072435.jpg,grade_2,sample_046,grade_2/sample_046,1,V3 Grade 2,0.5083333333333333,0.45489749999999995,0.9833333333333333,0.743795,4000,3000,1.3333333333333333,samsung,SM-A127F,6,147.8094278971354,31.039103190104168,203.88652118100129,TRAIN
data/raw/Pepper Berry Grading V3.yolov8/train/images/20260815_072540_jpg.rf.La6BtabtFMYcbmUgqW0U.jpg,data/raw/Pepper Berry Grading V3.yolov8/train/labels/20260815_072540_jpg.rf.La6BtabtFMYcbmUgqW0U.txt,train,0c6191aafa39467a2e0894b52f4ca8d4a1aae8e361d3e385bfd0de7c02a78209,D:/work/Year - 4/pepper/project/datset reorder/grade_2/sample_046/20260815_072540.jpg,grade_2,sample_046,grade_2/sample_046,1,V3 Grade 2,0.47733333333333333,0.46640499999999996,0.7813333333333333,0.6768075,4000,3000,1.3333333333333333,samsung,SM-A127F,6,144.97991943359375,19.37677001953125,186.00821566110397,TRAIN
data/raw/Pepper Berry Grading V3.yolov8/train/images/20260815_072653_jpg.rf.t5n38iiDROOsNmKeGeM7.jpg,data/raw/Pepper Berry Grading V3.yolov8/train/labels/20260815_072653_jpg.rf.t5n38iiDROOsNmKeGeM7.txt,train,906ea7ed224e6ed005a66ac8945fafb38e4a3e386eee3c9ce7773a10aee4147a,D:/work/Year - 4/pepper/project/datset reorder/grade_2/sample_045/20260815_072653.jpg,grade_2,sample_045,grade_2/sample_045,1,V3 Grade 2,0.42433333333333334,0.5195925,0.8286666666666667,0.9581875,4000,3000,1.3333333333333333,samsung,SM-A127F,6,141.1430867513021,39.813924153645836,188.33247753530168,VALIDATION
data/raw/Pepper Berry Grading V3.yolov8/train/images/20260815_072820_jpg.rf.u0sB7gIyBySShW0Y0eV8.jpg,data/raw/Pepper Berry Grading V3.yolov8/train/labels/20260815_072820_jpg.rf.u0sB7gIyBySShW0Y0eV8.txt,train,2a9f802dc7c2c343d1a7fe89f996abec73b998f02565e5992bed94a89f9febef,D:/work/Year - 4/pepper/project/datset reorder/grade_2/sample_045/20260815_072820.jpg,grade_2,sample_045,grade_2/sample_045,1,V3 Grade 2,0.5416666666666666,0.5458725,0.9166666666666666,0.7257425,4000,3000,1.3333333333333333,samsung,SM-A127F,8,148.11092122395834,24.11627197265625,208.98125802310653,VALIDATION
data/raw/Pepper Berry Grading V3.yolov8/train/images/20260815_073133_jpg.rf.ZM4Hft2xyRTu1oUYBCPb.jpg,data/raw/Pepper Berry Grading V3.yolov8/train/labels/20260815_073133_jpg.rf.ZM4Hft2xyRTu1oUYBCPb.txt,train,48a1589109a21d065a064fb04cddcae6579197d9ad4679b63fe6ee5dd1ba35d8,D:/work/Year - 4/pepper/project/datset reorder/grade_2/sample_045/20260815_073133.jpg,grade_2,sample_045,grade_2/sample_045,1,V3 Grade 2,0.512,0.4628825,0.9573333333333334,0.819765,4000,3000,1.3333333333333333,samsung,SM-A127F,6,150.1127726236979,21.994608561197918,216.63305519897304,VALIDATION
data/raw/Pepper Berry Grading V3.yolov8/train/images/20260820_110824_jpg.rf.TdXhnuexv1FwB3Zwkadx.jpg,data/raw/Pepper Berry Grading V3.yolov8/train/labels/20260820_110824_jpg.rf.TdXhnuexv1FwB3Zwkadx.txt,train,a870f1084fd27cbd05e4bd91433f630cfcd3e45a80784fe4a0559104eac18f3f,D:/work/Year - 4/pepper/project/datset reorder/grade_1/sample_087/20260820_110824.jpg,grade_1,sample_087,grade_1/sample_087,0,V3 Grade 1,0.4176470588235294,0.5001323529411764,0.7241830065359477,0.7149705882352941,4080,3060,1.3333333333333333,samsung,Galaxy A06,6,164.91693115234375,31.428080240885418,220.52297817715018,VALIDATION
data/raw/Pepper Berry Grading V3.yolov8/train/images/20260820_110859_jpg.rf.oiGXSJ30qeoW0zV5UNWW.jpg,data/raw/Pepper Berry Grading V3.yolov8/train/labels/20260820_110859_jpg.rf.oiGXSJ30qeoW0zV5UNWW.txt,train,816a0d9b8f9165a47be3fabcbf3633ab6931cb878f59d92a15ffa24f1a40baac,D:/work/Year - 4/pepper/project/datset reorder/grade_1/sample_087/20260820_110859.jpg,grade_1,sample_087,grade_1/sample_087,0,V3 Grade 1,0.5326797385620915,0.4731593137254902,0.9281045751633987,0.8472990196078432,4080,3060,1.3333333333333333,samsung,Galaxy A06,8,160.4614054361979,44.757222493489586,224.67471116816432,VALIDATION
data/raw/Pepper Berry Grading V3.yolov8/train/images/20260820_111827_jpg.rf.fJHmqyJGefnmLIgflWdk.jpg,data/raw/Pepper Berry Grading V3.yolov8/train/labels/20260820_111827_jpg.rf.fJHmqyJGefnmLIgflWdk.txt,train,7febdbe2e756cf6215fb62407027c5ade164ef00981710734332af998d050d28,D:/work/Year - 4/pepper/project/datset reorder/grade_1/sample_088/20260820_111827.jpg,grade_1,sample_088,grade_1/sample_088,0,V3 Grade 1,0.5490196078431373,0.4216535947712418,0.6568627450980392,0.6596470588235294,4080,3060,1.3333333333333333,samsung,Galaxy A06,3,154.75439453125,69.383056640625,196.21283697047497,TRAIN
data/raw/Pepper Berry Grading V3.yolov8/train/images/20260820_112316_jpg.rf.fgwOTQA415ZPxnNSiesZ.jpg,data/raw/Pepper Berry Grading V3.yolov8/train/labels/20260820_112316_jpg.rf.fgwOTQA415ZPxnNSiesZ.txt,train,991cdc9ba95105bdb188e855576f4cfc013f4b4cd9a4ed81ce0314d901744632,D:/work/Year - 4/pepper/project/datset reorder/grade_1/sample_088/20260820_112316.jpg,grade_1,sample_088,grade_1/sample_088,0,V3 Grade 1,0.6455882352941177,0.5269999999999999,0.6147058823529412,0.7363529411764705,4080,3060,1.3333333333333333,samsung,Galaxy A06,3,183.33072916666666,28.01300048828125,233.84685494223362,TRAIN
data/raw/Pepper Berry Grading V3.yolov8/train/images/20260820_112438_jpg.rf.sRHjzodF7fAEfscWyNIE.jpg,data/raw/Pepper Berry Grading V3.yolov8/train/labels/20260820_112438_jpg.rf.sRHjzodF7fAEfscWyNIE.txt,train,d8ae8cd0e990f64778c6c5f4debdc98bca656be97368db31695cc9df7ddfb026,D:/work/Year - 4/pepper/project/datset reorder/grade_1/sample_088/20260820_112438.jpg,grade_1,sample_088,grade_1/sample_088,0,V3 Grade 1,0.4830065359477124,0.44132352941176467,0.8026143790849674,0.7346102941176471,4080,3060,1.3333333333333333,samsung,Galaxy A06,6,165.1745808919271,37.8316650390625,210.7219512195122,TRAIN
data/raw/Pepper Berry Grading V3.yolov8/train/images/20260820_112523_jpg.rf.LzIZaxSaGjYoVJWLRUHL.jpg,data/raw/Pepper Berry Grading V3.yolov8/train/labels/20260820_112523_jpg.rf.LzIZaxSaGjYoVJWLRUHL.txt,train,bbfae7e135c3a250c6962d54e68bc4370fe2f45a303df97b889d0f9b1fb0e1ac,D:/work/Year - 4/pepper/project/datset reorder/grade_1/sample_089/20260820_112523.jpg,grade_1,sample_089,grade_1/sample_089,0,V3 Grade 1,0.4437908496732026,0.43033823529411763,0.6196078431372549,0.48224509803921567,4080,3060,1.3333333333333333,samsung,Galaxy A06,6,166.85538736979166,68.40608723958333,208.9517971758665,TRAIN
data/raw/Pepper Berry Grading V3.yolov8/train/images/20260820_112653_jpg.rf.rLgWKzJRrFUVRAx90Ulf.jpg,data/raw/Pepper Berry Grading V3.yolov8/train/labels/20260820_112653_jpg.rf.rLgWKzJRrFUVRAx90Ulf.txt,train,b6dd3731b5e31f5d2a59bec2586f8b35fe3edf24e5ebdae06d47a67f51f65458,D:/work/Year - 4/pepper/project/datset reorder/grade_1/sample_089/20260820_112653.jpg,grade_1,sample_089,grade_1/sample_089,0,V3 Grade 1,0.5708333333333333,0.4366568627450981,0.6073529411764705,0.8073039215686274,4080,3060,1.3333333333333333,samsung,Galaxy A06,3,175.59456380208334,31.59124755859375,230.33273427471116,TRAIN
data/raw/Pepper Berry Grading V3.yolov8/train/images/20260820_112854_jpg.rf.QtLCGVRK7Amvnyg5pBPf.jpg,data/raw/Pepper Berry Grading V3.yolov8/train/labels/20260820_112854_jpg.rf.QtLCGVRK7Amvnyg5pBPf.txt,train,b51e4f12430659f419624210896c6792f71602657c9aed4983094f0ae6975579,D:/work/Year - 4/pepper/project/datset reorder/grade_1/sample_090/20260820_112854.jpg,grade_1,sample_090,grade_1/sample_090,0,V3 Grade 1,0.6041666666666666,0.4505686274509804,0.6446078431372549,0.6357777777777778,4080,3060,1.3333333333333333,samsung,Galaxy A06,3,154.9100138346354,81.75901285807292,194.01713735558408,TRAIN
data/raw/Pepper Berry Grading V3.yolov8/train/images/20260820_112930_jpg.rf.V6grybd19uNhJ3ggFjw1.jpg,data/raw/Pepper Berry Grading V3.yolov8/train/labels/20260820_112930_jpg.rf.V6grybd19uNhJ3ggFjw1.txt,train,a7b1a3e9c38cd3bf82eebbe7dae73b2f18d2f7cdf768a61c50a326d6297a4616,D:/work/Year - 4/pepper/project/datset reorder/grade_1/sample_090/20260820_112930.jpg,grade_1,sample_090,grade_1/sample_090,0,V3 Grade 1,0.42598039215686273,0.4425294117647059,0.6656862745098039,0.8713300653594771,4080,3060,1.3333333333333333,samsung,Galaxy A06,3,172.55415852864584,31.5860595703125,225.73286264441592,TRAIN
data/raw/Pepper Berry Grading V3.yolov8/train/images/20260820_113310_jpg.rf.T8g0cOgGxFZlMHPJ78vk.jpg,data/raw/Pepper Berry Grading V3.yolov8/train/labels/20260820_113310_jpg.rf.T8g0cOgGxFZlMHPJ78vk.txt,train,b2e7dfc8b27a11ff1ce7d349761ee8b659963c85f56c1d6ba4dd7db8649c66d4,D:/work/Year - 4/pepper/project/datset reorder/grade_1/sample_091/20260820_113310.jpg,grade_1,sample_091,grade_1/sample_091,0,V3 Grade 1,0.6052696078431372,0.4443562091503268,0.6443627450980393,0.682173202614379,4080,3060,1.3333333333333333,samsung,Galaxy A06,3,158.72613525390625,66.10508219401042,200.60442875481385,TEST
data/raw/Pepper Berry Grading V3.yolov8/train/images/20260820_113335_jpg.rf.N1ga9wCjBTtYsnGhHf6l.jpg,data/raw/Pepper Berry Grading V3.yolov8/train/labels/20260820_113335_jpg.rf.N1ga9wCjBTtYsnGhHf6l.txt,train,538f9c419db08e006a77c625f0d3fc353503fc76cb4aab7e9d906deeac5c2b19,D:/work/Year - 4/pepper/project/datset reorder/grade_1/sample_091/20260820_113335.jpg,grade_1,sample_091,grade_1/sample_091,0,V3 Grade 1,0.4800653594771242,0.34970098039215686,0.8816993464052287,0.6396004901960785,4080,3060,1.3333333333333333,samsung,Galaxy A06,6,172.83683268229166,28.008382161458332,227.9607188703466,TEST
data/raw/Pepper Berry Grading V3.yolov8/train/images/20260820_113349_jpg.rf.YEB0IB0ZETiYWYMGExdH.jpg,data/raw/Pepper Berry Grading V3.yolov8/train/labels/20260820_113349_jpg.rf.YEB0IB0ZETiYWYMGExdH.txt,train,a952119fae1368b255facfd8a93fe4edfd79790e32ef2c1df2da63b223fbc18b,D:/work/Year - 4/pepper/project/datset reorder/grade_1/sample_091/20260820_113349.jpg,grade_1,sample_091,grade_1/sample_091,0,V3 Grade 1,0.5535947712418301,0.3722401960784314,0.7869281045751634,0.6650686274509804,4080,3060,1.3333333333333333,samsung,Galaxy A06,6,169.35310872395834,37.502176920572914,229.78254172015406,TEST
data/raw/Pepper Berry Grading V3.yolov8/train/images/20260820_113420_jpg.rf.ZRMG04paA2nEXgt0B6BR.jpg,data/raw/Pepper Berry Grading V3.yolov8/train/labels/20260820_113420_jpg.rf.ZRMG04paA2nEXgt0B6BR.txt,train,4190210a5fb0e64e2d39236882df03a75d05acdee170fbb9c626187aa79e4677,D:/work/Year - 4/pepper/project/datset reorder/grade_1/sample_091/20260820_113420.jpg,grade_1,sample_091,grade_1/sample_091,0,V3 Grade 1,0.622671568627451,0.4967581699346405,0.6644607843137255,0.8882843137254902,4080,3060,1.3333333333333333,samsung,Galaxy A06,3,158.15144856770834,43.139689127604164,201.83068035943518,TEST
data/raw/Pepper Berry Grading V3.yolov8/train/images/20260820_113631_jpg.rf.aBNa9MFvliYCl9nK8vJJ.jpg,data/raw/Pepper Berry Grading V3.yolov8/train/labels/20260820_113631_jpg.rf.aBNa9MFvliYCl9nK8vJJ.txt,train,cea3d296766883850017b2814c15f1ff67483295c45036ed17c98320dd4532b8,D:/work/Year - 4/pepper/project/datset reorder/grade_1/sample_092/20260820_113631.jpg,grade_1,sample_092,grade_1/sample_092,0,V3 Grade 1,0.48823529411764705,0.4391323529411765,0.9699346405228758,0.6566936274509804,4080,3060,1.3333333333333333,samsung,Galaxy A06,6,169.59806315104166,39.595560709635414,231.15808729139923,TRAIN
data/raw/Pepper Berry Grading V3.yolov8/train/images/20260820_113722_jpg.rf.YfbXTunxiNPufwUnpwu7.jpg,data/raw/Pepper Berry Grading V3.yolov8/train/labels/20260820_113722_jpg.rf.YfbXTunxiNPufwUnpwu7.txt,train,2f9325fba04734b3a46c7b526c2aeea1a960f6d3467453c554b486f44f88777b,D:/work/Year - 4/pepper/project/datset reorder/grade_1/sample_092/20260820_113722.jpg,grade_1,sample_092,grade_1/sample_092,0,V3 Grade 1,0.5493872549019608,0.5073202614379085,0.6698529411764705,0.7917614379084967,4080,3060,1.3333333333333333,samsung,Galaxy A06,3,161.929443359375,35.9537353515625,204.52304236200257,TRAIN
data/raw/Pepper Berry Grading V3.yolov8/train/images/20260820_113744_jpg.rf.NwaBtHuqxmfuah10uq0P.jpg,data/raw/Pepper Berry Grading V3.yolov8/train/labels/20260820_113744_jpg.rf.NwaBtHuqxmfuah10uq0P.txt,train,a456750e9e80ed089ee2084ba34cb9a37353da1c56fe59a7013ee67c74ba3564,D:/work/Year - 4/pepper/project/datset reorder/grade_1/sample_093/20260820_113744.jpg,grade_1,sample_093,grade_1/sample_093,0,V3 Grade 1,0.45294117647058824,0.48894444444444446,0.5823529411764706,0.7157941176470588,4080,3060,1.3333333333333333,samsung,Galaxy A06,3,160.8321533203125,70.07594807942708,199.38838254172015,TEST
data/raw/Pepper Berry Grading V3.yolov8/train/images/20260820_113754_jpg.rf.u1PYcne8wrMiW0Pjpel0.jpg,data/raw/Pepper Berry Grading V3.yolov8/train/labels/20260820_113754_jpg.rf.u1PYcne8wrMiW0Pjpel0.txt,train,c7a3a0b43c8bea1cade0a78a265f4f7a4c410ed41b2319830bfa435ceca2d295,D:/work/Year - 4/pepper/project/datset reorder/grade_1/sample_093/20260820_113754.jpg,grade_1,sample_093,grade_1/sample_093,0,V3 Grade 1,0.43823529411764706,0.41969281045751633,0.6705882352941176,0.6557254901960784,4080,3060,1.3333333333333333,samsung,Galaxy A06,3,189.49385579427084,20.962483723958332,232.5382541720154,TEST
data/raw/Pepper Berry Grading V3.yolov8/train/images/20260820_113804_jpg.rf.w0Otir79puQtkAHIV0p9.jpg,data/raw/Pepper Berry Grading V3.yolov8/train/labels/20260820_113804_jpg.rf.w0Otir79puQtkAHIV0p9.txt,train,7e372f65e56fdd34682d9b0ad032766af7554fce749f70f3e28a4dca86b739eb,D:/work/Year - 4/pepper/project/datset reorder/grade_1/sample_093/20260820_113804.jpg,grade_1,sample_093,grade_1/sample_093,0,V3 Grade 1,0.398406862745098,0.4957875816993464,0.7600490196078431,0.8275196078431373,4080,3060,1.3333333333333333,samsung,Galaxy A06,3,175.97013346354166,34.188985188802086,231.21129653401798,TEST
data/raw/Pepper Berry Grading V3.yolov8/train/images/20260820_113839_jpg.rf.V6EmfEJa0uRRFOShkvHV.jpg,data/raw/Pepper Berry Grading V3.yolov8/train/labels/20260820_113839_jpg.rf.V6EmfEJa0uRRFOShkvHV.txt,train,e90a7ebfb0fd220a3e67540c3d7d1178fc14ddb6237cf16f88a4d3de98e7570e,D:/work/Year - 4/pepper/project/datset reorder/grade_1/sample_093/20260820_113839.jpg,grade_1,sample_093,grade_1/sample_093,0,V3 Grade 1,0.47581699346405226,0.418546568627451,0.7751633986928105,0.6743480392156863,4080,3060,1.3333333333333333,samsung,Galaxy A06,6,158.58917236328125,36.104512532552086,198.53016688061618,TEST
data/raw/Pepper Berry Grading V3.yolov8/train/images/20260820_113938_jpg.rf.glsBc7JxCfmowKENCzjP.jpg,data/raw/Pepper Berry Grading V3.yolov8/train/labels/20260820_113938_jpg.rf.glsBc7JxCfmowKENCzjP.txt,train,9cf1c27c48b0adcd3c8d1b9f6d2ced4a008e4123b81c7b774b7838b0bb6d1c8b,D:/work/Year - 4/pepper/project/datset reorder/grade_1/sample_094/20260820_113938.jpg,grade_1,sample_094,grade_1/sample_094,0,V3 Grade 1,0.5892156862745098,0.45579411764705885,0.6294117647058823,0.6462287581699346,4080,3060,1.3333333333333333,samsung,Galaxy A06,3,150.00101725260416,67.78816731770833,191.08042362002567,TRAIN
data/raw/Pepper Berry Grading V3.yolov8/train/images/20260820_113948_jpg.rf.Vaim5gg9X8oqz4BJ9CMo.jpg,data/raw/Pepper Berry Grading V3.yolov8/train/labels/20260820_113948_jpg.rf.Vaim5gg9X8oqz4BJ9CMo.txt,train,027a81d94c4faebb1bc6bc76308c038af1fa26ea9a3e246924557863ef4dd4a9,D:/work/Year - 4/pepper/project/datset reorder/grade_1/sample_094/20260820_113948.jpg,grade_1,sample_094,grade_1/sample_094,0,V3 Grade 1,0.46875,0.5784640522875817,0.6507352941176471,0.6726143790849672,4080,3060,1.3333333333333333,samsung,Galaxy A06,1,181.53336588541666,20.67474365234375,231.54480102695763,TRAIN
data/raw/Pepper Berry Grading V3.yolov8/train/images/20260820_114024_jpg.rf.KLUQt8yE3bQCt7gqBqGD.jpg,data/raw/Pepper Berry Grading V3.yolov8/train/labels/20260820_114024_jpg.rf.KLUQt8yE3bQCt7gqBqGD.txt,train,4a562161e074d99a59804ca54572cc32c91f2fc8b1425b33272a415926425c22,D:/work/Year - 4/pepper/project/datset reorder/grade_1/sample_094/20260820_114024.jpg,grade_1,sample_094,grade_1/sample_094,0,V3 Grade 1,0.47009803921568627,0.4804281045751634,0.5872549019607843,0.855624183006536,4080,3060,1.3333333333333333,samsung,Galaxy A06,3,163.96673583984375,32.806233723958336,196.46816431322208,TRAIN
data/raw/Pepper Berry Grading V3.yolov8/train/images/20260820_114047_jpg.rf.xMzKv7TlcbwAw7z6PkuY.jpg,data/raw/Pepper Berry Grading V3.yolov8/train/labels/20260820_114047_jpg.rf.xMzKv7TlcbwAw7z6PkuY.txt,train,e6fba69dad65bcf2d732004d66a1ad5211a854b869c9357bf24ff8bf2a968f7b,D:/work/Year - 4/pepper/project/datset reorder/grade_1/sample_095/20260820_114047.jpg,grade_1,sample_095,grade_1/sample_095,0,V3 Grade 1,0.6205882352941177,0.4376699346405229,0.6431372549019608,0.5936437908496732,4080,3060,1.3333333333333333,samsung,Galaxy A06,3,158.4670613606771,75.51515706380208,201.57670089858794,TRAIN
data/raw/Pepper Berry Grading V3.yolov8/train/images/20260820_114140_jpg.rf.gyz3FBWqM0S7e7yhs7dR.jpg,data/raw/Pepper Berry Grading V3.yolov8/train/labels/20260820_114140_jpg.rf.gyz3FBWqM0S7e7yhs7dR.txt,train,0a132078068ad17fd406dbd6f61d3992e8c1e5cf69a61d6a204c5dd110f3d4d4,D:/work/Year - 4/pepper/project/datset reorder/grade_1/sample_095/20260820_114140.jpg,grade_1,sample_095,grade_1/sample_095,0,V3 Grade 1,0.5111519607843137,0.46736928104575165,0.7110294117647059,0.7902941176470589,4080,3060,1.3333333333333333,samsung,Galaxy A06,3,159.6104736328125,36.944417317708336,204.23786906290115,TRAIN
data/raw/Pepper Berry Grading V3.yolov8/train/images/20260820_114351_jpg.rf.llNuyqg03AugGtiNxp0r.jpg,data/raw/Pepper Berry Grading V3.yolov8/train/labels/20260820_114351_jpg.rf.llNuyqg03AugGtiNxp0r.txt,train,715a64ca72afc5d369b05d70476f20e1765d5f83355006483e8385551ef7d9ca,D:/work/Year - 4/pepper/project/datset reorder/grade_1/sample_096/20260820_114351.jpg,grade_1,sample_096,grade_1/sample_096,0,V3 Grade 1,0.38958333333333334,0.579437908496732,0.6443627450980393,0.7203104575163399,4080,3060,1.3333333333333333,samsung,Galaxy A06,1,178.46307373046875,31.695515950520832,229.74082156611038,TRAIN
data/raw/Pepper Berry Grading V3.yolov8/train/images/20260820_114741_jpg.rf.aohx9hSNFhAB20Sx6old.jpg,data/raw/Pepper Berry Grading V3.yolov8/train/labels/20260820_114741_jpg.rf.aohx9hSNFhAB20Sx6old.txt,train,d3dd81779222a16c3ad3daa5293bdeb91a5c020d3eca52f9ddbbf2a1a6b87666,D:/work/Year - 4/pepper/project/datset reorder/grade_1/sample_097/20260820_114741.jpg,grade_1,sample_097,grade_1/sample_097,0,V3 Grade 1,0.5536764705882353,0.4815915032679739,0.7102941176470589,0.7304999999999999,4080,3060,1.3333333333333333,samsung,Galaxy A06,3,155.6836954752604,71.43621826171875,199.30712451861362,TEST
data/raw/Pepper Berry Grading V3.yolov8/train/images/20260820_114820_jpg.rf.gTVr0U9u556DIzepUYKc.jpg,data/raw/Pepper Berry Grading V3.yolov8/train/labels/20260820_114820_jpg.rf.gTVr0U9u556DIzepUYKc.txt,train,86c695e2949bae3a3150c825d97b3d2bbb34015d9e77e94888c27b660b5d1545,D:/work/Year - 4/pepper/project/datset reorder/grade_1/sample_097/20260820_114820.jpg,grade_1,sample_097,grade_1/sample_097,0,V3 Grade 1,0.46339869281045754,0.4942696078431372,0.7111111111111111,0.6052058823529411,4080,3060,1.3333333333333333,samsung,Galaxy A06,6,183.22355143229166,22.220804850260418,233.39756097560976,TEST
data/raw/Pepper Berry Grading V3.yolov8/train/images/20260820_114935_jpg.rf.gv6bYY3mDezCyjhPE0An.jpg,data/raw/Pepper Berry Grading V3.yolov8/train/labels/20260820_114935_jpg.rf.gv6bYY3mDezCyjhPE0An.txt,train,1b63f0f33cb753d2a1b93af06de9ff4734ec79327588dcea2f7e0d1b3303e013,D:/work/Year - 4/pepper/project/datset reorder/grade_1/sample_097/20260820_114935.jpg,grade_1,sample_097,grade_1/sample_097,0,V3 Grade 1,0.5299019607843137,0.5402287581699347,0.6088235294117647,0.7595392156862746,4080,3060,1.3333333333333333,samsung,Galaxy A06,1,164.78946940104166,36.288920084635414,204.7295892169448,TEST
data/raw/Pepper Berry Grading V3.yolov8/train/images/20260820_115114_jpg.rf.osl7RIyNL2jOPZlD3KdI.jpg,data/raw/Pepper Berry Grading V3.yolov8/train/labels/20260820_115114_jpg.rf.osl7RIyNL2jOPZlD3KdI.txt,train,1b5d4c12ecdd4aa3ac7cd318d18a3e755f4af16a4fba7129b4914224611a96a2,D:/work/Year - 4/pepper/project/datset reorder/grade_1/sample_098/20260820_115114.jpg,grade_1,sample_098,grade_1/sample_098,0,V3 Grade 1,0.5926470588235294,0.37933660130718955,0.6950980392156862,0.7286045751633987,4080,3060,1.3333333333333333,samsung,Galaxy A06,3,154.6939493815104,64.99186197916667,197.08202824133505,TEST
data/raw/Pepper Berry Grading V3.yolov8/train/images/20260820_115208_jpg.rf.rY0JdXiKR77Oij5CC7d4.jpg,data/raw/Pepper Berry Grading V3.yolov8/train/labels/20260820_115208_jpg.rf.rY0JdXiKR77Oij5CC7d4.txt,train,58d2ec328e6504d240929b2351cc8159700a399fedcb9c0b0b5def815f226a62,D:/work/Year - 4/pepper/project/datset reorder/grade_1/sample_098/20260820_115208.jpg,grade_1,sample_098,grade_1/sample_098,0,V3 Grade 1,0.5799019607843138,0.48258169934640527,0.5911764705882353,0.6605882352941177,4080,3060,1.3333333333333333,samsung,Galaxy A06,3,181.0262247721354,27.640218098958332,234.097432605905,TEST
data/raw/Pepper Berry Grading V3.yolov8/train/images/20260820_115326_jpg.rf.XBv2adgZO5UTSGfanXGp.jpg,data/raw/Pepper Berry Grading V3.yolov8/train/labels/20260820_115326_jpg.rf.XBv2adgZO5UTSGfanXGp.txt,train,5f695d5df2a7d00e3b688e9096d67d1c6940742ff2433f3252856db97534ee06,D:/work/Year - 4/pepper/project/datset reorder/grade_1/sample_098/20260820_115326.jpg,grade_1,sample_098,grade_1/sample_098,0,V3 Grade 1,0.48104575163398694,0.5545343137254902,0.8640522875816994,0.6767132352941176,4080,3060,1.3333333333333333,samsung,Galaxy A06,6,160.18623860677084,40.117085774739586,197.18299101412066,TEST
data/raw/Pepper Berry Grading V3.yolov8/train/images/20260820_115641_jpg.rf.SUfGEhoQ7jazWkiUzs5l.jpg,data/raw/Pepper Berry Grading V3.yolov8/train/labels/20260820_115641_jpg.rf.SUfGEhoQ7jazWkiUzs5l.txt,train,1afac6b0345934f50adfdf8997af343f731aecd014898ac01063b5395347d843,D:/work/Year - 4/pepper/project/datset reorder/grade_1/sample_099/20260820_115641.jpg,grade_1,sample_099,grade_1/sample_099,0,V3 Grade 1,0.4193627450980392,0.44026143790849676,0.7063725490196079,0.7426143790849673,4080,3060,1.3333333333333333,samsung,Galaxy A06,3,170.86673990885416,20.491455078125,229.4747753530167,VALIDATION
data/raw/Pepper Berry Grading V3.yolov8/train/images/20260820_115808_jpg.rf.vxwna5EvlRV77dz8frIK.jpg,data/raw/Pepper Berry Grading V3.yolov8/train/labels/20260820_115808_jpg.rf.vxwna5EvlRV77dz8frIK.txt,train,a03b8021d0f95526ecb274d825722f9e1b9b18c851321be367d1b776ce0688a6,D:/work/Year - 4/pepper/project/datset reorder/grade_1/sample_099/20260820_115808.jpg,grade_1,sample_099,grade_1/sample_099,0,V3 Grade 1,0.47875816993464054,0.5148406862745099,0.8790849673202614,0.6659583333333333,4080,3060,1.3333333333333333,samsung,Galaxy A06,6,162.44146728515625,37.02301025390625,210.06906290115532,VALIDATION
data/raw/Pepper Berry Grading V3.yolov8/train/images/20260820_121307_jpg.rf.sTBg80T7fzO2gNswkTRV.jpg,data/raw/Pepper Berry Grading V3.yolov8/train/labels/20260820_121307_jpg.rf.sTBg80T7fzO2gNswkTRV.txt,train,e54f187553aabf37b98a627641a4546c8e553d7b94b1f6619cabf98b30cceb0a,D:/work/Year - 4/pepper/project/datset reorder/grade_1/sample_100/20260820_121307.jpg,grade_1,sample_100,grade_1/sample_100,0,V3 Grade 1,0.5764705882352941,0.5163954248366013,0.5941176470588235,0.6530522875816993,4080,3060,1.3333333333333333,samsung,Galaxy A06,3,142.2596638997396,107.77496337890625,178.33138639281128,VALIDATION
data/raw/Pepper Berry Grading V3.yolov8/train/images/20260820_121806_jpg.rf.v9rtc9nU19uoGwK9jkRe.jpg,data/raw/Pepper Berry Grading V3.yolov8/train/labels/20260820_121806_jpg.rf.v9rtc9nU19uoGwK9jkRe.txt,train,6b881e3dc72f3f61209ea477c763c5a923afba8c69362d03396c932cb05d745c,D:/work/Year - 4/pepper/project/datset reorder/grade_1/sample_100/20260820_121806.jpg,grade_1,sample_100,grade_1/sample_100,0,V3 Grade 1,0.45130718954248367,0.4768578431372549,0.8503267973856209,0.702735294117647,4080,3060,1.3333333333333333,samsung,Galaxy A06,6,168.61942545572916,34.93402099609375,224.02336328626444,VALIDATION
data/raw/Pepper Berry Grading V3.yolov8/train/images/20260820_121839_jpg.rf.tA3qELi0HYUJhhw64NUi.jpg,data/raw/Pepper Berry Grading V3.yolov8/train/labels/20260820_121839_jpg.rf.tA3qELi0HYUJhhw64NUi.txt,train,196d9e218630f945d3fb83d9c7ec45c95aad555cbff88700a3f17bc75ba894e6,D:/work/Year - 4/pepper/project/datset reorder/grade_1/sample_100/20260820_121839.jpg,grade_1,sample_100,grade_1/sample_100,0,V3 Grade 1,0.50359477124183,0.49327450980392157,0.8503267973856209,0.7012549019607843,4080,3060,1.3333333333333333,samsung,Galaxy A06,6,157.76224772135416,38.969767252604164,206.7449293966624,VALIDATION
data/raw/Pepper Berry Grading V3.yolov8/train/images/20260820_121913_jpg.rf.t2sInF9Bs8lbakYRPElJ.jpg,data/raw/Pepper Berry Grading V3.yolov8/train/labels/20260820_121913_jpg.rf.t2sInF9Bs8lbakYRPElJ.txt,train,564067585afe23eaaaeb2fae0443d642e207507dde1a7347aa778b23950cc45f,D:/work/Year - 4/pepper/project/datset reorder/grade_1/sample_101/20260820_121913.jpg,grade_1,sample_101,grade_1/sample_101,0,V3 Grade 1,0.6066176470588235,0.404,0.6299019607843137,0.7289150326797386,4080,3060,1.3333333333333333,samsung,Galaxy A06,3,155.12615966796875,60.764790852864586,195.4102053915276,VALIDATION
data/raw/Pepper Berry Grading V3.yolov8/train/images/20260820_121943_jpg.rf.JZCIk86G7qzREL6sr3fr.jpg,data/raw/Pepper Berry Grading V3.yolov8/train/labels/20260820_121943_jpg.rf.JZCIk86G7qzREL6sr3fr.txt,train,342723c079ddf1129a17f0b232987d00bc3a2f71287020f5c358fbd80a0b2f92,D:/work/Year - 4/pepper/project/datset reorder/grade_1/sample_101/20260820_121943.jpg,grade_1,sample_101,grade_1/sample_101,0,V3 Grade 1,0.47144607843137254,0.4208104575163399,0.6610294117647059,0.81809477124183,4080,3060,1.3333333333333333,samsung,Galaxy A06,3,173.5615030924479,28.419291178385418,226.81033376123236,VALIDATION
data/raw/Pepper Berry Grading V3.yolov8/train/images/20260820_122008_jpg.rf.VIE21xfopf1DTa1Np5yP.jpg,data/raw/Pepper Berry Grading V3.yolov8/train/labels/20260820_122008_jpg.rf.VIE21xfopf1DTa1Np5yP.txt,train,04582dfd3c63cb5473a5af54bdfc12e8c84c76f7cba972cdfc3c3b0357359fc3,D:/work/Year - 4/pepper/project/datset reorder/grade_1/sample_101/20260820_122008.jpg,grade_1,sample_101,grade_1/sample_101,0,V3 Grade 1,0.5590686274509804,0.5686503267973856,0.6230392156862745,0.7575620915032679,4080,3060,1.3333333333333333,samsung,Galaxy A06,1,145.32071940104166,40.054728190104164,179.67439024390245,VALIDATION
data/raw/Pepper Berry Grading V3.yolov8/train/images/20260820_122028_jpg.rf.M9V0tfUZTQlpF9JhAiXl.jpg,data/raw/Pepper Berry Grading V3.yolov8/train/labels/20260820_122028_jpg.rf.M9V0tfUZTQlpF9JhAiXl.txt,train,ef01e9983edaa38929dc04716a1dee965e4180dbbd1b41b89c1ec4a5be0bdb47,D:/work/Year - 4/pepper/project/datset reorder/grade_1/sample_102/20260820_122028.jpg,grade_1,sample_102,grade_1/sample_102,0,V3 Grade 1,0.5868872549019608,0.4526764705882353,0.7399509803921569,0.7413006535947713,4080,3060,1.3333333333333333,samsung,Galaxy A06,3,156.4680379231771,67.26066080729167,199.52073170731708,TRAIN
data/raw/Pepper Berry Grading V3.yolov8/train/images/20260820_122038_jpg.rf.cb3rEO4SqsxFo3oFEieL.jpg,data/raw/Pepper Berry Grading V3.yolov8/train/labels/20260820_122038_jpg.rf.cb3rEO4SqsxFo3oFEieL.txt,train,8b839b4accee9a9ec6a35fdaf89a4f9776d0126f589f7877d9ca0dcf3f204133,D:/work/Year - 4/pepper/project/datset reorder/grade_1/sample_102/20260820_122038.jpg,grade_1,sample_102,grade_1/sample_102,0,V3 Grade 1,0.47009803921568627,0.4306372549019608,0.6166666666666667,0.6547385620915033,4080,3060,1.3333333333333333,samsung,Galaxy A06,3,190.76763916015625,15.32000732421875,233.18921694480102,TRAIN
data/raw/Pepper Berry Grading V3.yolov8/train/images/20260820_122050_jpg.rf.w7EhRe7pYfjb43wU9bPC.jpg,data/raw/Pepper Berry Grading V3.yolov8/train/labels/20260820_122050_jpg.rf.w7EhRe7pYfjb43wU9bPC.txt,train,792e0b1f3e8c520c715aa091711b869a51fd01fbde8108b49385332eb6930f7b,D:/work/Year - 4/pepper/project/datset reorder/grade_1/sample_102/20260820_122050.jpg,grade_1,sample_102,grade_1/sample_102,0,V3 Grade 1,0.5004901960784314,0.4634477124183007,0.5794117647058824,0.8085915032679738,4080,3060,1.3333333333333333,samsung,Galaxy A06,3,184.50018310546875,22.051676432291668,230.45956354300384,TRAIN
data/raw/Pepper Berry Grading V3.yolov8/train/images/20260820_122126_jpg.rf.seIkTjoyuQEx3q5dLPeP.jpg,data/raw/Pepper Berry Grading V3.yolov8/train/labels/20260820_122126_jpg.rf.seIkTjoyuQEx3q5dLPeP.txt,train,c61a83d6fb98970015bb7fdaa330feeff33f0240401f34a97ca2f0b64ce4f4af,D:/work/Year - 4/pepper/project/datset reorder/grade_1/sample_103/20260820_122126.jpg,grade_1,sample_103,grade_1/sample_103,0,V3 Grade 1,0.41715686274509806,0.4847058823529412,0.5696078431372549,0.6485000000000001,4080,3060,1.3333333333333333,samsung,Galaxy A06,1,159.397705078125,62.821309407552086,194.63960205391527,TRAIN
data/raw/Pepper Berry Grading V3.yolov8/train/images/20260820_122219_jpg.rf.km3VTCL7c2JIrvNtHFI3.jpg,data/raw/Pepper Berry Grading V3.yolov8/train/labels/20260820_122219_jpg.rf.km3VTCL7c2JIrvNtHFI3.txt,train,cfc037cdcd0651efde0c1fa4fa5f198a466fdca247cb03e82905d5cd0ce8a65f,D:/work/Year - 4/pepper/project/datset reorder/grade_1/sample_103/20260820_122219.jpg,grade_1,sample_103,grade_1/sample_103,0,V3 Grade 1,0.5680147058823529,0.4944771241830065,0.5796568627450981,0.8379738562091502,4080,3060,1.3333333333333333,samsung,Galaxy A06,3,166.6429239908854,37.2568359375,208.9885109114249,TRAIN
data/raw/Pepper Berry Grading V3.yolov8/train/images/20260820_122311_jpg.rf.IqthJ8BceVyI32JmxENC.jpg,data/raw/Pepper Berry Grading V3.yolov8/train/labels/20260820_122311_jpg.rf.IqthJ8BceVyI32JmxENC.txt,train,75c4247013d694ca612676ab1763a0731b43554bbd9dc8f2f7f8e7cb7bc73bd2,D:/work/Year - 4/pepper/project/datset reorder/grade_1/sample_104/20260820_122311.jpg,grade_1,sample_104,grade_1/sample_104,0,V3 Grade 1,0.5230392156862745,0.5410326797385621,0.7323529411764705,0.836313725490196,4080,3060,1.3333333333333333,samsung,Galaxy A06,1,166.832275390625,34.7708740234375,229.5094993581515,TRAIN
data/raw/Pepper Berry Grading V3.yolov8/train/images/20260820_122329_jpg.rf.s0qaiIQoG4BbAHGgQvAj.jpg,data/raw/Pepper Berry Grading V3.yolov8/train/labels/20260820_122329_jpg.rf.s0qaiIQoG4BbAHGgQvAj.txt,train,66bb4f88536f455764554224ba3f0df16c8849f78cbe9caa6a655e37f21e4d8f,D:/work/Year - 4/pepper/project/datset reorder/grade_1/sample_104/20260820_122329.jpg,grade_1,sample_104,grade_1/sample_104,0,V3 Grade 1,0.5390931372549019,0.4688464052287582,0.5806372549019608,0.750764705882353,4080,3060,1.3333333333333333,samsung,Galaxy A06,3,164.3431599934896,36.937174479166664,199.41328626444158,TRAIN
data/raw/Pepper Berry Grading V3.yolov8/train/images/20260820_122358_jpg.rf.oh3XYdM6ZGNXUVIx0Tdw.jpg,data/raw/Pepper Berry Grading V3.yolov8/train/labels/20260820_122358_jpg.rf.oh3XYdM6ZGNXUVIx0Tdw.txt,train,f5b313ab21d62cfb3e2d3af5405b643c94224b8fbd7c39af6732226133e9620b,D:/work/Year - 4/pepper/project/datset reorder/grade_1/sample_105/20260820_122358.jpg,grade_1,sample_105,grade_1/sample_105,0,V3 Grade 1,0.6122549019607844,0.48780392156862745,0.6264705882352941,0.6971732026143791,4080,3060,1.3333333333333333,samsung,Galaxy A06,3,159.40157063802084,93.40806070963542,201.36566110397945,TEST
data/raw/Pepper Berry Grading V3.yolov8/train/images/20260820_122406_jpg.rf.RGvWZA0XJpZWcaCSrV5T.jpg,data/raw/Pepper Berry Grading V3.yolov8/train/labels/20260820_122406_jpg.rf.RGvWZA0XJpZWcaCSrV5T.txt,train,6d31eb97ee342f09412a3a6054626fefe70bbecd8c3323e2b286be2810dd083d,D:/work/Year - 4/pepper/project/datset reorder/grade_1/sample_105/20260820_122406.jpg,grade_1,sample_105,grade_1/sample_105,0,V3 Grade 1,0.4702205882352941,0.4956372549019608,0.604656862745098,0.7389869281045752,4080,3060,1.3333333333333333,samsung,Galaxy A06,1,185.66682942708334,22.698588053385418,234.35365853658536,TEST
data/raw/Pepper Berry Grading V3.yolov8/train/images/20260820_122857_jpg.rf.mGnsMRYcHkvvZmbAqt61.jpg,data/raw/Pepper Berry Grading V3.yolov8/train/labels/20260820_122857_jpg.rf.mGnsMRYcHkvvZmbAqt61.txt,train,73b241e1315fb64aeab60131664340a5ff61ce191de66dbb12724ffe75be1169,D:/work/Year - 4/pepper/project/datset reorder/grade_1/sample_106/20260820_122857.jpg,grade_1,sample_106,grade_1/sample_106,0,V3 Grade 1,0.4647058823529412,0.5094656862745098,0.6875816993464052,0.5669730392156863,4080,3060,1.3333333333333333,samsung,Galaxy A06,6,158.366943359375,68.46055094401042,193.51598202824132,TRAIN
data/raw/Pepper Berry Grading V3.yolov8/train/images/20260820_123121_jpg.rf.hZV7Q4aPy7VR0YdDuZk3.jpg,data/raw/Pepper Berry Grading V3.yolov8/train/labels/20260820_123121_jpg.rf.hZV7Q4aPy7VR0YdDuZk3.txt,train,2c586bb8b7876e4a6d626d53f961e77687b178243d75c02b07ea0c72057810c5,D:/work/Year - 4/pepper/project/datset reorder/grade_1/sample_106/20260820_123121.jpg,grade_1,sample_106,grade_1/sample_106,0,V3 Grade 1,0.5094771241830065,0.41341176470588237,0.7183006535947712,0.6101568627450981,4080,3060,1.3333333333333333,samsung,Galaxy A06,6,166.81722005208334,36.807474772135414,208.03555840821565,TRAIN
data/raw/Pepper Berry Grading V3.yolov8/train/images/20260820_123200_jpg.rf.RZkGp03qVIeYPLZMX45Q.jpg,data/raw/Pepper Berry Grading V3.yolov8/train/labels/20260820_123200_jpg.rf.RZkGp03qVIeYPLZMX45Q.txt,train,c1de96c1bc19d6d57fd79b010c9a419f2eb1cca1a20db2da2935bf0b6e84d371,D:/work/Year - 4/pepper/project/datset reorder/grade_1/sample_107/20260820_123200.jpg,grade_1,sample_107,grade_1/sample_107,0,V3 Grade 1,0.48104575163398694,0.5013651960784313,0.681045751633987,0.6733161764705883,4080,3060,1.3333333333333333,samsung,Galaxy A06,6,156.3217569986979,72.17574055989583,193.61110397946084,TRAIN
data/raw/Pepper Berry Grading V3.yolov8/train/images/20260820_123217_jpg.rf.IP658P1cHKPdJOgUxwaS.jpg,data/raw/Pepper Berry Grading V3.yolov8/train/labels/20260820_123217_jpg.rf.IP658P1cHKPdJOgUxwaS.txt,train,35e362b9628873dc53e23a6f794a814a9f908749a6e9efe4f18a749381877871,D:/work/Year - 4/pepper/project/datset reorder/grade_1/sample_107/20260820_123217.jpg,grade_1,sample_107,grade_1/sample_107,0,V3 Grade 1,0.45698529411764705,0.4413986928104575,0.6174019607843138,0.7873725490196078,4080,3060,1.3333333333333333,samsung,Galaxy A06,3,186.92508951822916,20.513712565104168,232.24762516046212,TRAIN
data/raw/Pepper Berry Grading V3.yolov8/train/images/20260820_123225_jpg.rf.k9Wkxh7hioyvlfZUN0MW.jpg,data/raw/Pepper Berry Grading V3.yolov8/train/labels/20260820_123225_jpg.rf.k9Wkxh7hioyvlfZUN0MW.txt,train,bda80063c19c9302f1315f0c3286625db4def8f4131b4109f9a2695fcecf82b5,D:/work/Year - 4/pepper/project/datset reorder/grade_1/sample_107/20260820_123225.jpg,grade_1,sample_107,grade_1/sample_107,0,V3 Grade 1,0.435171568627451,0.47765686274509805,0.5982843137254902,0.8141372549019609,4080,3060,1.3333333333333333,samsung,Galaxy A06,3,181.32967122395834,26.8209228515625,232.80250320924262,TRAIN
data/raw/Pepper Berry Grading V3.yolov8/train/images/20260820_123252_jpg.rf.vP4XiAdXcSUrN82qArrC.jpg,data/raw/Pepper Berry Grading V3.yolov8/train/labels/20260820_123252_jpg.rf.vP4XiAdXcSUrN82qArrC.txt,train,180fb687859a817035e208d3cfea93a63a3dc92c6a9d5192d42e0dda2d409ad3,D:/work/Year - 4/pepper/project/datset reorder/grade_1/sample_107/20260820_123252.jpg,grade_1,sample_107,grade_1/sample_107,0,V3 Grade 1,0.5558823529411765,0.46965686274509805,0.6803921568627451,0.7883333333333334,4080,3060,1.3333333333333333,samsung,Galaxy A06,3,161.97932942708334,49.670796712239586,207.4870346598203,TRAIN
data/raw/Pepper Berry Grading V3.yolov8/train/images/20260820_123811_jpg.rf.tvpPQ98LQEnQRnmqVC3m.jpg,data/raw/Pepper Berry Grading V3.yolov8/train/labels/20260820_123811_jpg.rf.tvpPQ98LQEnQRnmqVC3m.txt,train,3ee86fadb7cff9f220f9db2b7063743daee4e6f42d77aca4ed121611ca3b68ad,D:/work/Year - 4/pepper/project/datset reorder/grade_1/sample_108/20260820_123811.jpg,grade_1,sample_108,grade_1/sample_108,0,V3 Grade 1,0.45816993464052286,0.6853995098039215,0.726797385620915,0.5168774509803922,4080,3060,1.3333333333333333,samsung,Galaxy A06,6,160.9509073893229,16.43902587890625,199.7890243902439,TRAIN
data/raw/Pepper Berry Grading V3.yolov8/train/images/20260820_123830_jpg.rf.UKFeZZgxkcX8ZufxGJH5.jpg,data/raw/Pepper Berry Grading V3.yolov8/train/labels/20260820_123830_jpg.rf.UKFeZZgxkcX8ZufxGJH5.txt,train,2999487e1ab067e58812d6f6ca4bb7834591de97e51118282e59d9a4d5abeb31,D:/work/Year - 4/pepper/project/datset reorder/grade_1/sample_108/20260820_123830.jpg,grade_1,sample_108,grade_1/sample_108,0,V3 Grade 1,0.46895424836601307,0.6111495098039215,0.7156862745098039,0.5791593137254901,4080,3060,1.3333333333333333,samsung,Galaxy A06,6,187.88555908203125,18.234761555989582,231.18183568677793,TRAIN
data/raw/Pepper Berry Grading V3.yolov8/train/images/20260820_123851_jpg.rf.gvJFFjme8DYcYrh9tHRC.jpg,data/raw/Pepper Berry Grading V3.yolov8/train/labels/20260820_123851_jpg.rf.gvJFFjme8DYcYrh9tHRC.txt,train,45c40889a5032542b0d8b8ce3c9e923514f75bc38bb6a83b55801df0ef951514,D:/work/Year - 4/pepper/project/datset reorder/grade_1/sample_108/20260820_123851.jpg,grade_1,sample_108,grade_1/sample_108,0,V3 Grade 1,0.4761437908496732,0.5861666666666666,0.7431372549019608,0.519389705882353,4080,3060,1.3333333333333333,samsung,Galaxy A06,6,165.00227864583334,33.19683837890625,186.72759948652117,TRAIN
data/raw/Pepper Berry Grading V3.yolov8/train/images/20260820_123939_jpg.rf.NKHTBbqsPpwXOaOWl11f.jpg,data/raw/Pepper Berry Grading V3.yolov8/train/labels/20260820_123939_jpg.rf.NKHTBbqsPpwXOaOWl11f.txt,train,35a0109c549414ac0f65865b2c4ab94dbe2359a783ec097944152e3c7fc5798e,D:/work/Year - 4/pepper/project/datset reorder/grade_1/sample_109/20260820_123939.jpg,grade_1,sample_109,grade_1/sample_109,0,V3 Grade 1,0.5995098039215686,0.5898790849673202,0.7480392156862745,0.8065522875816994,4080,3060,1.3333333333333333,samsung,Galaxy A06,1,173.29654947916666,33.211181640625,224.45147625160462,TRAIN
data/raw/Pepper Berry Grading V3.yolov8/train/images/20260820_124004_jpg.rf.jSIOXLgfHfByq02KHXS6.jpg,data/raw/Pepper Berry Grading V3.yolov8/train/labels/20260820_124004_jpg.rf.jSIOXLgfHfByq02KHXS6.txt,train,5f71cab4c7e7c8812cee67b7e241c9116ddcfe73de99b31a0544e4016e72e9a3,D:/work/Year - 4/pepper/project/datset reorder/grade_1/sample_109/20260820_124004.jpg,grade_1,sample_109,grade_1/sample_109,0,V3 Grade 1,0.41691176470588237,0.4598496732026144,0.5642156862745098,0.8340751633986928,4080,3060,1.3333333333333333,samsung,Galaxy A06,3,164.21809895833334,41.162312825520836,200.6831835686778,TRAIN
data/raw/Pepper Berry Grading V3.yolov8/train/images/20260820_124036_jpg.rf.c6zcDiQvCDPQe7yXzoqQ.jpg,data/raw/Pepper Berry Grading V3.yolov8/train/labels/20260820_124036_jpg.rf.c6zcDiQvCDPQe7yXzoqQ.txt,train,cd77971f760caa3e30a20206da5d641b8d1f9444ef8ee9cab03dfdab9f1578a5,D:/work/Year - 4/pepper/project/datset reorder/grade_1/sample_110/20260820_124036.jpg,grade_1,sample_110,grade_1/sample_110,0,V3 Grade 1,0.591421568627451,0.5479313725490196,0.5897058823529412,0.5952091503267973,4080,3060,1.3333333333333333,samsung,Galaxy A06,1,189.1941121419271,15.100992838541666,223.49428754813863,TRAIN
data/raw/Pepper Berry Grading V3.yolov8/train/images/20260820_124046_jpg.rf.cxyT0wBxflnOqZr5dYqC.jpg,data/raw/Pepper Berry Grading V3.yolov8/train/labels/20260820_124046_jpg.rf.cxyT0wBxflnOqZr5dYqC.txt,train,ecc5577e73f4e21899748c80fb756f545de0ecfe18d94469129725f0610c62fe,D:/work/Year - 4/pepper/project/datset reorder/grade_1/sample_110/20260820_124046.jpg,grade_1,sample_110,grade_1/sample_110,0,V3 Grade 1,0.651593137254902,0.5630915032679739,0.6732843137254902,0.7921960784313725,4080,3060,1.3333333333333333,samsung,Galaxy A06,1,176.506591796875,29.20135498046875,224.36996148908858,TRAIN
data/raw/Pepper Berry Grading V3.yolov8/train/images/20260820_124103_jpg.rf.rlA0XGvcRFR2v9omOvHa.jpg,data/raw/Pepper Berry Grading V3.yolov8/train/labels/20260820_124103_jpg.rf.rlA0XGvcRFR2v9omOvHa.txt,train,779180ede546b99c876318dcb0ad5e2a199cd3b73079adbe02e9a4c56fbae14c,D:/work/Year - 4/pepper/project/datset reorder/grade_1/sample_110/20260820_124103.jpg,grade_1,sample_110,grade_1/sample_110,0,V3 Grade 1,0.6067401960784313,0.4856437908496732,0.6669117647058823,0.9183464052287581,4080,3060,1.3333333333333333,samsung,Galaxy A06,1,160.1491902669271,43.74957275390625,202.44473684210527,TRAIN
data/raw/Pepper Berry Grading V3.yolov8/train/images/20260820_124228_jpg.rf.ozkhiWqifkAeZodjdsZ0.jpg,data/raw/Pepper Berry Grading V3.yolov8/train/labels/20260820_124228_jpg.rf.ozkhiWqifkAeZodjdsZ0.txt,train,11871151ce307e222e2f20d9d0dd677df2136a4cc17a74d0caf6f9e9b457a215,D:/work/Year - 4/pepper/project/datset reorder/grade_1/sample_111/20260820_124228.jpg,grade_1,sample_111,grade_1/sample_111,0,V3 Grade 1,0.43594771241830066,0.6032916666666667,0.7084967320261438,0.681093137254902,4080,3060,1.3333333333333333,samsung,Galaxy A06,6,149.7497762044271,75.50262451171875,195.19377406931963,VALIDATION
data/raw/Pepper Berry Grading V3.yolov8/train/images/20260820_124242_jpg.rf.svO79sX22X0uBLGguFgF.jpg,data/raw/Pepper Berry Grading V3.yolov8/train/labels/20260820_124242_jpg.rf.svO79sX22X0uBLGguFgF.txt,train,3463cc0edb213a7e5a9bf6934dc76e7b55f1d739dd03b26d4c87d13df528f149,D:/work/Year - 4/pepper/project/datset reorder/grade_1/sample_111/20260820_124242.jpg,grade_1,sample_111,grade_1/sample_111,0,V3 Grade 1,0.5866421568627451,0.5078758169934641,0.7933823529411764,0.8190196078431372,4080,3060,1.3333333333333333,samsung,Galaxy A06,1,162.5842488606771,35.984354654947914,225.57702182284982,VALIDATION
data/raw/Pepper Berry Grading V3.yolov8/train/images/20260820_124300_jpg.rf.Ih6hxoRoKhZn2SIgnwVs.jpg,data/raw/Pepper Berry Grading V3.yolov8/train/labels/20260820_124300_jpg.rf.Ih6hxoRoKhZn2SIgnwVs.txt,train,7e477db3f0ef876f8453bc1024855f69221f311b4e18cd79e23b82006455a18a,D:/work/Year - 4/pepper/project/datset reorder/grade_1/sample_111/20260820_124300.jpg,grade_1,sample_111,grade_1/sample_111,0,V3 Grade 1,0.5856617647058824,0.5091960784313726,0.8208333333333333,0.9654509803921569,4080,3060,1.3333333333333333,samsung,Galaxy A06,1,149.76912434895834,46.717814127604164,219.34955070603337,VALIDATION
data/raw/Pepper Berry Grading V3.yolov8/train/images/20260820_124321_jpg.rf.R468RX5R1tbMPuUY8gTt.jpg,data/raw/Pepper Berry Grading V3.yolov8/train/labels/20260820_124321_jpg.rf.R468RX5R1tbMPuUY8gTt.txt,train,baa0b8874da78b224d4cf004c363c8327d8b68e7c9017715a3f6dc709e90d060,D:/work/Year - 4/pepper/project/datset reorder/grade_1/sample_111/20260820_124321.jpg,grade_1,sample_111,grade_1/sample_111,0,V3 Grade 1,0.5995098039215686,0.4921732026143791,0.5813725490196079,0.957545751633987,4080,3060,1.3333333333333333,samsung,Galaxy A06,1,154.96685791015625,46.751444498697914,196.74191270860078,VALIDATION
data/raw/Pepper Berry Grading V3.yolov8/train/images/20260820_124609_jpg.rf.eq7N7jMS4A5xdsoLsSRr.jpg,data/raw/Pepper Berry Grading V3.yolov8/train/labels/20260820_124609_jpg.rf.eq7N7jMS4A5xdsoLsSRr.txt,train,b56f68dbe35fa657c485125fcd8047ab842ce74d40fc3041c5c6f2e7f8a20cb0,D:/work/Year - 4/pepper/project/datset reorder/grade_1/sample_112/20260820_124609.jpg,grade_1,sample_112,grade_1/sample_112,0,V3 Grade 1,0.3790441176470588,0.45186274509803925,0.6575980392156863,0.7167973856209151,4080,3060,1.3333333333333333,samsung,Galaxy A06,3,157.5433349609375,70.41890462239583,204.28767650834402,TRAIN
data/raw/Pepper Berry Grading V3.yolov8/train/images/20260820_124625_jpg.rf.mQbdwqwDsF9Xty0fydKn.jpg,data/raw/Pepper Berry Grading V3.yolov8/train/labels/20260820_124625_jpg.rf.mQbdwqwDsF9Xty0fydKn.txt,train,d22c565b217543cbe94028f0df64b19c34062c74f2b7cba7dfa14621f316abc8,D:/work/Year - 4/pepper/project/datset reorder/grade_1/sample_112/20260820_124625.jpg,grade_1,sample_112,grade_1/sample_112,0,V3 Grade 1,0.4317401960784314,0.4410718954248366,0.7384803921568628,0.7801830065359477,4080,3060,1.3333333333333333,samsung,Galaxy A06,3,176.623046875,26.861368815104168,232.80096277278562,TRAIN
data/raw/Pepper Berry Grading V3.yolov8/train/images/20260820_124638_jpg.rf.cyG95RdaGTeSDuBf1cPT.jpg,data/raw/Pepper Berry Grading V3.yolov8/train/labels/20260820_124638_jpg.rf.cyG95RdaGTeSDuBf1cPT.txt,train,50cda02ac14aa29ef90cb5d372c0669cc1bce85ec1beb049c39c62da452a6ae5,D:/work/Year - 4/pepper/project/datset reorder/grade_1/sample_112/20260820_124638.jpg,grade_1,sample_112,grade_1/sample_112,0,V3 Grade 1,0.3906862745098039,0.4809117647058823,0.6735294117647059,0.8860065359477124,4080,3060,1.3333333333333333,samsung,Galaxy A06,3,171.99226888020834,32.33349609375,225.7209242618742,TRAIN
data/raw/Pepper Berry Grading V3.yolov8/train/images/20260905_152621_jpg.rf.j3tWWf1AYEWSjhV7yZV2.jpg,data/raw/Pepper Berry Grading V3.yolov8/train/labels/20260905_152621_jpg.rf.j3tWWf1AYEWSjhV7yZV2.txt,train,92dd8bc68cd8643aa23b2a22652e2f5d2b1e0be5dcd037fc5ad8d4f0e0cd5af5,D:/work/Year - 4/pepper/project/datset reorder/grade_2/sample_082/20260905_152621.jpg,grade_2,sample_082,grade_2/sample_082,1,V3 Grade 2,0.478,0.52437,0.796,0.7727425,4000,3000,1.3333333333333333,samsung,SM-A127F,6,136.34578450520834,63.48040771484375,178.59550706033377,TEST
data/raw/Pepper Berry Grading V3.yolov8/train/images/20260905_152758_jpg.rf.ckx4P8JzZe52dbgxGVTo.jpg,data/raw/Pepper Berry Grading V3.yolov8/train/labels/20260905_152758_jpg.rf.ckx4P8JzZe52dbgxGVTo.txt,train,73e7fedc36ebdba34f2f94526d6e5b0e27a9a4c8bca4e5659bd4a074cfc98c10,D:/work/Year - 4/pepper/project/datset reorder/grade_2/sample_082/20260905_152758.jpg,grade_2,sample_082,grade_2/sample_082,1,V3 Grade 2,0.53425,0.5013566666666667,0.9135,0.90205,4000,3000,1.3333333333333333,samsung,SM-A127F,3,152.50858561197916,22.66314697265625,217.63446726572528,TEST
data/raw/Pepper Berry Grading V3.yolov8/train/images/20260905_152939_jpg.rf.nSgzBA77OhALU3hOgHNJ.jpg,data/raw/Pepper Berry Grading V3.yolov8/train/labels/20260905_152939_jpg.rf.nSgzBA77OhALU3hOgHNJ.txt,train,eea9379edb1aaaa7e57226bf32e8497da39e32ff9a15b8a315d5b541ca5ca4bc,D:/work/Year - 4/pepper/project/datset reorder/grade_2/sample_082/20260905_152939.jpg,grade_2,sample_082,grade_2/sample_082,1,V3 Grade 2,0.5433333333333333,0.4911225,0.9133333333333333,0.831245,4000,3000,1.3333333333333333,samsung,SM-A127F,6,154.04656982421875,24.123270670572918,222.21514762516045,TEST
data/raw/Pepper Berry Grading V3.yolov8/train/images/20260905_153052_jpg.rf.a8pG7LQ0kYSD8CjaoxLT.jpg,data/raw/Pepper Berry Grading V3.yolov8/train/labels/20260905_153052_jpg.rf.a8pG7LQ0kYSD8CjaoxLT.txt,train,3de9144eeff6deae950080a1afd22cf15bc15543feb0d7eafb95622e2e0b5ed0,D:/work/Year - 4/pepper/project/datset reorder/grade_2/sample_082/20260905_153052.jpg,grade_2,sample_082,grade_2/sample_082,1,V3 Grade 2,0.49466666666666664,0.521385,0.8426666666666667,0.68677,4000,3000,1.3333333333333333,samsung,SM-A127F,6,149.00956217447916,22.915140787760418,194.24942233632862,TEST
data/raw/Pepper Berry Grading V3.yolov8/train/images/20260905_153209_jpg.rf.TtLGWZcT20EuXK1Dm3so.jpg,data/raw/Pepper Berry Grading V3.yolov8/train/labels/20260905_153209_jpg.rf.TtLGWZcT20EuXK1Dm3so.txt,train,973483c477d4b0da8ffc0f6d106b5a8960859254e0c9382bb53f35fdde222846,D:/work/Year - 4/pepper/project/datset reorder/grade_2/sample_081/20260905_153209.jpg,grade_2,sample_081,grade_2/sample_081,1,V3 Grade 2,0.492,0.5654933333333333,0.804,0.8136566666666666,4000,3000,1.3333333333333333,samsung,SM-A127F,3,147.34466552734375,37.44622802734375,188.23626444159177,TRAIN
data/raw/Pepper Berry Grading V3.yolov8/train/images/20260905_153240_jpg.rf.y2UcmcUB60qq2l0wyM2h.jpg,data/raw/Pepper Berry Grading V3.yolov8/train/labels/20260905_153240_jpg.rf.y2UcmcUB60qq2l0wyM2h.txt,train,39aa88b48a25b5cc6527f61046cc1e2455113c9053e450665cd909157dba61ac,D:/work/Year - 4/pepper/project/datset reorder/grade_2/sample_081/20260905_153240.jpg,grade_2,sample_081,grade_2/sample_081,1,V3 Grade 2,0.50725,0.49118999999999996,0.8495,0.9250466666666666,4000,3000,1.3333333333333333,samsung,SM-A127F,3,149.68646240234375,23.327616373697918,214.48132220795893,TRAIN
data/raw/Pepper Berry Grading V3.yolov8/train/images/20260905_153318_jpg.rf.WzQghBmSgM3hSqm2iQwe.jpg,data/raw/Pepper Berry Grading V3.yolov8/train/labels/20260905_153318_jpg.rf.WzQghBmSgM3hSqm2iQwe.txt,train,b3d7917a68439021c3a409a712fae1b8ed03cafa9ffb50bd6d10b341553fb98b,D:/work/Year - 4/pepper/project/datset reorder/grade_2/sample_081/20260905_153318.jpg,grade_2,sample_081,grade_2/sample_081,1,V3 Grade 2,0.5025,0.4727033333333333,0.705,0.88474,4000,3000,1.3333333333333333,samsung,SM-A127F,3,153.27115885416666,23.016927083333332,195.955648267009,TRAIN
data/raw/Pepper Berry Grading V3.yolov8/train/images/20260905_153358_jpg.rf.ielu97zldqvaXQv0VqYo.jpg,data/raw/Pepper Berry Grading V3.yolov8/train/labels/20260905_153358_jpg.rf.ielu97zldqvaXQv0VqYo.txt,train,8c009bd73a26222ac5c652aad09df9085854564a4422300bdacaad58a58fe1fd,D:/work/Year - 4/pepper/project/datset reorder/grade_2/sample_081/20260905_153358.jpg,grade_2,sample_081,grade_2/sample_081,1,V3 Grade 2,0.49,0.5041525,0.9266666666666666,0.6173025,4000,3000,1.3333333333333333,samsung,SM-A127F,6,148.0829060872396,17.61248779296875,188.91386392811296,TRAIN
data/raw/Pepper Berry Grading V3.yolov8/train/images/20260905_153428_jpg.rf.fCnP8v29sN2nisk7occr.jpg,data/raw/Pepper Berry Grading V3.yolov8/train/labels/20260905_153428_jpg.rf.fCnP8v29sN2nisk7occr.txt,train,f3da21cf936d611a84e3ce736a6615d458892bbe0a94f3fd141995e9428d1183,D:/work/Year - 4/pepper/project/datset reorder/grade_2/sample_080/20260905_153428.jpg,grade_2,sample_080,grade_2/sample_080,1,V3 Grade 2,0.512,0.5546,0.8773333333333333,0.8482000000000001,4000,3000,1.3333333333333333,samsung,SM-A127F,6,148.4848429361979,44.6524658203125,193.50147625160463,TRAIN
data/raw/Pepper Berry Grading V3.yolov8/train/images/20260905_153453_jpg.rf.fTi7A4Xc0qlX69WhIiVq.jpg,data/raw/Pepper Berry Grading V3.yolov8/train/labels/20260905_153453_jpg.rf.fTi7A4Xc0qlX69WhIiVq.txt,train,3e2e54563d5a8cdfc8d86d2533c0c7e7adb2c2c6eeab79a3f43562cde0988cfe,D:/work/Year - 4/pepper/project/datset reorder/grade_2/sample_080/20260905_153453.jpg,grade_2,sample_080,grade_2/sample_080,1,V3 Grade 2,0.4975,0.47653999999999996,0.885,0.8424166666666667,4000,3000,1.3333333333333333,samsung,SM-A127F,3,145.63138834635416,25.02874755859375,222.35044929396662,TRAIN
data/raw/Pepper Berry Grading V3.yolov8/train/images/20260905_153539_jpg.rf.Z0i67QJhsE6YbGbAtCOd.jpg,data/raw/Pepper Berry Grading V3.yolov8/train/labels/20260905_153539_jpg.rf.Z0i67QJhsE6YbGbAtCOd.txt,train,1aaa2a069d2d5671a03b8ee42fab8f964ec8ecf16a36ca8441f30f2ccc9287ad,D:/work/Year - 4/pepper/project/datset reorder/grade_2/sample_080/20260905_153539.jpg,grade_2,sample_080,grade_2/sample_080,1,V3 Grade 2,0.542,0.4768825,0.8706666666666667,0.7877675000000001,4000,3000,1.3333333333333333,samsung,SM-A127F,6,151.58406575520834,24.15771484375,212.56322207958922,TRAIN
data/raw/Pepper Berry Grading V3.yolov8/train/images/20260905_153632_jpg.rf.zgbltd2tGE0YiRhI8KnK.jpg,data/raw/Pepper Berry Grading V3.yolov8/train/labels/20260905_153632_jpg.rf.zgbltd2tGE0YiRhI8KnK.txt,train,b438211976505de9e8dce389bf6f60e264d481693725c8805d38236be62c8b7a,D:/work/Year - 4/pepper/project/datset reorder/grade_2/sample_080/20260905_153632.jpg,grade_2,sample_080,grade_2/sample_080,1,V3 Grade 2,0.474875,0.4925366666666666,0.71225,0.8477366666666667,4000,3000,1.3333333333333333,samsung,SM-A127F,3,148.01312255859375,18.566487630208332,205.01014120667523,TRAIN
data/raw/Pepper Berry Grading V3.yolov8/train/images/20260905_153707_jpg.rf.aiF6AqK0PTEWJhP4oIKc.jpg,data/raw/Pepper Berry Grading V3.yolov8/train/labels/20260905_153707_jpg.rf.aiF6AqK0PTEWJhP4oIKc.txt,train,7bc6b315939510f4f7a5ec0d9b1c7c630cbace11ee8f16d289aa2a82fe89049c,D:/work/Year - 4/pepper/project/datset reorder/grade_2/sample_079/20260905_153707.jpg,grade_2,sample_079,grade_2/sample_079,1,V3 Grade 2,0.471875,0.40458333333333335,0.88625,0.7118366666666668,4000,3000,1.3333333333333333,samsung,SM-A127F,3,129.41192626953125,58.48126220703125,166.6045571245186,VALIDATION
data/raw/Pepper Berry Grading V3.yolov8/train/images/20260905_154047_jpg.rf.Kjln2JoooHIx81BwGRL9.jpg,data/raw/Pepper Berry Grading V3.yolov8/train/labels/20260905_154047_jpg.rf.Kjln2JoooHIx81BwGRL9.txt,train,385216e7dc20dc8313845c723764d2c58c1f9fafb3bdafc70d25c36593f89700,D:/work/Year - 4/pepper/project/datset reorder/grade_2/sample_078/20260905_154047.jpg,grade_2,sample_078,grade_2/sample_078,1,V3 Grade 2,0.497875,0.53418,0.82825,0.8976966666666667,4000,3000,1.3333333333333333,samsung,SM-A127F,1,154.69913736979166,23.312276204427082,224.65988446726573,TRAIN
data/raw/Pepper Berry Grading V3.yolov8/train/images/20260905_154126_jpg.rf.tMOqq7WMxj1F0FwqXdlM.jpg,data/raw/Pepper Berry Grading V3.yolov8/train/labels/20260905_154126_jpg.rf.tMOqq7WMxj1F0FwqXdlM.txt,train,edd6da6734f27298df920dacb1badf1147ab5b68877457346a77895024603fde,D:/work/Year - 4/pepper/project/datset reorder/grade_2/sample_078/20260905_154126.jpg,grade_2,sample_078,grade_2/sample_078,1,V3 Grade 2,0.54,0.45539749999999996,0.88,0.7347975,4000,3000,1.3333333333333333,samsung,SM-A127F,6,160.0116984049479,25.3321533203125,213.50295250320923,TRAIN
data/raw/Pepper Berry Grading V3.yolov8/train/images/20260905_154215_jpg.rf.Zm0YGBmQz72ykphSPsVT.jpg,data/raw/Pepper Berry Grading V3.yolov8/train/labels/20260905_154215_jpg.rf.Zm0YGBmQz72ykphSPsVT.txt,train,379ac960a86e319d4d936c3f12507768c9d2790f3a2d8c2756ba7d994ddde5f5,D:/work/Year - 4/pepper/project/datset reorder/grade_2/sample_078/20260905_154215.jpg,grade_2,sample_078,grade_2/sample_078,1,V3 Grade 2,0.4886666666666667,0.524625,0.9773333333333334,0.74825,4000,3000,1.3333333333333333,samsung,SM-A127F,6,147.626953125,23.463582356770832,197.73992297817716,TRAIN
data/raw/Pepper Berry Grading V3.yolov8/train/images/20260905_154340_jpg.rf.qV4SUoPloNOuazDpR2gI.jpg,data/raw/Pepper Berry Grading V3.yolov8/train/labels/20260905_154340_jpg.rf.qV4SUoPloNOuazDpR2gI.txt,train,fcffa5dd0ab598b458c7b4b2906bebf02a510ec0300930745a8832ca6436a682,D:/work/Year - 4/pepper/project/datset reorder/grade_2/sample_077/20260905_154340.jpg,grade_2,sample_077,grade_2/sample_077,1,V3 Grade 2,0.4683333333333333,0.4768775,0.89,0.827755,4000,3000,1.3333333333333333,samsung,SM-A127F,6,151.45538330078125,26.068461100260418,212.91431322207958,TRAIN
data/raw/Pepper Berry Grading V3.yolov8/train/images/20260905_154444_jpg.rf.j9NKvVlZQE32LYxtLc7y.jpg,data/raw/Pepper Berry Grading V3.yolov8/train/labels/20260905_154444_jpg.rf.j9NKvVlZQE32LYxtLc7y.txt,train,c9f0abf5eea3dd381a2be3b6dff98596eb7a6371a4eb3d51c40c817c97febda4,D:/work/Year - 4/pepper/project/datset reorder/grade_2/sample_077/20260905_154444.jpg,grade_2,sample_077,grade_2/sample_077,1,V3 Grade 2,0.501,0.5861075,0.9153333333333333,0.7412124999999999,4000,3000,1.3333333333333333,samsung,SM-A127F,6,159.39168294270834,18.79254150390625,209.16976893453145,TRAIN
data/raw/Pepper Berry Grading V3.yolov8/train/images/20260905_154728_jpg.rf.JPzgCUIzyAp2Nkr0uOGu.jpg,data/raw/Pepper Berry Grading V3.yolov8/train/labels/20260905_154728_jpg.rf.JPzgCUIzyAp2Nkr0uOGu.txt,train,1414fa0c3e55328320c7f830ba7df29099db7d03238bc1503fe81542abf5d667,D:/work/Year - 4/pepper/project/datset reorder/grade_2/sample_076/20260905_154728.jpg,grade_2,sample_076,grade_2/sample_076,1,V3 Grade 2,0.495,0.49387000000000003,0.9166666666666666,0.84174,4000,3000,1.3333333333333333,samsung,SM-A127F,6,144.84798177083334,23.019795735677082,217.1130295250321,TRAIN
data/raw/Pepper Berry Grading V3.yolov8/train/images/20260905_154757_jpg.rf.eBdEHHDThVOXnsUCcrc7.jpg,data/raw/Pepper Berry Grading V3.yolov8/train/labels/20260905_154757_jpg.rf.eBdEHHDThVOXnsUCcrc7.txt,train,4bf3b9c94c2942183b431a8793d519480473c42656fb28303b39505e1a43b85c,D:/work/Year - 4/pepper/project/datset reorder/grade_2/sample_076/20260905_154757.jpg,grade_2,sample_076,grade_2/sample_076,1,V3 Grade 2,0.47533333333333333,0.56086,0.924,0.7757175,4000,3000,1.3333333333333333,samsung,SM-A127F,6,146.22660319010416,19.939900716145832,197.07368421052632,TRAIN
data/raw/Pepper Berry Grading V3.yolov8/train/images/20260905_154855_jpg.rf.assHmhjooYIGTzkXMdbM.jpg,data/raw/Pepper Berry Grading V3.yolov8/train/labels/20260905_154855_jpg.rf.assHmhjooYIGTzkXMdbM.txt,train,9b0ab3a1145bac2416451a32cef576c2c9581d1518bc7064e6816e8670dad438,D:/work/Year - 4/pepper/project/datset reorder/grade_2/sample_075/20260905_154855.jpg,grade_2,sample_075,grade_2/sample_075,1,V3 Grade 2,0.5396666666666666,0.5581050000000001,0.8326666666666667,0.80521,4000,3000,1.3333333333333333,samsung,SM-A127F,6,125.89170328776042,58.517862955729164,180.91643132220796,TRAIN
data/raw/Pepper Berry Grading V3.yolov8/train/images/20260905_155025_jpg.rf.cvqzucNxF2xl0jXZhErR.jpg,data/raw/Pepper Berry Grading V3.yolov8/train/labels/20260905_155025_jpg.rf.cvqzucNxF2xl0jXZhErR.txt,train,b5d053b33a26933b46fce01d7d8fd3d29f68e5a0b9044387b04f92425ae4a156,D:/work/Year - 4/pepper/project/datset reorder/grade_2/sample_075/20260905_155025.jpg,grade_2,sample_075,grade_2/sample_075,1,V3 Grade 2,0.482,0.468625,0.9106666666666666,0.85625,4000,3000,1.3333333333333333,samsung,SM-A127F,6,157.0842081705729,26.783223470052082,229.70750962772786,TRAIN
data/raw/Pepper Berry Grading V3.yolov8/train/images/20260905_155206_jpg.rf.a1RZV90zDtASRypZyVzU.jpg,data/raw/Pepper Berry Grading V3.yolov8/train/labels/20260905_155206_jpg.rf.a1RZV90zDtASRypZyVzU.txt,train,8e8c1b646132bceef44c23e8fe57e91d25bf322a6695bae108d6933b48c4fd2e,D:/work/Year - 4/pepper/project/datset reorder/grade_2/sample_075/20260905_155206.jpg,grade_2,sample_075,grade_2/sample_075,1,V3 Grade 2,0.496,0.53735,0.8986666666666666,0.8787,4000,3000,1.3333333333333333,samsung,SM-A127F,6,147.14591471354166,22.944417317708332,208.14627727856225,TRAIN
data/raw/Pepper Berry Grading V3.yolov8/train/images/20260905_155350_jpg.rf.y9A0ApyvsRYOuIOzNnPb.jpg,data/raw/Pepper Berry Grading V3.yolov8/train/labels/20260905_155350_jpg.rf.y9A0ApyvsRYOuIOzNnPb.txt,train,d7798817ff45151795edc69dd6deca9723548d8b265fdc01ef93e59bd2d62424,D:/work/Year - 4/pepper/project/datset reorder/grade_2/sample_074/20260905_155350.jpg,grade_2,sample_074,grade_2/sample_074,1,V3 Grade 2,0.442,0.556605,0.724,0.81221,4000,3000,1.3333333333333333,samsung,SM-A127F,6,139.8704630533854,50.89093017578125,189.91829268292682,TRAIN
data/raw/Pepper Berry Grading V3.yolov8/train/images/20260905_155639_jpg.rf.JXXIm7YstbA3yvlNAMuE.jpg,data/raw/Pepper Berry Grading V3.yolov8/train/labels/20260905_155639_jpg.rf.JXXIm7YstbA3yvlNAMuE.txt,train,0b432ac93f25aa6740fdaf057a427ef6b24536f58fe4b58c088747604cae0c72,D:/work/Year - 4/pepper/project/datset reorder/grade_2/sample_074/20260905_155639.jpg,grade_2,sample_074,grade_2/sample_074,1,V3 Grade 2,0.47533333333333333,0.5041325,0.9506666666666667,0.737265,4000,3000,1.3333333333333333,samsung,SM-A127F,6,150.9262898763021,25.93536376953125,204.59249037227215,TRAIN
data/raw/Pepper Berry Grading V3.yolov8/train/images/20260905_155907_jpg.rf.mCTaTmZ2x0S5AKHUi7Ck.jpg,data/raw/Pepper Berry Grading V3.yolov8/train/labels/20260905_155907_jpg.rf.mCTaTmZ2x0S5AKHUi7Ck.txt,train,5c036035949b4c38a1f0dcb71fdc15c579a96d50a7434edc8fdfd71bad6c30fa,D:/work/Year - 4/pepper/project/datset reorder/grade_2/sample_073/20260905_155907.jpg,grade_2,sample_073,grade_2/sample_073,1,V3 Grade 2,0.5366666666666666,0.498375,0.9266666666666666,0.80075,4000,3000,1.3333333333333333,samsung,SM-A127F,6,115.032958984375,37.747639973958336,169.19531450577665,TRAIN
data/raw/Pepper Berry Grading V3.yolov8/train/images/20260905_160015_jpg.rf.JMF6iA9o1pPdNzdeLONm.jpg,data/raw/Pepper Berry Grading V3.yolov8/train/labels/20260905_160015_jpg.rf.JMF6iA9o1pPdNzdeLONm.txt,train,23ca7239b08380aa2788b7f1efd28ced0928dffa45cadb366d8df3b898faab0c,D:/work/Year - 4/pepper/project/datset reorder/grade_2/sample_073/20260905_160015.jpg,grade_2,sample_073,grade_2/sample_073,1,V3 Grade 2,0.456,0.56414,0.8986666666666666,0.5772775,4000,3000,1.3333333333333333,samsung,SM-A127F,6,152.186767578125,23.41986083984375,181.2028241335045,TRAIN
data/raw/Pepper Berry Grading V3.yolov8/train/images/20260905_160059_jpg.rf.o6Idt7v9cyAWlOnNeLaI.jpg,data/raw/Pepper Berry Grading V3.yolov8/train/labels/20260905_160059_jpg.rf.o6Idt7v9cyAWlOnNeLaI.txt,train,060064619c9627978d46bc7112af8f0e1ad08c6e630bd89652dcfd775c72771e,D:/work/Year - 4/pepper/project/datset reorder/grade_2/sample_072/20260905_160059.jpg,grade_2,sample_072,grade_2/sample_072,1,V3 Grade 2,0.5176666666666667,0.5503574999999999,0.8553333333333333,0.8047150000000001,4000,3000,1.3333333333333333,samsung,SM-A127F,6,125.57108561197917,60.727335611979164,170.48504492939665,VALIDATION
data/raw/Pepper Berry Grading V3.yolov8/train/images/20260905_160203_jpg.rf.oAlhtgqXgBAl1896uXBC.jpg,data/raw/Pepper Berry Grading V3.yolov8/train/labels/20260905_160203_jpg.rf.oAlhtgqXgBAl1896uXBC.txt,train,e9765a3625b00a2e95daae306f6a3c7cfdd8a87ece5d1509759a342b03d705c2,D:/work/Year - 4/pepper/project/datset reorder/grade_2/sample_072/20260905_160203.jpg,grade_2,sample_072,grade_2/sample_072,1,V3 Grade 2,0.5116666666666667,0.5211125,0.9766666666666667,0.831225,4000,3000,1.3333333333333333,samsung,SM-A127F,6,147.7436726888021,27.337178548177082,217.51187419768934,VALIDATION
data/raw/Pepper Berry Grading V3.yolov8/train/images/20260905_160257_jpg.rf.xg8x14DK4IZ16cZ4FW6i.jpg,data/raw/Pepper Berry Grading V3.yolov8/train/labels/20260905_160257_jpg.rf.xg8x14DK4IZ16cZ4FW6i.txt,train,0bb8353338d90275e381669f0ff1ee0baa1afc06cb05d7ba948dc0963ce36009,D:/work/Year - 4/pepper/project/datset reorder/grade_2/sample_072/20260905_160257.jpg,grade_2,sample_072,grade_2/sample_072,1,V3 Grade 2,0.49633333333333335,0.5676,0.9193333333333333,0.8142024999999999,4000,3000,1.3333333333333333,samsung,SM-A127F,6,150.23050944010416,23.2249755859375,215.356161745828,VALIDATION
data/raw/Pepper Berry Grading V3.yolov8/train/images/20260905_160455_jpg.rf.pTIY7NSQe1W41O7UGMg8.jpg,data/raw/Pepper Berry Grading V3.yolov8/train/labels/20260905_160455_jpg.rf.pTIY7NSQe1W41O7UGMg8.txt,train,a8e0ef4e1af469cf4251c72049efa19b020639f6540e0a45839497d1cf55f62b,D:/work/Year - 4/pepper/project/datset reorder/grade_2/sample_071/20260905_160455.jpg,grade_2,sample_071,grade_2/sample_071,1,V3 Grade 2,0.42433333333333334,0.5878450000000001,0.802,0.80969,4000,3000,1.3333333333333333,samsung,SM-A127F,6,128.0108642578125,57.485066731770836,168.00661103979462,TRAIN
data/raw/Pepper Berry Grading V3.yolov8/train/images/20260905_160615_jpg.rf.KXBspkNKCfUbHRGSiAjJ.jpg,data/raw/Pepper Berry Grading V3.yolov8/train/labels/20260905_160615_jpg.rf.KXBspkNKCfUbHRGSiAjJ.txt,train,a87ab3e7ee6dce0fb2fd856efcf816bb051246dbf8c8df442cf31cb844d01e4e,D:/work/Year - 4/pepper/project/datset reorder/grade_2/sample_071/20260905_160615.jpg,grade_2,sample_071,grade_2/sample_071,1,V3 Grade 2,0.5033333333333333,0.48487,0.9933333333333333,0.8637374999999999,4000,3000,1.3333333333333333,samsung,SM-A127F,8,152.1123046875,25.053120930989582,223.20609756097562,TRAIN
data/raw/Pepper Berry Grading V3.yolov8/train/images/20260905_160703_jpg.rf.dMmGjQrS0lQXvfry46fB.jpg,data/raw/Pepper Berry Grading V3.yolov8/train/labels/20260905_160703_jpg.rf.dMmGjQrS0lQXvfry46fB.txt,train,230a556e6f4667df839286cbda3bcab675efc7ceeae0f3231074ca8c7c41d701,D:/work/Year - 4/pepper/project/datset reorder/grade_2/sample_071/20260905_160703.jpg,grade_2,sample_071,grade_2/sample_071,1,V3 Grade 2,0.53,0.5231125,0.94,0.8352225,4000,3000,1.3333333333333333,samsung,SM-A127F,6,151.32478841145834,25.20989990234375,222.2581514762516,TRAIN
data/raw/Pepper Berry Grading V3.yolov8/train/images/20260905_161010_jpg.rf.uCvqHSFFJrzPLtdKwLee.jpg,data/raw/Pepper Berry Grading V3.yolov8/train/labels/20260905_161010_jpg.rf.uCvqHSFFJrzPLtdKwLee.txt,train,edf69abac1cb9e1346854491c2a6fd29d803bdf508b88f7762f8c9d356cf200f,D:/work/Year - 4/pepper/project/datset reorder/grade_2/sample_070/20260905_161010.jpg,grade_2,sample_070,grade_2/sample_070,1,V3 Grade 2,0.386125,0.4333966666666667,0.74975,0.7927933333333333,4000,3000,1.3333333333333333,samsung,SM-A127F,3,121.21219889322917,62.537740071614586,160.5377406931964,TRAIN
data/raw/Pepper Berry Grading V3.yolov8/train/images/20260905_161344_jpg.rf.WfJbo7K7MiocGHQmV3Bt.jpg,data/raw/Pepper Berry Grading V3.yolov8/train/labels/20260905_161344_jpg.rf.WfJbo7K7MiocGHQmV3Bt.txt,train,7df27f46c312aed009bfa6e83f45e55cb9cf151eacf697ffbe5b76e8abc37c3a,D:/work/Year - 4/pepper/project/datset reorder/grade_2/sample_070/20260905_161344.jpg,grade_2,sample_070,grade_2/sample_070,1,V3 Grade 2,0.49833333333333335,0.496375,0.9633333333333334,0.7967525000000001,4000,3000,1.3333333333333333,samsung,SM-A127F,6,150.7276814778646,25.098714192708332,214.42124518613608,TRAIN
data/raw/Pepper Berry Grading V3.yolov8/train/images/20260905_171233_jpg.rf.Ryy4nEFgDRLEXFHReFcw.jpg,data/raw/Pepper Berry Grading V3.yolov8/train/labels/20260905_171233_jpg.rf.Ryy4nEFgDRLEXFHReFcw.txt,train,6ac6b4cfda50d2dbc7629788d2f9454236ab0527ebe176c8984429a837aec253,D:/work/Year - 4/pepper/project/datset reorder/grade_2/sample_069/20260905_171233.jpg,grade_2,sample_069,grade_2/sample_069,1,V3 Grade 2,0.5036666666666667,0.48638,0.974,0.7967575,4000,3000,1.3333333333333333,samsung,SM-A127F,6,152.75638834635416,21.952962239583332,218.6293324775353,TRAIN
data/raw/Pepper Berry Grading V3.yolov8/train/images/20260905_171311_jpg.rf.cx9nbND3rOSgB80gvCY0.jpg,data/raw/Pepper Berry Grading V3.yolov8/train/labels/20260905_171311_jpg.rf.cx9nbND3rOSgB80gvCY0.txt,train,7f6e89ef6d99e326d9632d9fec3189c340519ea8105413919dc3671d8f4838dc,D:/work/Year - 4/pepper/project/datset reorder/grade_2/sample_069/20260905_171311.jpg,grade_2,sample_069,grade_2/sample_069,1,V3 Grade 2,0.4553333333333333,0.48138,0.884,0.8067575,4000,3000,1.3333333333333333,samsung,SM-A127F,6,150.56160481770834,24.640055338541668,219.62573812580231,TRAIN
data/raw/Pepper Berry Grading V3.yolov8/train/images/20260905_171403_jpg.rf.SF5huOntGR1tabi1ikOk.jpg,data/raw/Pepper Berry Grading V3.yolov8/train/labels/20260905_171403_jpg.rf.SF5huOntGR1tabi1ikOk.txt,train,4d1011b7177ccc941db47199e8f18f66a645c6de506d2f210dca9fcb8f830b6a,D:/work/Year - 4/pepper/project/datset reorder/grade_2/sample_069/20260905_171403.jpg,grade_2,sample_069,grade_2/sample_069,1,V3 Grade 2,0.504,0.523365,0.9146666666666666,0.8107300000000001,4000,3000,1.3333333333333333,samsung,SM-A127F,6,152.36212158203125,27.742228190104168,212.1139922978177,TRAIN
data/raw/Pepper Berry Grading V3.yolov8/train/images/20260905_171635_jpg.rf.WfmDbvpp9JRBH5iNZwzq.jpg,data/raw/Pepper Berry Grading V3.yolov8/train/labels/20260905_171635_jpg.rf.WfmDbvpp9JRBH5iNZwzq.txt,train,67ded9c17dd7b3182812402bf4fd3908f3612e74d4f73b7d23a26d4c3740e3ff,D:/work/Year - 4/pepper/project/datset reorder/grade_2/sample_068/20260905_171635.jpg,grade_2,sample_068,grade_2/sample_068,1,V3 Grade 2,0.4806666666666667,0.48588,0.908,0.7857625,4000,3000,1.3333333333333333,samsung,SM-A127F,6,156.6603800455729,26.231709798177082,224.79204107830552,TEST
data/raw/Pepper Berry Grading V3.yolov8/train/images/20260905_171712_jpg.rf.ofStKbW2BfVepQYl3mbK.jpg,data/raw/Pepper Berry Grading V3.yolov8/train/labels/20260905_171712_jpg.rf.ofStKbW2BfVepQYl3mbK.txt,train,08dcb07c3a8aae3b671652ce0cbe9e1f6e6fff9087678deeec1f2b5dea4af283,D:/work/Year - 4/pepper/project/datset reorder/grade_2/sample_068/20260905_171712.jpg,grade_2,sample_068,grade_2/sample_068,1,V3 Grade 2,0.4766666666666667,0.53513,0.9,0.6992575000000001,4000,3000,1.3333333333333333,samsung,SM-A127F,6,154.5433349609375,26.597493489583332,201.87695763799744,TEST
data/raw/Pepper Berry Grading V3.yolov8/train/images/20260905_171843_jpg.rf.RKdBriK1l7mCxoMP35aN.jpg,data/raw/Pepper Berry Grading V3.yolov8/train/labels/20260905_171843_jpg.rf.RKdBriK1l7mCxoMP35aN.txt,train,79d2573436164dcc05dd57866eea19ba119be449e943aa8c03cf6c816a7ae944,D:/work/Year - 4/pepper/project/datset reorder/grade_2/sample_067/20260905_171843.jpg,grade_2,sample_067,grade_2/sample_067,1,V3 Grade 2,0.5226666666666666,0.45688249999999997,0.952,0.8277675,4000,3000,1.3333333333333333,samsung,SM-A127F,6,151.35306803385416,26.98052978515625,219.2324133504493,TRAIN
data/raw/Pepper Berry Grading V3.yolov8/train/images/20260905_171931_jpg.rf.puxa9AVxVlHeOkwtSKiL.jpg,data/raw/Pepper Berry Grading V3.yolov8/train/labels/20260905_171931_jpg.rf.puxa9AVxVlHeOkwtSKiL.txt,train,418c2446a14c22d5bb10ab76384fca71b8ad445be5ccb05e2fb69c49201f2496,D:/work/Year - 4/pepper/project/datset reorder/grade_2/sample_067/20260905_171931.jpg,grade_2,sample_067,grade_2/sample_067,1,V3 Grade 2,0.47333333333333333,0.491905,0.88,0.61781,4000,3000,1.3333333333333333,samsung,SM-A127F,6,147.70808919270834,17.341817220052082,194.06835686777922,TRAIN
data/raw/Pepper Berry Grading V3.yolov8/train/images/20260905_172004_jpg.rf.JP667q73yoAxPSug6RGu.jpg,data/raw/Pepper Berry Grading V3.yolov8/train/labels/20260905_172004_jpg.rf.JP667q73yoAxPSug6RGu.txt,train,9f9154643404b125f39ea54c40403278f35c17e93ddda56a8513ac737574c99b,D:/work/Year - 4/pepper/project/datset reorder/grade_2/sample_066/20260905_172004.jpg,grade_2,sample_066,grade_2/sample_066,1,V3 Grade 2,0.5613333333333334,0.496855,0.8426666666666667,0.92771,4000,3000,1.3333333333333333,samsung,SM-A127F,6,143.541259765625,42.396525065104164,193.59775353016687,TRAIN
data/raw/Pepper Berry Grading V3.yolov8/train/images/20260905_172042_jpg.rf.abxir3ZbVWFopST1YTU3.jpg,data/raw/Pepper Berry Grading V3.yolov8/train/labels/20260905_172042_jpg.rf.abxir3ZbVWFopST1YTU3.txt,train,b51b640c90830fbc7f4d4f390ecb61da9e0288be0f438915735106cda95380b5,D:/work/Year - 4/pepper/project/datset reorder/grade_2/sample_066/20260905_172042.jpg,grade_2,sample_066,grade_2/sample_066,1,V3 Grade 2,0.5226666666666666,0.55137,0.8986666666666666,0.72674,4000,3000,1.3333333333333333,samsung,SM-A127F,6,153.94976806640625,15.799947102864584,207.90879332477536,TRAIN
data/raw/Pepper Berry Grading V3.yolov8/train/images/20260905_172123_jpg.rf.ia6Sxdojh8CjPtPyplJo.jpg,data/raw/Pepper Berry Grading V3.yolov8/train/labels/20260905_172123_jpg.rf.ia6Sxdojh8CjPtPyplJo.txt,train,e142c73ec9022f849fe1e739173f53051bce03c1b5b85fa647cfc87fd302da3b,D:/work/Year - 4/pepper/project/datset reorder/grade_2/sample_066/20260905_172123.jpg,grade_2,sample_066,grade_2/sample_066,1,V3 Grade 2,0.476,0.5211275000000001,0.9386666666666666,0.7312575,4000,3000,1.3333333333333333,samsung,SM-A127F,6,151.6695760091146,16.652872721354168,211.9885109114249,TRAIN
data/raw/Pepper Berry Grading V3.yolov8/train/images/20260905_172215_jpg.rf.Us5gHeQBvyZNPasq5LEK.jpg,data/raw/Pepper Berry Grading V3.yolov8/train/labels/20260905_172215_jpg.rf.Us5gHeQBvyZNPasq5LEK.txt,train,544b43694d4e04aeb43e46ecf8caed92e049899e9c436d41e6de11897a455d89,D:/work/Year - 4/pepper/project/datset reorder/grade_2/sample_066/20260905_172215.jpg,grade_2,sample_066,grade_2/sample_066,1,V3 Grade 2,0.4885,0.44188000000000005,0.667,0.8797600000000001,4000,3000,1.3333333333333333,samsung,SM-A127F,3,146.9094441731771,17.6121826171875,185.63485237483954,TRAIN
data/raw/Pepper Berry Grading V3.yolov8/train/images/20260905_172307_jpg.rf.UgsOiRMwRYqUQuxdKygJ.jpg,data/raw/Pepper Berry Grading V3.yolov8/train/labels/20260905_172307_jpg.rf.UgsOiRMwRYqUQuxdKygJ.txt,train,55443e50fcd765d08ccf4cf137b4a99424921288add9d33c24198e031060b655,D:/work/Year - 4/pepper/project/datset reorder/grade_2/sample_065/20260905_172307.jpg,grade_2,sample_065,grade_2/sample_065,1,V3 Grade 2,0.4806666666666667,0.5441174999999999,0.6413333333333333,0.757235,4000,3000,1.3333333333333333,samsung,SM-A127F,6,126.10752360026042,65.77191162109375,167.5033376123235,TRAIN
data/raw/Pepper Berry Grading V3.yolov8/train/images/20260905_172521_jpg.rf.yeOFQCkBhKpNMBv8qCgD.jpg,data/raw/Pepper Berry Grading V3.yolov8/train/labels/20260905_172521_jpg.rf.yeOFQCkBhKpNMBv8qCgD.txt,train,fb8f31640537e9527b0224b4f5a3bec66d99d146215d612d59fd99dbe10b1ac5,D:/work/Year - 4/pepper/project/datset reorder/grade_2/sample_065/20260905_172521.jpg,grade_2,sample_065,grade_2/sample_065,1,V3 Grade 2,0.496,0.47488749999999996,0.952,0.763775,4000,3000,1.3333333333333333,samsung,SM-A127F,6,149.8777872721354,27.342305501302082,203.31919127086007,TRAIN
data/raw/Pepper Berry Grading V3.yolov8/train/images/20260905_172557_jpg.rf.fnSJ0FRt1tvzzDXLs385.jpg,data/raw/Pepper Berry Grading V3.yolov8/train/labels/20260905_172557_jpg.rf.fnSJ0FRt1tvzzDXLs385.txt,train,6135db0e7d7b7b8af7c7a2190d196b1e32974fcc7b0c3e8c661a794a78c5cc1b,D:/work/Year - 4/pepper/project/datset reorder/grade_2/sample_064/20260905_172557.jpg,grade_2,sample_064,grade_2/sample_064,1,V3 Grade 2,0.44533333333333336,0.595345,0.8773333333333333,0.79469,4000,3000,1.3333333333333333,samsung,SM-A127F,6,125.70025634765625,66.30322265625,164.08337612323493,TEST
data/raw/Pepper Berry Grading V3.yolov8/train/images/20260905_172642_jpg.rf.fj9JB1tRxEZoVfaTSfRw.jpg,data/raw/Pepper Berry Grading V3.yolov8/train/labels/20260905_172642_jpg.rf.fj9JB1tRxEZoVfaTSfRw.txt,train,da7e46f7d618248511d7cef42ecaec085f6b8670fe2eb40fe63a8407e3becdcc,D:/work/Year - 4/pepper/project/datset reorder/grade_2/sample_064/20260905_172642.jpg,grade_2,sample_064,grade_2/sample_064,1,V3 Grade 2,0.49166666666666664,0.5421425000000001,0.87,0.5932875,4000,3000,1.3333333333333333,samsung,SM-A127F,6,153.78045654296875,22.120646158854168,198.2657894736842,TEST
data/raw/Pepper Berry Grading V3.yolov8/train/images/20260905_172728_jpg.rf.oYSvf4nbRTt6sSUQsMrN.jpg,data/raw/Pepper Berry Grading V3.yolov8/train/labels/20260905_172728_jpg.rf.oYSvf4nbRTt6sSUQsMrN.txt,train,578e170f46428ea931fc10203a4b2528d9347c2da8380dafe8b204c785e44ced,D:/work/Year - 4/pepper/project/datset reorder/grade_2/sample_064/20260905_172728.jpg,grade_2,sample_064,grade_2/sample_064,1,V3 Grade 2,0.5066666666666667,0.5151224999999999,0.9866666666666667,0.779245,4000,3000,1.3333333333333333,samsung,SM-A127F,6,154.43876139322916,25.35595703125,219.73356867779205,TEST
data/raw/Pepper Berry Grading V3.yolov8/train/images/20260905_172803_jpg.rf.L5B4IgaQe5qhy46iUvSE.jpg,data/raw/Pepper Berry Grading V3.yolov8/train/labels/20260905_172803_jpg.rf.L5B4IgaQe5qhy46iUvSE.txt,train,9c21cc36b840f41d5fbfd83a44da7c84dfbe4d13b6dae9f0c4bdd52ccef95358,D:/work/Year - 4/pepper/project/datset reorder/grade_2/sample_064/20260905_172803.jpg,grade_2,sample_064,grade_2/sample_064,1,V3 Grade 2,0.443375,0.4930366666666666,0.79925,0.8387399999999999,4000,3000,1.3333333333333333,samsung,SM-A127F,3,149.77522786458334,29.293172200520832,202.62560975609756,TEST
data/raw/Pepper Berry Grading V3.yolov8/train/images/20260905_172852_jpg.rf.PCyafOiV3mziw2G24j3V.jpg,data/raw/Pepper Berry Grading V3.yolov8/train/labels/20260905_172852_jpg.rf.PCyafOiV3mziw2G24j3V.txt,train,5126c8acb0a6bb4f9683494860c53cd0d30e81979b592e72b2d98dd0453be34a,D:/work/Year - 4/pepper/project/datset reorder/grade_2/sample_063/20260905_172852.jpg,grade_2,sample_063,grade_2/sample_063,1,V3 Grade 2,0.5383333333333333,0.5243775,0.83,0.732755,4000,3000,1.3333333333333333,samsung,SM-A127F,6,134.28631591796875,65.8779296875,172.58331193838254,TEST
data/raw/Pepper Berry Grading V3.yolov8/train/images/20260905_173021_jpg.rf.Izef7p5LmnMPCeymzPFr.jpg,data/raw/Pepper Berry Grading V3.yolov8/train/labels/20260905_173021_jpg.rf.Izef7p5LmnMPCeymzPFr.txt,train,c1b4420853c0ba0fd0939d66f0158168a638f2d4661bb213d3ddc6428e111679,D:/work/Year - 4/pepper/project/datset reorder/grade_2/sample_063/20260905_173021.jpg,grade_2,sample_063,grade_2/sample_063,1,V3 Grade 2,0.45775,0.4468766666666667,0.7005,0.8937533333333334,4000,3000,1.3333333333333333,samsung,SM-A127F,3,149.41703287760416,18.570271809895832,202.55070603337612,TEST
data/raw/Pepper Berry Grading V3.yolov8/train/images/20260905_173114_jpg.rf.namC2roRaC3ETeLUVNsa.jpg,data/raw/Pepper Berry Grading V3.yolov8/train/labels/20260905_173114_jpg.rf.namC2roRaC3ETeLUVNsa.txt,train,4cb7a36fe6dd3ac7a15ed90029cd8c9a39865ec59ce3f8de965dafeeb84a365f,D:/work/Year - 4/pepper/project/datset reorder/grade_2/sample_063/20260905_173114.jpg,grade_2,sample_063,grade_2/sample_063,1,V3 Grade 2,0.49333333333333335,0.5456275,0.8666666666666667,0.690255,4000,3000,1.3333333333333333,samsung,SM-A127F,6,147.48307291666666,25.06646728515625,185.34993581514763,TEST
data/raw/Pepper Berry Grading V3.yolov8/train/images/20260905_173319_jpg.rf.waQ064YlteVhYFbJQpiv.jpg,data/raw/Pepper Berry Grading V3.yolov8/train/labels/20260905_173319_jpg.rf.waQ064YlteVhYFbJQpiv.txt,train,4bb8e709487d529b87f0cf68fd4fb1fbf58e9c0a17b84564e4f580dbcf2b1761,D:/work/Year - 4/pepper/project/datset reorder/grade_2/sample_062/20260905_173319.jpg,grade_2,sample_062,grade_2/sample_062,1,V3 Grade 2,0.505,0.5288849999999999,0.8433333333333334,0.67177,4000,3000,1.3333333333333333,samsung,SM-A127F,6,149.81866455078125,16.14556884765625,199.75795892169447,TRAIN
data/raw/Pepper Berry Grading V3.yolov8/train/images/20260905_173641_jpg.rf.hEBxwghYGaEMUN0YDdAl.jpg,data/raw/Pepper Berry Grading V3.yolov8/train/labels/20260905_173641_jpg.rf.hEBxwghYGaEMUN0YDdAl.txt,train,303adbe0a8cc5d2f50035abf5b556d3c975fe7e6a5c97b10c6c89e2ae517b760,D:/work/Year - 4/pepper/project/datset reorder/grade_2/sample_061/20260905_173641.jpg,grade_2,sample_061,grade_2/sample_061,1,V3 Grade 2,0.492,0.4788925,0.8106666666666666,0.7317825,4000,3000,1.3333333333333333,samsung,SM-A127F,6,147.40362548828125,50.024820963541664,190.4035301668806,VALIDATION
data/raw/Pepper Berry Grading V3.yolov8/train/images/20260905_173716_jpg.rf.irfwqVfBJNrOu4BjK9NU.jpg,data/raw/Pepper Berry Grading V3.yolov8/train/labels/20260905_173716_jpg.rf.irfwqVfBJNrOu4BjK9NU.txt,train,1ecc8c076f1dd69b1106951962ccf1380341a0788073cc732c1707cbae2fcb29,D:/work/Year - 4/pepper/project/datset reorder/grade_2/sample_061/20260905_173716.jpg,grade_2,sample_061,grade_2/sample_061,1,V3 Grade 2,0.52,0.5286275,0.96,0.7162575000000001,4000,3000,1.3333333333333333,samsung,SM-A127F,6,153.00679524739584,16.683024088541668,218.68459563543004,VALIDATION
data/raw/Pepper Berry Grading V3.yolov8/train/images/20260905_174138_jpg.rf.P7vXBT2GRT0gSEaxfL0f.jpg,data/raw/Pepper Berry Grading V3.yolov8/train/labels/20260905_174138_jpg.rf.P7vXBT2GRT0gSEaxfL0f.txt,train,ab7226433ded4cc4e56e362af4a368ee483662926fcef01b3ec8aac811cb4f2e,D:/work/Year - 4/pepper/project/datset reorder/grade_2/sample_060/20260905_174138.jpg,grade_2,sample_060,grade_2/sample_060,1,V3 Grade 2,0.45566666666666666,0.5776,0.798,0.7942025,4000,3000,1.3333333333333333,samsung,SM-A127F,6,140.62005615234375,45.268229166666664,180.49775353016688,TRAIN
data/raw/Pepper Berry Grading V3.yolov8/train/images/20260905_174217_jpg.rf.T1a8IohUZhxHQ0ncDCVR.jpg,data/raw/Pepper Berry Grading V3.yolov8/train/labels/20260905_174217_jpg.rf.T1a8IohUZhxHQ0ncDCVR.txt,train,591d9d6695f87d62977e38e432beec55a3994cc879f5ca498e9cf5ecf0f12269,D:/work/Year - 4/pepper/project/datset reorder/grade_2/sample_060/20260905_174217.jpg,grade_2,sample_060,grade_2/sample_060,1,V3 Grade 2,0.4826666666666667,0.4474075,0.872,0.6988125,4000,3000,1.3333333333333333,samsung,SM-A127F,6,150.52872721354166,15.479695638020834,204.2231707317073,TRAIN
data/raw/Pepper Berry Grading V3.yolov8/train/images/20260905_174257_jpg.rf.YyFQXl2mi0Wbf4JumViQ.jpg,data/raw/Pepper Berry Grading V3.yolov8/train/labels/20260905_174257_jpg.rf.YyFQXl2mi0Wbf4JumViQ.txt,train,f10dcb83408dbd0bc38fbd6c7bafdc868d4036b3e9bade6408560077a4a0f3ba,D:/work/Year - 4/pepper/project/datset reorder/grade_2/sample_060/20260905_174257.jpg,grade_2,sample_060,grade_2/sample_060,1,V3 Grade 2,0.5076666666666667,0.51689,0.8753333333333333,0.6677799999999999,4000,3000,1.3333333333333333,samsung,SM-A127F,6,148.27836100260416,15.626749674479166,189.54480102695763,TRAIN
data/raw/Pepper Berry Grading V3.yolov8/train/images/20260905_174431_jpg.rf.uSeqJznQnv7nvpdy4uYO.jpg,data/raw/Pepper Berry Grading V3.yolov8/train/labels/20260905_174431_jpg.rf.uSeqJznQnv7nvpdy4uYO.txt,train,0e1b3c871c01b9cc68021c01ea8257cc894f8e3cdda08d8309e458dc84a69c73,D:/work/Year - 4/pepper/project/datset reorder/grade_2/sample_059/20260905_174431.jpg,grade_2,sample_059,grade_2/sample_059,1,V3 Grade 2,0.45766666666666667,0.5828675,0.762,0.679735,4000,3000,1.3333333333333333,samsung,SM-A127F,6,140.7283732096354,56.7086181640625,171.79813863928112,TRAIN
data/raw/Pepper Berry Grading V3.yolov8/train/images/20260905_174455_jpg.rf.KvaaRJKLw9Eawp6uodsK.jpg,data/raw/Pepper Berry Grading V3.yolov8/train/labels/20260905_174455_jpg.rf.KvaaRJKLw9Eawp6uodsK.txt,train,2079091e1960ff73c23dcb7250f4277e307e3a56fc158823f1ad804f60fcbf0c,D:/work/Year - 4/pepper/project/datset reorder/grade_2/sample_059/20260905_174455.jpg,grade_2,sample_059,grade_2/sample_059,1,V3 Grade 2,0.5516666666666666,0.45466,0.8966666666666666,0.6683175,4000,3000,1.3333333333333333,samsung,SM-A127F,6,147.7829386393229,14.896647135416666,190.9058408215661,TRAIN
data/raw/Pepper Berry Grading V3.yolov8/train/images/20260905_174535_jpg.rf.KjLc22JIxt4RGvOLF09C.jpg,data/raw/Pepper Berry Grading V3.yolov8/train/labels/20260905_174535_jpg.rf.KjLc22JIxt4RGvOLF09C.txt,train,3972fedece24a4808536eb32679a21a02f499cc861aabe6bfb58a9ea9822b5be,D:/work/Year - 4/pepper/project/datset reorder/grade_2/sample_059/20260905_174535.jpg,grade_2,sample_059,grade_2/sample_059,1,V3 Grade 2,0.521,0.5073875,0.8753333333333333,0.6987749999999999,4000,3000,1.3333333333333333,samsung,SM-A127F,6,149.81595865885416,15.545369466145834,205.64242618741977,TRAIN
data/raw/Pepper Berry Grading V3.yolov8/train/images/20260905_174826_jpg.rf.S9GTNG7xGJkv1Wu6c45a.jpg,data/raw/Pepper Berry Grading V3.yolov8/train/labels/20260905_174826_jpg.rf.S9GTNG7xGJkv1Wu6c45a.txt,train,1f9a14118c7a4134df6e4dd53935aa389cfe18153a3a187ea40c1bca68337704,D:/work/Year - 4/pepper/project/datset reorder/grade_2/sample_058/20260905_174826.jpg,grade_2,sample_058,grade_2/sample_058,1,V3 Grade 2,0.50925,0.37992,0.6235,0.7558366666666667,4000,3000,1.3333333333333333,samsung,SM-A127F,3,141.26420084635416,35.67742919921875,172.35802310654685,TEST
data/raw/Pepper Berry Grading V3.yolov8/train/images/20260905_174924_jpg.rf.UzxbDBfW2pZUXElW6uE2.jpg,data/raw/Pepper Berry Grading V3.yolov8/train/labels/20260905_174924_jpg.rf.UzxbDBfW2pZUXElW6uE2.txt,train,55c96da88325491fa6c63392a8be3c3f63a8efebf5c635e81b18918825ebf4ae,D:/work/Year - 4/pepper/project/datset reorder/grade_2/sample_058/20260905_174924.jpg,grade_2,sample_058,grade_2/sample_058,1,V3 Grade 2,0.514,0.4806275,0.868,0.820255,4000,3000,1.3333333333333333,samsung,SM-A127F,6,153.069091796875,15.877665201822916,223.26598202824132,TEST
data/raw/Pepper Berry Grading V3.yolov8/train/images/20260905_175009_jpg.rf.V1f5vCMfq9ne9f6ajLLx.jpg,data/raw/Pepper Berry Grading V3.yolov8/train/labels/20260905_175009_jpg.rf.V1f5vCMfq9ne9f6ajLLx.txt,train,67b4e2325d419e2a471a5557d03921804dff9a41f0b71c78f6389a5f27e0922d,D:/work/Year - 4/pepper/project/datset reorder/grade_2/sample_058/20260905_175009.jpg,grade_2,sample_058,grade_2/sample_058,1,V3 Grade 2,0.5126666666666667,0.4648825,0.9186666666666666,0.8237625000000001,4000,3000,1.3333333333333333,samsung,SM-A127F,6,157.26765950520834,15.3292236328125,222.35365853658536,TEST
data/raw/Pepper Berry Grading V3.yolov8/train/images/20260905_175116_jpg.rf.ksr2utFBm6TdiXt1iwpU.jpg,data/raw/Pepper Berry Grading V3.yolov8/train/labels/20260905_175116_jpg.rf.ksr2utFBm6TdiXt1iwpU.txt,train,87b2ffd5e9a7e5faba7516c1537cc38e83b5d4a9fbd4463726b3900db328d81c,D:/work/Year - 4/pepper/project/datset reorder/grade_2/sample_058/20260905_175116.jpg,grade_2,sample_058,grade_2/sample_058,1,V3 Grade 2,0.5216666666666666,0.58037,0.9433333333333334,0.66474,4000,3000,1.3333333333333333,samsung,SM-A127F,6,144.31901041666666,15.586263020833334,183.70436456996148,TEST
data/raw/Pepper Berry Grading V3.yolov8/train/images/20260905_175406_jpg.rf.OP7z7JB2UohPivSFlgzS.jpg,data/raw/Pepper Berry Grading V3.yolov8/train/labels/20260905_175406_jpg.rf.OP7z7JB2UohPivSFlgzS.txt,train,41e8993df810a5aa07de2aaebf95a67a22c976958e27b21316130703da125382,D:/work/Year - 4/pepper/project/datset reorder/grade_2/sample_057/20260905_175406.jpg,grade_2,sample_057,grade_2/sample_057,1,V3 Grade 2,0.426,0.52989,0.7453333333333333,0.6337825,4000,3000,1.3333333333333333,samsung,SM-A127F,6,147.63899739583334,65.17317708333333,186.65693196405647,VALIDATION
data/raw/Pepper Berry Grading V3.yolov8/train/images/20260905_175558_jpg.rf.arwryZKJILMagFezGJl3.jpg,data/raw/Pepper Berry Grading V3.yolov8/train/labels/20260905_175558_jpg.rf.arwryZKJILMagFezGJl3.txt,train,84967dab3275faf88e5add7d8f28ffdd96b998a139a7c38eb2e5913b5a3fefb6,D:/work/Year - 4/pepper/project/datset reorder/grade_2/sample_057/20260905_175558.jpg,grade_2,sample_057,grade_2/sample_057,1,V3 Grade 2,0.44566666666666666,0.494405,0.8446666666666667,0.61281,4000,3000,1.3333333333333333,samsung,SM-A127F,6,149.82173665364584,16.087443033854168,194.27336328626444,VALIDATION
data/raw/Pepper Berry Grading V3.yolov8/train/images/20260905_175637_jpg.rf.uY22HdsksvQZZaDFr88e.jpg,data/raw/Pepper Berry Grading V3.yolov8/train/labels/20260905_175637_jpg.rf.uY22HdsksvQZZaDFr88e.txt,train,40b5efbf0722375424bac080859deae1e20d522b4adb592087021ed8255b9d99,D:/work/Year - 4/pepper/project/datset reorder/grade_2/sample_057/20260905_175637.jpg,grade_2,sample_057,grade_2/sample_057,1,V3 Grade 2,0.5003333333333333,0.6226174999999999,0.9273333333333333,0.6042325,4000,3000,1.3333333333333333,samsung,SM-A127F,6,140.4847208658854,15.14276123046875,168.5060975609756,VALIDATION
data/raw/Pepper Berry Grading V3.yolov8/valid/images/20260508_152214_jpg.rf.7D9bu9URGieXvmUCXXxJ.jpg,data/raw/Pepper Berry Grading V3.yolov8/valid/labels/20260508_152214_jpg.rf.7D9bu9URGieXvmUCXXxJ.txt,valid,1aebc135d0b07c99880e32153e97f90c6f36be7b988ce956e11d1305c273b3e5,D:/work/Year - 4/pepper/project/datset reorder/grade_1/sample_001/20260508_152214.jpg,grade_1,sample_001,grade_1/sample_001,0,V3 Grade 1,0.5013333333333333,0.483115,0.9893333333333333,0.89523,4000,3000,1.3333333333333333,samsung,SM-A127F,6,152.06463623046875,14.372599283854166,213.64377406931965,VALIDATION
data/raw/Pepper Berry Grading V3.yolov8/valid/images/20260508_152537_jpg.rf.78cm5HsfXttYzStcBj3M.jpg,data/raw/Pepper Berry Grading V3.yolov8/valid/labels/20260508_152537_jpg.rf.78cm5HsfXttYzStcBj3M.txt,valid,6b2aefe96c41a7bb3af45a6e71b4069571c5a21287ce4c8145c394532cd59248,D:/work/Year - 4/pepper/project/datset reorder/grade_1/sample_002/20260508_152537.jpg,grade_1,sample_002,grade_1/sample_002,0,V3 Grade 1,0.48033333333333333,0.633595,0.914,0.7261875,4000,3000,1.3333333333333333,samsung,SM-A127F,6,128.2164306640625,61.29888916015625,173.01899871630295,TRAIN
data/raw/Pepper Berry Grading V3.yolov8/valid/images/20260508_152901_jpg.rf.7XDIWlFnC6iUiv8Mn2gs.jpg,data/raw/Pepper Berry Grading V3.yolov8/valid/labels/20260508_152901_jpg.rf.7XDIWlFnC6iUiv8Mn2gs.txt,valid,bc3ea754e66a70cee3f034350e670ee40f03c44f4ec76b2a1fd08b0984c96bcd,D:/work/Year - 4/pepper/project/datset reorder/grade_1/sample_003/20260508_152901.jpg,grade_1,sample_003,grade_1/sample_003,0,V3 Grade 1,0.3953333333333333,0.5965,0.7906666666666666,0.807,4000,3000,1.3333333333333333,samsung,SM-A127F,6,133.8476765950521,42.795267740885414,180.23510911424904,TRAIN
data/raw/Pepper Berry Grading V3.yolov8/valid/images/20260508_153423_jpg.rf.5dPQs4AND6o8pbvHNnhb.jpg,data/raw/Pepper Berry Grading V3.yolov8/valid/labels/20260508_153423_jpg.rf.5dPQs4AND6o8pbvHNnhb.txt,valid,5b1700e00d71c5f05e512ef0e93acf421242163ec27504f3fe03d634340c49cf,D:/work/Year - 4/pepper/project/datset reorder/grade_1/sample_004/20260508_153423.jpg,grade_1,sample_004,grade_1/sample_004,0,V3 Grade 1,0.5,0.49984500000000004,1.0,0.9936875,4000,3000,1.3333333333333333,samsung,SM-A127F,6,136.87799072265625,12.265909830729166,196.397946084724,TRAIN
data/raw/Pepper Berry Grading V3.yolov8/valid/images/20260508_153933_jpg.rf.9RzzKzoYMUYpKnm7ohR5.jpg,data/raw/Pepper Berry Grading V3.yolov8/valid/labels/20260508_153933_jpg.rf.9RzzKzoYMUYpKnm7ohR5.txt,valid,2f3c210b0cd3c809d563b947b15fbf11a22dcb8c2cd5b8856c04f057fad38df2,D:/work/Year - 4/pepper/project/datset reorder/grade_1/sample_006/20260508_153933.jpg,grade_1,sample_006,grade_1/sample_006,0,V3 Grade 1,0.44466666666666665,0.604,0.8893333333333333,0.792,4000,3000,1.3333333333333333,samsung,SM-A127F,6,137.8749796549479,15.533182779947916,181.50731707317073,TRAIN
data/raw/Pepper Berry Grading V3.yolov8/valid/images/20260508_154516_jpg.rf.5bjWE4H8La3GCGvUPoQF.jpg,data/raw/Pepper Berry Grading V3.yolov8/valid/labels/20260508_154516_jpg.rf.5bjWE4H8La3GCGvUPoQF.txt,valid,754fdd3248e3291cf703f06185791f75ce22f6f31c08f101fb9385a41a43edf8,D:/work/Year - 4/pepper/project/datset reorder/grade_1/sample_009/20260508_154516.jpg,grade_1,sample_009,grade_1/sample_009,0,V3 Grade 1,0.413,0.55775,0.7926666666666666,0.8845,4000,3000,1.3333333333333333,samsung,SM-A127F,6,121.84507242838542,60.400126139322914,164.449486521181,TRAIN
data/raw/Pepper Berry Grading V3.yolov8/valid/images/20260508_155207_jpg.rf.7Uw4TmfWOuZURHWRNPZX.jpg,data/raw/Pepper Berry Grading V3.yolov8/valid/labels/20260508_155207_jpg.rf.7Uw4TmfWOuZURHWRNPZX.txt,valid,a33daabff91c01b9f8dac1329f21f874cc11cc8003f4803bfb724f51db04a17a,D:/work/Year - 4/pepper/project/datset reorder/grade_1/sample_011/20260508_155207.jpg,grade_1,sample_011,grade_1/sample_011,0,V3 Grade 1,0.5,0.541095,1.0,0.9111875,4000,3000,1.3333333333333333,samsung,SM-A127F,6,114.116455078125,20.446940104166668,170.55263157894737,TRAIN
data/raw/Pepper Berry Grading V3.yolov8/valid/images/20260508_155356_jpg.rf.6JtCojVvS9z0r4rwhQ9f.jpg,data/raw/Pepper Berry Grading V3.yolov8/valid/labels/20260508_155356_jpg.rf.6JtCojVvS9z0r4rwhQ9f.txt,valid,a5bf85c30869f2bd477cad7dccbe8feee819a26f8f884782ff0b5554c1de22e3,D:/work/Year - 4/pepper/project/datset reorder/grade_1/sample_012/20260508_155356.jpg,grade_1,sample_012,grade_1/sample_012,0,V3 Grade 1,0.5,0.5363450000000001,1.0,0.91669,4000,3000,1.3333333333333333,samsung,SM-A127F,6,127.263427734375,18.34149169921875,180.37214377406931,VALIDATION
data/raw/Pepper Berry Grading V3.yolov8/valid/images/20260508_160244_jpg.rf.1RzcfdXN2Y4rR7i3XubS.jpg,data/raw/Pepper Berry Grading V3.yolov8/valid/labels/20260508_160244_jpg.rf.1RzcfdXN2Y4rR7i3XubS.txt,valid,09183350bb2fae2de296dd74a9b69325a20ccc3365922f841f01892b9aea5668,D:/work/Year - 4/pepper/project/datset reorder/grade_1/sample_016/20260508_160244.jpg,grade_1,sample_016,grade_1/sample_016,0,V3 Grade 1,0.398,0.5215,0.796,0.957,4000,3000,1.3333333333333333,samsung,SM-A127F,6,124.97035725911458,44.8316650390625,165.6880616174583,TRAIN
data/raw/Pepper Berry Grading V3.yolov8/valid/images/20260508_160522_jpg.rf.3aP5Be8zjfRJUigDjTiu.jpg,data/raw/Pepper Berry Grading V3.yolov8/valid/labels/20260508_160522_jpg.rf.3aP5Be8zjfRJUigDjTiu.txt,valid,88d23a571711e646fea7da14707ef9a18b46cfdd6795fd6c0042749ced9d4381,D:/work/Year - 4/pepper/project/datset reorder/grade_1/sample_017/20260508_160522.jpg,grade_1,sample_017,grade_1/sample_017,0,V3 Grade 1,0.3923333333333333,0.539,0.7646666666666667,0.922,4000,3000,1.3333333333333333,samsung,SM-A127F,6,129.8859659830729,47.911763509114586,171.41309370988446,TEST
data/raw/Pepper Berry Grading V3.yolov8/valid/images/20260508_160657_jpg.rf.5ujpXHB5ypmC8g7Aqi3k.jpg,data/raw/Pepper Berry Grading V3.yolov8/valid/labels/20260508_160657_jpg.rf.5ujpXHB5ypmC8g7Aqi3k.txt,valid,8e096ff960265ce136afcb61eb9430686e29201368d51f46a7d5e163f39de2d9,D:/work/Year - 4/pepper/project/datset reorder/grade_1/sample_017/20260508_160657.jpg,grade_1,sample_017,grade_1/sample_017,0,V3 Grade 1,0.5,0.54775,1.0,0.9045,4000,3000,1.3333333333333333,samsung,SM-A127F,6,129.123291015625,17.038859049479168,186.09146341463415,TEST
data/raw/Pepper Berry Grading V3.yolov8/valid/images/20260508_160725_jpg.rf.6SkzKhiV0uU3qa3OKK5M.jpg,data/raw/Pepper Berry Grading V3.yolov8/valid/labels/20260508_160725_jpg.rf.6SkzKhiV0uU3qa3OKK5M.txt,valid,08dd9d3c8990217f3293a40d2331829fec9e6b5cedd3c78b6d2be9f372668982,D:/work/Year - 4/pepper/project/datset reorder/grade_1/sample_017/20260508_160725.jpg,grade_1,sample_017,grade_1/sample_017,0,V3 Grade 1,0.43166666666666664,0.5128575,0.83,0.879715,4000,3000,1.3333333333333333,samsung,SM-A127F,6,129.2468465169271,15.763529459635416,181.00673940949935,TEST
data/raw/Pepper Berry Grading V3.yolov8/valid/images/20260508_160758_jpg.rf.A4uydp1j2V2BfFcYDW49.jpg,data/raw/Pepper Berry Grading V3.yolov8/valid/labels/20260508_160758_jpg.rf.A4uydp1j2V2BfFcYDW49.txt,valid,11ad2c4a6a1a848e27a383def973137d8f8699158b4ca113b1e51b9f6244bbe1,D:/work/Year - 4/pepper/project/datset reorder/grade_1/sample_018/20260508_160758.jpg,grade_1,sample_018,grade_1/sample_018,0,V3 Grade 1,0.4186666666666667,0.5015,0.824,0.997,4000,3000,1.3333333333333333,samsung,SM-A127F,6,121.507080078125,40.397806803385414,161.1941591784339,TRAIN
data/raw/Pepper Berry Grading V3.yolov8/valid/images/20260508_161224_jpg.rf.6HuB49afzTRrZCKstbzs.jpg,data/raw/Pepper Berry Grading V3.yolov8/valid/labels/20260508_161224_jpg.rf.6HuB49afzTRrZCKstbzs.txt,valid,837a748e6b2291d1138543a276be19948de4579f1599bc52588f5bd53647009c,D:/work/Year - 4/pepper/project/datset reorder/grade_1/sample_029/20260508_161224.jpg,grade_1,sample_029,grade_1/sample_029,0,V3 Grade 1,0.4886666666666667,0.5,0.9773333333333334,1.0,4000,3000,1.3333333333333333,samsung,SM-A127F,6,114.49100748697917,18.874959309895832,162.16463414634146,TRAIN
data/raw/Pepper Berry Grading V3.yolov8/valid/images/20260508_161304_jpg.rf.4lE86b9BMhJ7WPlJCt3Z.jpg,data/raw/Pepper Berry Grading V3.yolov8/valid/labels/20260508_161304_jpg.rf.4lE86b9BMhJ7WPlJCt3Z.txt,valid,2ffbc06ff2cf04cd350ae9e5aab6aed1c62db251236031d0e64445746d78740d,D:/work/Year - 4/pepper/project/datset reorder/grade_1/sample_027/20260508_161304.jpg,grade_1,sample_027,grade_1/sample_027,0,V3 Grade 1,0.442,0.514345,0.8573333333333333,0.9526924999999999,4000,3000,1.3333333333333333,samsung,SM-A127F,6,131.271484375,48.7750244140625,179.803080872914,TRAIN
data/raw/Pepper Berry Grading V3.yolov8/valid/images/20260508_161651_jpg.rf.3eBuQ0GZSFfJHWz6b4I6.jpg,data/raw/Pepper Berry Grading V3.yolov8/valid/labels/20260508_161651_jpg.rf.3eBuQ0GZSFfJHWz6b4I6.txt,valid,f3a7d0de7c57aaf006bbb90e2b6c3ba729bc4cd6d4830c9a6dae70f4eb96c0e6,D:/work/Year - 4/pepper/project/datset reorder/grade_1/sample_028/20260508_161651.jpg,grade_1,sample_028,grade_1/sample_028,0,V3 Grade 1,0.49,0.4553733333333333,0.98,0.90341,4000,3000,1.3333333333333333,samsung,SM-A127F,3,117.9244384765625,15.69451904296875,161.61771501925546,TRAIN
data/raw/Pepper Berry Grading V3.yolov8/valid/images/20260508_161833_jpg.rf.70bLRpmlywtEBy5HYkm1.jpg,data/raw/Pepper Berry Grading V3.yolov8/valid/labels/20260508_161833_jpg.rf.70bLRpmlywtEBy5HYkm1.txt,valid,12e6c3ac177d07fc60d6a5c7723e372c67eee633986ce2c327df11eeb2358781,D:/work/Year - 4/pepper/project/datset reorder/grade_1/sample_026/20260508_161833.jpg,grade_1,sample_026,grade_1/sample_026,0,V3 Grade 1,0.416375,0.4425466666666667,0.82525,0.8810933333333334,4000,3000,1.3333333333333333,samsung,SM-A127F,3,131.912841796875,14.443318684895834,178.67182284980746,TRAIN
data/raw/Pepper Berry Grading V3.yolov8/valid/images/20260508_161909_jpg.rf.2EeXa5gAyQ83LrFBtKSo.jpg,data/raw/Pepper Berry Grading V3.yolov8/valid/labels/20260508_161909_jpg.rf.2EeXa5gAyQ83LrFBtKSo.txt,valid,50b83cc052b1c32f5067a0ea3d2486f7242c1c8b46fc683157abc9ba30a8780f,D:/work/Year - 4/pepper/project/datset reorder/grade_1/sample_026/20260508_161909.jpg,grade_1,sample_026,grade_1/sample_026,0,V3 Grade 1,0.4955,0.49284666666666666,0.991,0.9856933333333333,4000,3000,1.3333333333333333,samsung,SM-A127F,3,112.25897216796875,17.861857096354168,161.02413350449294,TRAIN
data/raw/Pepper Berry Grading V3.yolov8/valid/images/20260508_162023_jpg.rf.8vFIA687tNVpeVkYB6WY.jpg,data/raw/Pepper Berry Grading V3.yolov8/valid/labels/20260508_162023_jpg.rf.8vFIA687tNVpeVkYB6WY.txt,valid,3bfee6731cb809b9be9c0fa4acb604b3184e5aaff51d67fd9f1b9b02513d104e,D:/work/Year - 4/pepper/project/datset reorder/grade_1/sample_025/20260508_162023.jpg,grade_1,sample_025,grade_1/sample_025,0,V3 Grade 1,0.3953333333333333,0.54025,0.7906666666666666,0.9195,4000,3000,1.3333333333333333,samsung,SM-A127F,6,128.69415283203125,47.64031982421875,174.29679075738125,TRAIN
data/raw/Pepper Berry Grading V3.yolov8/valid/images/20260508_163636_jpg.rf.2IShzhT2Y2gN6CSVryTk.jpg,data/raw/Pepper Berry Grading V3.yolov8/valid/labels/20260508_163636_jpg.rf.2IShzhT2Y2gN6CSVryTk.txt,valid,0ce0221618b59e08f90607deb615954dc30b7cbb09daa92b94d4d2dbad78178a,D:/work/Year - 4/pepper/project/datset reorder/grade_1/sample_024/20260508_163636.jpg,grade_1,sample_024,grade_1/sample_024,0,V3 Grade 1,0.4673333333333333,0.55275,0.9346666666666666,0.8945,4000,3000,1.3333333333333333,samsung,SM-A127F,6,135.12931315104166,15.22900390625,182.6283055198973,TRAIN
data/raw/Pepper Berry Grading V3.yolov8/valid/images/20260508_164406_jpg.rf.46TFChcjItM3zSGdrlVI.jpg,data/raw/Pepper Berry Grading V3.yolov8/valid/labels/20260508_164406_jpg.rf.46TFChcjItM3zSGdrlVI.txt,valid,dba15811a45e309dd7d21885e1f2d5fe8bb03261e7b61002225edc31ce258580,D:/work/Year - 4/pepper/project/datset reorder/grade_1/sample_023/20260508_164406.jpg,grade_1,sample_023,grade_1/sample_023,0,V3 Grade 1,0.462,0.4603766666666667,0.924,0.8534233333333333,4000,3000,1.3333333333333333,samsung,SM-A127F,3,128.8696492513021,17.8209228515625,174.17387676508343,TRAIN
data/raw/Pepper Berry Grading V3.yolov8/valid/images/20260508_164703_jpg.rf.47V8fJjvCJOuhDnfc8Y6.jpg,data/raw/Pepper Berry Grading V3.yolov8/valid/labels/20260508_164703_jpg.rf.47V8fJjvCJOuhDnfc8Y6.txt,valid,0aac6059c13abd9c9015c75eab07b425da5dee453641a5414973cf9275f9afb1,D:/work/Year - 4/pepper/project/datset reorder/grade_1/sample_022/20260508_164703.jpg,grade_1,sample_022,grade_1/sample_022,0,V3 Grade 1,0.487,0.4208966666666667,0.944,0.8177933333333334,4000,3000,1.3333333333333333,samsung,SM-A127F,3,134.83770751953125,16.535929361979168,186.27310654685493,TRAIN
data/raw/Pepper Berry Grading V3.yolov8/valid/images/20260508_170500_jpg.rf.ArGEi6hAwGBk7f0FFgk4.jpg,data/raw/Pepper Berry Grading V3.yolov8/valid/labels/20260508_170500_jpg.rf.ArGEi6hAwGBk7f0FFgk4.txt,valid,210d6a6c03be3357d873520e4dbbc86fe8fb6ee4f5e460a67b3a0ce1c6b0c3cc,D:/work/Year - 4/pepper/project/datset reorder/grade_1/sample_076/20260508_170500.jpg,grade_1,sample_076,grade_1/sample_076,0,V3 Grade 1,0.4705,0.47685666666666665,0.911,0.9537133333333333,4000,3000,1.3333333333333333,samsung,SM-A127F,3,120.85646565755208,28.498779296875,172.1614890885751,TRAIN
data/raw/Pepper Berry Grading V3.yolov8/valid/images/20260508_171149_jpg.rf.4v4fY1lgVuDJ9Q9j2GjE.jpg,data/raw/Pepper Berry Grading V3.yolov8/valid/labels/20260508_171149_jpg.rf.4v4fY1lgVuDJ9Q9j2GjE.txt,valid,66a17684493a26aaed8fa00d166bb74bd7494ac47a53a9379ebab96323f968ef,D:/work/Year - 4/pepper/project/datset reorder/grade_2/sample_001/20260508_171149.jpg,grade_2,sample_001,grade_2/sample_001,1,V3 Grade 2,0.5325,0.4823533333333333,0.755,0.96404,4000,3000,1.3333333333333333,samsung,SM-A127F,3,152.94319661458334,20.152689615885418,208.92618741976892,TRAIN
data/raw/Pepper Berry Grading V3.yolov8/valid/images/20260508_171221_jpg.rf.53JGoau7U8Fa7WSNU1WC.jpg,data/raw/Pepper Berry Grading V3.yolov8/valid/labels/20260508_171221_jpg.rf.53JGoau7U8Fa7WSNU1WC.txt,valid,bf0e8ed8b82db6d6d753b8a16357a58dff0109df3eec7ebc9fb412a9ca9b02d6,D:/work/Year - 4/pepper/project/datset reorder/grade_2/sample_001/20260508_171221.jpg,grade_2,sample_001,grade_2/sample_001,1,V3 Grade 2,0.5,0.44188,1.0,0.87776,4000,3000,1.3333333333333333,samsung,SM-A127F,8,119.9521484375,26.007080078125,145.54801026957637,TRAIN
data/raw/Pepper Berry Grading V3.yolov8/valid/images/20260508_171411_jpg.rf.6M1StOpkzDAvpllfhTMO.jpg,data/raw/Pepper Berry Grading V3.yolov8/valid/labels/20260508_171411_jpg.rf.6M1StOpkzDAvpllfhTMO.txt,valid,aa5fcbd027fada64e16c6a2fb82772acde5be1483206eb0b0f54c6f8aa66ce68,D:/work/Year - 4/pepper/project/datset reorder/grade_2/sample_002/20260508_171411.jpg,grade_2,sample_002,grade_2/sample_002,1,V3 Grade 2,0.3525,0.4755233333333333,0.705,0.9510500000000001,4000,3000,1.3333333333333333,samsung,SM-A127F,3,137.42289225260416,22.675374348958332,182.48376123234917,TRAIN
data/raw/Pepper Berry Grading V3.yolov8/valid/images/20260508_171541_jpg.rf.3ldQCrfwzBGdKT47CDIi.jpg,data/raw/Pepper Berry Grading V3.yolov8/valid/labels/20260508_171541_jpg.rf.3ldQCrfwzBGdKT47CDIi.txt,valid,f368985d044316b1fbf33e3f1f0ae5bbd1ea4e674a8aee35a19f05095f8667bb,D:/work/Year - 4/pepper/project/datset reorder/grade_2/sample_003/20260508_171541.jpg,grade_2,sample_003,grade_2/sample_003,1,V3 Grade 2,0.371,0.4342166666666667,0.742,0.8684333333333334,4000,3000,1.3333333333333333,samsung,SM-A127F,3,142.8633015950521,20.387105305989582,189.61444159178433,TRAIN
data/raw/Pepper Berry Grading V3.yolov8/valid/images/20260508_171612_jpg.rf.6MVA6bv9W6zzIrkxJm5S.jpg,data/raw/Pepper Berry Grading V3.yolov8/valid/labels/20260508_171612_jpg.rf.6MVA6bv9W6zzIrkxJm5S.txt,valid,c2559643b169ae91db1e3aeb8220831475161e4c600dae417fae78b350c72637,D:/work/Year - 4/pepper/project/datset reorder/grade_2/sample_003/20260508_171612.jpg,grade_2,sample_003,grade_2/sample_003,1,V3 Grade 2,0.5095,0.43388333333333334,0.779,0.8637699999999999,4000,3000,1.3333333333333333,samsung,SM-A127F,3,147.25944010416666,21.33648681640625,194.05712451861362,TRAIN
data/raw/Pepper Berry Grading V3.yolov8/valid/images/20260508_171819_jpg.rf.7XO1x9yPuJZM48oi7Xtd.jpg,data/raw/Pepper Berry Grading V3.yolov8/valid/labels/20260508_171819_jpg.rf.7XO1x9yPuJZM48oi7Xtd.txt,valid,79c40377b5649d3dfcb1478d4a783f6089983e5936ee9e51f389cccdccce078d,D:/work/Year - 4/pepper/project/datset reorder/grade_2/sample_004/20260508_171819.jpg,grade_2,sample_004,grade_2/sample_004,1,V3 Grade 2,0.41733333333333333,0.559,0.7946666666666666,0.882,4000,3000,1.3333333333333333,samsung,SM-A127F,6,136.84033203125,32.64410400390625,184.85648267008986,TEST
data/raw/Pepper Berry Grading V3.yolov8/valid/images/20260508_171840_jpg.rf.24dQUc7bT7CTBMVIjFGS.jpg,data/raw/Pepper Berry Grading V3.yolov8/valid/labels/20260508_171840_jpg.rf.24dQUc7bT7CTBMVIjFGS.txt,valid,11cb83fd6ff88e6b0e5839136b88ce4a89ddd4b7c1d8cb54d31aca9c3fd3fe86,D:/work/Year - 4/pepper/project/datset reorder/grade_2/sample_004/20260508_171840.jpg,grade_2,sample_004,grade_2/sample_004,1,V3 Grade 2,0.437,0.47452666666666665,0.774,0.9450533333333333,4000,3000,1.3333333333333333,samsung,SM-A127F,3,112.77266438802083,30.649027506510418,155.87637997432606,TEST
data/raw/Pepper Berry Grading V3.yolov8/valid/images/20260508_171906_jpg.rf.3y5sFndlcnkvJlVuR67D.jpg,data/raw/Pepper Berry Grading V3.yolov8/valid/labels/20260508_171906_jpg.rf.3y5sFndlcnkvJlVuR67D.txt,valid,bd2d2b214af911b0f0650c3578186cad079ef58ac2ccff1408724469c46c88fc,D:/work/Year - 4/pepper/project/datset reorder/grade_2/sample_004/20260508_171906.jpg,grade_2,sample_004,grade_2/sample_004,1,V3 Grade 2,0.54375,0.5018333333333334,0.8825,0.9963333333333333,4000,3000,1.3333333333333333,samsung,SM-A127F,3,135.13116455078125,21.08575439453125,191.36290115532734,TEST
data/raw/Pepper Berry Grading V3.yolov8/valid/images/20260508_172623_jpg.rf.5MuoFatUqXyh86HbuNW2.jpg,data/raw/Pepper Berry Grading V3.yolov8/valid/labels/20260508_172623_jpg.rf.5MuoFatUqXyh86HbuNW2.txt,valid,56b8db7b90b6bf9c9219d9faa5828d0892740b331093d1009da3bc8851526040,D:/work/Year - 4/pepper/project/datset reorder/grade_2/sample_006/20260508_172623.jpg,grade_2,sample_006,grade_2/sample_006,1,V3 Grade 2,0.499,0.5713433333333333,0.998,0.8553533333333333,4000,3000,1.3333333333333333,samsung,SM-A127F,3,139.01578776041666,23.48577880859375,183.1836970474968,TRAIN
data/raw/Pepper Berry Grading V3.yolov8/valid/images/20260508_172832_jpg.rf.4Yc8oFWBzlt1dylrTsJW.jpg,data/raw/Pepper Berry Grading V3.yolov8/valid/labels/20260508_172832_jpg.rf.4Yc8oFWBzlt1dylrTsJW.txt,valid,170dc6005ef6c3fa665a59f4ec8032fa939073eb0c0e0df5a1cb0149c3b6d488,D:/work/Year - 4/pepper/project/datset reorder/grade_2/sample_007/20260508_172832.jpg,grade_2,sample_007,grade_2/sample_007,1,V3 Grade 2,0.5535,0.47435999999999995,0.737,0.9480500000000001,4000,3000,1.3333333333333333,samsung,SM-A127F,3,146.54947916666666,20.319112141927082,201.05391527599485,TRAIN
data/raw/Pepper Berry Grading V3.yolov8/valid/images/20260508_173020_jpg.rf.1o3jzp3zbm1Xw10O3pkJ.jpg,data/raw/Pepper Berry Grading V3.yolov8/valid/labels/20260508_173020_jpg.rf.1o3jzp3zbm1Xw10O3pkJ.txt,valid,f65d7cb292e0c2e1b7b4507f8fbaebdfd22c354d075372e3060d59ee29b9da45,D:/work/Year - 4/pepper/project/datset reorder/grade_2/sample_008/20260508_173020.jpg,grade_2,sample_008,grade_2/sample_008,1,V3 Grade 2,0.4515,0.46438333333333337,0.743,0.8081,4000,3000,1.3333333333333333,samsung,SM-A127F,3,148.0085245768229,17.223551432291668,194.21386392811297,TRAIN
data/raw/Pepper Berry Grading V3.yolov8/valid/images/20260508_173229_jpg.rf.9WGljRkpQsBrw64tvDB8.jpg,data/raw/Pepper Berry Grading V3.yolov8/valid/labels/20260508_173229_jpg.rf.9WGljRkpQsBrw64tvDB8.txt,valid,e913a9d84f20817f70416f2f03426d53d0acc3dfbf914ff886dfd8401c50edb7,D:/work/Year - 4/pepper/project/datset reorder/grade_2/sample_009/20260508_173229.jpg,grade_2,sample_009,grade_2/sample_009,1,V3 Grade 2,0.447375,0.3665933333333333,0.88725,0.7291866666666666,4000,3000,1.3333333333333333,samsung,SM-A127F,3,132.16805013020834,41.33331298828125,178.2240051347882,TRAIN
data/raw/Pepper Berry Grading V3.yolov8/valid/images/20260508_174532_jpg.rf.AKQTzGMqAWuA0DAlAPWL.jpg,data/raw/Pepper Berry Grading V3.yolov8/valid/labels/20260508_174532_jpg.rf.AKQTzGMqAWuA0DAlAPWL.txt,valid,275204062b173ef75fb6319b669e2d1a520d4f551fe7407a14727dda4d77a829,D:/work/Year - 4/pepper/project/datset reorder/grade_1/sample_073/20260508_174532.jpg,grade_1,sample_073,grade_1/sample_073,0,V3 Grade 1,0.49675,0.47086,0.9885,0.9417233333333334,4000,3000,1.3333333333333333,samsung,SM-A127F,3,129.66178385416666,27.98773193359375,198.4903722721438,TRAIN
data/raw/Pepper Berry Grading V3.yolov8/valid/images/20260508_174707_jpg.rf.316cU2oyYTa0QRp9N0mz.jpg,data/raw/Pepper Berry Grading V3.yolov8/valid/labels/20260508_174707_jpg.rf.316cU2oyYTa0QRp9N0mz.txt,valid,4a886cf2d9ed1a3a1dec887917070f49748350dbf9eba711f87b0b124dbcb6c4,D:/work/Year - 4/pepper/project/datset reorder/grade_1/sample_072/20260508_174707.jpg,grade_1,sample_072,grade_1/sample_072,0,V3 Grade 1,0.506,0.49867666666666666,0.962,0.9900233333333334,4000,3000,1.3333333333333333,samsung,SM-A127F,3,92.88814290364583,36.229573567708336,122.54711168164313,TEST
data/raw/Pepper Berry Grading V3.yolov8/valid/images/20260508_174753_jpg.rf.5ZOvZqmc2aojVYPJ0TZu.jpg,data/raw/Pepper Berry Grading V3.yolov8/valid/labels/20260508_174753_jpg.rf.5ZOvZqmc2aojVYPJ0TZu.txt,valid,7f60ed4940e0a9691c3cc37b2d9e805640a7b3cd03a7f9c7e3e680c0749486c6,D:/work/Year - 4/pepper/project/datset reorder/grade_1/sample_072/20260508_174753.jpg,grade_1,sample_072,grade_1/sample_072,0,V3 Grade 1,0.5,0.5206075,1.0,0.8602175,4000,3000,1.3333333333333333,samsung,SM-A127F,6,135.679931640625,25.749674479166668,208.28626444159178,TEST
data/raw/Pepper Berry Grading V3.yolov8/valid/images/20260508_232327_jpg.rf.AXpaRrLeBpxq7IMl2WyQ.jpg,data/raw/Pepper Berry Grading V3.yolov8/valid/labels/20260508_232327_jpg.rf.AXpaRrLeBpxq7IMl2WyQ.txt,valid,f8f77d305deb12d03a65592549877cecf71c3cbb9c096f095e179b3732916a61,D:/work/Year - 4/pepper/project/datset reorder/grade_2/sample_011/20260508_232327.jpg,grade_2,sample_011,grade_2/sample_011,1,V3 Grade 2,0.508,0.6031124999999999,0.816,0.6752225,4000,3000,1.3333333333333333,samsung,SM-A127F,6,141.1449178059896,20.694681803385418,188.21469833119383,TRAIN
data/raw/Pepper Berry Grading V3.yolov8/valid/images/20260508_232348_jpg.rf.847c7L6KokYsYbcZ0fZS.jpg,data/raw/Pepper Berry Grading V3.yolov8/valid/labels/20260508_232348_jpg.rf.847c7L6KokYsYbcZ0fZS.txt,valid,8ee07420003caa7c689f6210658f87e8c4ddadc04f5e9938a247179365220e68,D:/work/Year - 4/pepper/project/datset reorder/grade_2/sample_011/20260508_232348.jpg,grade_2,sample_011,grade_2/sample_011,1,V3 Grade 2,0.5013333333333333,0.59275,0.936,0.8145,4000,3000,1.3333333333333333,samsung,SM-A127F,6,135.12373860677084,20.070536295572918,185.56495507060333,TRAIN
data/raw/Pepper Berry Grading V3.yolov8/valid/images/20260508_232421_jpg.rf.29EH5bIgRD0kgKO6qcZa.jpg,data/raw/Pepper Berry Grading V3.yolov8/valid/labels/20260508_232421_jpg.rf.29EH5bIgRD0kgKO6qcZa.txt,valid,8ac805e07a56513a681ca84fe20bb16895cfc9823590d774639ec03791e6e98c,D:/work/Year - 4/pepper/project/datset reorder/grade_2/sample_011/20260508_232421.jpg,grade_2,sample_011,grade_2/sample_011,1,V3 Grade 2,0.49866666666666665,0.634,0.984,0.732,4000,3000,1.3333333333333333,samsung,SM-A127F,6,115.35231526692708,26.304890950520832,139.67439024390245,TRAIN
data/raw/Pepper Berry Grading V3.yolov8/valid/images/20260508_232637_jpg.rf.7tNzshmViTCg8A4WTOGz.jpg,data/raw/Pepper Berry Grading V3.yolov8/valid/labels/20260508_232637_jpg.rf.7tNzshmViTCg8A4WTOGz.txt,valid,f6b32f1d711d6eb4a4bc62f46efa3cf29c179a276a051642e5b50f4ae4264250,D:/work/Year - 4/pepper/project/datset reorder/grade_2/sample_013/20260508_232637.jpg,grade_2,sample_013,grade_2/sample_013,1,V3 Grade 2,0.37733333333333335,0.5776074999999999,0.6346666666666667,0.7542150000000001,4000,3000,1.3333333333333333,samsung,SM-A127F,6,137.94158935546875,42.367594401041664,174.25603337612324,TRAIN
data/raw/Pepper Berry Grading V3.yolov8/valid/images/20260508_232956_jpg.rf.AlCE8YGECxUoRmmma66A.jpg,data/raw/Pepper Berry Grading V3.yolov8/valid/labels/20260508_232956_jpg.rf.AlCE8YGECxUoRmmma66A.txt,valid,e93ca42036b1a2f6e38ae558714ac5b4787073e7a77489f0d8d1b5f55550871e,D:/work/Year - 4/pepper/project/datset reorder/grade_2/sample_014/20260508_232956.jpg,grade_2,sample_014,grade_2/sample_014,1,V3 Grade 2,0.5216666666666666,0.5891175,0.9566666666666667,0.667235,4000,3000,1.3333333333333333,samsung,SM-A127F,6,114.80153401692708,28.24346923828125,137.40795892169447,VALIDATION
data/raw/Pepper Berry Grading V3.yolov8/valid/images/20260508_233422_jpg.rf.3Wb4MbK7ppJGw6in4nl6.jpg,data/raw/Pepper Berry Grading V3.yolov8/valid/labels/20260508_233422_jpg.rf.3Wb4MbK7ppJGw6in4nl6.txt,valid,e7bb360e798fc544c98ae3fd36e62cb6016afbfd75839a8bb1dea91b5f377e09,D:/work/Year - 4/pepper/project/datset reorder/grade_2/sample_017/20260508_233422.jpg,grade_2,sample_017,grade_2/sample_017,1,V3 Grade 2,0.607,0.428405,0.5806666666666667,0.7408125,4000,3000,1.3333333333333333,samsung,SM-A127F,8,142.224365234375,51.233988444010414,184.47169448010268,TEST
data/raw/Pepper Berry Grading V3.yolov8/valid/images/20260508_233724_jpg.rf.40UuhZ33nXCg2zmCA93q.jpg,data/raw/Pepper Berry Grading V3.yolov8/valid/labels/20260508_233724_jpg.rf.40UuhZ33nXCg2zmCA93q.txt,valid,f389f57e67ac7099482efb8271951a20e7a4576eca1f25452f41511377767826,D:/work/Year - 4/pepper/project/datset reorder/grade_2/sample_018/20260508_233724.jpg,grade_2,sample_018,grade_2/sample_018,1,V3 Grade 2,0.44533333333333336,0.6261275000000001,0.824,0.5212575,4000,3000,1.3333333333333333,samsung,SM-A127F,6,136.92069498697916,19.301066080729168,143.6770218228498,VALIDATION
data/raw/Pepper Berry Grading V3.yolov8/valid/images/20260508_233746_jpg.rf.4Mvv6Hai1EPenT9fQ5Cw.jpg,data/raw/Pepper Berry Grading V3.yolov8/valid/labels/20260508_233746_jpg.rf.4Mvv6Hai1EPenT9fQ5Cw.txt,valid,ff68ff08ef3969543dcf4de6eb8d73b74ce01228b8cacbbff1ec072a753a33d6,D:/work/Year - 4/pepper/project/datset reorder/grade_2/sample_019/20260508_233746.jpg,grade_2,sample_019,grade_2/sample_019,1,V3 Grade 2,0.426,0.5391024999999999,0.772,0.8672025,4000,3000,1.3333333333333333,samsung,SM-A127F,6,138.53389485677084,38.459086100260414,180.93145057766367,TEST
data/raw/Pepper Berry Grading V3.yolov8/valid/images/20260508_233804_jpg.rf.6f0qOm1Sn4xHkBn0cLuK.jpg,data/raw/Pepper Berry Grading V3.yolov8/valid/labels/20260508_233804_jpg.rf.6f0qOm1Sn4xHkBn0cLuK.txt,valid,df622ab71fb311ea89f6eeef2251b53bcb560617215b40a6584b9b2015227df6,D:/work/Year - 4/pepper/project/datset reorder/grade_2/sample_019/20260508_233804.jpg,grade_2,sample_019,grade_2/sample_019,1,V3 Grade 2,0.4666666666666667,0.5753475,0.92,0.8146975,4000,3000,1.3333333333333333,samsung,SM-A127F,6,140.42439778645834,22.04473876953125,199.57490372272144,TEST
data/raw/Pepper Berry Grading V3.yolov8/valid/images/20260508_233838_jpg.rf.6YWYbKtr6S4eNnYBay1g.jpg,data/raw/Pepper Berry Grading V3.yolov8/valid/labels/20260508_233838_jpg.rf.6YWYbKtr6S4eNnYBay1g.txt,valid,2d64e71bd739d67ce8a81e4708e1f3ca3586e4b1719ae9d90deb6bb10ec5fc33,D:/work/Year - 4/pepper/project/datset reorder/grade_2/sample_019/20260508_233838.jpg,grade_2,sample_019,grade_2/sample_019,1,V3 Grade 2,0.5026666666666667,0.5733425,0.992,0.8506875,4000,3000,1.3333333333333333,samsung,SM-A127F,6,136.12548828125,23.81475830078125,196.77284980744545,TEST
data/raw/Pepper Berry Grading V3.yolov8/valid/images/20260508_234128_jpg.rf.B6PHMs4Xj91sJqfAXSCe.jpg,data/raw/Pepper Berry Grading V3.yolov8/valid/labels/20260508_234128_jpg.rf.B6PHMs4Xj91sJqfAXSCe.txt,valid,0455a05550445d876460880fd09bc75e925cda54a65753e980af05e993ebf9b6,D:/work/Year - 4/pepper/project/datset reorder/grade_2/sample_020/20260508_234128.jpg,grade_2,sample_020,grade_2/sample_020,1,V3 Grade 2,0.47333333333333333,0.50275,0.8533333333333334,0.9945,4000,3000,1.3333333333333333,samsung,SM-A127F,6,135.45074462890625,22.114034016927082,181.60750962772786,TRAIN
data/raw/Pepper Berry Grading V3.yolov8/valid/images/20260508_234201_jpg.rf.6jkurYvzR6pQNMVnWXAk.jpg,data/raw/Pepper Berry Grading V3.yolov8/valid/labels/20260508_234201_jpg.rf.6jkurYvzR6pQNMVnWXAk.txt,valid,fb741501ca4bf83b61393e79659ce317b05fbcf9333d9223c395e7aa4e3789cf,D:/work/Year - 4/pepper/project/datset reorder/grade_2/sample_021/20260508_234201.jpg,grade_2,sample_021,grade_2/sample_021,1,V3 Grade 2,0.5226666666666666,0.5090950000000001,0.872,0.9671900000000001,4000,3000,1.3333333333333333,samsung,SM-A127F,6,135.2472941080729,28.212972005208332,173.04884467265725,TRAIN
data/raw/Pepper Berry Grading V3.yolov8/valid/images/20260508_234350_jpg.rf.0oH0Pr6AoTec25ejJ4Pp.jpg,data/raw/Pepper Berry Grading V3.yolov8/valid/labels/20260508_234350_jpg.rf.0oH0Pr6AoTec25ejJ4Pp.txt,valid,461a6472c83a6cc4f2f8eb18b9772e402c68e7187081a1c0c2a3aaef086fa045,D:/work/Year - 4/pepper/project/datset reorder/grade_2/sample_022/20260508_234350.jpg,grade_2,sample_022,grade_2/sample_022,1,V3 Grade 2,0.428,0.5336000000000001,0.8426666666666667,0.8862000000000001,4000,3000,1.3333333333333333,samsung,SM-A127F,6,136.9612833658854,35.290018717447914,176.7446726572529,TRAIN
data/raw/Pepper Berry Grading V3.yolov8/valid/images/20260508_234533_jpg.rf.9NuKgWiXlXPodeRARvXI.jpg,data/raw/Pepper Berry Grading V3.yolov8/valid/labels/20260508_234533_jpg.rf.9NuKgWiXlXPodeRARvXI.txt,valid,27d297959e3f0ac323bec3d6f7c975aba7b16534ec6c5175299bc59bb61bd19e,D:/work/Year - 4/pepper/project/datset reorder/grade_2/sample_022/20260508_234533.jpg,grade_2,sample_022,grade_2/sample_022,1,V3 Grade 2,0.444,0.5456074999999999,0.8746666666666667,0.8102174999999999,4000,3000,1.3333333333333333,samsung,SM-A127F,6,138.5342814127604,21.3460693359375,183.04043645699616,TRAIN
data/raw/Pepper Berry Grading V3.yolov8/valid/images/20260508_234615_jpg.rf.5wg21GFQqJon9oBIK3Lq.jpg,data/raw/Pepper Berry Grading V3.yolov8/valid/labels/20260508_234615_jpg.rf.5wg21GFQqJon9oBIK3Lq.txt,valid,3e562e5397b25e87cd0a4f95652bc3a9608ea00e1110a289ff12cc461c12b4fb,D:/work/Year - 4/pepper/project/datset reorder/grade_2/sample_023/20260508_234615.jpg,grade_2,sample_023,grade_2/sample_023,1,V3 Grade 2,0.496,0.554345,0.9786666666666667,0.8726925,4000,3000,1.3333333333333333,samsung,SM-A127F,6,140.64497884114584,25.057515462239582,208.6635430038511,TRAIN
data/raw/Pepper Berry Grading V3.yolov8/valid/images/20260508_235045_jpg.rf.3aQ0ffVSp5eWsdFm4QSc.jpg,data/raw/Pepper Berry Grading V3.yolov8/valid/labels/20260508_235045_jpg.rf.3aQ0ffVSp5eWsdFm4QSc.txt,valid,d07a6643492478d5f9c5df4bd00e5ccb9fd8ce3de0b32fda4b25abde042e8781,D:/work/Year - 4/pepper/project/datset reorder/grade_2/sample_025/20260508_235045.jpg,grade_2,sample_025,grade_2/sample_025,1,V3 Grade 2,0.432,0.53775,0.824,0.9245,4000,3000,1.3333333333333333,samsung,SM-A127F,6,133.99881998697916,34.068094889322914,174.3155327342747,TRAIN
data/raw/Pepper Berry Grading V3.yolov8/valid/images/20260508_235108_jpg.rf.BGQCysANdV2k3wLdwpdL.jpg,data/raw/Pepper Berry Grading V3.yolov8/valid/labels/20260508_235108_jpg.rf.BGQCysANdV2k3wLdwpdL.txt,valid,d5aef7af78c711c0c213ff0c3e700a50dcde5c50bcdda61c8eea850e0500eb3b,D:/work/Year - 4/pepper/project/datset reorder/grade_2/sample_025/20260508_235108.jpg,grade_2,sample_025,grade_2/sample_025,1,V3 Grade 2,0.508,0.509135,0.8426666666666667,0.7072725000000001,4000,3000,1.3333333333333333,samsung,SM-A127F,6,148.13519287109375,20.269327799479168,194.45038510911425,TRAIN
data/raw/Pepper Berry Grading V3.yolov8/valid/images/20260508_235505_jpg.rf.4BuLlXoQt7nCnRNgrA8z.jpg,data/raw/Pepper Berry Grading V3.yolov8/valid/labels/20260508_235505_jpg.rf.4BuLlXoQt7nCnRNgrA8z.txt,valid,12bcd7d4f470aead8187d804ab26d85f507abbe6606a1cd2433c37f93d9ca54c,D:/work/Year - 4/pepper/project/datset reorder/grade_2/sample_027/20260508_235505.jpg,grade_2,sample_027,grade_2/sample_027,1,V3 Grade 2,0.5033333333333333,0.50685,0.9933333333333333,0.9476975,4000,3000,1.3333333333333333,samsung,SM-A127F,6,135.42171223958334,31.707356770833332,177.61039794608473,VALIDATION
data/raw/Pepper Berry Grading V3.yolov8/valid/images/20260508_235532_jpg.rf.3obi4ejBni7s3Xa5QVqk.jpg,data/raw/Pepper Berry Grading V3.yolov8/valid/labels/20260508_235532_jpg.rf.3obi4ejBni7s3Xa5QVqk.txt,valid,709b5470746c6dbd6c77b144bcdf14eebccd9ab356b148c8965fa6e457f0533e,D:/work/Year - 4/pepper/project/datset reorder/grade_2/sample_027/20260508_235532.jpg,grade_2,sample_027,grade_2/sample_027,1,V3 Grade 2,0.49933333333333335,0.49035,0.9986666666666667,0.9806975,4000,3000,1.3333333333333333,samsung,SM-A127F,6,133.63031005859375,17.900349934895832,166.4181001283697,VALIDATION
data/raw/Pepper Berry Grading V3.yolov8/valid/images/20260508_235758_jpg.rf.2vXGQgxKXumy8ELkEbLY.jpg,data/raw/Pepper Berry Grading V3.yolov8/valid/labels/20260508_235758_jpg.rf.2vXGQgxKXumy8ELkEbLY.txt,valid,b8f2812fc6018b19911143ef5b529fc9d1c3a90b39150bb2b11a7921d2f46c56,D:/work/Year - 4/pepper/project/datset reorder/grade_2/sample_029/20260508_235758.jpg,grade_2,sample_029,grade_2/sample_029,1,V3 Grade 2,0.4593333333333333,0.53861,0.8386666666666667,0.8162200000000001,4000,3000,1.3333333333333333,samsung,SM-A127F,6,138.9755859375,36.510294596354164,181.53690629011552,TEST
data/raw/Pepper Berry Grading V3.yolov8/valid/images/20260509_000126_jpg.rf.4UHlAuHwrUOVtY70FuXE.jpg,data/raw/Pepper Berry Grading V3.yolov8/valid/labels/20260509_000126_jpg.rf.4UHlAuHwrUOVtY70FuXE.txt,valid,4c7f5a179e5d67dbfd96ab0ae034bcf901f7711a54661eb83da125e5d2453eba,D:/work/Year - 4/pepper/project/datset reorder/grade_2/sample_030/20260509_000126.jpg,grade_2,sample_030,grade_2/sample_030,1,V3 Grade 2,0.5033333333333333,0.486115,0.9933333333333333,0.8812325,4000,3000,1.3333333333333333,samsung,SM-A127F,6,140.17171223958334,24.995402018229168,185.11110397946084,TEST
data/raw/Pepper Berry Grading V3.yolov8/valid/images/20260509_000559_jpg.rf.4AnVe9W5XzoHbyHpfVfo.jpg,data/raw/Pepper Berry Grading V3.yolov8/valid/labels/20260509_000559_jpg.rf.4AnVe9W5XzoHbyHpfVfo.txt,valid,c3c3418b23e9a50b7d049d4ee4c56c00d339325513395f4e0f017f67833da09c,D:/work/Year - 4/pepper/project/datset reorder/grade_1/sample_070/20260509_000559.jpg,grade_1,sample_070,grade_1/sample_070,0,V3 Grade 1,0.5,0.4901225,1.0,0.829245,4000,3000,1.3333333333333333,samsung,SM-A127F,6,136.5870564778646,22.03472900390625,186.25673940949935,TRAIN
data/raw/Pepper Berry Grading V3.yolov8/valid/images/20260509_000849_jpg.rf.4W3nlSsbzyPztPTgVoL4.jpg,data/raw/Pepper Berry Grading V3.yolov8/valid/labels/20260509_000849_jpg.rf.4W3nlSsbzyPztPTgVoL4.txt,valid,3f57eed65c9a25bf49b9e28ca5d7b1bbcc82660d18706504a05ef8d7737591b0,D:/work/Year - 4/pepper/project/datset reorder/grade_1/sample_068/20260509_000849.jpg,grade_1,sample_068,grade_1/sample_068,0,V3 Grade 1,0.5016666666666667,0.5073949999999999,0.9966666666666667,0.6587875,4000,3000,1.3333333333333333,samsung,SM-A127F,6,146.39693196614584,23.984130859375,186.14910141206676,VALIDATION
data/raw/Pepper Berry Grading V3.yolov8/valid/images/20260509_000912_jpg.rf.6PmJz8uQWGEZqUQhEEtS.jpg,data/raw/Pepper Berry Grading V3.yolov8/valid/labels/20260509_000912_jpg.rf.6PmJz8uQWGEZqUQhEEtS.txt,valid,1bb5df8912c4a46208e13c4b2525673dd444dcf39d9b080a5f0c3704c4705cc6,D:/work/Year - 4/pepper/project/datset reorder/grade_1/sample_068/20260509_000912.jpg,grade_1,sample_068,grade_1/sample_068,0,V3 Grade 1,0.49066666666666664,0.4763575,0.8346666666666667,0.952715,4000,3000,1.3333333333333333,samsung,SM-A127F,6,139.353759765625,21.033935546875,189.77496790757382,VALIDATION
data/raw/Pepper Berry Grading V3.yolov8/valid/images/20260509_001012_jpg.rf.8ibUxJrDvvgeAFYau22W.jpg,data/raw/Pepper Berry Grading V3.yolov8/valid/labels/20260509_001012_jpg.rf.8ibUxJrDvvgeAFYau22W.txt,valid,e983cb2318466fbe203f229d367f0448e17f6648395035bbd3f3abf9648a25af,D:/work/Year - 4/pepper/project/datset reorder/grade_1/sample_067/20260509_001012.jpg,grade_1,sample_067,grade_1/sample_067,0,V3 Grade 1,0.5,0.4881075,1.0,0.9252175,4000,3000,1.3333333333333333,samsung,SM-A127F,6,135.1857706705729,17.94622802734375,188.79255455712453,TRAIN
data/raw/Pepper Berry Grading V3.yolov8/valid/images/20260509_001313_jpg.rf.0P4eb3erPc7RWIOyZP8i.jpg,data/raw/Pepper Berry Grading V3.yolov8/valid/labels/20260509_001313_jpg.rf.0P4eb3erPc7RWIOyZP8i.txt,valid,ad194a39f0a2a98a98f2381b4d066ee254cda024f9aae08a921cd6303e69ed6e,D:/work/Year - 4/pepper/project/datset reorder/grade_1/sample_065/20260509_001313.jpg,grade_1,sample_065,grade_1/sample_065,0,V3 Grade 1,0.529375,0.501,0.94125,0.998,4000,3000,1.3333333333333333,samsung,SM-A127F,3,103.00992838541667,23.580037434895832,158.93055198973042,VALIDATION
data/raw/Pepper Berry Grading V3.yolov8/valid/images/20260509_001545_jpg.rf.4MklfiAYchVNNjQXlRpd.jpg,data/raw/Pepper Berry Grading V3.yolov8/valid/labels/20260509_001545_jpg.rf.4MklfiAYchVNNjQXlRpd.txt,valid,0dd300ea79ff1e7e6d94839fc8146fbc99fc2f4edbd451e8583fb12ccb6acc25,D:/work/Year - 4/pepper/project/datset reorder/grade_1/sample_063/20260509_001545.jpg,grade_1,sample_063,grade_1/sample_063,0,V3 Grade 1,0.5633333333333334,0.52437,0.8733333333333333,0.7727425,4000,3000,1.3333333333333333,samsung,SM-A127F,6,142.3836669921875,22.181416829427082,183.4767650834403,TEST
data/raw/Pepper Berry Grading V3.yolov8/valid/images/20260509_001812_jpg.rf.ABQcDUBJmiY86LaSWgc0.jpg,data/raw/Pepper Berry Grading V3.yolov8/valid/labels/20260509_001812_jpg.rf.ABQcDUBJmiY86LaSWgc0.txt,valid,228555f7417948a7784dbfa991568a74f55dc974ee8218fc5d0910cec41811ee,D:/work/Year - 4/pepper/project/datset reorder/grade_1/sample_062/20260509_001812.jpg,grade_1,sample_062,grade_1/sample_062,0,V3 Grade 1,0.5033333333333333,0.45537,0.9933333333333333,0.9107424999999999,4000,3000,1.3333333333333333,samsung,SM-A127F,6,135.35345458984375,19.17529296875,195.949486521181,TRAIN
data/raw/Pepper Berry Grading V3.yolov8/valid/images/20260509_002032_jpg.rf.A2Xm3roJJloMF1nSjEsN.jpg,data/raw/Pepper Berry Grading V3.yolov8/valid/labels/20260509_002032_jpg.rf.A2Xm3roJJloMF1nSjEsN.txt,valid,ab18a2f55231950ed36161ebdda1491a495999d73e37f4eb07f5437f504bb0e8,D:/work/Year - 4/pepper/project/datset reorder/grade_1/sample_060/20260509_002032.jpg,grade_1,sample_060,grade_1/sample_060,0,V3 Grade 1,0.499,0.4696175,0.7113333333333334,0.8982374999999999,4000,3000,1.3333333333333333,samsung,SM-A127F,6,127.3988037109375,41.571248372395836,172.12496790757382,TRAIN
data/raw/Pepper Berry Grading V3.yolov8/valid/images/20260509_103427_jpg.rf.BAbpNIWGIDUZXcC6tRRr.jpg,data/raw/Pepper Berry Grading V3.yolov8/valid/labels/20260509_103427_jpg.rf.BAbpNIWGIDUZXcC6tRRr.txt,valid,985fe9a70af4baa10656b9d10f9caa4e1eb5b0523d3e7c59ecd4b915559a6fd4,D:/work/Year - 4/pepper/project/datset reorder/grade_1/sample_086/20260509_103427.jpg,grade_1,sample_086,grade_1/sample_086,0,V3 Grade 1,0.49056372549019606,0.47388562091503267,0.7973039215686275,0.8948333333333334,4080,3060,1.3333333333333333,samsung,Galaxy A06,1,144.8976033528646,47.929239908854164,230.38703465982027,TRAIN
data/raw/Pepper Berry Grading V3.yolov8/valid/images/20260509_103706_jpg.rf.4rOqyPPfKPD16slL0WLw.jpg,data/raw/Pepper Berry Grading V3.yolov8/valid/labels/20260509_103706_jpg.rf.4rOqyPPfKPD16slL0WLw.txt,valid,746c5afb35a7aaa67af0a48f259f60dc935cd311359eb09db88aaa2ef73d72a9,D:/work/Year - 4/pepper/project/datset reorder/grade_1/sample_085/20260509_103706.jpg,grade_1,sample_085,grade_1/sample_085,0,V3 Grade 1,0.42144607843137255,0.5346830065359478,0.6100490196078432,0.7026993464052288,4080,3060,1.3333333333333333,samsung,Galaxy A06,1,139.39471435546875,91.94710286458333,191.1356867779204,TRAIN
data/raw/Pepper Berry Grading V3.yolov8/valid/images/20260509_104619_jpg.rf.9zOyxUZssY62UQI3fBb2.jpg,data/raw/Pepper Berry Grading V3.yolov8/valid/labels/20260509_104619_jpg.rf.9zOyxUZssY62UQI3fBb2.txt,valid,b36b8c63e390558cb4b360e1794b4f6eaf588c16f1255c79c834f757f623bab5,D:/work/Year - 4/pepper/project/datset reorder/grade_1/sample_083/20260509_104619.jpg,grade_1,sample_083,grade_1/sample_083,0,V3 Grade 1,0.44084967320261437,0.5302867647058824,0.8816993464052287,0.6037132352941177,4080,3060,1.3333333333333333,samsung,Galaxy A06,6,161.2732950846354,58.783711751302086,207.48055198973043,TRAIN
data/raw/Pepper Berry Grading V3.yolov8/valid/images/20260509_110009_jpg.rf.ATTzhe67OVrSSeDoIVgf.jpg,data/raw/Pepper Berry Grading V3.yolov8/valid/labels/20260509_110009_jpg.rf.ATTzhe67OVrSSeDoIVgf.txt,valid,e228394a64459b5906add8edcf1420f1601846feae50e15925360550408357cc,D:/work/Year - 4/pepper/project/datset reorder/grade_1/sample_079/20260509_110009.jpg,grade_1,sample_079,grade_1/sample_079,0,V3 Grade 1,0.4827205882352941,0.4671928104575163,0.5855392156862745,0.8847091503267974,4080,3060,1.3333333333333333,samsung,Galaxy A06,3,175.72517903645834,26.333028157552082,226.82272143774068,TEST
data/raw/Pepper Berry Grading V3.yolov8/valid/images/20260728_172407_jpg.rf.2RhgwAdDcXlctYihlWkT.jpg,data/raw/Pepper Berry Grading V3.yolov8/valid/labels/20260728_172407_jpg.rf.2RhgwAdDcXlctYihlWkT.txt,valid,fb5bd7c38c2c22b0458d29be83db2ebd0ee3eeaf7d1c04d6677c8645085643b0,D:/work/Year - 4/pepper/project/datset reorder/grade_1/sample_056/20260728_172407.jpg,grade_1,sample_056,grade_1/sample_056,0,V3 Grade 1,0.47333333333333333,0.5100950000000001,0.9066666666666666,0.9691900000000001,4000,3000,1.3333333333333333,samsung,SM-A127F,6,102.15293375651042,60.9246826171875,141.09640564826702,TEST
data/raw/Pepper Berry Grading V3.yolov8/valid/images/20260728_172804_jpg.rf.7DIU1bCnkbDxJP6sCiVM.jpg,data/raw/Pepper Berry Grading V3.yolov8/valid/labels/20260728_172804_jpg.rf.7DIU1bCnkbDxJP6sCiVM.txt,valid,7f037b4f7dc85b9b97a2d7dcf16ad92e601bdbca5afeb14c7659dc043d9dbc4a,D:/work/Year - 4/pepper/project/datset reorder/grade_1/sample_055/20260728_172804.jpg,grade_1,sample_055,grade_1/sample_055,0,V3 Grade 1,0.4713333333333333,0.4843525,0.9426666666666667,0.968705,4000,3000,1.3333333333333333,samsung,SM-A127F,6,105.97194417317708,26.772705078125,165.73305519897303,TRAIN
data/raw/Pepper Berry Grading V3.yolov8/valid/images/20260728_173009_jpg.rf.6MPqpwZJibvWdM2UbMvz.jpg,data/raw/Pepper Berry Grading V3.yolov8/valid/labels/20260728_173009_jpg.rf.6MPqpwZJibvWdM2UbMvz.txt,valid,3e2e6b98a18fe84fb74d099e8ea019be240e7b84948cab33e3fc1b0d7e803605,D:/work/Year - 4/pepper/project/datset reorder/grade_1/sample_055/20260728_173009.jpg,grade_1,sample_055,grade_1/sample_055,0,V3 Grade 1,0.485,0.51935,0.9633333333333334,0.9226975,4000,3000,1.3333333333333333,samsung,SM-A127F,6,121.128173828125,22.369405110677082,182.11854942233632,TRAIN
data/raw/Pepper Berry Grading V3.yolov8/valid/images/20260728_173325_jpg.rf.6RW6MjWzWt2Ar20d0baf.jpg,data/raw/Pepper Berry Grading V3.yolov8/valid/labels/20260728_173325_jpg.rf.6RW6MjWzWt2Ar20d0baf.txt,valid,c8de59f0a67cc3032b2ba0e482766dec0ad7f19dc2d1047c5c7e5798e8993e2e,D:/work/Year - 4/pepper/project/datset reorder/grade_1/sample_053/20260728_173325.jpg,grade_1,sample_053,grade_1/sample_053,0,V3 Grade 1,0.41133333333333333,0.4853525,0.8226666666666667,0.970705,4000,3000,1.3333333333333333,samsung,SM-A127F,6,112.18155924479167,50.156026204427086,151.200513478819,TEST
data/raw/Pepper Berry Grading V3.yolov8/valid/images/20260728_173355_jpg.rf.B5GXWOMAqmlzJcMh56z2.jpg,data/raw/Pepper Berry Grading V3.yolov8/valid/labels/20260728_173355_jpg.rf.B5GXWOMAqmlzJcMh56z2.txt,valid,86df31dff6af7bf56e91f3d7002f4333912c7b027a49a850bbedb432cea44110,D:/work/Year - 4/pepper/project/datset reorder/grade_1/sample_053/20260728_173355.jpg,grade_1,sample_053,grade_1/sample_053,0,V3 Grade 1,0.49133333333333334,0.479865,0.9826666666666667,0.8937324999999999,4000,3000,1.3333333333333333,samsung,SM-A127F,6,133.49755859375,17.226318359375,197.3023106546855,TEST
data/raw/Pepper Berry Grading V3.yolov8/valid/images/20260728_174742_jpg.rf.3zVxOWirhBJiRaSv02jY.jpg,data/raw/Pepper Berry Grading V3.yolov8/valid/labels/20260728_174742_jpg.rf.3zVxOWirhBJiRaSv02jY.txt,valid,43d08106136cbebf83fa325096757586c3ee976468ff50bccb7c3318d212783a,D:/work/Year - 4/pepper/project/datset reorder/grade_1/sample_049/20260728_174742.jpg,grade_1,sample_049,grade_1/sample_049,0,V3 Grade 1,0.511,0.4681275,0.9753333333333334,0.845255,4000,3000,1.3333333333333333,samsung,SM-A127F,8,133.4088134765625,15.80511474609375,193.80121951219513,TRAIN
data/raw/Pepper Berry Grading V3.yolov8/valid/images/20260728_174848_jpg.rf.3IYgUzKdqoBjRmBZ0WT3.jpg,data/raw/Pepper Berry Grading V3.yolov8/valid/labels/20260728_174848_jpg.rf.3IYgUzKdqoBjRmBZ0WT3.txt,valid,fd13a22697e118393e5fb2d5359d68240904668cf494d21825c9dffc3119996b,D:/work/Year - 4/pepper/project/datset reorder/grade_1/sample_049/20260728_174848.jpg,grade_1,sample_049,grade_1/sample_049,0,V3 Grade 1,0.5163333333333333,0.5665,0.9326666666666666,0.867,4000,3000,1.3333333333333333,samsung,SM-A127F,6,125.33512369791667,20.553324381510418,169.6295892169448,TRAIN
data/raw/Pepper Berry Grading V3.yolov8/valid/images/20260728_175134_jpg.rf.2YpvkRPafsBXkXm7yW3V.jpg,data/raw/Pepper Berry Grading V3.yolov8/valid/labels/20260728_175134_jpg.rf.2YpvkRPafsBXkXm7yW3V.txt,valid,3e740afdbd9ba277bce2e22557a2bfdd0365653f56ebb392fd8f972522988387,D:/work/Year - 4/pepper/project/datset reorder/grade_1/sample_048/20260728_175134.jpg,grade_1,sample_048,grade_1/sample_048,0,V3 Grade 1,0.5166666666666667,0.5881075,0.9666666666666667,0.7252175,4000,3000,1.3333333333333333,samsung,SM-A127F,6,143.63765462239584,16.113972981770832,190.60320924261873,VALIDATION
data/raw/Pepper Berry Grading V3.yolov8/valid/images/20260728_175207_jpg.rf.7qrzgc4HdyhllW0hUPwI.jpg,data/raw/Pepper Berry Grading V3.yolov8/valid/labels/20260728_175207_jpg.rf.7qrzgc4HdyhllW0hUPwI.txt,valid,422753657d16dca444473d8d8e979b2166c8f336001fb0dc49d50a72930171a7,D:/work/Year - 4/pepper/project/datset reorder/grade_1/sample_047/20260728_175207.jpg,grade_1,sample_047,grade_1/sample_047,0,V3 Grade 1,0.564,0.500615,0.6613333333333333,0.86023,4000,3000,1.3333333333333333,samsung,SM-A127F,8,128.64029947916666,48.334086100260414,180.75917843388962,TEST
data/raw/Pepper Berry Grading V3.yolov8/valid/images/20260728_175404_jpg.rf.4GvSrCPC318wgLEV0rni.jpg,data/raw/Pepper Berry Grading V3.yolov8/valid/labels/20260728_175404_jpg.rf.4GvSrCPC318wgLEV0rni.txt,valid,9c3cb77363b5d99654b429248ba26912c4799f158ea15bf2e7adc324ebf7e248,D:/work/Year - 4/pepper/project/datset reorder/grade_1/sample_047/20260728_175404.jpg,grade_1,sample_047,grade_1/sample_047,0,V3 Grade 1,0.49466666666666664,0.526595,0.976,0.9321900000000001,4000,3000,1.3333333333333333,samsung,SM-A127F,6,128.44392903645834,17.138041178385418,192.03998716302954,TEST
data/raw/Pepper Berry Grading V3.yolov8/valid/images/20260728_175838_jpg.rf.2AFwNoVrahcx9XJ8Sz6A.jpg,data/raw/Pepper Berry Grading V3.yolov8/valid/labels/20260728_175838_jpg.rf.2AFwNoVrahcx9XJ8Sz6A.txt,valid,8570c0a26ae0089a4480659398ba09037260b1e9ee0ff36075ee052de9c3853e,D:/work/Year - 4/pepper/project/datset reorder/grade_1/sample_046/20260728_175838.jpg,grade_1,sample_046,grade_1/sample_046,0,V3 Grade 1,0.4076666666666667,0.48135500000000003,0.7286666666666667,0.9627100000000001,4000,3000,1.3333333333333333,samsung,SM-A127F,6,114.80572509765625,55.60821533203125,157.943324775353,VALIDATION
data/raw/Pepper Berry Grading V3.yolov8/valid/images/20260728_180211_jpg.rf.B5UA6M2Bu1YXb160Z8dk.jpg,data/raw/Pepper Berry Grading V3.yolov8/valid/labels/20260728_180211_jpg.rf.B5UA6M2Bu1YXb160Z8dk.txt,valid,e962491fd7944a2ee1a2b09691687b21cc912022be03f0854459147e5872d66a,D:/work/Year - 4/pepper/project/datset reorder/grade_1/sample_046/20260728_180211.jpg,grade_1,sample_046,grade_1/sample_046,0,V3 Grade 1,0.46066666666666667,0.46162000000000003,0.9213333333333333,0.90224,4000,3000,1.3333333333333333,samsung,SM-A127F,6,143.3497111002604,17.153279622395832,188.2300385109114,VALIDATION
data/raw/Pepper Berry Grading V3.yolov8/valid/images/20260729_080944_jpg.rf.AanOOBjHtij08rJwPLKU.jpg,data/raw/Pepper Berry Grading V3.yolov8/valid/labels/20260729_080944_jpg.rf.AanOOBjHtij08rJwPLKU.txt,valid,6cd122ea1d15eb4c8fa57ee7d6e142f3ed5b7c2af67e5ebb034022bbff7b940c,D:/work/Year - 4/pepper/project/datset reorder/grade_1/sample_043/20260729_080944.jpg,grade_1,sample_043,grade_1/sample_043,0,V3 Grade 1,0.5245,0.49368,0.759,0.9866933333333333,4000,3000,1.3333333333333333,samsung,SM-A127F,3,135.814697265625,14.584696451822916,182.50442875481386,TRAIN
data/raw/Pepper Berry Grading V3.yolov8/valid/images/20260729_083009_jpg.rf.5Bz4HHRgG0uNnu3chjBY.jpg,data/raw/Pepper Berry Grading V3.yolov8/valid/labels/20260729_083009_jpg.rf.5Bz4HHRgG0uNnu3chjBY.txt,valid,3bcce4a6f2eaa869f62726498ba25af3089ada84f37fee23e12c6082fea2e186,D:/work/Year - 4/pepper/project/datset reorder/grade_1/sample_039/20260729_083009.jpg,grade_1,sample_039,grade_1/sample_039,0,V3 Grade 1,0.5366666666666666,0.4871275,0.9266666666666666,0.8032549999999999,4000,3000,1.3333333333333333,samsung,SM-A127F,8,137.05802408854166,14.05841064453125,193.7273427471117,TEST
data/raw/Pepper Berry Grading V3.yolov8/valid/images/20260729_083219_jpg.rf.0wtdUU1JG5TkobDVO6of.jpg,data/raw/Pepper Berry Grading V3.yolov8/valid/labels/20260729_083219_jpg.rf.0wtdUU1JG5TkobDVO6of.txt,valid,eb21bfa37a0120c29b18e35872bc0fa5c729ef10c4a6ab408945fd3af0be281b,D:/work/Year - 4/pepper/project/datset reorder/grade_1/sample_039/20260729_083219.jpg,grade_1,sample_039,grade_1/sample_039,0,V3 Grade 1,0.499,0.4818775,0.978,0.817755,4000,3000,1.3333333333333333,samsung,SM-A127F,6,132.2713826497396,16.08807373046875,175.37516046213094,TEST
data/raw/Pepper Berry Grading V3.yolov8/valid/images/20260729_083850_jpg.rf.1KFOgIlQMxOD1i5kGNoT.jpg,data/raw/Pepper Berry Grading V3.yolov8/valid/labels/20260729_083850_jpg.rf.1KFOgIlQMxOD1i5kGNoT.txt,valid,d19c5945a235a2d1a274bafe21425c16c2f16631f7fbebad6dd331bda4001127,D:/work/Year - 4/pepper/project/datset reorder/grade_1/sample_037/20260729_083850.jpg,grade_1,sample_037,grade_1/sample_037,0,V3 Grade 1,0.485,0.5143525,0.8033333333333333,0.912705,4000,3000,1.3333333333333333,samsung,SM-A127F,6,124.13539632161458,49.164326985677086,184.9627086007702,VALIDATION
data/raw/Pepper Berry Grading V3.yolov8/valid/images/20260814_150754_jpg.rf.76p4OdPY0i6x4kqBFbrb.jpg,data/raw/Pepper Berry Grading V3.yolov8/valid/labels/20260814_150754_jpg.rf.76p4OdPY0i6x4kqBFbrb.txt,valid,227311a89280b006cfad094600a998479f1dc880cef9bb314b7b6b62d74e8fea,D:/work/Year - 4/pepper/project/datset reorder/grade_1/sample_034/20260814_150754.jpg,grade_1,sample_034,grade_1/sample_034,0,V3 Grade 1,0.508,0.4976375,0.976,0.7142775,4000,3000,1.3333333333333333,samsung,SM-A127F,6,133.0148722330729,18.095011393229168,182.86546854942233,TRAIN
data/raw/Pepper Berry Grading V3.yolov8/valid/images/20260814_151109_jpg.rf.7a23flfRfzRm4vD3WJDe.jpg,data/raw/Pepper Berry Grading V3.yolov8/valid/labels/20260814_151109_jpg.rf.7a23flfRfzRm4vD3WJDe.txt,valid,9d1069708bc629f771376c8c67f76064a43b160d291f2ef46891a7db230312d1,D:/work/Year - 4/pepper/project/datset reorder/grade_1/sample_033/20260814_151109.jpg,grade_1,sample_033,grade_1/sample_033,0,V3 Grade 1,0.5166666666666667,0.4951175,0.9666666666666667,0.8592325,4000,3000,1.3333333333333333,samsung,SM-A127F,6,131.4339599609375,20.811503092447918,195.25109114249037,TRAIN
data/raw/Pepper Berry Grading V3.yolov8/valid/images/20260814_154657_jpg.rf.2AlTWHBRMqqBxRCYxSwT.jpg,data/raw/Pepper Berry Grading V3.yolov8/valid/labels/20260814_154657_jpg.rf.2AlTWHBRMqqBxRCYxSwT.txt,valid,14b93dd204c2f966cd0626fbdb90bbd449e24cc1afa1cfb7f77ba98ad9174daf,D:/work/Year - 4/pepper/project/datset reorder/grade_2/sample_035/20260814_154657.jpg,grade_2,sample_035,grade_2/sample_035,1,V3 Grade 2,0.5293333333333333,0.541865,0.8853333333333333,0.77773,4000,3000,1.3333333333333333,samsung,SM-A127F,6,150.99886067708334,23.500996907552082,217.34139922978179,TRAIN
data/raw/Pepper Berry Grading V3.yolov8/valid/images/20260814_154745_jpg.rf.A9MVvicnAoodpVVQqfn2.jpg,data/raw/Pepper Berry Grading V3.yolov8/valid/labels/20260814_154745_jpg.rf.A9MVvicnAoodpVVQqfn2.txt,valid,b56e3022271ff984367049a031e1c24e96b1dddcf55354f82ce0e6b85552155c,D:/work/Year - 4/pepper/project/datset reorder/grade_2/sample_035/20260814_154745.jpg,grade_2,sample_035,grade_2/sample_035,1,V3 Grade 2,0.48433333333333334,0.589615,0.9486666666666667,0.67823,4000,3000,1.3333333333333333,samsung,SM-A127F,6,145.923583984375,20.007222493489582,180.9112323491656,TRAIN
data/raw/Pepper Berry Grading V3.yolov8/valid/images/20260814_162003_jpg.rf.3f8RynAX5eTNsW51zqGE.jpg,data/raw/Pepper Berry Grading V3.yolov8/valid/labels/20260814_162003_jpg.rf.3f8RynAX5eTNsW51zqGE.txt,valid,2777a4eb38d6e7050a17cd897390560bd31f401db778f2230d936d61f00e9b1b,D:/work/Year - 4/pepper/project/datset reorder/grade_2/sample_037/20260814_162003.jpg,grade_2,sample_037,grade_2/sample_037,1,V3 Grade 2,0.46166666666666667,0.47288,0.8233333333333334,0.81976,4000,3000,1.3333333333333333,samsung,SM-A127F,6,153.0472615559896,24.956298828125,222.03080872913992,TRAIN
data/raw/Pepper Berry Grading V3.yolov8/valid/images/20260814_162248_jpg.rf.0u61k5jrY9J6SahwhpNy.jpg,data/raw/Pepper Berry Grading V3.yolov8/valid/labels/20260814_162248_jpg.rf.0u61k5jrY9J6SahwhpNy.txt,valid,be9b9bbd7eb6628320cec7d7b25aa401e28f18629dca5deaa3447bef353c3f04,D:/work/Year - 4/pepper/project/datset reorder/grade_2/sample_038/20260814_162248.jpg,grade_2,sample_038,grade_2/sample_038,1,V3 Grade 2,0.426,0.5720974999999999,0.7453333333333333,0.8331925,4000,3000,1.3333333333333333,samsung,SM-A127F,6,144.221435546875,53.778849283854164,187.80474967907574,TRAIN
data/raw/Pepper Berry Grading V3.yolov8/valid/images/20260814_163236_jpg.rf.1skzYwLulYoUlHHnDaWK.jpg,data/raw/Pepper Berry Grading V3.yolov8/valid/labels/20260814_163236_jpg.rf.1skzYwLulYoUlHHnDaWK.txt,valid,22c47181b6e538778123214e8c81279ac17e05e0a77317b10bd973dbcbda7a15,D:/work/Year - 4/pepper/project/datset reorder/grade_2/sample_040/20260814_163236.jpg,grade_2,sample_040,grade_2/sample_040,1,V3 Grade 2,0.5066666666666667,0.47837999999999997,0.7866666666666666,0.8007625,4000,3000,1.3333333333333333,samsung,SM-A127F,6,150.93841552734375,24.315897623697918,214.24762516046212,TEST
data/raw/Pepper Berry Grading V3.yolov8/valid/images/20260814_163433_jpg.rf.AxS1HmrBf1uFh9UwrEW2.jpg,data/raw/Pepper Berry Grading V3.yolov8/valid/labels/20260814_163433_jpg.rf.AxS1HmrBf1uFh9UwrEW2.txt,valid,d9f2ee2b7b5e445dfc0d61873391ee47ee34d50e4d336c3be3a5ee9ed348662d,D:/work/Year - 4/pepper/project/datset reorder/grade_2/sample_040/20260814_163433.jpg,grade_2,sample_040,grade_2/sample_040,1,V3 Grade 2,0.4776666666666667,0.425645,0.9086666666666666,0.8102925,4000,3000,1.3333333333333333,samsung,SM-A127F,6,132.37190755208334,29.845174153645832,181.15911424903723,TEST
data/raw/Pepper Berry Grading V3.yolov8/valid/images/20260814_164631_jpg.rf.6j3kok5r38oYwjfmkYtd.jpg,data/raw/Pepper Berry Grading V3.yolov8/valid/labels/20260814_164631_jpg.rf.6j3kok5r38oYwjfmkYtd.txt,valid,8c5969de5d97d7155cc17056b6f43699d9b99c4038a2681c96d2f5ec092be1a8,D:/work/Year - 4/pepper/project/datset reorder/grade_2/sample_043/20260814_164631.jpg,grade_2,sample_043,grade_2/sample_043,1,V3 Grade 2,0.4686666666666667,0.5263825000000001,0.804,0.696765,4000,3000,1.3333333333333333,samsung,SM-A127F,6,137.5597127278646,23.992472330729168,170.98613607188705,TRAIN
data/raw/Pepper Berry Grading V3.yolov8/valid/images/20260814_165137_jpg.rf.AnZ2BIqRuUJYHUmWdbdK.jpg,data/raw/Pepper Berry Grading V3.yolov8/valid/labels/20260814_165137_jpg.rf.AnZ2BIqRuUJYHUmWdbdK.txt,valid,47dce5661deb53b483556aaca133a3dba56038011869fb5e4422d52cb7ca1556,D:/work/Year - 4/pepper/project/datset reorder/grade_2/sample_056/20260814_165137.jpg,grade_2,sample_056,grade_2/sample_056,1,V3 Grade 2,0.5166666666666667,0.542115,0.74,0.77323,4000,3000,1.3333333333333333,samsung,SM-A127F,6,146.3098347981771,50.819559733072914,196.81591784338897,VALIDATION
data/raw/Pepper Berry Grading V3.yolov8/valid/images/20260814_165803_jpg.rf.74PQiSNxMzjPg7ccwoco.jpg,data/raw/Pepper Berry Grading V3.yolov8/valid/labels/20260814_165803_jpg.rf.74PQiSNxMzjPg7ccwoco.txt,valid,d17b0d9c228c3287899c31dae81ca608931a0b299ee81f263052d8ce6ad7cc40,D:/work/Year - 4/pepper/project/datset reorder/grade_2/sample_054/20260814_165803.jpg,grade_2,sample_054,grade_2/sample_054,1,V3 Grade 2,0.43133333333333335,0.521875,0.836,0.7577474999999999,4000,3000,1.3333333333333333,samsung,SM-A127F,6,147.95172119140625,24.318684895833332,210.95269576379974,TRAIN
data/raw/Pepper Berry Grading V3.yolov8/valid/images/20260814_165905_jpg.rf.AdkaF3psd1a8ULFHqMty.jpg,data/raw/Pepper Berry Grading V3.yolov8/valid/labels/20260814_165905_jpg.rf.AdkaF3psd1a8ULFHqMty.txt,valid,1e1b52fc56f9f5c1e99f135ea93e1b554d181698f14b788cb8045c9dd9fa1d4e,D:/work/Year - 4/pepper/project/datset reorder/grade_2/sample_054/20260814_165905.jpg,grade_2,sample_054,grade_2/sample_054,1,V3 Grade 2,0.4703333333333333,0.528375,0.934,0.74075,4000,3000,1.3333333333333333,samsung,SM-A127F,6,152.0709228515625,25.323384602864582,218.75301668806162,TRAIN
data/raw/Pepper Berry Grading V3.yolov8/valid/images/20260814_170655_jpg.rf.1UChEVTJDvIrQzOG0hv9.jpg,data/raw/Pepper Berry Grading V3.yolov8/valid/labels/20260814_170655_jpg.rf.1UChEVTJDvIrQzOG0hv9.txt,valid,0240a2d0435000b4ae3e479a788b7ac4f4527faa486bfcfc888b4abd983ab652,D:/work/Year - 4/pepper/project/datset reorder/grade_2/sample_052/20260814_170655.jpg,grade_2,sample_052,grade_2/sample_052,1,V3 Grade 2,0.45466666666666666,0.51938,0.816,0.72276,4000,3000,1.3333333333333333,samsung,SM-A127F,6,150.92987060546875,27.683146158854168,208.88446726572528,TRAIN
data/raw/Pepper Berry Grading V3.yolov8/valid/images/20260814_170942_jpg.rf.7cTJT6TrdL6ud5xOnk4s.jpg,data/raw/Pepper Berry Grading V3.yolov8/valid/labels/20260814_170942_jpg.rf.7cTJT6TrdL6ud5xOnk4s.txt,valid,23d8d1c68fe7fd3a067a6b31a743a77f2ae1ff40659267c12936fe40cc44676a,D:/work/Year - 4/pepper/project/datset reorder/grade_2/sample_052/20260814_170942.jpg,grade_2,sample_052,grade_2/sample_052,1,V3 Grade 2,0.44633333333333336,0.55711,0.886,0.7832175,4000,3000,1.3333333333333333,samsung,SM-A127F,6,148.03767903645834,22.808837890625,208.64852374839538,TRAIN
data/raw/Pepper Berry Grading V3.yolov8/valid/images/20260814_171824_jpg.rf.6uOKafKFVCRpvoWAxaSL.jpg,data/raw/Pepper Berry Grading V3.yolov8/valid/labels/20260814_171824_jpg.rf.6uOKafKFVCRpvoWAxaSL.txt,valid,742b2ec144f5596b7674a2878834095e07d12dd6651ad3538fac39e4ade896ac,D:/work/Year - 4/pepper/project/datset reorder/grade_2/sample_051/20260814_171824.jpg,grade_2,sample_051,grade_2/sample_051,1,V3 Grade 2,0.4513333333333333,0.4611475,0.8493333333333334,0.7312949999999999,4000,3000,1.3333333333333333,samsung,SM-A127F,6,142.06453450520834,22.553690592447918,189.55218228498074,VALIDATION
data/raw/Pepper Berry Grading V3.yolov8/valid/images/20260814_172316_jpg.rf.6xmnaJrbNBveF3f1rVBY.jpg,data/raw/Pepper Berry Grading V3.yolov8/valid/labels/20260814_172316_jpg.rf.6xmnaJrbNBveF3f1rVBY.txt,valid,5aa226b03d910f88e7605b41bb27793d0293b515c1767baef989ff7e45cc9ed7,D:/work/Year - 4/pepper/project/datset reorder/grade_2/sample_050/20260814_172316.jpg,grade_2,sample_050,grade_2/sample_050,1,V3 Grade 2,0.498,0.47964249999999997,0.996,0.7182875,4000,3000,1.3333333333333333,samsung,SM-A127F,6,148.39593505859375,24.571614583333332,204.0099486521181,TRAIN
data/raw/Pepper Berry Grading V3.yolov8/valid/images/20260815_071412_jpg.rf.6gX36oCqwl975infKojD.jpg,data/raw/Pepper Berry Grading V3.yolov8/valid/labels/20260815_071412_jpg.rf.6gX36oCqwl975infKojD.txt,valid,87ca9290128a193645e87b79e95786765450d06551f1cb0b945977615a4d70e0,D:/work/Year - 4/pepper/project/datset reorder/grade_2/sample_049/20260815_071412.jpg,grade_2,sample_049,grade_2/sample_049,1,V3 Grade 2,0.484,0.48088,0.9546666666666667,0.7957625,4000,3000,1.3333333333333333,samsung,SM-A127F,6,150.81831868489584,23.1494140625,216.07702182284982,TRAIN
data/raw/Pepper Berry Grading V3.yolov8/valid/images/20260815_071449_jpg.rf.6CF5Ga9jsOHnTuAJ0g4j.jpg,data/raw/Pepper Berry Grading V3.yolov8/valid/labels/20260815_071449_jpg.rf.6CF5Ga9jsOHnTuAJ0g4j.txt,valid,7904894df57417d9cef59a3e47e988f56213a2dd0670796a3e99e9e894dcfa70,D:/work/Year - 4/pepper/project/datset reorder/grade_2/sample_049/20260815_071449.jpg,grade_2,sample_049,grade_2/sample_049,1,V3 Grade 2,0.46266666666666667,0.517625,0.832,0.7542525000000001,4000,3000,1.3333333333333333,samsung,SM-A127F,6,121.57366943359375,25.445556640625,156.77252888318358,TRAIN
data/raw/Pepper Berry Grading V3.yolov8/valid/images/20260815_071908_jpg.rf.3Zo3gLdTAzvQcYOcNX1e.jpg,data/raw/Pepper Berry Grading V3.yolov8/valid/labels/20260815_071908_jpg.rf.3Zo3gLdTAzvQcYOcNX1e.txt,valid,935a137f2fc4968eb98e51b9cf6de433acd241e82cd248b0860d4921a276ab39,D:/work/Year - 4/pepper/project/datset reorder/grade_2/sample_047/20260815_071908.jpg,grade_2,sample_047,grade_2/sample_047,1,V3 Grade 2,0.468,0.47614,0.9226666666666666,0.7412825000000001,4000,3000,1.3333333333333333,samsung,SM-A127F,6,154.07596842447916,22.336669921875,218.2170731707317,TRAIN
data/raw/Pepper Berry Grading V3.yolov8/valid/images/20260815_072932_jpg.rf.9gDo1AFeEZA8XhT16cHM.jpg,data/raw/Pepper Berry Grading V3.yolov8/valid/labels/20260815_072932_jpg.rf.9gDo1AFeEZA8XhT16cHM.txt,valid,8ee919656309050451f560e14305b24203a1a8ab4379bf6a57a2bf0520c7be35,D:/work/Year - 4/pepper/project/datset reorder/grade_2/sample_045/20260815_072932.jpg,grade_2,sample_045,grade_2/sample_045,1,V3 Grade 2,0.485375,0.5003633333333333,0.79325,0.8667266666666666,4000,3000,1.3333333333333333,samsung,SM-A127F,3,144.37481689453125,17.36651611328125,200.60885750962774,VALIDATION
data/raw/Pepper Berry Grading V3.yolov8/valid/images/20260820_110730_jpg.rf.0sh7vbQsYDs7b7dCjhaO.jpg,data/raw/Pepper Berry Grading V3.yolov8/valid/labels/20260820_110730_jpg.rf.0sh7vbQsYDs7b7dCjhaO.txt,valid,d442bf411b43c6b32ed69ef3180e45a953e585ca8ee8c59e505f8b099143189d,D:/work/Year - 4/pepper/project/datset reorder/grade_1/sample_087/20260820_110730.jpg,grade_1,sample_087,grade_1/sample_087,0,V3 Grade 1,0.44166666666666665,0.42510457516339867,0.5598039215686275,0.5325588235294118,4080,3060,1.3333333333333333,samsung,Galaxy A06,3,168.62691243489584,85.3289794921875,213.54813863928112,VALIDATION
data/raw/Pepper Berry Grading V3.yolov8/valid/images/20260820_112732_jpg.rf.4H36aN2MMWNyah4yovKZ.jpg,data/raw/Pepper Berry Grading V3.yolov8/valid/labels/20260820_112732_jpg.rf.4H36aN2MMWNyah4yovKZ.txt,valid,f5329b975102babf627246e2af2a77a2a34c33c71e16690193891b2564afa29b,D:/work/Year - 4/pepper/project/datset reorder/grade_1/sample_089/20260820_112732.jpg,grade_1,sample_089,grade_1/sample_089,0,V3 Grade 1,0.5712009803921568,0.45396732026143793,0.6105392156862746,0.848454248366013,4080,3060,1.3333333333333333,samsung,Galaxy A06,3,162.71028645833334,37.72918701171875,206.66437740693198,TRAIN
data/raw/Pepper Berry Grading V3.yolov8/valid/images/20260820_112916_jpg.rf.1yoXcobPRU0hLIvFJrO1.jpg,data/raw/Pepper Berry Grading V3.yolov8/valid/labels/20260820_112916_jpg.rf.1yoXcobPRU0hLIvFJrO1.txt,valid,281ee8092d9eb5eaf8e1d5fd6e24de86c421f48123b47cb044b55a337e5dcbf6,D:/work/Year - 4/pepper/project/datset reorder/grade_1/sample_090/20260820_112916.jpg,grade_1,sample_090,grade_1/sample_090,0,V3 Grade 1,0.5127450980392156,0.42751307189542487,0.5941176470588235,0.7890130718954249,4080,3060,1.3333333333333333,samsung,Galaxy A06,3,177.06597900390625,28.39031982421875,227.2081514762516,TRAIN
data/raw/Pepper Berry Grading V3.yolov8/valid/images/20260820_113022_jpg.rf.6ZNR0sdR2wUGLCpUOxx6.jpg,data/raw/Pepper Berry Grading V3.yolov8/valid/labels/20260820_113022_jpg.rf.6ZNR0sdR2wUGLCpUOxx6.txt,valid,c68e2397dcb29a34f22c418f517f878d47a9fc383af9b9a19c6757200754d4a3,D:/work/Year - 4/pepper/project/datset reorder/grade_1/sample_090/20260820_113022.jpg,grade_1,sample_090,grade_1/sample_090,0,V3 Grade 1,0.5013071895424837,0.471031862745098,0.7660130718954249,0.7026299019607843,4080,3060,1.3333333333333333,samsung,Galaxy A06,6,156.8105265299479,38.049112955729164,202.9435815147625,TRAIN
data/raw/Pepper Berry Grading V3.yolov8/valid/images/20260820_113646_jpg.rf.9GRCi4yRn1US9zUVoZIU.jpg,data/raw/Pepper Berry Grading V3.yolov8/valid/labels/20260820_113646_jpg.rf.9GRCi4yRn1US9zUVoZIU.txt,valid,666437a3e779d4ac0afce52e8d936f8da2f2897808d8d5f01e0bb4690c7ae354,D:/work/Year - 4/pepper/project/datset reorder/grade_1/sample_092/20260820_113646.jpg,grade_1,sample_092,grade_1/sample_092,0,V3 Grade 1,0.5488970588235295,0.45820588235294113,0.6590686274509804,0.8896143790849672,4080,3060,1.3333333333333333,samsung,Galaxy A06,3,169.3764444986979,42.948811848958336,230.52483953786907,TRAIN
data/raw/Pepper Berry Grading V3.yolov8/valid/images/20260820_114000_jpg.rf.4m83jdDJgCX5UaOW85VT.jpg,data/raw/Pepper Berry Grading V3.yolov8/valid/labels/20260820_114000_jpg.rf.4m83jdDJgCX5UaOW85VT.txt,valid,63045871ef0e79e94a7954d344ce474a735d4e5e799ad6ed3a1d45c854813437,D:/work/Year - 4/pepper/project/datset reorder/grade_1/sample_094/20260820_114000.jpg,grade_1,sample_094,grade_1/sample_094,0,V3 Grade 1,0.5138480392156862,0.6013169934640523,0.6919117647058823,0.7706078431372548,4080,3060,1.3333333333333333,samsung,Galaxy A06,1,170.54888916015625,28.070271809895832,224.06463414634146,TRAIN
data/raw/Pepper Berry Grading V3.yolov8/valid/images/20260820_114055_jpg.rf.56lDaKyIDdTzIkkTfjS8.jpg,data/raw/Pepper Berry Grading V3.yolov8/valid/labels/20260820_114055_jpg.rf.56lDaKyIDdTzIkkTfjS8.txt,valid,c5d50071896029ed9f8fde1339e6fb1c33be06e6d54d909a6b0dbc1c0e6fb876,D:/work/Year - 4/pepper/project/datset reorder/grade_1/sample_095/20260820_114055.jpg,grade_1,sample_095,grade_1/sample_095,0,V3 Grade 1,0.542156862745098,0.5890882352941176,0.5745098039215686,0.6252385620915033,4080,3060,1.3333333333333333,samsung,Galaxy A06,1,191.35298665364584,13.174397786458334,231.76181001283697,TRAIN
data/raw/Pepper Berry Grading V3.yolov8/valid/images/20260820_114323_jpg.rf.5iBjy1Vec3ChS0UeSH2n.jpg,data/raw/Pepper Berry Grading V3.yolov8/valid/labels/20260820_114323_jpg.rf.5iBjy1Vec3ChS0UeSH2n.txt,valid,4e0430d5cb8fb0b0c87bc99f0a3bbad6ed2fc62dd58511a23479e61294d9b8d2,D:/work/Year - 4/pepper/project/datset reorder/grade_1/sample_096/20260820_114323.jpg,grade_1,sample_096,grade_1/sample_096,0,V3 Grade 1,0.6262254901960784,0.44172222222222224,0.6593137254901961,0.8076274509803922,4080,3060,1.3333333333333333,samsung,Galaxy A06,3,153.05485026041666,65.1971435546875,195.78478818998715,TRAIN
data/raw/Pepper Berry Grading V3.yolov8/valid/images/20260820_114425_jpg.rf.75YZayOzsMEwijgUjLZj.jpg,data/raw/Pepper Berry Grading V3.yolov8/valid/labels/20260820_114425_jpg.rf.75YZayOzsMEwijgUjLZj.txt,valid,e15a4ab246bd9fe5da4ac8a916b61fa46adb8cf6ff17881a1debafe73e7287e2,D:/work/Year - 4/pepper/project/datset reorder/grade_1/sample_096/20260820_114425.jpg,grade_1,sample_096,grade_1/sample_096,0,V3 Grade 1,0.5560049019607843,0.46669934640522875,0.6683823529411764,0.8935294117647058,4080,3060,1.3333333333333333,samsung,Galaxy A06,3,167.46673583984375,42.61480712890625,226.3512836970475,TRAIN
data/raw/Pepper Berry Grading V3.yolov8/valid/images/20260820_114606_jpg.rf.6uIQvOXguBaMIK7Go44t.jpg,data/raw/Pepper Berry Grading V3.yolov8/valid/labels/20260820_114606_jpg.rf.6uIQvOXguBaMIK7Go44t.txt,valid,b399455cc9575780fb6451b8876450ed1eb229364579ccd2e689f8b7a8716c7f,D:/work/Year - 4/pepper/project/datset reorder/grade_1/sample_096/20260820_114606.jpg,grade_1,sample_096,grade_1/sample_096,0,V3 Grade 1,0.49019607843137253,0.3825563725490196,0.8562091503267973,0.4994264705882353,4080,3060,1.3333333333333333,samsung,Galaxy A06,6,166.0876668294271,44.465555826822914,201.49987163029525,TRAIN
data/raw/Pepper Berry Grading V3.yolov8/valid/images/20260820_114843_jpg.rf.B54Y30YjHxD8E248AXxX.jpg,data/raw/Pepper Berry Grading V3.yolov8/valid/labels/20260820_114843_jpg.rf.B54Y30YjHxD8E248AXxX.txt,valid,59e9d77f5a05e279e4fcb35c3e740244b0f3692498b85ec81ada1cd95aa1dc3a,D:/work/Year - 4/pepper/project/datset reorder/grade_1/sample_097/20260820_114843.jpg,grade_1,sample_097,grade_1/sample_097,0,V3 Grade 1,0.4493464052287582,0.5400759803921569,0.7810457516339869,0.6821127450980392,4080,3060,1.3333333333333333,samsung,Galaxy A06,6,174.02608235677084,29.39178466796875,229.3961489088575,TEST
data/raw/Pepper Berry Grading V3.yolov8/valid/images/20260820_115245_jpg.rf.4EzKP7Ipr3vMWbuDQjxd.jpg,data/raw/Pepper Berry Grading V3.yolov8/valid/labels/20260820_115245_jpg.rf.4EzKP7Ipr3vMWbuDQjxd.txt,valid,e48b3b7cbaedfa0bf97970ffcc68d9fa190529f551b62a9ec1ef130785e9d9c9,D:/work/Year - 4/pepper/project/datset reorder/grade_1/sample_098/20260820_115245.jpg,grade_1,sample_098,grade_1/sample_098,0,V3 Grade 1,0.5279411764705882,0.48958496732026147,0.5852941176470589,0.7955065359477124,4080,3060,1.3333333333333333,samsung,Galaxy A06,3,181.10699462890625,29.803181966145832,232.55776636713736,TEST
data/raw/Pepper Berry Grading V3.yolov8/valid/images/20260820_115522_jpg.rf.10njFirXZSFRz93yo3OQ.jpg,data/raw/Pepper Berry Grading V3.yolov8/valid/labels/20260820_115522_jpg.rf.10njFirXZSFRz93yo3OQ.txt,valid,84fbebdd69c2b2c285a29e548d041d4974a02c6338dea1256930efa9ed260907,D:/work/Year - 4/pepper/project/datset reorder/grade_1/sample_099/20260820_115522.jpg,grade_1,sample_099,grade_1/sample_099,0,V3 Grade 1,0.4366013071895425,0.48055147058823533,0.6705882352941176,0.5777720588235294,4080,3060,1.3333333333333333,samsung,Galaxy A06,6,162.37687174479166,62.303955078125,202.43433889602053,VALIDATION
data/raw/Pepper Berry Grading V3.yolov8/valid/images/20260820_115653_jpg.rf.3E1YJnfJ3yaG4inNFWIX.jpg,data/raw/Pepper Berry Grading V3.yolov8/valid/labels/20260820_115653_jpg.rf.3E1YJnfJ3yaG4inNFWIX.txt,valid,7578cb9bfd74d03545a818a6d5286d03836adde9d2e18472b702b89c0b47d866,D:/work/Year - 4/pepper/project/datset reorder/grade_1/sample_099/20260820_115653.jpg,grade_1,sample_099,grade_1/sample_099,0,V3 Grade 1,0.4866421568627451,0.4862941176470588,0.799264705882353,0.9457908496732026,4080,3060,1.3333333333333333,samsung,Galaxy A06,3,169.41644287109375,26.483154296875,241.78863928112966,VALIDATION
data/raw/Pepper Berry Grading V3.yolov8/valid/images/20260820_121924_jpg.rf.855WtPzoQbixY2yHWGG9.jpg,data/raw/Pepper Berry Grading V3.yolov8/valid/labels/20260820_121924_jpg.rf.855WtPzoQbixY2yHWGG9.txt,valid,2197bfde701d77fa87595f6803068dbebdd7392e418ecf7272d299a40a0cc3c5,D:/work/Year - 4/pepper/project/datset reorder/grade_1/sample_101/20260820_121924.jpg,grade_1,sample_101,grade_1/sample_101,0,V3 Grade 1,0.4627450980392157,0.4722156862745098,0.8274509803921568,0.6101200980392156,4080,3060,1.3333333333333333,samsung,Galaxy A06,6,179.7699991861979,23.365437825520832,229.35115532734275,VALIDATION
data/raw/Pepper Berry Grading V3.yolov8/valid/images/20260820_122134_jpg.rf.9bizx6AFcXI0aWIKlbXv.jpg,data/raw/Pepper Berry Grading V3.yolov8/valid/labels/20260820_122134_jpg.rf.9bizx6AFcXI0aWIKlbXv.txt,valid,586b298ced619b255145819b930764d9f8fc851ffe220c1fe368f3ac11c64b47,D:/work/Year - 4/pepper/project/datset reorder/grade_1/sample_103/20260820_122134.jpg,grade_1,sample_103,grade_1/sample_103,0,V3 Grade 1,0.5332107843137255,0.5379542483660131,0.6767156862745098,0.6700261437908498,4080,3060,1.3333333333333333,samsung,Galaxy A06,1,185.2918701171875,18.626017252604168,228.97612323491657,TRAIN
data/raw/Pepper Berry Grading V3.yolov8/valid/images/20260820_122150_jpg.rf.7uM6yC1yLCGai2BjFMvW.jpg,data/raw/Pepper Berry Grading V3.yolov8/valid/labels/20260820_122150_jpg.rf.7uM6yC1yLCGai2BjFMvW.txt,valid,a627547a523e46b251d5d6f9e02d6a18432d61ef71b36a3ccedba4baaf72e428,D:/work/Year - 4/pepper/project/datset reorder/grade_1/sample_103/20260820_122150.jpg,grade_1,sample_103,grade_1/sample_103,0,V3 Grade 1,0.5133578431372549,0.5470915032679738,0.720343137254902,0.7405882352941175,4080,3060,1.3333333333333333,samsung,Galaxy A06,1,177.48980712890625,27.04400634765625,231.93241335044928,TRAIN
data/raw/Pepper Berry Grading V3.yolov8/valid/images/20260820_122244_jpg.rf.15nGnBnMlvEmrdjcx3QK.jpg,data/raw/Pepper Berry Grading V3.yolov8/valid/labels/20260820_122244_jpg.rf.15nGnBnMlvEmrdjcx3QK.txt,valid,5ddd5727e7e3689261fc896472b1b912565ad14bfbc2d27cb5f54b0df084104e,D:/work/Year - 4/pepper/project/datset reorder/grade_1/sample_104/20260820_122244.jpg,grade_1,sample_104,grade_1/sample_104,0,V3 Grade 1,0.5400735294117647,0.41054575163398693,0.6904411764705882,0.6505065359477123,4080,3060,1.3333333333333333,samsung,Galaxy A06,3,159.8695271809896,81.826904296875,201.89576379974326,TRAIN
data/raw/Pepper Berry Grading V3.yolov8/valid/images/20260820_122438_jpg.rf.9h7e92L3hr9bKrXA59S9.jpg,data/raw/Pepper Berry Grading V3.yolov8/valid/labels/20260820_122438_jpg.rf.9h7e92L3hr9bKrXA59S9.txt,valid,cf942582e94499c6f24558d812c25d4b33cc9bfb72bda8a9fdb8bd8f1a381c7d,D:/work/Year - 4/pepper/project/datset reorder/grade_1/sample_105/20260820_122438.jpg,grade_1,sample_105,grade_1/sample_105,0,V3 Grade 1,0.5269607843137255,0.4665490196078432,0.6421568627450981,0.8180653594771242,4080,3060,1.3333333333333333,samsung,Galaxy A06,3,164.3533732096354,43.941670735677086,205.69287548138638,TEST
data/raw/Pepper Berry Grading V3.yolov8/valid/images/20260820_122958_jpg.rf.0NRlRmyAadhK43I42zs3.jpg,data/raw/Pepper Berry Grading V3.yolov8/valid/labels/20260820_122958_jpg.rf.0NRlRmyAadhK43I42zs3.txt,valid,17b9ba2001a0d09e9853d0465f519c888a3f19cb30f6feb1f1cd1c5254caa58c,D:/work/Year - 4/pepper/project/datset reorder/grade_1/sample_106/20260820_122958.jpg,grade_1,sample_106,grade_1/sample_106,0,V3 Grade 1,0.5337009803921569,0.4663856209150327,0.7071078431372549,0.807937908496732,4080,3060,1.3333333333333333,samsung,Galaxy A06,3,177.31388346354166,22.144287109375,232.89518613607189,TRAIN
data/raw/Pepper Berry Grading V3.yolov8/valid/images/20260820_123018_jpg.rf.0oFevSeleNB7W21vumhr.jpg,data/raw/Pepper Berry Grading V3.yolov8/valid/labels/20260820_123018_jpg.rf.0oFevSeleNB7W21vumhr.txt,valid,f10964fa2a8db7d41deae3f1376b734cd530a2d43ea2880db3e81fb89b3e4f83,D:/work/Year - 4/pepper/project/datset reorder/grade_1/sample_106/20260820_123018.jpg,grade_1,sample_106,grade_1/sample_106,0,V3 Grade 1,0.5270833333333333,0.4748725490196078,0.7379901960784314,0.8510555555555556,4080,3060,1.3333333333333333,samsung,Galaxy A06,1,167.3346150716146,39.89599609375,233.852053915276,TRAIN
data/raw/Pepper Berry Grading V3.yolov8/valid/images/20260820_123918_jpg.rf.AWgPCFtb6Lj2hbIfcS64.jpg,data/raw/Pepper Berry Grading V3.yolov8/valid/labels/20260820_123918_jpg.rf.AWgPCFtb6Lj2hbIfcS64.txt,valid,70300dd05f1d4dccae255c57f5ab789931b942367c56c6681932c4a89a714803,D:/work/Year - 4/pepper/project/datset reorder/grade_1/sample_109/20260820_123918.jpg,grade_1,sample_109,grade_1/sample_109,0,V3 Grade 1,0.4002450980392157,0.394859477124183,0.609313725490196,0.6975588235294118,4080,3060,1.3333333333333333,samsung,Galaxy A06,3,138.85628255208334,89.21628824869792,188.91181001283698,TRAIN
data/raw/Pepper Berry Grading V3.yolov8/valid/images/20260820_123929_jpg.rf.9Z0dPmmrIyeHB7VaBxb7.jpg,data/raw/Pepper Berry Grading V3.yolov8/valid/labels/20260820_123929_jpg.rf.9Z0dPmmrIyeHB7VaBxb7.txt,valid,ad0559ef1d98a1f90df6a3de397cd9a2012e46618a092eb9ca860aa0f3474c25,D:/work/Year - 4/pepper/project/datset reorder/grade_1/sample_109/20260820_123929.jpg,grade_1,sample_109,grade_1/sample_109,0,V3 Grade 1,0.6367647058823529,0.5490555555555555,0.6460784313725491,0.7183692810457516,4080,3060,1.3333333333333333,samsung,Galaxy A06,1,180.14898681640625,20.963399251302082,229.26803594351733,TRAIN
data/raw/Pepper Berry Grading V3.yolov8/valid/images/20260820_124024_jpg.rf.2NZxs2P8kXFHWMOfc4YE.jpg,data/raw/Pepper Berry Grading V3.yolov8/valid/labels/20260820_124024_jpg.rf.2NZxs2P8kXFHWMOfc4YE.txt,valid,2f236f792ac20b39c2814d9c89915074b3dc3b53279dcc60298b0993e2949060,D:/work/Year - 4/pepper/project/datset reorder/grade_1/sample_110/20260820_124024.jpg,grade_1,sample_110,grade_1/sample_110,0,V3 Grade 1,0.4693627450980392,0.4407581699346405,0.5612745098039216,0.6945915032679738,4080,3060,1.3333333333333333,samsung,Galaxy A06,3,139.29081217447916,100.63653564453125,186.458215661104,TRAIN
data/raw/Pepper Berry Grading V3.yolov8/valid/images/20260820_124651_jpg.rf.4eE8gjsh65loGgAXsmDw.jpg,data/raw/Pepper Berry Grading V3.yolov8/valid/labels/20260820_124651_jpg.rf.4eE8gjsh65loGgAXsmDw.txt,valid,c6ca42d32d5cc53be45dc95d89ffcea5c53e0fe629f057113ace17b116f84382,D:/work/Year - 4/pepper/project/datset reorder/grade_1/sample_112/20260820_124651.jpg,grade_1,sample_112,grade_1/sample_112,0,V3 Grade 1,0.5712009803921568,0.5358071895424836,0.5909313725490196,0.8258627450980391,4080,3060,1.3333333333333333,samsung,Galaxy A06,1,157.1623331705729,37.621114095052086,185.01874197689347,TRAIN
data/raw/Pepper Berry Grading V3.yolov8/valid/images/20260905_153742_jpg.rf.1WqbmydLtGwSsvniaonh.jpg,data/raw/Pepper Berry Grading V3.yolov8/valid/labels/20260905_153742_jpg.rf.1WqbmydLtGwSsvniaonh.txt,valid,2ed2e0ea01deac8dc2ea18b52235005aadb644608f3c0d76c76324df8f62ffed,D:/work/Year - 4/pepper/project/datset reorder/grade_2/sample_079/20260905_153742.jpg,grade_2,sample_079,grade_2/sample_079,1,V3 Grade 2,0.489875,0.46703666666666666,0.83225,0.8934066666666666,4000,3000,1.3333333333333333,samsung,SM-A127F,3,150.6099650065104,24.986612955729168,211.32560975609755,VALIDATION
data/raw/Pepper Berry Grading V3.yolov8/valid/images/20260905_153936_jpg.rf.A5XIFnviwrFqkZ22F4rQ.jpg,data/raw/Pepper Berry Grading V3.yolov8/valid/labels/20260905_153936_jpg.rf.A5XIFnviwrFqkZ22F4rQ.txt,valid,cb7b2aa540bca543a8bf9bd090c31c43a474076ff42898ee5ae18f98fbce8f3e,D:/work/Year - 4/pepper/project/datset reorder/grade_2/sample_079/20260905_153936.jpg,grade_2,sample_079,grade_2/sample_079,1,V3 Grade 2,0.49433333333333335,0.5191174999999999,0.9553333333333334,0.807235,4000,3000,1.3333333333333333,samsung,SM-A127F,6,131.13968912760416,21.736958821614582,169.9397946084724,VALIDATION
data/raw/Pepper Berry Grading V3.yolov8/valid/images/20260905_154304_jpg.rf.5gl9S2YpAmmP4SVYKPY2.jpg,data/raw/Pepper Berry Grading V3.yolov8/valid/labels/20260905_154304_jpg.rf.5gl9S2YpAmmP4SVYKPY2.txt,valid,32ce8fd73f47fc981ba2fef3d3a0efed990b2e04437c595e0c1a17813ce2f659,D:/work/Year - 4/pepper/project/datset reorder/grade_2/sample_077/20260905_154304.jpg,grade_2,sample_077,grade_2/sample_077,1,V3 Grade 2,0.509,0.5818450000000001,0.798,0.8176925,4000,3000,1.3333333333333333,samsung,SM-A127F,6,129.545166015625,48.73199462890625,182.81110397946085,TRAIN
data/raw/Pepper Berry Grading V3.yolov8/valid/images/20260905_154412_jpg.rf.5sKeobyQOgxTRKMWvEe8.jpg,data/raw/Pepper Berry Grading V3.yolov8/valid/labels/20260905_154412_jpg.rf.5sKeobyQOgxTRKMWvEe8.txt,valid,e9dda94ede26062bedb05eddce2d4f1d2f42173ec3885426f66eb55814122e6b,D:/work/Year - 4/pepper/project/datset reorder/grade_2/sample_077/20260905_154412.jpg,grade_2,sample_077,grade_2/sample_077,1,V3 Grade 2,0.5053333333333333,0.47787999999999997,0.9173333333333333,0.80976,4000,3000,1.3333333333333333,samsung,SM-A127F,6,156.86564127604166,30.589497884114582,226.6752888318357,TRAIN
data/raw/Pepper Berry Grading V3.yolov8/valid/images/20260905_154600_jpg.rf.5XA9P5BIzoudpt74OedA.jpg,data/raw/Pepper Berry Grading V3.yolov8/valid/labels/20260905_154600_jpg.rf.5XA9P5BIzoudpt74OedA.txt,valid,3e1129cc9f45b4fd5ce4a2d8a25b3cf7a91fc91725cc9e3e1a716ede5cac2863,D:/work/Year - 4/pepper/project/datset reorder/grade_2/sample_076/20260905_154600.jpg,grade_2,sample_076,grade_2/sample_076,1,V3 Grade 2,0.49333333333333335,0.4493825,0.9466666666666667,0.8427675,4000,3000,1.3333333333333333,samsung,SM-A127F,6,149.2762451171875,25.027425130208332,219.3482028241335,TRAIN
data/raw/Pepper Berry Grading V3.yolov8/valid/images/20260905_154928_jpg.rf.16svg0c08bZDGH9KFVxX.jpg,data/raw/Pepper Berry Grading V3.yolov8/valid/labels/20260905_154928_jpg.rf.16svg0c08bZDGH9KFVxX.txt,valid,42b26b0fc66bad8d2bbe444ef71fe18425c947c6fbf25e5bebe8060298666418,D:/work/Year - 4/pepper/project/datset reorder/grade_2/sample_075/20260905_154928.jpg,grade_2,sample_075,grade_2/sample_075,1,V3 Grade 2,0.5266666666666666,0.5106175000000001,0.9466666666666667,0.820235,4000,3000,1.3333333333333333,samsung,SM-A127F,6,151.76041666666666,24.4869384765625,219.50853658536585,TRAIN
data/raw/Pepper Berry Grading V3.yolov8/valid/images/20260905_155536_jpg.rf.9zun9xPxcYTxpzJg01qA.jpg,data/raw/Pepper Berry Grading V3.yolov8/valid/labels/20260905_155536_jpg.rf.9zun9xPxcYTxpzJg01qA.txt,valid,a65f7c2299a76ec8f8943e8a1e2062ad906e7c1144cf222ef5636a45e9d85d84,D:/work/Year - 4/pepper/project/datset reorder/grade_2/sample_074/20260905_155536.jpg,grade_2,sample_074,grade_2/sample_074,1,V3 Grade 2,0.531,0.4681325,0.9086666666666666,0.8052675,4000,3000,1.3333333333333333,samsung,SM-A127F,6,151.42582194010416,26.457478841145832,219.00795892169447,TRAIN
data/raw/Pepper Berry Grading V3.yolov8/valid/images/20260905_155824_jpg.rf.0l96DL0KMsPbysikF8TC.jpg,data/raw/Pepper Berry Grading V3.yolov8/valid/labels/20260905_155824_jpg.rf.0l96DL0KMsPbysikF8TC.txt,valid,3e98aad071c913413252740a1d2f9c6af4fc392c39be5d4de3ade81b24e417a0,D:/work/Year - 4/pepper/project/datset reorder/grade_2/sample_073/20260905_155824.jpg,grade_2,sample_073,grade_2/sample_073,1,V3 Grade 2,0.49333333333333335,0.51187,0.92,0.7977424999999999,4000,3000,1.3333333333333333,samsung,SM-A127F,6,147.73116048177084,26.48052978515625,217.66103979460848,TRAIN
data/raw/Pepper Berry Grading V3.yolov8/valid/images/20260905_160356_jpg.rf.6NPUrBPGbRJoTNeScyaL.jpg,data/raw/Pepper Berry Grading V3.yolov8/valid/labels/20260905_160356_jpg.rf.6NPUrBPGbRJoTNeScyaL.txt,valid,a637f40c3f4c917791f33ff802d50dbfa7bb61a13f8e5b6df2302da404b34f33,D:/work/Year - 4/pepper/project/datset reorder/grade_2/sample_072/20260905_160356.jpg,grade_2,sample_072,grade_2/sample_072,1,V3 Grade 2,0.4663333333333333,0.54711,0.8993333333333333,0.8032174999999999,4000,3000,1.3333333333333333,samsung,SM-A127F,6,149.491943359375,24.552836100260418,201.0395378690629,VALIDATION
data/raw/Pepper Berry Grading V3.yolov8/valid/images/20260905_160810_jpg.rf.B5NQy5G7QVgxDsBC8Y4a.jpg,data/raw/Pepper Berry Grading V3.yolov8/valid/labels/20260905_160810_jpg.rf.B5NQy5G7QVgxDsBC8Y4a.txt,valid,c4b9ac24f4c98a3449f6a024f33b344510de54941b006ee3d5980264d69d2478,D:/work/Year - 4/pepper/project/datset reorder/grade_2/sample_071/20260905_160810.jpg,grade_2,sample_071,grade_2/sample_071,1,V3 Grade 2,0.458,0.4993675,0.8893333333333333,0.842735,4000,3000,1.3333333333333333,samsung,SM-A127F,6,149.20450846354166,21.664164225260418,208.66803594351734,TRAIN
data/raw/Pepper Berry Grading V3.yolov8/valid/images/20260905_161114_jpg.rf.2beH01OdJPZEJQX5vPzk.jpg,data/raw/Pepper Berry Grading V3.yolov8/valid/labels/20260905_161114_jpg.rf.2beH01OdJPZEJQX5vPzk.txt,valid,376839f1a1cb27d95bbf9e2dafacc77b1761bf262a3b0ad5e4076138ba1441df,D:/work/Year - 4/pepper/project/datset reorder/grade_2/sample_070/20260905_161114.jpg,grade_2,sample_070,grade_2/sample_070,1,V3 Grade 2,0.491,0.503375,0.9353333333333333,0.79075,4000,3000,1.3333333333333333,samsung,SM-A127F,6,140.409912109375,37.2479248046875,213.06899871630296,TRAIN
data/raw/Pepper Berry Grading V3.yolov8/valid/images/20260905_171205_jpg.rf.5KrLfYCSaO5Jnztr10FJ.jpg,data/raw/Pepper Berry Grading V3.yolov8/valid/labels/20260905_171205_jpg.rf.5KrLfYCSaO5Jnztr10FJ.txt,valid,81b8b9d88f2af54f40a5396d77f85fd07588e80a6330eb1fb282047e461b7a98,D:/work/Year - 4/pepper/project/datset reorder/grade_2/sample_069/20260905_171205.jpg,grade_2,sample_069,grade_2/sample_069,1,V3 Grade 2,0.463,0.57525,0.746,0.8495,4000,3000,1.3333333333333333,samsung,SM-A127F,6,119.33980305989583,56.30401611328125,165.46720154043646,TRAIN
data/raw/Pepper Berry Grading V3.yolov8/valid/images/20260905_171441_jpg.rf.3swXeeuBItgCBK19CMx7.jpg,data/raw/Pepper Berry Grading V3.yolov8/valid/labels/20260905_171441_jpg.rf.3swXeeuBItgCBK19CMx7.txt,valid,d2306390475843d9acc16f3626947cc91f4611f21d78ce0981d9892aeb5a2912,D:/work/Year - 4/pepper/project/datset reorder/grade_2/sample_068/20260905_171441.jpg,grade_2,sample_068,grade_2/sample_068,1,V3 Grade 2,0.447,0.50438,0.8206666666666667,0.75276,4000,3000,1.3333333333333333,samsung,SM-A127F,6,147.2184041341146,60.620198567708336,191.4781129653402,TEST
data/raw/Pepper Berry Grading V3.yolov8/valid/images/20260905_171742_jpg.rf.1UTFoRUtNH6K3m8FpcFW.jpg,data/raw/Pepper Berry Grading V3.yolov8/valid/labels/20260905_171742_jpg.rf.1UTFoRUtNH6K3m8FpcFW.txt,valid,2b8b2c7d036edb74ce07b89a75d2b186ee3417ed355d032bbf1c36bb1b65d19a,D:/work/Year - 4/pepper/project/datset reorder/grade_2/sample_067/20260905_171742.jpg,grade_2,sample_067,grade_2/sample_067,1,V3 Grade 2,0.47,0.4876125,0.8333333333333334,0.8942275,4000,3000,1.3333333333333333,samsung,SM-A127F,6,121.88328043619792,51.756144205729164,169.33074454428754,TRAIN
data/raw/Pepper Berry Grading V3.yolov8/valid/images/20260905_172334_jpg.rf.6Ye9O7uPOMjkdnvpKHqi.jpg,data/raw/Pepper Berry Grading V3.yolov8/valid/labels/20260905_172334_jpg.rf.6Ye9O7uPOMjkdnvpKHqi.txt,valid,ba36e07a372f5c54e6616b4d93a1fa8e41e798b07022946129e540e6f01f89c4,D:/work/Year - 4/pepper/project/datset reorder/grade_2/sample_065/20260905_172334.jpg,grade_2,sample_065,grade_2/sample_065,1,V3 Grade 2,0.5293333333333333,0.5063675,0.8586666666666667,0.8367325,4000,3000,1.3333333333333333,samsung,SM-A127F,6,152.1418660481771,18.742472330729168,222.76174582798458,TRAIN
data/raw/Pepper Berry Grading V3.yolov8/valid/images/20260905_172435_jpg.rf.9uy3Zbds8ZOwx565Stg2.jpg,data/raw/Pepper Berry Grading V3.yolov8/valid/labels/20260905_172435_jpg.rf.9uy3Zbds8ZOwx565Stg2.txt,valid,dcbfa455603d4945aefc8de836dd921e8d1cf7fbd3c6928d0fabe83bc6098207,D:/work/Year - 4/pepper/project/datset reorder/grade_2/sample_065/20260905_172435.jpg,grade_2,sample_065,grade_2/sample_065,1,V3 Grade 2,0.4766666666666667,0.55211,0.9533333333333334,0.7932175,4000,3000,1.3333333333333333,samsung,SM-A127F,6,154.8052978515625,26.314595540364582,219.3665596919127,TRAIN
data/raw/Pepper Berry Grading V3.yolov8/valid/images/20260905_173152_jpg.rf.6Qb0ctgEYkY2rRtfvyjB.jpg,data/raw/Pepper Berry Grading V3.yolov8/valid/labels/20260905_173152_jpg.rf.6Qb0ctgEYkY2rRtfvyjB.txt,valid,d12f76037220c88ac2e289c1d0356b70e9a04528974f93c615e491bc5fadc44b,D:/work/Year - 4/pepper/project/datset reorder/grade_2/sample_062/20260905_173152.jpg,grade_2,sample_062,grade_2/sample_062,1,V3 Grade 2,0.38475,0.48222000000000004,0.7245,0.7537733333333334,4000,3000,1.3333333333333333,samsung,SM-A127F,3,137.5283203125,66.79227701822917,171.9451219512195,TRAIN
data/raw/Pepper Berry Grading V3.yolov8/valid/images/20260905_173227_jpg.rf.2P2BIco85Z0W9YS122Yi.jpg,data/raw/Pepper Berry Grading V3.yolov8/valid/labels/20260905_173227_jpg.rf.2P2BIco85Z0W9YS122Yi.txt,valid,b5e0c0ff15b7b82f4b2331eaf5d63a48d00dc683775e90e2f0e0bc4029c4322c,D:/work/Year - 4/pepper/project/datset reorder/grade_2/sample_062/20260905_173227.jpg,grade_2,sample_062,grade_2/sample_062,1,V3 Grade 2,0.48533333333333334,0.48614749999999995,0.9573333333333334,0.681295,4000,3000,1.3333333333333333,samsung,SM-A127F,6,151.2018025716146,18.38311767578125,197.9362002567394,TRAIN
data/raw/Pepper Berry Grading V3.yolov8/valid/images/20260905_173524_jpg.rf.4PmNxDoU8Ej2qQ6TzdtQ.jpg,data/raw/Pepper Berry Grading V3.yolov8/valid/labels/20260905_173524_jpg.rf.4PmNxDoU8Ej2qQ6TzdtQ.txt,valid,2a5dd4adf98bb941783f392c281277df87e24961dc92c31ac8e42446c404c54a,D:/work/Year - 4/pepper/project/datset reorder/grade_2/sample_062/20260905_173524.jpg,grade_2,sample_062,grade_2/sample_062,1,V3 Grade 2,0.46066666666666667,0.518625,0.8946666666666667,0.75625,4000,3000,1.3333333333333333,samsung,SM-A127F,6,147.52718098958334,21.88330078125,193.0147625160462,TRAIN
data/raw/Pepper Berry Grading V3.yolov8/valid/images/20260905_173805_jpg.rf.48tiYl0Nq7IpFf78vfF5.jpg,data/raw/Pepper Berry Grading V3.yolov8/valid/labels/20260905_173805_jpg.rf.48tiYl0Nq7IpFf78vfF5.txt,valid,65082f3954ce36b671d070b937b41541ec6a5a2818598f95099a81bec2d4d06f,D:/work/Year - 4/pepper/project/datset reorder/grade_2/sample_061/20260905_173805.jpg,grade_2,sample_061,grade_2/sample_061,1,V3 Grade 2,0.5256666666666666,0.48563999999999996,0.9246666666666666,0.7302799999999999,4000,3000,1.3333333333333333,samsung,SM-A127F,6,152.34576416015625,17.896728515625,216.34788189987162,VALIDATION
data/raw/Pepper Berry Grading V3.yolov8/valid/images/20260905_174037_jpg.rf.0QYWIWHkv38ztf6BI0Fp.jpg,data/raw/Pepper Berry Grading V3.yolov8/valid/labels/20260905_174037_jpg.rf.0QYWIWHkv38ztf6BI0Fp.txt,valid,f6af39db143c85d8889a25caf867ce359f06d7ccff61f9a65f22c09e52684f19,D:/work/Year - 4/pepper/project/datset reorder/grade_2/sample_061/20260905_174037.jpg,grade_2,sample_061,grade_2/sample_061,1,V3 Grade 2,0.4816666666666667,0.6076174999999999,0.81,0.6342325,4000,3000,1.3333333333333333,samsung,SM-A127F,6,144.30448404947916,13.965067545572916,183.6732349165597,VALIDATION
data/raw/Pepper Berry Grading V3.yolov8/valid/images/20260905_174331_jpg.rf.78HGfwPmPFZCLOdk8rlz.jpg,data/raw/Pepper Berry Grading V3.yolov8/valid/labels/20260905_174331_jpg.rf.78HGfwPmPFZCLOdk8rlz.txt,valid,8db24553b42d3478e009642e96e9d5ed8a81a79d9da06f92f07224ec763be160,D:/work/Year - 4/pepper/project/datset reorder/grade_2/sample_060/20260905_174331.jpg,grade_2,sample_060,grade_2/sample_060,1,V3 Grade 2,0.489125,0.4793833333333334,0.71575,0.7781,4000,3000,1.3333333333333333,samsung,SM-A127F,3,149.14689127604166,19.720296223958332,191.75224646983312,TRAIN
data/raw/Pepper Berry Grading V3.yolov8/valid/images/20260905_174636_jpg.rf.3Ja8F3ZdY0JAV8cUY51K.jpg,data/raw/Pepper Berry Grading V3.yolov8/valid/labels/20260905_174636_jpg.rf.3Ja8F3ZdY0JAV8cUY51K.txt,valid,fa23d4379f1dcf2976ca2cad36df53a1cdf2de65d71b184a41f1d5a6aa5b705c,D:/work/Year - 4/pepper/project/datset reorder/grade_2/sample_059/20260905_174636.jpg,grade_2,sample_059,grade_2/sample_059,1,V3 Grade 2,0.5023333333333333,0.5161100000000001,0.9713333333333334,0.86122,4000,3000,1.3333333333333333,samsung,SM-A127F,6,143.0789794921875,20.99920654296875,198.67541720154043,TRAIN
