image_id,image_path,grade,sample_id,camera_model,orientation,width,height,aspect_ratio,image_readable,size_quality,color_quality,texture_quality,broken_level,light_berry_level,pinhead_level,foreign_matter_visible,mould_visible,insect_damage_visible
IMGV2_000001,data/raw/berry_images/grade_1/sample_001/20260508_152150.jpg,Grade 1,sample_001,samsung SM-A127F,6,4000,3000,1.333333,true,unknown,unknown,unknown,unknown,unknown,unknown,unknown,unknown,unknown
IMGV2_000002,data/raw/berry_images/grade_1/sample_001/20260508_152214.jpg,Grade 1,sample_001,samsung SM-A127F,6,4000,3000,1.333333,true,unknown,unknown,unknown,unknown,unknown,unknown,unknown,unknown,unknown
IMGV2_000003,data/raw/berry_images/grade_1/sample_001/20260508_152238.jpg,Grade 1,sample_001,samsung SM-A127F,6,4000,3000,1.333333,true,unknown,unknown,unknown,unknown,unknown,unknown,unknown,unknown,unknown
IMGV2_000004,data/raw/berry_images/grade_1/sample_001/20260508_152445.jpg,Grade 1,sample_001,samsung SM-A127F,3,4000,3000,1.333333,true,unknown,unknown,unknown,unknown,unknown,unknown,unknown,unknown,unknown
IMGV2_000005,data/raw/berry_images/grade_1/sample_002/20260508_152537.jpg,Grade 1,sample_002,samsung SM-A127F,6,4000,3000,1.333333,true,unknown,unknown,unknown,unknown,unknown,unknown,unknown,unknown,unknown
IMGV2_000006,data/raw/berry_images/grade_1/sample_002/20260508_152630.jpg,Grade 1,sample_002,samsung SM-A127F,6,4000,3000,1.333333,true,unknown,unknown,unknown,unknown,unknown,unknown,unknown,unknown,unknown
IMGV2_000007,data/raw/berry_images/grade_1/sample_002/20260508_152707.jpg,Grade 1,sample_002,samsung SM-A127F,6,4000,3000,1.333333,true,unknown,unknown,unknown,unknown,unknown,unknown,unknown,unknown,unknown
IMGV2_000008,data/raw/berry_images/grade_1/sample_002/20260508_152716.jpg,Grade 1,sample_002,samsung SM-A127F,6,4000,3000,1.333333,true,unknown,unknown,unknown,unknown,unknown,unknown,unknown,unknown,unknown
IMGV2_000009,data/raw/berry_images/grade_1/sample_002/20260508_152835.jpg,Grade 1,sample_002,samsung SM-A127F,6,4000,3000,1.333333,true,unknown,unknown,unknown,unknown,unknown,unknown,unknown,unknown,unknown
IMGV2_000010,data/raw/berry_images/grade_1/sample_003/20260508_152901.jpg,Grade 1,sample_003,samsung SM-A127F,6,4000,3000,1.333333,true,unknown,unknown,unknown,unknown,unknown,unknown,unknown,unknown,unknown
IMGV2_000011,data/raw/berry_images/grade_1/sample_003/20260508_153025.jpg,Grade 1,sample_003,samsung SM-A127F,6,4000,3000,1.333333,true,unknown,unknown,unknown,unknown,unknown,unknown,unknown,unknown,unknown
IMGV2_000012,data/raw/berry_images/grade_1/sample_003/20260508_153102.jpg,Grade 1,sample_003,samsung SM-A127F,6,4000,3000,1.333333,true,unknown,unknown,unknown,unknown,unknown,unknown,unknown,unknown,unknown
IMGV2_000013,data/raw/berry_images/grade_1/sample_003/20260508_153140.jpg,Grade 1,sample_003,samsung SM-A127F,6,4000,3000,1.333333,true,unknown,unknown,unknown,unknown,unknown,unknown,unknown,unknown,unknown
IMGV2_000014,data/raw/berry_images/grade_1/sample_004/20260508_153218.jpg,Grade 1,sample_004,samsung SM-A127F,6,4000,3000,1.333333,true,unknown,unknown,unknown,unknown,unknown,unknown,unknown,unknown,unknown
IMGV2_000015,data/raw/berry_images/grade_1/sample_004/20260508_153312.jpg,Grade 1,sample_004,samsung SM-A127F,6,4000,3000,1.333333,true,unknown,unknown,unknown,unknown,unknown,unknown,unknown,unknown,unknown
IMGV2_000016,data/raw/berry_images/grade_1/sample_004/20260508_153348.jpg,Grade 1,sample_004,samsung SM-A127F,6,4000,3000,1.333333,true,unknown,unknown,unknown,unknown,unknown,unknown,unknown,unknown,unknown
IMGV2_000017,data/raw/berry_images/grade_1/sample_004/20260508_153423.jpg,Grade 1,sample_004,samsung SM-A127F,6,4000,3000,1.333333,true,unknown,unknown,unknown,unknown,unknown,unknown,unknown,unknown,unknown
IMGV2_000018,data/raw/berry_images/grade_1/sample_005/20260508_153514.jpg,Grade 1,sample_005,samsung SM-A127F,3,4000,3000,1.333333,true,unknown,unknown,unknown,unknown,unknown,unknown,unknown,unknown,unknown
IMGV2_000019,data/raw/berry_images/grade_1/sample_005/20260508_153531.jpg,Grade 1,sample_005,samsung SM-A127F,6,4000,3000,1.333333,true,unknown,unknown,unknown,unknown,unknown,unknown,unknown,unknown,unknown
IMGV2_000020,data/raw/berry_images/grade_1/sample_005/20260508_153558.jpg,Grade 1,sample_005,samsung SM-A127F,6,4000,3000,1.333333,true,unknown,unknown,unknown,unknown,unknown,unknown,unknown,unknown,unknown
IMGV2_000021,data/raw/berry_images/grade_1/sample_005/20260508_153635.jpg,Grade 1,sample_005,samsung SM-A127F,6,4000,3000,1.333333,true,unknown,unknown,unknown,unknown,unknown,unknown,unknown,unknown,unknown
IMGV2_000022,data/raw/berry_images/grade_1/sample_006/20260508_153716.jpg,Grade 1,sample_006,samsung SM-A127F,3,4000,3000,1.333333,true,unknown,unknown,unknown,unknown,unknown,unknown,unknown,unknown,unknown
IMGV2_000023,data/raw/berry_images/grade_1/sample_006/20260508_153805.jpg,Grade 1,sample_006,samsung SM-A127F,6,4000,3000,1.333333,true,unknown,unknown,unknown,unknown,unknown,unknown,unknown,unknown,unknown
IMGV2_000024,data/raw/berry_images/grade_1/sample_006/20260508_153811.jpg,Grade 1,sample_006,samsung SM-A127F,6,4000,3000,1.333333,true,unknown,unknown,unknown,unknown,unknown,unknown,unknown,unknown,unknown
IMGV2_000025,data/raw/berry_images/grade_1/sample_006/20260508_153933.jpg,Grade 1,sample_006,samsung SM-A127F,6,4000,3000,1.333333,true,unknown,unknown,unknown,unknown,unknown,unknown,unknown,unknown,unknown
IMGV2_000026,data/raw/berry_images/grade_1/sample_007/20260508_154024.jpg,Grade 1,sample_007,samsung SM-A127F,6,4000,3000,1.333333,true,unknown,unknown,unknown,unknown,unknown,unknown,unknown,unknown,unknown
IMGV2_000027,data/raw/berry_images/grade_1/sample_007/20260508_154049.jpg,Grade 1,sample_007,samsung SM-A127F,6,4000,3000,1.333333,true,unknown,unknown,unknown,unknown,unknown,unknown,unknown,unknown,unknown
IMGV2_000028,data/raw/berry_images/grade_1/sample_007/20260508_154116.jpg,Grade 1,sample_007,samsung SM-A127F,6,4000,3000,1.333333,true,unknown,unknown,unknown,unknown,unknown,unknown,unknown,unknown,unknown
IMGV2_000029,data/raw/berry_images/grade_1/sample_007/20260508_154150.jpg,Grade 1,sample_007,samsung SM-A127F,6,4000,3000,1.333333,true,unknown,unknown,unknown,unknown,unknown,unknown,unknown,unknown,unknown
IMGV2_000030,data/raw/berry_images/grade_1/sample_008/20260508_154240.jpg,Grade 1,sample_008,samsung SM-A127F,6,4000,3000,1.333333,true,unknown,unknown,unknown,unknown,unknown,unknown,unknown,unknown,unknown
IMGV2_000031,data/raw/berry_images/grade_1/sample_008/20260508_154315.jpg,Grade 1,sample_008,samsung SM-A127F,3,4000,3000,1.333333,true,unknown,unknown,unknown,unknown,unknown,unknown,unknown,unknown,unknown
IMGV2_000032,data/raw/berry_images/grade_1/sample_008/20260508_154350.jpg,Grade 1,sample_008,samsung SM-A127F,6,4000,3000,1.333333,true,unknown,unknown,unknown,unknown,unknown,unknown,unknown,unknown,unknown
IMGV2_000033,data/raw/berry_images/grade_1/sample_008/20260508_154436.jpg,Grade 1,sample_008,samsung SM-A127F,6,4000,3000,1.333333,true,unknown,unknown,unknown,unknown,unknown,unknown,unknown,unknown,unknown
IMGV2_000034,data/raw/berry_images/grade_1/sample_009/20260508_154516.jpg,Grade 1,sample_009,samsung SM-A127F,6,4000,3000,1.333333,true,unknown,unknown,unknown,unknown,unknown,unknown,unknown,unknown,unknown
IMGV2_000035,data/raw/berry_images/grade_1/sample_009/20260508_154544.jpg,Grade 1,sample_009,samsung SM-A127F,6,4000,3000,1.333333,true,unknown,unknown,unknown,unknown,unknown,unknown,unknown,unknown,unknown
IMGV2_000036,data/raw/berry_images/grade_1/sample_009/20260508_154615.jpg,Grade 1,sample_009,samsung SM-A127F,6,4000,3000,1.333333,true,unknown,unknown,unknown,unknown,unknown,unknown,unknown,unknown,unknown
IMGV2_000037,data/raw/berry_images/grade_1/sample_009/20260508_154648.jpg,Grade 1,sample_009,samsung SM-A127F,6,4000,3000,1.333333,true,unknown,unknown,unknown,unknown,unknown,unknown,unknown,unknown,unknown
IMGV2_000038,data/raw/berry_images/grade_1/sample_010/20260508_154731.jpg,Grade 1,sample_010,samsung SM-A127F,6,4000,3000,1.333333,true,unknown,unknown,unknown,unknown,unknown,unknown,unknown,unknown,unknown
IMGV2_000039,data/raw/berry_images/grade_1/sample_010/20260508_154854.jpg,Grade 1,sample_010,samsung SM-A127F,6,4000,3000,1.333333,true,unknown,unknown,unknown,unknown,unknown,unknown,unknown,unknown,unknown
IMGV2_000040,data/raw/berry_images/grade_1/sample_010/20260508_154934.jpg,Grade 1,sample_010,samsung SM-A127F,6,4000,3000,1.333333,true,unknown,unknown,unknown,unknown,unknown,unknown,unknown,unknown,unknown
IMGV2_000041,data/raw/berry_images/grade_1/sample_010/20260508_155016.jpg,Grade 1,sample_010,samsung SM-A127F,6,4000,3000,1.333333,true,unknown,unknown,unknown,unknown,unknown,unknown,unknown,unknown,unknown
IMGV2_000042,data/raw/berry_images/grade_1/sample_011/20260508_155056.jpg,Grade 1,sample_011,samsung SM-A127F,3,4000,3000,1.333333,true,unknown,unknown,unknown,unknown,unknown,unknown,unknown,unknown,unknown
IMGV2_000043,data/raw/berry_images/grade_1/sample_011/20260508_155134.jpg,Grade 1,sample_011,samsung SM-A127F,3,4000,3000,1.333333,true,unknown,unknown,unknown,unknown,unknown,unknown,unknown,unknown,unknown
IMGV2_000044,data/raw/berry_images/grade_1/sample_011/20260508_155207.jpg,Grade 1,sample_011,samsung SM-A127F,6,4000,3000,1.333333,true,unknown,unknown,unknown,unknown,unknown,unknown,unknown,unknown,unknown
IMGV2_000045,data/raw/berry_images/grade_1/sample_011/20260508_155237.jpg,Grade 1,sample_011,samsung SM-A127F,6,4000,3000,1.333333,true,unknown,unknown,unknown,unknown,unknown,unknown,unknown,unknown,unknown
IMGV2_000046,data/raw/berry_images/grade_1/sample_012/20260508_155333.jpg,Grade 1,sample_012,samsung SM-A127F,6,4000,3000,1.333333,true,unknown,unknown,unknown,unknown,unknown,unknown,unknown,unknown,unknown
IMGV2_000047,data/raw/berry_images/grade_1/sample_012/20260508_155356.jpg,Grade 1,sample_012,samsung SM-A127F,6,4000,3000,1.333333,true,unknown,unknown,unknown,unknown,unknown,unknown,unknown,unknown,unknown
IMGV2_000048,data/raw/berry_images/grade_1/sample_012/20260508_155426.jpg,Grade 1,sample_012,samsung SM-A127F,6,4000,3000,1.333333,true,unknown,unknown,unknown,unknown,unknown,unknown,unknown,unknown,unknown
IMGV2_000049,data/raw/berry_images/grade_1/sample_012/20260508_155524.jpg,Grade 1,sample_012,samsung SM-A127F,6,4000,3000,1.333333,true,unknown,unknown,unknown,unknown,unknown,unknown,unknown,unknown,unknown
IMGV2_000050,data/raw/berry_images/grade_1/sample_013/20260508_155609.jpg,Grade 1,sample_013,samsung SM-A127F,3,4000,3000,1.333333,true,unknown,unknown,unknown,unknown,unknown,unknown,unknown,unknown,unknown
IMGV2_000051,data/raw/berry_images/grade_1/sample_013/20260508_155644.jpg,Grade 1,sample_013,samsung SM-A127F,6,4000,3000,1.333333,true,unknown,unknown,unknown,unknown,unknown,unknown,unknown,unknown,unknown
IMGV2_000052,data/raw/berry_images/grade_1/sample_013/20260508_155708.jpg,Grade 1,sample_013,samsung SM-A127F,6,4000,3000,1.333333,true,unknown,unknown,unknown,unknown,unknown,unknown,unknown,unknown,unknown
IMGV2_000053,data/raw/berry_images/grade_1/sample_013/20260508_155742.jpg,Grade 1,sample_013,samsung SM-A127F,6,4000,3000,1.333333,true,unknown,unknown,unknown,unknown,unknown,unknown,unknown,unknown,unknown
IMGV2_000054,data/raw/berry_images/grade_1/sample_014/20260508_155809.jpg,Grade 1,sample_014,samsung SM-A127F,3,4000,3000,1.333333,true,unknown,unknown,unknown,unknown,unknown,unknown,unknown,unknown,unknown
IMGV2_000055,data/raw/berry_images/grade_1/sample_014/20260508_155845.jpg,Grade 1,sample_014,samsung SM-A127F,6,4000,3000,1.333333,true,unknown,unknown,unknown,unknown,unknown,unknown,unknown,unknown,unknown
IMGV2_000056,data/raw/berry_images/grade_1/sample_014/20260508_155931.jpg,Grade 1,sample_014,samsung SM-A127F,6,4000,3000,1.333333,true,unknown,unknown,unknown,unknown,unknown,unknown,unknown,unknown,unknown
IMGV2_000057,data/raw/berry_images/grade_1/sample_014/20260508_155949.jpg,Grade 1,sample_014,samsung SM-A127F,6,4000,3000,1.333333,true,unknown,unknown,unknown,unknown,unknown,unknown,unknown,unknown,unknown
IMGV2_000058,data/raw/berry_images/grade_1/sample_015/20260508_160032.jpg,Grade 1,sample_015,samsung SM-A127F,6,4000,3000,1.333333,true,unknown,unknown,unknown,unknown,unknown,unknown,unknown,unknown,unknown
IMGV2_000059,data/raw/berry_images/grade_1/sample_015/20260508_160054.jpg,Grade 1,sample_015,samsung SM-A127F,6,4000,3000,1.333333,true,unknown,unknown,unknown,unknown,unknown,unknown,unknown,unknown,unknown
IMGV2_000060,data/raw/berry_images/grade_1/sample_015/20260508_160134.jpg,Grade 1,sample_015,samsung SM-A127F,6,4000,3000,1.333333,true,unknown,unknown,unknown,unknown,unknown,unknown,unknown,unknown,unknown
IMGV2_000061,data/raw/berry_images/grade_1/sample_015/20260508_160207.jpg,Grade 1,sample_015,samsung SM-A127F,6,4000,3000,1.333333,true,unknown,unknown,unknown,unknown,unknown,unknown,unknown,unknown,unknown
IMGV2_000062,data/raw/berry_images/grade_1/sample_016/20260508_160244.jpg,Grade 1,sample_016,samsung SM-A127F,6,4000,3000,1.333333,true,unknown,unknown,unknown,unknown,unknown,unknown,unknown,unknown,unknown
IMGV2_000063,data/raw/berry_images/grade_1/sample_016/20260508_160321.jpg,Grade 1,sample_016,samsung SM-A127F,6,4000,3000,1.333333,true,unknown,unknown,unknown,unknown,unknown,unknown,unknown,unknown,unknown
IMGV2_000064,data/raw/berry_images/grade_1/sample_016/20260508_160357.jpg,Grade 1,sample_016,samsung SM-A127F,6,4000,3000,1.333333,true,unknown,unknown,unknown,unknown,unknown,unknown,unknown,unknown,unknown
IMGV2_000065,data/raw/berry_images/grade_1/sample_016/20260508_160448.jpg,Grade 1,sample_016,samsung SM-A127F,6,4000,3000,1.333333,true,unknown,unknown,unknown,unknown,unknown,unknown,unknown,unknown,unknown
IMGV2_000066,data/raw/berry_images/grade_1/sample_017/20260508_160522.jpg,Grade 1,sample_017,samsung SM-A127F,6,4000,3000,1.333333,true,unknown,unknown,unknown,unknown,unknown,unknown,unknown,unknown,unknown
IMGV2_000067,data/raw/berry_images/grade_1/sample_017/20260508_160550.jpg,Grade 1,sample_017,samsung SM-A127F,3,4000,3000,1.333333,true,unknown,unknown,unknown,unknown,unknown,unknown,unknown,unknown,unknown
IMGV2_000068,data/raw/berry_images/grade_1/sample_017/20260508_160657.jpg,Grade 1,sample_017,samsung SM-A127F,6,4000,3000,1.333333,true,unknown,unknown,unknown,unknown,unknown,unknown,unknown,unknown,unknown
IMGV2_000069,data/raw/berry_images/grade_1/sample_017/20260508_160725.jpg,Grade 1,sample_017,samsung SM-A127F,6,4000,3000,1.333333,true,unknown,unknown,unknown,unknown,unknown,unknown,unknown,unknown,unknown
IMGV2_000070,data/raw/berry_images/grade_1/sample_018/20260508_160758.jpg,Grade 1,sample_018,samsung SM-A127F,6,4000,3000,1.333333,true,unknown,unknown,unknown,unknown,unknown,unknown,unknown,unknown,unknown
IMGV2_000071,data/raw/berry_images/grade_1/sample_018/20260508_160831.jpg,Grade 1,sample_018,samsung SM-A127F,3,4000,3000,1.333333,true,unknown,unknown,unknown,unknown,unknown,unknown,unknown,unknown,unknown
IMGV2_000072,data/raw/berry_images/grade_1/sample_018/20260508_160921.jpg,Grade 1,sample_018,samsung SM-A127F,6,4000,3000,1.333333,true,unknown,unknown,unknown,unknown,unknown,unknown,unknown,unknown,unknown
IMGV2_000073,data/raw/berry_images/grade_1/sample_018/20260508_160958.jpg,Grade 1,sample_018,samsung SM-A127F,6,4000,3000,1.333333,true,unknown,unknown,unknown,unknown,unknown,unknown,unknown,unknown,unknown
IMGV2_000074,data/raw/berry_images/grade_1/sample_018/20260508_161001.jpg,Grade 1,sample_018,samsung SM-A127F,6,4000,3000,1.333333,true,unknown,unknown,unknown,unknown,unknown,unknown,unknown,unknown,unknown
IMGV2_000075,data/raw/berry_images/grade_1/sample_019/20260508_165531.jpg,Grade 1,sample_019,samsung SM-A127F,6,4000,3000,1.333333,true,unknown,unknown,unknown,unknown,unknown,unknown,unknown,unknown,unknown
IMGV2_000076,data/raw/berry_images/grade_1/sample_019/20260508_165556.jpg,Grade 1,sample_019,samsung SM-A127F,3,4000,3000,1.333333,true,unknown,unknown,unknown,unknown,unknown,unknown,unknown,unknown,unknown
IMGV2_000077,data/raw/berry_images/grade_1/sample_019/20260508_165620.jpg,Grade 1,sample_019,samsung SM-A127F,3,4000,3000,1.333333,true,unknown,unknown,unknown,unknown,unknown,unknown,unknown,unknown,unknown
IMGV2_000078,data/raw/berry_images/grade_1/sample_019/20260508_165709.jpg,Grade 1,sample_019,samsung SM-A127F,3,4000,3000,1.333333,true,unknown,unknown,unknown,unknown,unknown,unknown,unknown,unknown,unknown
IMGV2_000079,data/raw/berry_images/grade_1/sample_020/20260508_165320.jpg,Grade 1,sample_020,samsung SM-A127F,6,4000,3000,1.333333,true,unknown,unknown,unknown,unknown,unknown,unknown,unknown,unknown,unknown
IMGV2_000080,data/raw/berry_images/grade_1/sample_020/20260508_165352.jpg,Grade 1,sample_020,samsung SM-A127F,3,4000,3000,1.333333,true,unknown,unknown,unknown,unknown,unknown,unknown,unknown,unknown,unknown
IMGV2_000081,data/raw/berry_images/grade_1/sample_020/20260508_165413.jpg,Grade 1,sample_020,samsung SM-A127F,3,4000,3000,1.333333,true,unknown,unknown,unknown,unknown,unknown,unknown,unknown,unknown,unknown
IMGV2_000082,data/raw/berry_images/grade_1/sample_020/20260508_165436.jpg,Grade 1,sample_020,samsung SM-A127F,3,4000,3000,1.333333,true,unknown,unknown,unknown,unknown,unknown,unknown,unknown,unknown,unknown
IMGV2_000083,data/raw/berry_images/grade_1/sample_021/20260508_164838.jpg,Grade 1,sample_021,samsung SM-A127F,3,4000,3000,1.333333,true,unknown,unknown,unknown,unknown,unknown,unknown,unknown,unknown,unknown
IMGV2_000084,data/raw/berry_images/grade_1/sample_021/20260508_164909.jpg,Grade 1,sample_021,samsung SM-A127F,3,4000,3000,1.333333,true,unknown,unknown,unknown,unknown,unknown,unknown,unknown,unknown,unknown
IMGV2_000085,data/raw/berry_images/grade_1/sample_021/20260508_164939.jpg,Grade 1,sample_021,samsung SM-A127F,3,4000,3000,1.333333,true,unknown,unknown,unknown,unknown,unknown,unknown,unknown,unknown,unknown
IMGV2_000086,data/raw/berry_images/grade_1/sample_021/20260508_165022.jpg,Grade 1,sample_021,samsung SM-A127F,3,4000,3000,1.333333,true,unknown,unknown,unknown,unknown,unknown,unknown,unknown,unknown,unknown
IMGV2_000087,data/raw/berry_images/grade_1/sample_022/20260508_164536.jpg,Grade 1,sample_022,samsung SM-A127F,6,4000,3000,1.333333,true,unknown,unknown,unknown,unknown,unknown,unknown,unknown,unknown,unknown
IMGV2_000088,data/raw/berry_images/grade_1/sample_022/20260508_164619.jpg,Grade 1,sample_022,samsung SM-A127F,3,4000,3000,1.333333,true,unknown,unknown,unknown,unknown,unknown,unknown,unknown,unknown,unknown
IMGV2_000089,data/raw/berry_images/grade_1/sample_022/20260508_164703.jpg,Grade 1,sample_022,samsung SM-A127F,3,4000,3000,1.333333,true,unknown,unknown,unknown,unknown,unknown,unknown,unknown,unknown,unknown
IMGV2_000090,data/raw/berry_images/grade_1/sample_022/20260508_164749.jpg,Grade 1,sample_022,samsung SM-A127F,3,4000,3000,1.333333,true,unknown,unknown,unknown,unknown,unknown,unknown,unknown,unknown,unknown
IMGV2_000091,data/raw/berry_images/grade_1/sample_023/20260508_163950.jpg,Grade 1,sample_023,samsung SM-A127F,6,4000,3000,1.333333,true,unknown,unknown,unknown,unknown,unknown,unknown,unknown,unknown,unknown
IMGV2_000092,data/raw/berry_images/grade_1/sample_023/20260508_164014.jpg,Grade 1,sample_023,samsung SM-A127F,3,4000,3000,1.333333,true,unknown,unknown,unknown,unknown,unknown,unknown,unknown,unknown,unknown
IMGV2_000093,data/raw/berry_images/grade_1/sample_023/20260508_164304.jpg,Grade 1,sample_023,samsung SM-A127F,3,4000,3000,1.333333,true,unknown,unknown,unknown,unknown,unknown,unknown,unknown,unknown,unknown
IMGV2_000094,data/raw/berry_images/grade_1/sample_023/20260508_164406.jpg,Grade 1,sample_023,samsung SM-A127F,3,4000,3000,1.333333,true,unknown,unknown,unknown,unknown,unknown,unknown,unknown,unknown,unknown
IMGV2_000095,data/raw/berry_images/grade_1/sample_024/20260508_163438.jpg,Grade 1,sample_024,samsung SM-A127F,6,4000,3000,1.333333,true,unknown,unknown,unknown,unknown,unknown,unknown,unknown,unknown,unknown
IMGV2_000096,data/raw/berry_images/grade_1/sample_024/20260508_163524.jpg,Grade 1,sample_024,samsung SM-A127F,6,4000,3000,1.333333,true,unknown,unknown,unknown,unknown,unknown,unknown,unknown,unknown,unknown
IMGV2_000097,data/raw/berry_images/grade_1/sample_024/20260508_163552.jpg,Grade 1,sample_024,samsung SM-A127F,3,4000,3000,1.333333,true,unknown,unknown,unknown,unknown,unknown,unknown,unknown,unknown,unknown
IMGV2_000098,data/raw/berry_images/grade_1/sample_024/20260508_163636.jpg,Grade 1,sample_024,samsung SM-A127F,6,4000,3000,1.333333,true,unknown,unknown,unknown,unknown,unknown,unknown,unknown,unknown,unknown
IMGV2_000099,data/raw/berry_images/grade_1/sample_025/20260508_162023.jpg,Grade 1,sample_025,samsung SM-A127F,6,4000,3000,1.333333,true,unknown,unknown,unknown,unknown,unknown,unknown,unknown,unknown,unknown
IMGV2_000100,data/raw/berry_images/grade_1/sample_025/20260508_162048.jpg,Grade 1,sample_025,samsung SM-A127F,3,4000,3000,1.333333,true,unknown,unknown,unknown,unknown,unknown,unknown,unknown,unknown,unknown
IMGV2_000101,data/raw/berry_images/grade_1/sample_025/20260508_162111.jpg,Grade 1,sample_025,samsung SM-A127F,3,4000,3000,1.333333,true,unknown,unknown,unknown,unknown,unknown,unknown,unknown,unknown,unknown
IMGV2_000102,data/raw/berry_images/grade_1/sample_025/20260508_162138.jpg,Grade 1,sample_025,samsung SM-A127F,3,4000,3000,1.333333,true,unknown,unknown,unknown,unknown,unknown,unknown,unknown,unknown,unknown
IMGV2_000103,data/raw/berry_images/grade_1/sample_026/20260508_161727.jpg,Grade 1,sample_026,samsung SM-A127F,3,4000,3000,1.333333,true,unknown,unknown,unknown,unknown,unknown,unknown,unknown,unknown,unknown
IMGV2_000104,data/raw/berry_images/grade_1/sample_026/20260508_161754.jpg,Grade 1,sample_026,samsung SM-A127F,3,4000,3000,1.333333,true,unknown,unknown,unknown,unknown,unknown,unknown,unknown,unknown,unknown
IMGV2_000105,data/raw/berry_images/grade_1/sample_026/20260508_161833.jpg,Grade 1,sample_026,samsung SM-A127F,3,4000,3000,1.333333,true,unknown,unknown,unknown,unknown,unknown,unknown,unknown,unknown,unknown
IMGV2_000106,data/raw/berry_images/grade_1/sample_026/20260508_161909.jpg,Grade 1,sample_026,samsung SM-A127F,3,4000,3000,1.333333,true,unknown,unknown,unknown,unknown,unknown,unknown,unknown,unknown,unknown
IMGV2_000107,data/raw/berry_images/grade_1/sample_027/20260508_161304.jpg,Grade 1,sample_027,samsung SM-A127F,6,4000,3000,1.333333,true,unknown,unknown,unknown,unknown,unknown,unknown,unknown,unknown,unknown
IMGV2_000108,data/raw/berry_images/grade_1/sample_027/20260508_161335.jpg,Grade 1,sample_027,samsung SM-A127F,3,4000,3000,1.333333,true,unknown,unknown,unknown,unknown,unknown,unknown,unknown,unknown,unknown
IMGV2_000109,data/raw/berry_images/grade_1/sample_027/20260508_161421.jpg,Grade 1,sample_027,samsung SM-A127F,3,4000,3000,1.333333,true,unknown,unknown,unknown,unknown,unknown,unknown,unknown,unknown,unknown
IMGV2_000110,data/raw/berry_images/grade_1/sample_027/20260508_161500.jpg,Grade 1,sample_027,samsung SM-A127F,3,4000,3000,1.333333,true,unknown,unknown,unknown,unknown,unknown,unknown,unknown,unknown,unknown
IMGV2_000111,data/raw/berry_images/grade_1/sample_028/20260508_161536.jpg,Grade 1,sample_028,samsung SM-A127F,3,4000,3000,1.333333,true,unknown,unknown,unknown,unknown,unknown,unknown,unknown,unknown,unknown
IMGV2_000112,data/raw/berry_images/grade_1/sample_028/20260508_161610.jpg,Grade 1,sample_028,samsung SM-A127F,3,4000,3000,1.333333,true,unknown,unknown,unknown,unknown,unknown,unknown,unknown,unknown,unknown
IMGV2_000113,data/raw/berry_images/grade_1/sample_028/20260508_161651.jpg,Grade 1,sample_028,samsung SM-A127F,3,4000,3000,1.333333,true,unknown,unknown,unknown,unknown,unknown,unknown,unknown,unknown,unknown
IMGV2_000114,data/raw/berry_images/grade_1/sample_029/20260508_161059.jpg,Grade 1,sample_029,samsung SM-A127F,6,4000,3000,1.333333,true,unknown,unknown,unknown,unknown,unknown,unknown,unknown,unknown,unknown
IMGV2_000115,data/raw/berry_images/grade_1/sample_029/20260508_161122.jpg,Grade 1,sample_029,samsung SM-A127F,3,4000,3000,1.333333,true,unknown,unknown,unknown,unknown,unknown,unknown,unknown,unknown,unknown
IMGV2_000116,data/raw/berry_images/grade_1/sample_029/20260508_161151.jpg,Grade 1,sample_029,samsung SM-A127F,3,4000,3000,1.333333,true,unknown,unknown,unknown,unknown,unknown,unknown,unknown,unknown,unknown
IMGV2_000117,data/raw/berry_images/grade_1/sample_029/20260508_161224.jpg,Grade 1,sample_029,samsung SM-A127F,6,4000,3000,1.333333,true,unknown,unknown,unknown,unknown,unknown,unknown,unknown,unknown,unknown
IMGV2_000118,data/raw/berry_images/grade_1/sample_030/20260508_165742.jpg,Grade 1,sample_030,samsung SM-A127F,3,4000,3000,1.333333,true,unknown,unknown,unknown,unknown,unknown,unknown,unknown,unknown,unknown
IMGV2_000119,data/raw/berry_images/grade_1/sample_030/20260508_165811.jpg,Grade 1,sample_030,samsung SM-A127F,3,4000,3000,1.333333,true,unknown,unknown,unknown,unknown,unknown,unknown,unknown,unknown,unknown
IMGV2_000120,data/raw/berry_images/grade_1/sample_030/20260508_165828.jpg,Grade 1,sample_030,samsung SM-A127F,3,4000,3000,1.333333,true,unknown,unknown,unknown,unknown,unknown,unknown,unknown,unknown,unknown
IMGV2_000121,data/raw/berry_images/grade_1/sample_031/20260814_151933.jpg,Grade 1,sample_031,samsung SM-A127F,6,4000,3000,1.333333,true,unknown,unknown,unknown,unknown,unknown,unknown,unknown,unknown,unknown
IMGV2_000122,data/raw/berry_images/grade_1/sample_031/20260814_152058.jpg,Grade 1,sample_031,samsung SM-A127F,6,4000,3000,1.333333,true,unknown,unknown,unknown,unknown,unknown,unknown,unknown,unknown,unknown
IMGV2_000123,data/raw/berry_images/grade_1/sample_031/20260814_152135.jpg,Grade 1,sample_031,samsung SM-A127F,6,4000,3000,1.333333,true,unknown,unknown,unknown,unknown,unknown,unknown,unknown,unknown,unknown
IMGV2_000124,data/raw/berry_images/grade_1/sample_031/20260814_152215.jpg,Grade 1,sample_031,samsung SM-A127F,6,4000,3000,1.333333,true,unknown,unknown,unknown,unknown,unknown,unknown,unknown,unknown,unknown
IMGV2_000125,data/raw/berry_images/grade_1/sample_032/20260814_151336.jpg,Grade 1,sample_032,samsung SM-A127F,6,4000,3000,1.333333,true,unknown,unknown,unknown,unknown,unknown,unknown,unknown,unknown,unknown
IMGV2_000126,data/raw/berry_images/grade_1/sample_032/20260814_151415.jpg,Grade 1,sample_032,samsung SM-A127F,6,4000,3000,1.333333,true,unknown,unknown,unknown,unknown,unknown,unknown,unknown,unknown,unknown
IMGV2_000127,data/raw/berry_images/grade_1/sample_032/20260814_151519.jpg,Grade 1,sample_032,samsung SM-A127F,6,4000,3000,1.333333,true,unknown,unknown,unknown,unknown,unknown,unknown,unknown,unknown,unknown
IMGV2_000128,data/raw/berry_images/grade_1/sample_032/20260814_151654.jpg,Grade 1,sample_032,samsung SM-A127F,6,4000,3000,1.333333,true,unknown,unknown,unknown,unknown,unknown,unknown,unknown,unknown,unknown
IMGV2_000129,data/raw/berry_images/grade_1/sample_033/20260814_150853.jpg,Grade 1,sample_033,samsung SM-A127F,6,4000,3000,1.333333,true,unknown,unknown,unknown,unknown,unknown,unknown,unknown,unknown,unknown
IMGV2_000130,data/raw/berry_images/grade_1/sample_033/20260814_151027.jpg,Grade 1,sample_033,samsung SM-A127F,6,4000,3000,1.333333,true,unknown,unknown,unknown,unknown,unknown,unknown,unknown,unknown,unknown
IMGV2_000131,data/raw/berry_images/grade_1/sample_033/20260814_151109.jpg,Grade 1,sample_033,samsung SM-A127F,6,4000,3000,1.333333,true,unknown,unknown,unknown,unknown,unknown,unknown,unknown,unknown,unknown
IMGV2_000132,data/raw/berry_images/grade_1/sample_033/20260814_151229.jpg,Grade 1,sample_033,samsung SM-A127F,6,4000,3000,1.333333,true,unknown,unknown,unknown,unknown,unknown,unknown,unknown,unknown,unknown
IMGV2_000133,data/raw/berry_images/grade_1/sample_034/20260814_150551.jpg,Grade 1,sample_034,samsung SM-A127F,6,4000,3000,1.333333,true,unknown,unknown,unknown,unknown,unknown,unknown,unknown,unknown,unknown
IMGV2_000134,data/raw/berry_images/grade_1/sample_034/20260814_150625.jpg,Grade 1,sample_034,samsung SM-A127F,6,4000,3000,1.333333,true,unknown,unknown,unknown,unknown,unknown,unknown,unknown,unknown,unknown
IMGV2_000135,data/raw/berry_images/grade_1/sample_034/20260814_150714.jpg,Grade 1,sample_034,samsung SM-A127F,6,4000,3000,1.333333,true,unknown,unknown,unknown,unknown,unknown,unknown,unknown,unknown,unknown
IMGV2_000136,data/raw/berry_images/grade_1/sample_034/20260814_150754.jpg,Grade 1,sample_034,samsung SM-A127F,6,4000,3000,1.333333,true,unknown,unknown,unknown,unknown,unknown,unknown,unknown,unknown,unknown
IMGV2_000137,data/raw/berry_images/grade_1/sample_035/20260814_150253.jpg,Grade 1,sample_035,samsung SM-A127F,6,4000,3000,1.333333,true,unknown,unknown,unknown,unknown,unknown,unknown,unknown,unknown,unknown
IMGV2_000138,data/raw/berry_images/grade_1/sample_035/20260814_150335.jpg,Grade 1,sample_035,samsung SM-A127F,6,4000,3000,1.333333,true,unknown,unknown,unknown,unknown,unknown,unknown,unknown,unknown,unknown
IMGV2_000139,data/raw/berry_images/grade_1/sample_035/20260814_150424.jpg,Grade 1,sample_035,samsung SM-A127F,6,4000,3000,1.333333,true,unknown,unknown,unknown,unknown,unknown,unknown,unknown,unknown,unknown
IMGV2_000140,data/raw/berry_images/grade_1/sample_035/20260814_150511.jpg,Grade 1,sample_035,samsung SM-A127F,6,4000,3000,1.333333,true,unknown,unknown,unknown,unknown,unknown,unknown,unknown,unknown,unknown
IMGV2_000141,data/raw/berry_images/grade_1/sample_036/20260814_150010.jpg,Grade 1,sample_036,samsung SM-A127F,6,4000,3000,1.333333,true,unknown,unknown,unknown,unknown,unknown,unknown,unknown,unknown,unknown
IMGV2_000142,data/raw/berry_images/grade_1/sample_036/20260814_150029.jpg,Grade 1,sample_036,samsung SM-A127F,6,4000,3000,1.333333,true,unknown,unknown,unknown,unknown,unknown,unknown,unknown,unknown,unknown
IMGV2_000143,data/raw/berry_images/grade_1/sample_036/20260814_150119.jpg,Grade 1,sample_036,samsung SM-A127F,6,4000,3000,1.333333,true,unknown,unknown,unknown,unknown,unknown,unknown,unknown,unknown,unknown
IMGV2_000144,data/raw/berry_images/grade_1/sample_036/20260814_150204.jpg,Grade 1,sample_036,samsung SM-A127F,6,4000,3000,1.333333,true,unknown,unknown,unknown,unknown,unknown,unknown,unknown,unknown,unknown
IMGV2_000145,data/raw/berry_images/grade_1/sample_037/20260729_083850.jpg,Grade 1,sample_037,samsung SM-A127F,6,4000,3000,1.333333,true,unknown,unknown,unknown,unknown,unknown,unknown,unknown,unknown,unknown
IMGV2_000146,data/raw/berry_images/grade_1/sample_037/20260729_083937.jpg,Grade 1,sample_037,samsung SM-A127F,6,4000,3000,1.333333,true,unknown,unknown,unknown,unknown,unknown,unknown,unknown,unknown,unknown
IMGV2_000147,data/raw/berry_images/grade_1/sample_037/20260729_084142.jpg,Grade 1,sample_037,samsung SM-A127F,8,4000,3000,1.333333,true,unknown,unknown,unknown,unknown,unknown,unknown,unknown,unknown,unknown
IMGV2_000148,data/raw/berry_images/grade_1/sample_037/20260729_084243.jpg,Grade 1,sample_037,samsung SM-A127F,6,4000,3000,1.333333,true,unknown,unknown,unknown,unknown,unknown,unknown,unknown,unknown,unknown
IMGV2_000149,data/raw/berry_images/grade_1/sample_038/20260729_083334.jpg,Grade 1,sample_038,samsung SM-A127F,6,4000,3000,1.333333,true,unknown,unknown,unknown,unknown,unknown,unknown,unknown,unknown,unknown
IMGV2_000150,data/raw/berry_images/grade_1/sample_038/20260729_083410.jpg,Grade 1,sample_038,samsung SM-A127F,6,4000,3000,1.333333,true,unknown,unknown,unknown,unknown,unknown,unknown,unknown,unknown,unknown
IMGV2_000151,data/raw/berry_images/grade_1/sample_038/20260729_083525.jpg,Grade 1,sample_038,samsung SM-A127F,6,4000,3000,1.333333,true,unknown,unknown,unknown,unknown,unknown,unknown,unknown,unknown,unknown
IMGV2_000152,data/raw/berry_images/grade_1/sample_038/20260729_083554.jpg,Grade 1,sample_038,samsung SM-A127F,6,4000,3000,1.333333,true,unknown,unknown,unknown,unknown,unknown,unknown,unknown,unknown,unknown
IMGV2_000153,data/raw/berry_images/grade_1/sample_039/20260729_082804.jpg,Grade 1,sample_039,samsung SM-A127F,6,4000,3000,1.333333,true,unknown,unknown,unknown,unknown,unknown,unknown,unknown,unknown,unknown
IMGV2_000154,data/raw/berry_images/grade_1/sample_039/20260729_083009.jpg,Grade 1,sample_039,samsung SM-A127F,8,4000,3000,1.333333,true,unknown,unknown,unknown,unknown,unknown,unknown,unknown,unknown,unknown
IMGV2_000155,data/raw/berry_images/grade_1/sample_039/20260729_083128.jpg,Grade 1,sample_039,samsung SM-A127F,6,4000,3000,1.333333,true,unknown,unknown,unknown,unknown,unknown,unknown,unknown,unknown,unknown
IMGV2_000156,data/raw/berry_images/grade_1/sample_039/20260729_083219.jpg,Grade 1,sample_039,samsung SM-A127F,6,4000,3000,1.333333,true,unknown,unknown,unknown,unknown,unknown,unknown,unknown,unknown,unknown
IMGV2_000157,data/raw/berry_images/grade_1/sample_040/20260729_082228.jpg,Grade 1,sample_040,samsung SM-A127F,6,4000,3000,1.333333,true,unknown,unknown,unknown,unknown,unknown,unknown,unknown,unknown,unknown
IMGV2_000158,data/raw/berry_images/grade_1/sample_040/20260729_082252.jpg,Grade 1,sample_040,samsung SM-A127F,3,4000,3000,1.333333,true,unknown,unknown,unknown,unknown,unknown,unknown,unknown,unknown,unknown
IMGV2_000159,data/raw/berry_images/grade_1/sample_040/20260729_082345.jpg,Grade 1,sample_040,samsung SM-A127F,3,4000,3000,1.333333,true,unknown,unknown,unknown,unknown,unknown,unknown,unknown,unknown,unknown
IMGV2_000160,data/raw/berry_images/grade_1/sample_040/20260729_082421.jpg,Grade 1,sample_040,samsung SM-A127F,3,4000,3000,1.333333,true,unknown,unknown,unknown,unknown,unknown,unknown,unknown,unknown,unknown
IMGV2_000161,data/raw/berry_images/grade_1/sample_041/20260729_081637.jpg,Grade 1,sample_041,samsung SM-A127F,6,4000,3000,1.333333,true,unknown,unknown,unknown,unknown,unknown,unknown,unknown,unknown,unknown
IMGV2_000162,data/raw/berry_images/grade_1/sample_041/20260729_081715.jpg,Grade 1,sample_041,samsung SM-A127F,6,4000,3000,1.333333,true,unknown,unknown,unknown,unknown,unknown,unknown,unknown,unknown,unknown
IMGV2_000163,data/raw/berry_images/grade_1/sample_041/20260729_081915.jpg,Grade 1,sample_041,samsung SM-A127F,1,4000,3000,1.333333,true,unknown,unknown,unknown,unknown,unknown,unknown,unknown,unknown,unknown
IMGV2_000164,data/raw/berry_images/grade_1/sample_041/20260729_082001.jpg,Grade 1,sample_041,samsung SM-A127F,6,4000,3000,1.333333,true,unknown,unknown,unknown,unknown,unknown,unknown,unknown,unknown,unknown
IMGV2_000165,data/raw/berry_images/grade_1/sample_042/20260729_081159.jpg,Grade 1,sample_042,samsung SM-A127F,6,4000,3000,1.333333,true,unknown,unknown,unknown,unknown,unknown,unknown,unknown,unknown,unknown
IMGV2_000166,data/raw/berry_images/grade_1/sample_042/20260729_081257.jpg,Grade 1,sample_042,samsung SM-A127F,6,4000,3000,1.333333,true,unknown,unknown,unknown,unknown,unknown,unknown,unknown,unknown,unknown
IMGV2_000167,data/raw/berry_images/grade_1/sample_042/20260729_081404.jpg,Grade 1,sample_042,samsung SM-A127F,6,4000,3000,1.333333,true,unknown,unknown,unknown,unknown,unknown,unknown,unknown,unknown,unknown
IMGV2_000168,data/raw/berry_images/grade_1/sample_042/20260729_081556.jpg,Grade 1,sample_042,samsung SM-A127F,6,4000,3000,1.333333,true,unknown,unknown,unknown,unknown,unknown,unknown,unknown,unknown,unknown
IMGV2_000169,data/raw/berry_images/grade_1/sample_043/20260729_080647.jpg,Grade 1,sample_043,samsung SM-A127F,1,4000,3000,1.333333,true,unknown,unknown,unknown,unknown,unknown,unknown,unknown,unknown,unknown
IMGV2_000170,data/raw/berry_images/grade_1/sample_043/20260729_080730.jpg,Grade 1,sample_043,samsung SM-A127F,3,4000,3000,1.333333,true,unknown,unknown,unknown,unknown,unknown,unknown,unknown,unknown,unknown
IMGV2_000171,data/raw/berry_images/grade_1/sample_043/20260729_080859.jpg,Grade 1,sample_043,samsung SM-A127F,3,4000,3000,1.333333,true,unknown,unknown,unknown,unknown,unknown,unknown,unknown,unknown,unknown
IMGV2_000172,data/raw/berry_images/grade_1/sample_043/20260729_080944.jpg,Grade 1,sample_043,samsung SM-A127F,3,4000,3000,1.333333,true,unknown,unknown,unknown,unknown,unknown,unknown,unknown,unknown,unknown
IMGV2_000173,data/raw/berry_images/grade_1/sample_044/20260729_080436.jpg,Grade 1,sample_044,samsung SM-A127F,1,4000,3000,1.333333,true,unknown,unknown,unknown,unknown,unknown,unknown,unknown,unknown,unknown
IMGV2_000174,data/raw/berry_images/grade_1/sample_044/20260729_080505.jpg,Grade 1,sample_044,samsung SM-A127F,3,4000,3000,1.333333,true,unknown,unknown,unknown,unknown,unknown,unknown,unknown,unknown,unknown
IMGV2_000175,data/raw/berry_images/grade_1/sample_044/20260729_080537.jpg,Grade 1,sample_044,samsung SM-A127F,3,4000,3000,1.333333,true,unknown,unknown,unknown,unknown,unknown,unknown,unknown,unknown,unknown
IMGV2_000176,data/raw/berry_images/grade_1/sample_044/20260729_080615.jpg,Grade 1,sample_044,samsung SM-A127F,3,4000,3000,1.333333,true,unknown,unknown,unknown,unknown,unknown,unknown,unknown,unknown,unknown
IMGV2_000177,data/raw/berry_images/grade_1/sample_045/20260729_080157.jpg,Grade 1,sample_045,samsung SM-A127F,6,4000,3000,1.333333,true,unknown,unknown,unknown,unknown,unknown,unknown,unknown,unknown,unknown
IMGV2_000178,data/raw/berry_images/grade_1/sample_045/20260729_080220.jpg,Grade 1,sample_045,samsung SM-A127F,3,4000,3000,1.333333,true,unknown,unknown,unknown,unknown,unknown,unknown,unknown,unknown,unknown
IMGV2_000179,data/raw/berry_images/grade_1/sample_045/20260729_080310.jpg,Grade 1,sample_045,samsung SM-A127F,3,4000,3000,1.333333,true,unknown,unknown,unknown,unknown,unknown,unknown,unknown,unknown,unknown
IMGV2_000180,data/raw/berry_images/grade_1/sample_045/20260729_080359.jpg,Grade 1,sample_045,samsung SM-A127F,3,4000,3000,1.333333,true,unknown,unknown,unknown,unknown,unknown,unknown,unknown,unknown,unknown
IMGV2_000181,data/raw/berry_images/grade_1/sample_046/20260728_175838.jpg,Grade 1,sample_046,samsung SM-A127F,6,4000,3000,1.333333,true,unknown,unknown,unknown,unknown,unknown,unknown,unknown,unknown,unknown
IMGV2_000182,data/raw/berry_images/grade_1/sample_046/20260728_175905.jpg,Grade 1,sample_046,samsung SM-A127F,6,4000,3000,1.333333,true,unknown,unknown,unknown,unknown,unknown,unknown,unknown,unknown,unknown
IMGV2_000183,data/raw/berry_images/grade_1/sample_046/20260728_175939.jpg,Grade 1,sample_046,samsung SM-A127F,6,4000,3000,1.333333,true,unknown,unknown,unknown,unknown,unknown,unknown,unknown,unknown,unknown
IMGV2_000184,data/raw/berry_images/grade_1/sample_046/20260728_180211.jpg,Grade 1,sample_046,samsung SM-A127F,6,4000,3000,1.333333,true,unknown,unknown,unknown,unknown,unknown,unknown,unknown,unknown,unknown
IMGV2_000185,data/raw/berry_images/grade_1/sample_047/20260728_175207.jpg,Grade 1,sample_047,samsung SM-A127F,8,4000,3000,1.333333,true,unknown,unknown,unknown,unknown,unknown,unknown,unknown,unknown,unknown
IMGV2_000186,data/raw/berry_images/grade_1/sample_047/20260728_175300.jpg,Grade 1,sample_047,samsung SM-A127F,6,4000,3000,1.333333,true,unknown,unknown,unknown,unknown,unknown,unknown,unknown,unknown,unknown
IMGV2_000187,data/raw/berry_images/grade_1/sample_047/20260728_175404.jpg,Grade 1,sample_047,samsung SM-A127F,6,4000,3000,1.333333,true,unknown,unknown,unknown,unknown,unknown,unknown,unknown,unknown,unknown
IMGV2_000188,data/raw/berry_images/grade_1/sample_047/20260728_175537.jpg,Grade 1,sample_047,samsung SM-A127F,3,4000,3000,1.333333,true,unknown,unknown,unknown,unknown,unknown,unknown,unknown,unknown,unknown
IMGV2_000189,data/raw/berry_images/grade_1/sample_048/20260728_174917.jpg,Grade 1,sample_048,samsung SM-A127F,6,4000,3000,1.333333,true,unknown,unknown,unknown,unknown,unknown,unknown,unknown,unknown,unknown
IMGV2_000190,data/raw/berry_images/grade_1/sample_048/20260728_174957.jpg,Grade 1,sample_048,samsung SM-A127F,3,4000,3000,1.333333,true,unknown,unknown,unknown,unknown,unknown,unknown,unknown,unknown,unknown
IMGV2_000191,data/raw/berry_images/grade_1/sample_048/20260728_175055.jpg,Grade 1,sample_048,samsung SM-A127F,8,4000,3000,1.333333,true,unknown,unknown,unknown,unknown,unknown,unknown,unknown,unknown,unknown
IMGV2_000192,data/raw/berry_images/grade_1/sample_048/20260728_175134.jpg,Grade 1,sample_048,samsung SM-A127F,6,4000,3000,1.333333,true,unknown,unknown,unknown,unknown,unknown,unknown,unknown,unknown,unknown
IMGV2_000193,data/raw/berry_images/grade_1/sample_049/20260728_174604.jpg,Grade 1,sample_049,samsung SM-A127F,3,4000,3000,1.333333,true,unknown,unknown,unknown,unknown,unknown,unknown,unknown,unknown,unknown
IMGV2_000194,data/raw/berry_images/grade_1/sample_049/20260728_174651.jpg,Grade 1,sample_049,samsung SM-A127F,3,4000,3000,1.333333,true,unknown,unknown,unknown,unknown,unknown,unknown,unknown,unknown,unknown
IMGV2_000195,data/raw/berry_images/grade_1/sample_049/20260728_174742.jpg,Grade 1,sample_049,samsung SM-A127F,8,4000,3000,1.333333,true,unknown,unknown,unknown,unknown,unknown,unknown,unknown,unknown,unknown
IMGV2_000196,data/raw/berry_images/grade_1/sample_049/20260728_174848.jpg,Grade 1,sample_049,samsung SM-A127F,6,4000,3000,1.333333,true,unknown,unknown,unknown,unknown,unknown,unknown,unknown,unknown,unknown
IMGV2_000197,data/raw/berry_images/grade_1/sample_050/20260728_174218.jpg,Grade 1,sample_050,samsung SM-A127F,6,4000,3000,1.333333,true,unknown,unknown,unknown,unknown,unknown,unknown,unknown,unknown,unknown
IMGV2_000198,data/raw/berry_images/grade_1/sample_050/20260728_174258.jpg,Grade 1,sample_050,samsung SM-A127F,6,4000,3000,1.333333,true,unknown,unknown,unknown,unknown,unknown,unknown,unknown,unknown,unknown
IMGV2_000199,data/raw/berry_images/grade_1/sample_050/20260728_174413.jpg,Grade 1,sample_050,samsung SM-A127F,6,4000,3000,1.333333,true,unknown,unknown,unknown,unknown,unknown,unknown,unknown,unknown,unknown
IMGV2_000200,data/raw/berry_images/grade_1/sample_050/20260728_174527.jpg,Grade 1,sample_050,samsung SM-A127F,6,4000,3000,1.333333,true,unknown,unknown,unknown,unknown,unknown,unknown,unknown,unknown,unknown
IMGV2_000201,data/raw/berry_images/grade_1/sample_051/20260728_173827.jpg,Grade 1,sample_051,samsung SM-A127F,6,4000,3000,1.333333,true,unknown,unknown,unknown,unknown,unknown,unknown,unknown,unknown,unknown
IMGV2_000202,data/raw/berry_images/grade_1/sample_051/20260728_173846.jpg,Grade 1,sample_051,samsung SM-A127F,6,4000,3000,1.333333,true,unknown,unknown,unknown,unknown,unknown,unknown,unknown,unknown,unknown
IMGV2_000203,data/raw/berry_images/grade_1/sample_051/20260728_173936.jpg,Grade 1,sample_051,samsung SM-A127F,6,4000,3000,1.333333,true,unknown,unknown,unknown,unknown,unknown,unknown,unknown,unknown,unknown
IMGV2_000204,data/raw/berry_images/grade_1/sample_051/20260728_174135.jpg,Grade 1,sample_051,samsung SM-A127F,6,4000,3000,1.333333,true,unknown,unknown,unknown,unknown,unknown,unknown,unknown,unknown,unknown
IMGV2_000205,data/raw/berry_images/grade_1/sample_052/20260728_173537.jpg,Grade 1,sample_052,samsung SM-A127F,6,4000,3000,1.333333,true,unknown,unknown,unknown,unknown,unknown,unknown,unknown,unknown,unknown
IMGV2_000206,data/raw/berry_images/grade_1/sample_052/20260728_173615.jpg,Grade 1,sample_052,samsung SM-A127F,6,4000,3000,1.333333,true,unknown,unknown,unknown,unknown,unknown,unknown,unknown,unknown,unknown
IMGV2_000207,data/raw/berry_images/grade_1/sample_052/20260728_173654.jpg,Grade 1,sample_052,samsung SM-A127F,6,4000,3000,1.333333,true,unknown,unknown,unknown,unknown,unknown,unknown,unknown,unknown,unknown
IMGV2_000208,data/raw/berry_images/grade_1/sample_052/20260728_173803.jpg,Grade 1,sample_052,samsung SM-A127F,6,4000,3000,1.333333,true,unknown,unknown,unknown,unknown,unknown,unknown,unknown,unknown,unknown
IMGV2_000209,data/raw/berry_images/grade_1/sample_053/20260728_173325.jpg,Grade 1,sample_053,samsung SM-A127F,6,4000,3000,1.333333,true,unknown,unknown,unknown,unknown,unknown,unknown,unknown,unknown,unknown
IMGV2_000210,data/raw/berry_images/grade_1/sample_053/20260728_173355.jpg,Grade 1,sample_053,samsung SM-A127F,6,4000,3000,1.333333,true,unknown,unknown,unknown,unknown,unknown,unknown,unknown,unknown,unknown
IMGV2_000211,data/raw/berry_images/grade_1/sample_053/20260728_173438.jpg,Grade 1,sample_053,samsung SM-A127F,6,4000,3000,1.333333,true,unknown,unknown,unknown,unknown,unknown,unknown,unknown,unknown,unknown
IMGV2_000212,data/raw/berry_images/grade_1/sample_053/20260728_173505.jpg,Grade 1,sample_053,samsung SM-A127F,6,4000,3000,1.333333,true,unknown,unknown,unknown,unknown,unknown,unknown,unknown,unknown,unknown
IMGV2_000213,data/raw/berry_images/grade_1/sample_054/20260728_173142.jpg,Grade 1,sample_054,samsung SM-A127F,6,4000,3000,1.333333,true,unknown,unknown,unknown,unknown,unknown,unknown,unknown,unknown,unknown
IMGV2_000214,data/raw/berry_images/grade_1/sample_054/20260728_173158.jpg,Grade 1,sample_054,samsung SM-A127F,6,4000,3000,1.333333,true,unknown,unknown,unknown,unknown,unknown,unknown,unknown,unknown,unknown
IMGV2_000215,data/raw/berry_images/grade_1/sample_054/20260728_173223.jpg,Grade 1,sample_054,samsung SM-A127F,6,4000,3000,1.333333,true,unknown,unknown,unknown,unknown,unknown,unknown,unknown,unknown,unknown
IMGV2_000216,data/raw/berry_images/grade_1/sample_054/20260728_173250.jpg,Grade 1,sample_054,samsung SM-A127F,6,4000,3000,1.333333,true,unknown,unknown,unknown,unknown,unknown,unknown,unknown,unknown,unknown
IMGV2_000217,data/raw/berry_images/grade_1/sample_055/20260728_172609.jpg,Grade 1,sample_055,samsung SM-A127F,6,4000,3000,1.333333,true,unknown,unknown,unknown,unknown,unknown,unknown,unknown,unknown,unknown
IMGV2_000218,data/raw/berry_images/grade_1/sample_055/20260728_172804.jpg,Grade 1,sample_055,samsung SM-A127F,6,4000,3000,1.333333,true,unknown,unknown,unknown,unknown,unknown,unknown,unknown,unknown,unknown
IMGV2_000219,data/raw/berry_images/grade_1/sample_055/20260728_172841.jpg,Grade 1,sample_055,samsung SM-A127F,3,4000,3000,1.333333,true,unknown,unknown,unknown,unknown,unknown,unknown,unknown,unknown,unknown
IMGV2_000220,data/raw/berry_images/grade_1/sample_055/20260728_173009.jpg,Grade 1,sample_055,samsung SM-A127F,6,4000,3000,1.333333,true,unknown,unknown,unknown,unknown,unknown,unknown,unknown,unknown,unknown
IMGV2_000221,data/raw/berry_images/grade_1/sample_056/20260728_172407.jpg,Grade 1,sample_056,samsung SM-A127F,6,4000,3000,1.333333,true,unknown,unknown,unknown,unknown,unknown,unknown,unknown,unknown,unknown
IMGV2_000222,data/raw/berry_images/grade_1/sample_056/20260728_172444.jpg,Grade 1,sample_056,samsung SM-A127F,6,4000,3000,1.333333,true,unknown,unknown,unknown,unknown,unknown,unknown,unknown,unknown,unknown
IMGV2_000223,data/raw/berry_images/grade_1/sample_056/20260728_172541.jpg,Grade 1,sample_056,samsung SM-A127F,6,4000,3000,1.333333,true,unknown,unknown,unknown,unknown,unknown,unknown,unknown,unknown,unknown
IMGV2_000224,data/raw/berry_images/grade_1/sample_056/20260728_173125.jpg,Grade 1,sample_056,samsung SM-A127F,6,4000,3000,1.333333,true,unknown,unknown,unknown,unknown,unknown,unknown,unknown,unknown,unknown
IMGV2_000225,data/raw/berry_images/grade_2/sample_001/20260509_002615.jpg,Grade 2,sample_001,samsung SM-A127F,6,4000,3000,1.333333,true,unknown,unknown,unknown,unknown,unknown,unknown,unknown,unknown,unknown
IMGV2_000226,data/raw/berry_images/grade_2/sample_001/20260509_002644.jpg,Grade 2,sample_001,samsung SM-A127F,6,4000,3000,1.333333,true,unknown,unknown,unknown,unknown,unknown,unknown,unknown,unknown,unknown
IMGV2_000227,data/raw/berry_images/grade_2/sample_001/20260509_002710.jpg,Grade 2,sample_001,samsung SM-A127F,6,4000,3000,1.333333,true,unknown,unknown,unknown,unknown,unknown,unknown,unknown,unknown,unknown
IMGV2_000228,data/raw/berry_images/grade_2/sample_001/20260509_002734.jpg,Grade 2,sample_001,samsung SM-A127F,6,4000,3000,1.333333,true,unknown,unknown,unknown,unknown,unknown,unknown,unknown,unknown,unknown
IMGV2_000229,data/raw/berry_images/grade_2/sample_002/20260509_002353.jpg,Grade 2,sample_002,samsung SM-A127F,6,4000,3000,1.333333,true,unknown,unknown,unknown,unknown,unknown,unknown,unknown,unknown,unknown
IMGV2_000230,data/raw/berry_images/grade_2/sample_002/20260509_002440.jpg,Grade 2,sample_002,samsung SM-A127F,6,4000,3000,1.333333,true,unknown,unknown,unknown,unknown,unknown,unknown,unknown,unknown,unknown
IMGV2_000231,data/raw/berry_images/grade_2/sample_002/20260509_002457.jpg,Grade 2,sample_002,samsung SM-A127F,6,4000,3000,1.333333,true,unknown,unknown,unknown,unknown,unknown,unknown,unknown,unknown,unknown
IMGV2_000232,data/raw/berry_images/grade_2/sample_002/20260509_002547.jpg,Grade 2,sample_002,samsung SM-A127F,6,4000,3000,1.333333,true,unknown,unknown,unknown,unknown,unknown,unknown,unknown,unknown,unknown
IMGV2_000233,data/raw/berry_images/grade_2/sample_003/20260509_002205.jpg,Grade 2,sample_003,samsung SM-A127F,6,4000,3000,1.333333,true,unknown,unknown,unknown,unknown,unknown,unknown,unknown,unknown,unknown
IMGV2_000234,data/raw/berry_images/grade_2/sample_003/20260509_002221.jpg,Grade 2,sample_003,samsung SM-A127F,6,4000,3000,1.333333,true,unknown,unknown,unknown,unknown,unknown,unknown,unknown,unknown,unknown
IMGV2_000235,data/raw/berry_images/grade_2/sample_003/20260509_002248.jpg,Grade 2,sample_003,samsung SM-A127F,6,4000,3000,1.333333,true,unknown,unknown,unknown,unknown,unknown,unknown,unknown,unknown,unknown
IMGV2_000236,data/raw/berry_images/grade_2/sample_003/20260509_002305.jpg,Grade 2,sample_003,samsung SM-A127F,6,4000,3000,1.333333,true,unknown,unknown,unknown,unknown,unknown,unknown,unknown,unknown,unknown
IMGV2_000237,data/raw/berry_images/grade_2/sample_004/20260509_002032.jpg,Grade 2,sample_004,samsung SM-A127F,6,4000,3000,1.333333,true,unknown,unknown,unknown,unknown,unknown,unknown,unknown,unknown,unknown
IMGV2_000238,data/raw/berry_images/grade_2/sample_004/20260509_002047.jpg,Grade 2,sample_004,samsung SM-A127F,6,4000,3000,1.333333,true,unknown,unknown,unknown,unknown,unknown,unknown,unknown,unknown,unknown
IMGV2_000239,data/raw/berry_images/grade_2/sample_004/20260509_002109.jpg,Grade 2,sample_004,samsung SM-A127F,6,4000,3000,1.333333,true,unknown,unknown,unknown,unknown,unknown,unknown,unknown,unknown,unknown
IMGV2_000240,data/raw/berry_images/grade_2/sample_004/20260509_002145.jpg,Grade 2,sample_004,samsung SM-A127F,6,4000,3000,1.333333,true,unknown,unknown,unknown,unknown,unknown,unknown,unknown,unknown,unknown
IMGV2_000241,data/raw/berry_images/grade_2/sample_005/20260509_001854.jpg,Grade 2,sample_005,samsung SM-A127F,3,4000,3000,1.333333,true,unknown,unknown,unknown,unknown,unknown,unknown,unknown,unknown,unknown
IMGV2_000242,data/raw/berry_images/grade_2/sample_005/20260509_001911.jpg,Grade 2,sample_005,samsung SM-A127F,3,4000,3000,1.333333,true,unknown,unknown,unknown,unknown,unknown,unknown,unknown,unknown,unknown
IMGV2_000243,data/raw/berry_images/grade_2/sample_005/20260509_001932.jpg,Grade 2,sample_005,samsung SM-A127F,3,4000,3000,1.333333,true,unknown,unknown,unknown,unknown,unknown,unknown,unknown,unknown,unknown
IMGV2_000244,data/raw/berry_images/grade_2/sample_005/20260509_002002.jpg,Grade 2,sample_005,samsung SM-A127F,6,4000,3000,1.333333,true,unknown,unknown,unknown,unknown,unknown,unknown,unknown,unknown,unknown
IMGV2_000245,data/raw/berry_images/grade_2/sample_006/20260509_001725.jpg,Grade 2,sample_006,samsung SM-A127F,6,4000,3000,1.333333,true,unknown,unknown,unknown,unknown,unknown,unknown,unknown,unknown,unknown
IMGV2_000246,data/raw/berry_images/grade_2/sample_006/20260509_001753.jpg,Grade 2,sample_006,samsung SM-A127F,6,4000,3000,1.333333,true,unknown,unknown,unknown,unknown,unknown,unknown,unknown,unknown,unknown
IMGV2_000247,data/raw/berry_images/grade_2/sample_006/20260509_001812.jpg,Grade 2,sample_006,samsung SM-A127F,6,4000,3000,1.333333,true,unknown,unknown,unknown,unknown,unknown,unknown,unknown,unknown,unknown
IMGV2_000248,data/raw/berry_images/grade_2/sample_006/20260509_001833.jpg,Grade 2,sample_006,samsung SM-A127F,6,4000,3000,1.333333,true,unknown,unknown,unknown,unknown,unknown,unknown,unknown,unknown,unknown
IMGV2_000249,data/raw/berry_images/grade_2/sample_007/20260509_001527.jpg,Grade 2,sample_007,samsung SM-A127F,6,4000,3000,1.333333,true,unknown,unknown,unknown,unknown,unknown,unknown,unknown,unknown,unknown
IMGV2_000250,data/raw/berry_images/grade_2/sample_007/20260509_001545.jpg,Grade 2,sample_007,samsung SM-A127F,6,4000,3000,1.333333,true,unknown,unknown,unknown,unknown,unknown,unknown,unknown,unknown,unknown
IMGV2_000251,data/raw/berry_images/grade_2/sample_007/20260509_001631.jpg,Grade 2,sample_007,samsung SM-A127F,6,4000,3000,1.333333,true,unknown,unknown,unknown,unknown,unknown,unknown,unknown,unknown,unknown
IMGV2_000252,data/raw/berry_images/grade_2/sample_007/20260509_001651.jpg,Grade 2,sample_007,samsung SM-A127F,6,4000,3000,1.333333,true,unknown,unknown,unknown,unknown,unknown,unknown,unknown,unknown,unknown
IMGV2_000253,data/raw/berry_images/grade_2/sample_008/20260509_001412.jpg,Grade 2,sample_008,samsung SM-A127F,6,4000,3000,1.333333,true,unknown,unknown,unknown,unknown,unknown,unknown,unknown,unknown,unknown
IMGV2_000254,data/raw/berry_images/grade_2/sample_008/20260509_001425.jpg,Grade 2,sample_008,samsung SM-A127F,6,4000,3000,1.333333,true,unknown,unknown,unknown,unknown,unknown,unknown,unknown,unknown,unknown
IMGV2_000255,data/raw/berry_images/grade_2/sample_008/20260509_001446.jpg,Grade 2,sample_008,samsung SM-A127F,6,4000,3000,1.333333,true,unknown,unknown,unknown,unknown,unknown,unknown,unknown,unknown,unknown
IMGV2_000256,data/raw/berry_images/grade_2/sample_008/20260509_001508.jpg,Grade 2,sample_008,samsung SM-A127F,6,4000,3000,1.333333,true,unknown,unknown,unknown,unknown,unknown,unknown,unknown,unknown,unknown
IMGV2_000257,data/raw/berry_images/grade_2/sample_009/20260509_001228.jpg,Grade 2,sample_009,samsung SM-A127F,3,4000,3000,1.333333,true,unknown,unknown,unknown,unknown,unknown,unknown,unknown,unknown,unknown
IMGV2_000258,data/raw/berry_images/grade_2/sample_009/20260509_001248.jpg,Grade 2,sample_009,samsung SM-A127F,3,4000,3000,1.333333,true,unknown,unknown,unknown,unknown,unknown,unknown,unknown,unknown,unknown
IMGV2_000259,data/raw/berry_images/grade_2/sample_009/20260509_001313.jpg,Grade 2,sample_009,samsung SM-A127F,3,4000,3000,1.333333,true,unknown,unknown,unknown,unknown,unknown,unknown,unknown,unknown,unknown
IMGV2_000260,data/raw/berry_images/grade_2/sample_009/20260509_001331.jpg,Grade 2,sample_009,samsung SM-A127F,3,4000,3000,1.333333,true,unknown,unknown,unknown,unknown,unknown,unknown,unknown,unknown,unknown
IMGV2_000261,data/raw/berry_images/grade_2/sample_010/20260509_001109.jpg,Grade 2,sample_010,samsung SM-A127F,6,4000,3000,1.333333,true,unknown,unknown,unknown,unknown,unknown,unknown,unknown,unknown,unknown
IMGV2_000262,data/raw/berry_images/grade_2/sample_010/20260509_001124.jpg,Grade 2,sample_010,samsung SM-A127F,6,4000,3000,1.333333,true,unknown,unknown,unknown,unknown,unknown,unknown,unknown,unknown,unknown
IMGV2_000263,data/raw/berry_images/grade_2/sample_010/20260509_001142.jpg,Grade 2,sample_010,samsung SM-A127F,6,4000,3000,1.333333,true,unknown,unknown,unknown,unknown,unknown,unknown,unknown,unknown,unknown
IMGV2_000264,data/raw/berry_images/grade_2/sample_010/20260509_001203.jpg,Grade 2,sample_010,samsung SM-A127F,6,4000,3000,1.333333,true,unknown,unknown,unknown,unknown,unknown,unknown,unknown,unknown,unknown
IMGV2_000265,data/raw/berry_images/grade_2/sample_011/20260509_000955.jpg,Grade 2,sample_011,samsung SM-A127F,6,4000,3000,1.333333,true,unknown,unknown,unknown,unknown,unknown,unknown,unknown,unknown,unknown
IMGV2_000266,data/raw/berry_images/grade_2/sample_011/20260509_001012.jpg,Grade 2,sample_011,samsung SM-A127F,6,4000,3000,1.333333,true,unknown,unknown,unknown,unknown,unknown,unknown,unknown,unknown,unknown
IMGV2_000267,data/raw/berry_images/grade_2/sample_011/20260509_001027.jpg,Grade 2,sample_011,samsung SM-A127F,6,4000,3000,1.333333,true,unknown,unknown,unknown,unknown,unknown,unknown,unknown,unknown,unknown
IMGV2_000268,data/raw/berry_images/grade_2/sample_011/20260509_001046.jpg,Grade 2,sample_011,samsung SM-A127F,6,4000,3000,1.333333,true,unknown,unknown,unknown,unknown,unknown,unknown,unknown,unknown,unknown
IMGV2_000269,data/raw/berry_images/grade_2/sample_012/20260509_000814.jpg,Grade 2,sample_012,samsung SM-A127F,6,4000,3000,1.333333,true,unknown,unknown,unknown,unknown,unknown,unknown,unknown,unknown,unknown
IMGV2_000270,data/raw/berry_images/grade_2/sample_012/20260509_000826.jpg,Grade 2,sample_012,samsung SM-A127F,6,4000,3000,1.333333,true,unknown,unknown,unknown,unknown,unknown,unknown,unknown,unknown,unknown
IMGV2_000271,data/raw/berry_images/grade_2/sample_012/20260509_000849.jpg,Grade 2,sample_012,samsung SM-A127F,6,4000,3000,1.333333,true,unknown,unknown,unknown,unknown,unknown,unknown,unknown,unknown,unknown
IMGV2_000272,data/raw/berry_images/grade_2/sample_012/20260509_000912.jpg,Grade 2,sample_012,samsung SM-A127F,6,4000,3000,1.333333,true,unknown,unknown,unknown,unknown,unknown,unknown,unknown,unknown,unknown
IMGV2_000273,data/raw/berry_images/grade_2/sample_013/20260509_000648.jpg,Grade 2,sample_013,samsung SM-A127F,6,4000,3000,1.333333,true,unknown,unknown,unknown,unknown,unknown,unknown,unknown,unknown,unknown
IMGV2_000274,data/raw/berry_images/grade_2/sample_013/20260509_000702.jpg,Grade 2,sample_013,samsung SM-A127F,6,4000,3000,1.333333,true,unknown,unknown,unknown,unknown,unknown,unknown,unknown,unknown,unknown
IMGV2_000275,data/raw/berry_images/grade_2/sample_013/20260509_000726.jpg,Grade 2,sample_013,samsung SM-A127F,6,4000,3000,1.333333,true,unknown,unknown,unknown,unknown,unknown,unknown,unknown,unknown,unknown
IMGV2_000276,data/raw/berry_images/grade_2/sample_013/20260509_000749.jpg,Grade 2,sample_013,samsung SM-A127F,6,4000,3000,1.333333,true,unknown,unknown,unknown,unknown,unknown,unknown,unknown,unknown,unknown
IMGV2_000277,data/raw/berry_images/grade_2/sample_014/20260509_000525.jpg,Grade 2,sample_014,samsung SM-A127F,6,4000,3000,1.333333,true,unknown,unknown,unknown,unknown,unknown,unknown,unknown,unknown,unknown
IMGV2_000278,data/raw/berry_images/grade_2/sample_014/20260509_000541.jpg,Grade 2,sample_014,samsung SM-A127F,6,4000,3000,1.333333,true,unknown,unknown,unknown,unknown,unknown,unknown,unknown,unknown,unknown
IMGV2_000279,data/raw/berry_images/grade_2/sample_014/20260509_000559.jpg,Grade 2,sample_014,samsung SM-A127F,6,4000,3000,1.333333,true,unknown,unknown,unknown,unknown,unknown,unknown,unknown,unknown,unknown
IMGV2_000280,data/raw/berry_images/grade_2/sample_014/20260509_000624.jpg,Grade 2,sample_014,samsung SM-A127F,6,4000,3000,1.333333,true,unknown,unknown,unknown,unknown,unknown,unknown,unknown,unknown,unknown
IMGV2_000281,data/raw/berry_images/grade_2/sample_015/20260508_174914.jpg,Grade 2,sample_015,samsung SM-A127F,6,4000,3000,1.333333,true,unknown,unknown,unknown,unknown,unknown,unknown,unknown,unknown,unknown
IMGV2_000282,data/raw/berry_images/grade_2/sample_015/20260508_174942.jpg,Grade 2,sample_015,samsung SM-A127F,3,4000,3000,1.333333,true,unknown,unknown,unknown,unknown,unknown,unknown,unknown,unknown,unknown
IMGV2_000283,data/raw/berry_images/grade_2/sample_015/20260508_175021.jpg,Grade 2,sample_015,samsung SM-A127F,3,4000,3000,1.333333,true,unknown,unknown,unknown,unknown,unknown,unknown,unknown,unknown,unknown
IMGV2_000284,data/raw/berry_images/grade_2/sample_015/20260508_175052.jpg,Grade 2,sample_015,samsung SM-A127F,3,4000,3000,1.333333,true,unknown,unknown,unknown,unknown,unknown,unknown,unknown,unknown,unknown
IMGV2_000285,data/raw/berry_images/grade_2/sample_016/20260508_174638.jpg,Grade 2,sample_016,samsung SM-A127F,3,4000,3000,1.333333,true,unknown,unknown,unknown,unknown,unknown,unknown,unknown,unknown,unknown
IMGV2_000286,data/raw/berry_images/grade_2/sample_016/20260508_174707.jpg,Grade 2,sample_016,samsung SM-A127F,3,4000,3000,1.333333,true,unknown,unknown,unknown,unknown,unknown,unknown,unknown,unknown,unknown
IMGV2_000287,data/raw/berry_images/grade_2/sample_016/20260508_174753.jpg,Grade 2,sample_016,samsung SM-A127F,6,4000,3000,1.333333,true,unknown,unknown,unknown,unknown,unknown,unknown,unknown,unknown,unknown
IMGV2_000288,data/raw/berry_images/grade_2/sample_016/20260508_174823.jpg,Grade 2,sample_016,samsung SM-A127F,6,4000,3000,1.333333,true,unknown,unknown,unknown,unknown,unknown,unknown,unknown,unknown,unknown
IMGV2_000289,data/raw/berry_images/grade_2/sample_017/20260508_174344.jpg,Grade 2,sample_017,samsung SM-A127F,3,4000,3000,1.333333,true,unknown,unknown,unknown,unknown,unknown,unknown,unknown,unknown,unknown
IMGV2_000290,data/raw/berry_images/grade_2/sample_017/20260508_174445.jpg,Grade 2,sample_017,samsung SM-A127F,3,4000,3000,1.333333,true,unknown,unknown,unknown,unknown,unknown,unknown,unknown,unknown,unknown
IMGV2_000291,data/raw/berry_images/grade_2/sample_017/20260508_174532.jpg,Grade 2,sample_017,samsung SM-A127F,3,4000,3000,1.333333,true,unknown,unknown,unknown,unknown,unknown,unknown,unknown,unknown,unknown
IMGV2_000292,data/raw/berry_images/grade_2/sample_017/20260508_174610.jpg,Grade 2,sample_017,samsung SM-A127F,3,4000,3000,1.333333,true,unknown,unknown,unknown,unknown,unknown,unknown,unknown,unknown,unknown
IMGV2_000293,data/raw/berry_images/grade_2/sample_018/20260508_173954.jpg,Grade 2,sample_018,samsung SM-A127F,6,4000,3000,1.333333,true,unknown,unknown,unknown,unknown,unknown,unknown,unknown,unknown,unknown
IMGV2_000294,data/raw/berry_images/grade_2/sample_018/20260508_174150.jpg,Grade 2,sample_018,samsung SM-A127F,3,4000,3000,1.333333,true,unknown,unknown,unknown,unknown,unknown,unknown,unknown,unknown,unknown
IMGV2_000295,data/raw/berry_images/grade_2/sample_018/20260508_174231.jpg,Grade 2,sample_018,samsung SM-A127F,3,4000,3000,1.333333,true,unknown,unknown,unknown,unknown,unknown,unknown,unknown,unknown,unknown
IMGV2_000296,data/raw/berry_images/grade_2/sample_018/20260508_174307.jpg,Grade 2,sample_018,samsung SM-A127F,3,4000,3000,1.333333,true,unknown,unknown,unknown,unknown,unknown,unknown,unknown,unknown,unknown
IMGV2_000297,data/raw/berry_images/grade_2/sample_019/20260508_170549.jpg,Grade 2,sample_019,samsung SM-A127F,3,4000,3000,1.333333,true,unknown,unknown,unknown,unknown,unknown,unknown,unknown,unknown,unknown
IMGV2_000298,data/raw/berry_images/grade_2/sample_019/20260508_170609.jpg,Grade 2,sample_019,samsung SM-A127F,3,4000,3000,1.333333,true,unknown,unknown,unknown,unknown,unknown,unknown,unknown,unknown,unknown
IMGV2_000299,data/raw/berry_images/grade_2/sample_019/20260508_170625.jpg,Grade 2,sample_019,samsung SM-A127F,3,4000,3000,1.333333,true,unknown,unknown,unknown,unknown,unknown,unknown,unknown,unknown,unknown
IMGV2_000300,data/raw/berry_images/grade_2/sample_019/20260508_170845.jpg,Grade 2,sample_019,samsung SM-A127F,6,4000,3000,1.333333,true,unknown,unknown,unknown,unknown,unknown,unknown,unknown,unknown,unknown
IMGV2_000301,data/raw/berry_images/grade_2/sample_020/20260508_170329.jpg,Grade 2,sample_020,samsung SM-A127F,6,4000,3000,1.333333,true,unknown,unknown,unknown,unknown,unknown,unknown,unknown,unknown,unknown
IMGV2_000302,data/raw/berry_images/grade_2/sample_020/20260508_170346.jpg,Grade 2,sample_020,samsung SM-A127F,3,4000,3000,1.333333,true,unknown,unknown,unknown,unknown,unknown,unknown,unknown,unknown,unknown
IMGV2_000303,data/raw/berry_images/grade_2/sample_020/20260508_170429.jpg,Grade 2,sample_020,samsung SM-A127F,3,4000,3000,1.333333,true,unknown,unknown,unknown,unknown,unknown,unknown,unknown,unknown,unknown
IMGV2_000304,data/raw/berry_images/grade_2/sample_020/20260508_170500.jpg,Grade 2,sample_020,samsung SM-A127F,3,4000,3000,1.333333,true,unknown,unknown,unknown,unknown,unknown,unknown,unknown,unknown,unknown
IMGV2_000305,data/raw/berry_images/grade_2/sample_021/20260509_110556.jpg,Grade 2,sample_021,samsung Galaxy A06,1,8160,6120,1.333333,true,unknown,unknown,unknown,unknown,unknown,unknown,unknown,unknown,unknown
IMGV2_000306,data/raw/berry_images/grade_2/sample_021/20260509_110700.jpg,Grade 2,sample_021,samsung Galaxy A06,6,8160,6120,1.333333,true,unknown,unknown,unknown,unknown,unknown,unknown,unknown,unknown,unknown
IMGV2_000307,data/raw/berry_images/grade_2/sample_021/20260509_110734.jpg,Grade 2,sample_021,samsung Galaxy A06,1,8160,6120,1.333333,true,unknown,unknown,unknown,unknown,unknown,unknown,unknown,unknown,unknown
IMGV2_000308,data/raw/berry_images/grade_2/sample_021/20260509_110801.jpg,Grade 2,sample_021,samsung Galaxy A06,6,8160,6120,1.333333,true,unknown,unknown,unknown,unknown,unknown,unknown,unknown,unknown,unknown
IMGV2_000309,data/raw/berry_images/grade_2/sample_022/20260509_110334.jpg,Grade 2,sample_022,samsung Galaxy A06,6,4080,3060,1.333333,true,unknown,unknown,unknown,unknown,unknown,unknown,unknown,unknown,unknown
IMGV2_000310,data/raw/berry_images/grade_2/sample_022/20260509_110357.jpg,Grade 2,sample_022,samsung Galaxy A06,3,4080,3060,1.333333,true,unknown,unknown,unknown,unknown,unknown,unknown,unknown,unknown,unknown
IMGV2_000311,data/raw/berry_images/grade_2/sample_022/20260509_110427.jpg,Grade 2,sample_022,samsung Galaxy A06,3,4080,3060,1.333333,true,unknown,unknown,unknown,unknown,unknown,unknown,unknown,unknown,unknown
IMGV2_000312,data/raw/berry_images/grade_2/sample_022/20260509_110456.jpg,Grade 2,sample_022,samsung Galaxy A06,8,4080,3060,1.333333,true,unknown,unknown,unknown,unknown,unknown,unknown,unknown,unknown,unknown
IMGV2_000313,data/raw/berry_images/grade_2/sample_023/20260509_105951.jpg,Grade 2,sample_023,samsung Galaxy A06,1,4080,3060,1.333333,true,unknown,unknown,unknown,unknown,unknown,unknown,unknown,unknown,unknown
IMGV2_000314,data/raw/berry_images/grade_2/sample_023/20260509_110009.jpg,Grade 2,sample_023,samsung Galaxy A06,3,4080,3060,1.333333,true,unknown,unknown,unknown,unknown,unknown,unknown,unknown,unknown,unknown
IMGV2_000315,data/raw/berry_images/grade_2/sample_023/20260509_110042.jpg,Grade 2,sample_023,samsung Galaxy A06,1,4080,3060,1.333333,true,unknown,unknown,unknown,unknown,unknown,unknown,unknown,unknown,unknown
IMGV2_000316,data/raw/berry_images/grade_2/sample_023/20260509_110108.jpg,Grade 2,sample_023,samsung Galaxy A06,3,4080,3060,1.333333,true,unknown,unknown,unknown,unknown,unknown,unknown,unknown,unknown,unknown
IMGV2_000317,data/raw/berry_images/grade_2/sample_024/20260509_105739.jpg,Grade 2,sample_024,samsung Galaxy A06,6,4080,3060,1.333333,true,unknown,unknown,unknown,unknown,unknown,unknown,unknown,unknown,unknown
IMGV2_000318,data/raw/berry_images/grade_2/sample_024/20260509_105816.jpg,Grade 2,sample_024,samsung Galaxy A06,8,4080,3060,1.333333,true,unknown,unknown,unknown,unknown,unknown,unknown,unknown,unknown,unknown
IMGV2_000319,data/raw/berry_images/grade_2/sample_024/20260509_105846.jpg,Grade 2,sample_024,samsung Galaxy A06,6,4080,3060,1.333333,true,unknown,unknown,unknown,unknown,unknown,unknown,unknown,unknown,unknown
IMGV2_000320,data/raw/berry_images/grade_2/sample_024/20260509_105908.jpg,Grade 2,sample_024,samsung Galaxy A06,6,4080,3060,1.333333,true,unknown,unknown,unknown,unknown,unknown,unknown,unknown,unknown,unknown
IMGV2_000321,data/raw/berry_images/grade_2/sample_025/20260509_105455.jpg,Grade 2,sample_025,samsung Galaxy A06,3,4080,3060,1.333333,true,unknown,unknown,unknown,unknown,unknown,unknown,unknown,unknown,unknown
IMGV2_000322,data/raw/berry_images/grade_2/sample_025/20260509_105601.jpg,Grade 2,sample_025,samsung Galaxy A06,3,4080,3060,1.333333,true,unknown,unknown,unknown,unknown,unknown,unknown,unknown,unknown,unknown
IMGV2_000323,data/raw/berry_images/grade_2/sample_025/20260509_105622.jpg,Grade 2,sample_025,samsung Galaxy A06,3,4080,3060,1.333333,true,unknown,unknown,unknown,unknown,unknown,unknown,unknown,unknown,unknown
IMGV2_000324,data/raw/berry_images/grade_2/sample_025/20260509_105652.jpg,Grade 2,sample_025,samsung Galaxy A06,6,4080,3060,1.333333,true,unknown,unknown,unknown,unknown,unknown,unknown,unknown,unknown,unknown
IMGV2_000325,data/raw/berry_images/grade_2/sample_026/20260509_105056.jpg,Grade 2,sample_026,samsung Galaxy A06,1,4080,3060,1.333333,true,unknown,unknown,unknown,unknown,unknown,unknown,unknown,unknown,unknown
IMGV2_000326,data/raw/berry_images/grade_2/sample_026/20260509_105134.jpg,Grade 2,sample_026,samsung Galaxy A06,3,4080,3060,1.333333,true,unknown,unknown,unknown,unknown,unknown,unknown,unknown,unknown,unknown
IMGV2_000327,data/raw/berry_images/grade_2/sample_026/20260509_105208.jpg,Grade 2,sample_026,samsung Galaxy A06,3,4080,3060,1.333333,true,unknown,unknown,unknown,unknown,unknown,unknown,unknown,unknown,unknown
IMGV2_000328,data/raw/berry_images/grade_2/sample_026/20260509_105300.jpg,Grade 2,sample_026,samsung Galaxy A06,3,4080,3060,1.333333,true,unknown,unknown,unknown,unknown,unknown,unknown,unknown,unknown,unknown
IMGV2_000329,data/raw/berry_images/grade_2/sample_027/20260509_104619.jpg,Grade 2,sample_027,samsung Galaxy A06,6,4080,3060,1.333333,true,unknown,unknown,unknown,unknown,unknown,unknown,unknown,unknown,unknown
IMGV2_000330,data/raw/berry_images/grade_2/sample_027/20260509_104744.jpg,Grade 2,sample_027,samsung Galaxy A06,3,4080,3060,1.333333,true,unknown,unknown,unknown,unknown,unknown,unknown,unknown,unknown,unknown
IMGV2_000331,data/raw/berry_images/grade_2/sample_027/20260509_104808.jpg,Grade 2,sample_027,samsung Galaxy A06,3,4080,3060,1.333333,true,unknown,unknown,unknown,unknown,unknown,unknown,unknown,unknown,unknown
IMGV2_000332,data/raw/berry_images/grade_2/sample_027/20260509_104828.jpg,Grade 2,sample_027,samsung Galaxy A06,3,4080,3060,1.333333,true,unknown,unknown,unknown,unknown,unknown,unknown,unknown,unknown,unknown
IMGV2_000333,data/raw/berry_images/grade_2/sample_028/20260509_104054.jpg,Grade 2,sample_028,samsung Galaxy A06,1,4080,3060,1.333333,true,unknown,unknown,unknown,unknown,unknown,unknown,unknown,unknown,unknown
IMGV2_000334,data/raw/berry_images/grade_2/sample_028/20260509_104209.jpg,Grade 2,sample_028,samsung Galaxy A06,3,4080,3060,1.333333,true,unknown,unknown,unknown,unknown,unknown,unknown,unknown,unknown,unknown
IMGV2_000335,data/raw/berry_images/grade_2/sample_028/20260509_104304.jpg,Grade 2,sample_028,samsung Galaxy A06,3,4080,3060,1.333333,true,unknown,unknown,unknown,unknown,unknown,unknown,unknown,unknown,unknown
IMGV2_000336,data/raw/berry_images/grade_2/sample_028/20260509_104444.jpg,Grade 2,sample_028,samsung Galaxy A06,3,4080,3060,1.333333,true,unknown,unknown,unknown,unknown,unknown,unknown,unknown,unknown,unknown
IMGV2_000337,data/raw/berry_images/grade_2/sample_029/20260509_103706.jpg,Grade 2,sample_029,samsung Galaxy A06,1,4080,3060,1.333333,true,unknown,unknown,unknown,unknown,unknown,unknown,unknown,unknown,unknown
IMGV2_000338,data/raw/berry_images/grade_2/sample_029/20260509_103800.jpg,Grade 2,sample_029,samsung Galaxy A06,1,4080,3060,1.333333,true,unknown,unknown,unknown,unknown,unknown,unknown,unknown,unknown,unknown
IMGV2_000339,data/raw/berry_images/grade_2/sample_029/20260509_103837.jpg,Grade 2,sample_029,samsung Galaxy A06,3,4080,3060,1.333333,true,unknown,unknown,unknown,unknown,unknown,unknown,unknown,unknown,unknown
IMGV2_000340,data/raw/berry_images/grade_2/sample_029/20260509_103935.jpg,Grade 2,sample_029,samsung Galaxy A06,3,4080,3060,1.333333,true,unknown,unknown,unknown,unknown,unknown,unknown,unknown,unknown,unknown
IMGV2_000341,data/raw/berry_images/grade_2/sample_030/20260509_103253.jpg,Grade 2,sample_030,samsung Galaxy A06,6,4080,3060,1.333333,true,unknown,unknown,unknown,unknown,unknown,unknown,unknown,unknown,unknown
IMGV2_000342,data/raw/berry_images/grade_2/sample_030/20260509_103427.jpg,Grade 2,sample_030,samsung Galaxy A06,1,4080,3060,1.333333,true,unknown,unknown,unknown,unknown,unknown,unknown,unknown,unknown,unknown
IMGV2_000343,data/raw/berry_images/grade_2/sample_030/20260509_103512.jpg,Grade 2,sample_030,samsung Galaxy A06,6,4080,3060,1.333333,true,unknown,unknown,unknown,unknown,unknown,unknown,unknown,unknown,unknown
IMGV2_000344,data/raw/berry_images/grade_2/sample_030/20260509_103611.jpg,Grade 2,sample_030,samsung Galaxy A06,3,4080,3060,1.333333,true,unknown,unknown,unknown,unknown,unknown,unknown,unknown,unknown,unknown
IMGV2_000345,data/raw/berry_images/grade_2/sample_031/20260820_110730.jpg,Grade 2,sample_031,samsung Galaxy A06,3,4080,3060,1.333333,true,unknown,unknown,unknown,unknown,unknown,unknown,unknown,unknown,unknown
IMGV2_000346,data/raw/berry_images/grade_2/sample_031/20260820_110824.jpg,Grade 2,sample_031,samsung Galaxy A06,6,4080,3060,1.333333,true,unknown,unknown,unknown,unknown,unknown,unknown,unknown,unknown,unknown
IMGV2_000347,data/raw/berry_images/grade_2/sample_031/20260820_110859.jpg,Grade 2,sample_031,samsung Galaxy A06,8,4080,3060,1.333333,true,unknown,unknown,unknown,unknown,unknown,unknown,unknown,unknown,unknown
IMGV2_000348,data/raw/berry_images/grade_2/sample_031/20260820_110934.jpg,Grade 2,sample_031,samsung Galaxy A06,3,4080,3060,1.333333,true,unknown,unknown,unknown,unknown,unknown,unknown,unknown,unknown,unknown
IMGV2_000349,data/raw/berry_images/grade_2/sample_032/20260820_111827.jpg,Grade 2,sample_032,samsung Galaxy A06,3,4080,3060,1.333333,true,unknown,unknown,unknown,unknown,unknown,unknown,unknown,unknown,unknown
IMGV2_000350,data/raw/berry_images/grade_2/sample_032/20260820_112251.jpg,Grade 2,sample_032,samsung Galaxy A06,6,4080,3060,1.333333,true,unknown,unknown,unknown,unknown,unknown,unknown,unknown,unknown,unknown
IMGV2_000351,data/raw/berry_images/grade_2/sample_032/20260820_112316.jpg,Grade 2,sample_032,samsung Galaxy A06,3,4080,3060,1.333333,true,unknown,unknown,unknown,unknown,unknown,unknown,unknown,unknown,unknown
IMGV2_000352,data/raw/berry_images/grade_2/sample_032/20260820_112438.jpg,Grade 2,sample_032,samsung Galaxy A06,6,4080,3060,1.333333,true,unknown,unknown,unknown,unknown,unknown,unknown,unknown,unknown,unknown
IMGV2_000353,data/raw/berry_images/grade_2/sample_033/20260820_112523.jpg,Grade 2,sample_033,samsung Galaxy A06,6,4080,3060,1.333333,true,unknown,unknown,unknown,unknown,unknown,unknown,unknown,unknown,unknown
IMGV2_000354,data/raw/berry_images/grade_2/sample_033/20260820_112618.jpg,Grade 2,sample_033,samsung Galaxy A06,3,4080,3060,1.333333,true,unknown,unknown,unknown,unknown,unknown,unknown,unknown,unknown,unknown
IMGV2_000355,data/raw/berry_images/grade_2/sample_033/20260820_112653.jpg,Grade 2,sample_033,samsung Galaxy A06,3,4080,3060,1.333333,true,unknown,unknown,unknown,unknown,unknown,unknown,unknown,unknown,unknown
IMGV2_000356,data/raw/berry_images/grade_2/sample_033/20260820_112732.jpg,Grade 2,sample_033,samsung Galaxy A06,3,4080,3060,1.333333,true,unknown,unknown,unknown,unknown,unknown,unknown,unknown,unknown,unknown
IMGV2_000357,data/raw/berry_images/grade_2/sample_034/20260820_112854.jpg,Grade 2,sample_034,samsung Galaxy A06,3,4080,3060,1.333333,true,unknown,unknown,unknown,unknown,unknown,unknown,unknown,unknown,unknown
IMGV2_000358,data/raw/berry_images/grade_2/sample_034/20260820_112916.jpg,Grade 2,sample_034,samsung Galaxy A06,3,4080,3060,1.333333,true,unknown,unknown,unknown,unknown,unknown,unknown,unknown,unknown,unknown
IMGV2_000359,data/raw/berry_images/grade_2/sample_034/20260820_112930.jpg,Grade 2,sample_034,samsung Galaxy A06,3,4080,3060,1.333333,true,unknown,unknown,unknown,unknown,unknown,unknown,unknown,unknown,unknown
IMGV2_000360,data/raw/berry_images/grade_2/sample_034/20260820_113022.jpg,Grade 2,sample_034,samsung Galaxy A06,6,4080,3060,1.333333,true,unknown,unknown,unknown,unknown,unknown,unknown,unknown,unknown,unknown
IMGV2_000361,data/raw/berry_images/grade_2/sample_035/20260820_113310.jpg,Grade 2,sample_035,samsung Galaxy A06,3,4080,3060,1.333333,true,unknown,unknown,unknown,unknown,unknown,unknown,unknown,unknown,unknown
IMGV2_000362,data/raw/berry_images/grade_2/sample_035/20260820_113335.jpg,Grade 2,sample_035,samsung Galaxy A06,6,4080,3060,1.333333,true,unknown,unknown,unknown,unknown,unknown,unknown,unknown,unknown,unknown
IMGV2_000363,data/raw/berry_images/grade_2/sample_035/20260820_113349.jpg,Grade 2,sample_035,samsung Galaxy A06,6,4080,3060,1.333333,true,unknown,unknown,unknown,unknown,unknown,unknown,unknown,unknown,unknown
IMGV2_000364,data/raw/berry_images/grade_2/sample_035/20260820_113420.jpg,Grade 2,sample_035,samsung Galaxy A06,3,4080,3060,1.333333,true,unknown,unknown,unknown,unknown,unknown,unknown,unknown,unknown,unknown
IMGV2_000365,data/raw/berry_images/grade_2/sample_036/20260820_113548.jpg,Grade 2,sample_036,samsung Galaxy A06,6,4080,3060,1.333333,true,unknown,unknown,unknown,unknown,unknown,unknown,unknown,unknown,unknown
IMGV2_000366,data/raw/berry_images/grade_2/sample_036/20260820_113631.jpg,Grade 2,sample_036,samsung Galaxy A06,6,4080,3060,1.333333,true,unknown,unknown,unknown,unknown,unknown,unknown,unknown,unknown,unknown
IMGV2_000367,data/raw/berry_images/grade_2/sample_036/20260820_113646.jpg,Grade 2,sample_036,samsung Galaxy A06,3,4080,3060,1.333333,true,unknown,unknown,unknown,unknown,unknown,unknown,unknown,unknown,unknown
IMGV2_000368,data/raw/berry_images/grade_2/sample_036/20260820_113722.jpg,Grade 2,sample_036,samsung Galaxy A06,3,4080,3060,1.333333,true,unknown,unknown,unknown,unknown,unknown,unknown,unknown,unknown,unknown
IMGV2_000369,data/raw/berry_images/grade_2/sample_037/20260820_113744.jpg,Grade 2,sample_037,samsung Galaxy A06,3,4080,3060,1.333333,true,unknown,unknown,unknown,unknown,unknown,unknown,unknown,unknown,unknown
IMGV2_000370,data/raw/berry_images/grade_2/sample_037/20260820_113754.jpg,Grade 2,sample_037,samsung Galaxy A06,3,4080,3060,1.333333,true,unknown,unknown,unknown,unknown,unknown,unknown,unknown,unknown,unknown
IMGV2_000371,data/raw/berry_images/grade_2/sample_037/20260820_113804.jpg,Grade 2,sample_037,samsung Galaxy A06,3,4080,3060,1.333333,true,unknown,unknown,unknown,unknown,unknown,unknown,unknown,unknown,unknown
IMGV2_000372,data/raw/berry_images/grade_2/sample_037/20260820_113839.jpg,Grade 2,sample_037,samsung Galaxy A06,6,4080,3060,1.333333,true,unknown,unknown,unknown,unknown,unknown,unknown,unknown,unknown,unknown
IMGV2_000373,data/raw/berry_images/grade_2/sample_038/20260820_113938.jpg,Grade 2,sample_038,samsung Galaxy A06,3,4080,3060,1.333333,true,unknown,unknown,unknown,unknown,unknown,unknown,unknown,unknown,unknown
IMGV2_000374,data/raw/berry_images/grade_2/sample_038/20260820_113948.jpg,Grade 2,sample_038,samsung Galaxy A06,1,4080,3060,1.333333,true,unknown,unknown,unknown,unknown,unknown,unknown,unknown,unknown,unknown
IMGV2_000375,data/raw/berry_images/grade_2/sample_038/20260820_114000.jpg,Grade 2,sample_038,samsung Galaxy A06,1,4080,3060,1.333333,true,unknown,unknown,unknown,unknown,unknown,unknown,unknown,unknown,unknown
IMGV2_000376,data/raw/berry_images/grade_2/sample_038/20260820_114024.jpg,Grade 2,sample_038,samsung Galaxy A06,3,4080,3060,1.333333,true,unknown,unknown,unknown,unknown,unknown,unknown,unknown,unknown,unknown
IMGV2_000377,data/raw/berry_images/grade_2/sample_039/20260820_114047.jpg,Grade 2,sample_039,samsung Galaxy A06,3,4080,3060,1.333333,true,unknown,unknown,unknown,unknown,unknown,unknown,unknown,unknown,unknown
IMGV2_000378,data/raw/berry_images/grade_2/sample_039/20260820_114055.jpg,Grade 2,sample_039,samsung Galaxy A06,1,4080,3060,1.333333,true,unknown,unknown,unknown,unknown,unknown,unknown,unknown,unknown,unknown
IMGV2_000379,data/raw/berry_images/grade_2/sample_039/20260820_114112.jpg,Grade 2,sample_039,samsung Galaxy A06,1,4080,3060,1.333333,true,unknown,unknown,unknown,unknown,unknown,unknown,unknown,unknown,unknown
IMGV2_000380,data/raw/berry_images/grade_2/sample_039/20260820_114140.jpg,Grade 2,sample_039,samsung Galaxy A06,3,4080,3060,1.333333,true,unknown,unknown,unknown,unknown,unknown,unknown,unknown,unknown,unknown
IMGV2_000381,data/raw/berry_images/grade_2/sample_040/20260820_114323.jpg,Grade 2,sample_040,samsung Galaxy A06,3,4080,3060,1.333333,true,unknown,unknown,unknown,unknown,unknown,unknown,unknown,unknown,unknown
IMGV2_000382,data/raw/berry_images/grade_2/sample_040/20260820_114351.jpg,Grade 2,sample_040,samsung Galaxy A06,1,4080,3060,1.333333,true,unknown,unknown,unknown,unknown,unknown,unknown,unknown,unknown,unknown
IMGV2_000383,data/raw/berry_images/grade_2/sample_040/20260820_114425.jpg,Grade 2,sample_040,samsung Galaxy A06,3,4080,3060,1.333333,true,unknown,unknown,unknown,unknown,unknown,unknown,unknown,unknown,unknown
IMGV2_000384,data/raw/berry_images/grade_2/sample_040/20260820_114606.jpg,Grade 2,sample_040,samsung Galaxy A06,6,4080,3060,1.333333,true,unknown,unknown,unknown,unknown,unknown,unknown,unknown,unknown,unknown
IMGV2_000385,data/raw/berry_images/grade_2/sample_041/20260820_114741.jpg,Grade 2,sample_041,samsung Galaxy A06,3,4080,3060,1.333333,true,unknown,unknown,unknown,unknown,unknown,unknown,unknown,unknown,unknown
IMGV2_000386,data/raw/berry_images/grade_2/sample_041/20260820_114820.jpg,Grade 2,sample_041,samsung Galaxy A06,6,4080,3060,1.333333,true,unknown,unknown,unknown,unknown,unknown,unknown,unknown,unknown,unknown
IMGV2_000387,data/raw/berry_images/grade_2/sample_041/20260820_114843.jpg,Grade 2,sample_041,samsung Galaxy A06,6,4080,3060,1.333333,true,unknown,unknown,unknown,unknown,unknown,unknown,unknown,unknown,unknown
IMGV2_000388,data/raw/berry_images/grade_2/sample_041/20260820_114935.jpg,Grade 2,sample_041,samsung Galaxy A06,1,4080,3060,1.333333,true,unknown,unknown,unknown,unknown,unknown,unknown,unknown,unknown,unknown
IMGV2_000389,data/raw/berry_images/grade_2/sample_042/20260820_115114.jpg,Grade 2,sample_042,samsung Galaxy A06,3,4080,3060,1.333333,true,unknown,unknown,unknown,unknown,unknown,unknown,unknown,unknown,unknown
IMGV2_000390,data/raw/berry_images/grade_2/sample_042/20260820_115208.jpg,Grade 2,sample_042,samsung Galaxy A06,3,4080,3060,1.333333,true,unknown,unknown,unknown,unknown,unknown,unknown,unknown,unknown,unknown
IMGV2_000391,data/raw/berry_images/grade_2/sample_042/20260820_115245.jpg,Grade 2,sample_042,samsung Galaxy A06,3,4080,3060,1.333333,true,unknown,unknown,unknown,unknown,unknown,unknown,unknown,unknown,unknown
IMGV2_000392,data/raw/berry_images/grade_2/sample_042/20260820_115326.jpg,Grade 2,sample_042,samsung Galaxy A06,6,4080,3060,1.333333,true,unknown,unknown,unknown,unknown,unknown,unknown,unknown,unknown,unknown
IMGV2_000393,data/raw/berry_images/grade_2/sample_043/20260820_115522.jpg,Grade 2,sample_043,samsung Galaxy A06,6,4080,3060,1.333333,true,unknown,unknown,unknown,unknown,unknown,unknown,unknown,unknown,unknown
IMGV2_000394,data/raw/berry_images/grade_2/sample_043/20260820_115641.jpg,Grade 2,sample_043,samsung Galaxy A06,3,4080,3060,1.333333,true,unknown,unknown,unknown,unknown,unknown,unknown,unknown,unknown,unknown
IMGV2_000395,data/raw/berry_images/grade_2/sample_043/20260820_115653.jpg,Grade 2,sample_043,samsung Galaxy A06,3,4080,3060,1.333333,true,unknown,unknown,unknown,unknown,unknown,unknown,unknown,unknown,unknown
IMGV2_000396,data/raw/berry_images/grade_2/sample_043/20260820_115808.jpg,Grade 2,sample_043,samsung Galaxy A06,6,4080,3060,1.333333,true,unknown,unknown,unknown,unknown,unknown,unknown,unknown,unknown,unknown
IMGV2_000397,data/raw/berry_images/grade_2/sample_044/20260820_121307.jpg,Grade 2,sample_044,samsung Galaxy A06,3,4080,3060,1.333333,true,unknown,unknown,unknown,unknown,unknown,unknown,unknown,unknown,unknown
IMGV2_000398,data/raw/berry_images/grade_2/sample_044/20260820_121403.jpg,Grade 2,sample_044,samsung Galaxy A06,6,4080,3060,1.333333,true,unknown,unknown,unknown,unknown,unknown,unknown,unknown,unknown,unknown
IMGV2_000399,data/raw/berry_images/grade_2/sample_044/20260820_121806.jpg,Grade 2,sample_044,samsung Galaxy A06,6,4080,3060,1.333333,true,unknown,unknown,unknown,unknown,unknown,unknown,unknown,unknown,unknown
IMGV2_000400,data/raw/berry_images/grade_2/sample_044/20260820_121839.jpg,Grade 2,sample_044,samsung Galaxy A06,6,4080,3060,1.333333,true,unknown,unknown,unknown,unknown,unknown,unknown,unknown,unknown,unknown
IMGV2_000401,data/raw/berry_images/grade_2/sample_045/20260820_121913.jpg,Grade 2,sample_045,samsung Galaxy A06,3,4080,3060,1.333333,true,unknown,unknown,unknown,unknown,unknown,unknown,unknown,unknown,unknown
IMGV2_000402,data/raw/berry_images/grade_2/sample_045/20260820_121924.jpg,Grade 2,sample_045,samsung Galaxy A06,6,4080,3060,1.333333,true,unknown,unknown,unknown,unknown,unknown,unknown,unknown,unknown,unknown
IMGV2_000403,data/raw/berry_images/grade_2/sample_045/20260820_121943.jpg,Grade 2,sample_045,samsung Galaxy A06,3,4080,3060,1.333333,true,unknown,unknown,unknown,unknown,unknown,unknown,unknown,unknown,unknown
IMGV2_000404,data/raw/berry_images/grade_2/sample_045/20260820_122008.jpg,Grade 2,sample_045,samsung Galaxy A06,1,4080,3060,1.333333,true,unknown,unknown,unknown,unknown,unknown,unknown,unknown,unknown,unknown
IMGV2_000405,data/raw/berry_images/grade_2/sample_046/20260820_122028.jpg,Grade 2,sample_046,samsung Galaxy A06,3,4080,3060,1.333333,true,unknown,unknown,unknown,unknown,unknown,unknown,unknown,unknown,unknown
IMGV2_000406,data/raw/berry_images/grade_2/sample_046/20260820_122038.jpg,Grade 2,sample_046,samsung Galaxy A06,3,4080,3060,1.333333,true,unknown,unknown,unknown,unknown,unknown,unknown,unknown,unknown,unknown
IMGV2_000407,data/raw/berry_images/grade_2/sample_046/20260820_122050.jpg,Grade 2,sample_046,samsung Galaxy A06,3,4080,3060,1.333333,true,unknown,unknown,unknown,unknown,unknown,unknown,unknown,unknown,unknown
IMGV2_000408,data/raw/berry_images/grade_2/sample_046/20260820_122105.jpg,Grade 2,sample_046,samsung Galaxy A06,1,4080,3060,1.333333,true,unknown,unknown,unknown,unknown,unknown,unknown,unknown,unknown,unknown
IMGV2_000409,data/raw/berry_images/grade_2/sample_047/20260820_122126.jpg,Grade 2,sample_047,samsung Galaxy A06,1,4080,3060,1.333333,true,unknown,unknown,unknown,unknown,unknown,unknown,unknown,unknown,unknown
IMGV2_000410,data/raw/berry_images/grade_2/sample_047/20260820_122134.jpg,Grade 2,sample_047,samsung Galaxy A06,1,4080,3060,1.333333,true,unknown,unknown,unknown,unknown,unknown,unknown,unknown,unknown,unknown
IMGV2_000411,data/raw/berry_images/grade_2/sample_047/20260820_122150.jpg,Grade 2,sample_047,samsung Galaxy A06,1,4080,3060,1.333333,true,unknown,unknown,unknown,unknown,unknown,unknown,unknown,unknown,unknown
IMGV2_000412,data/raw/berry_images/grade_2/sample_047/20260820_122219.jpg,Grade 2,sample_047,samsung Galaxy A06,3,4080,3060,1.333333,true,unknown,unknown,unknown,unknown,unknown,unknown,unknown,unknown,unknown
IMGV2_000413,data/raw/berry_images/grade_2/sample_048/20260820_122244.jpg,Grade 2,sample_048,samsung Galaxy A06,3,4080,3060,1.333333,true,unknown,unknown,unknown,unknown,unknown,unknown,unknown,unknown,unknown
IMGV2_000414,data/raw/berry_images/grade_2/sample_048/20260820_122301.jpg,Grade 2,sample_048,samsung Galaxy A06,1,4080,3060,1.333333,true,unknown,unknown,unknown,unknown,unknown,unknown,unknown,unknown,unknown
IMGV2_000415,data/raw/berry_images/grade_2/sample_048/20260820_122311.jpg,Grade 2,sample_048,samsung Galaxy A06,1,4080,3060,1.333333,true,unknown,unknown,unknown,unknown,unknown,unknown,unknown,unknown,unknown
IMGV2_000416,data/raw/berry_images/grade_2/sample_048/20260820_122329.jpg,Grade 2,sample_048,samsung Galaxy A06,3,4080,3060,1.333333,true,unknown,unknown,unknown,unknown,unknown,unknown,unknown,unknown,unknown
IMGV2_000417,data/raw/berry_images/grade_2/sample_049/20260820_122358.jpg,Grade 2,sample_049,samsung Galaxy A06,3,4080,3060,1.333333,true,unknown,unknown,unknown,unknown,unknown,unknown,unknown,unknown,unknown
IMGV2_000418,data/raw/berry_images/grade_2/sample_049/20260820_122406.jpg,Grade 2,sample_049,samsung Galaxy A06,1,4080,3060,1.333333,true,unknown,unknown,unknown,unknown,unknown,unknown,unknown,unknown,unknown
IMGV2_000419,data/raw/berry_images/grade_2/sample_049/20260820_122419.jpg,Grade 2,sample_049,samsung Galaxy A06,3,4080,3060,1.333333,true,unknown,unknown,unknown,unknown,unknown,unknown,unknown,unknown,unknown
IMGV2_000420,data/raw/berry_images/grade_2/sample_049/20260820_122438.jpg,Grade 2,sample_049,samsung Galaxy A06,3,4080,3060,1.333333,true,unknown,unknown,unknown,unknown,unknown,unknown,unknown,unknown,unknown
IMGV2_000421,data/raw/berry_images/grade_2/sample_050/20260820_122857.jpg,Grade 2,sample_050,samsung Galaxy A06,6,4080,3060,1.333333,true,unknown,unknown,unknown,unknown,unknown,unknown,unknown,unknown,unknown
IMGV2_000422,data/raw/berry_images/grade_2/sample_050/20260820_122958.jpg,Grade 2,sample_050,samsung Galaxy A06,3,4080,3060,1.333333,true,unknown,unknown,unknown,unknown,unknown,unknown,unknown,unknown,unknown
IMGV2_000423,data/raw/berry_images/grade_2/sample_050/20260820_123018.jpg,Grade 2,sample_050,samsung Galaxy A06,1,4080,3060,1.333333,true,unknown,unknown,unknown,unknown,unknown,unknown,unknown,unknown,unknown
IMGV2_000424,data/raw/berry_images/grade_2/sample_050/20260820_123121.jpg,Grade 2,sample_050,samsung Galaxy A06,6,4080,3060,1.333333,true,unknown,unknown,unknown,unknown,unknown,unknown,unknown,unknown,unknown
IMGV2_000425,data/raw/berry_images/grade_2/sample_051/20260820_123200.jpg,Grade 2,sample_051,samsung Galaxy A06,6,4080,3060,1.333333,true,unknown,unknown,unknown,unknown,unknown,unknown,unknown,unknown,unknown
IMGV2_000426,data/raw/berry_images/grade_2/sample_051/20260820_123217.jpg,Grade 2,sample_051,samsung Galaxy A06,3,4080,3060,1.333333,true,unknown,unknown,unknown,unknown,unknown,unknown,unknown,unknown,unknown
IMGV2_000427,data/raw/berry_images/grade_2/sample_051/20260820_123225.jpg,Grade 2,sample_051,samsung Galaxy A06,3,4080,3060,1.333333,true,unknown,unknown,unknown,unknown,unknown,unknown,unknown,unknown,unknown
IMGV2_000428,data/raw/berry_images/grade_2/sample_051/20260820_123252.jpg,Grade 2,sample_051,samsung Galaxy A06,3,4080,3060,1.333333,true,unknown,unknown,unknown,unknown,unknown,unknown,unknown,unknown,unknown
IMGV2_000429,data/raw/berry_images/grade_2/sample_052/20260820_123325.jpg,Grade 2,sample_052,samsung Galaxy A06,3,4080,3060,1.333333,true,unknown,unknown,unknown,unknown,unknown,unknown,unknown,unknown,unknown
IMGV2_000430,data/raw/berry_images/grade_2/sample_052/20260820_123811.jpg,Grade 2,sample_052,samsung Galaxy A06,6,4080,3060,1.333333,true,unknown,unknown,unknown,unknown,unknown,unknown,unknown,unknown,unknown
IMGV2_000431,data/raw/berry_images/grade_2/sample_052/20260820_123830.jpg,Grade 2,sample_052,samsung Galaxy A06,6,4080,3060,1.333333,true,unknown,unknown,unknown,unknown,unknown,unknown,unknown,unknown,unknown
IMGV2_000432,data/raw/berry_images/grade_2/sample_052/20260820_123851.jpg,Grade 2,sample_052,samsung Galaxy A06,6,4080,3060,1.333333,true,unknown,unknown,unknown,unknown,unknown,unknown,unknown,unknown,unknown
IMGV2_000433,data/raw/berry_images/grade_2/sample_053/20260820_123918.jpg,Grade 2,sample_053,samsung Galaxy A06,3,4080,3060,1.333333,true,unknown,unknown,unknown,unknown,unknown,unknown,unknown,unknown,unknown
IMGV2_000434,data/raw/berry_images/grade_2/sample_053/20260820_123929.jpg,Grade 2,sample_053,samsung Galaxy A06,1,4080,3060,1.333333,true,unknown,unknown,unknown,unknown,unknown,unknown,unknown,unknown,unknown
IMGV2_000435,data/raw/berry_images/grade_2/sample_053/20260820_123939.jpg,Grade 2,sample_053,samsung Galaxy A06,1,4080,3060,1.333333,true,unknown,unknown,unknown,unknown,unknown,unknown,unknown,unknown,unknown
IMGV2_000436,data/raw/berry_images/grade_2/sample_053/20260820_124004.jpg,Grade 2,sample_053,samsung Galaxy A06,3,4080,3060,1.333333,true,unknown,unknown,unknown,unknown,unknown,unknown,unknown,unknown,unknown
IMGV2_000437,data/raw/berry_images/grade_2/sample_054/20260820_124024.jpg,Grade 2,sample_054,samsung Galaxy A06,3,4080,3060,1.333333,true,unknown,unknown,unknown,unknown,unknown,unknown,unknown,unknown,unknown
IMGV2_000438,data/raw/berry_images/grade_2/sample_054/20260820_124036.jpg,Grade 2,sample_054,samsung Galaxy A06,1,4080,3060,1.333333,true,unknown,unknown,unknown,unknown,unknown,unknown,unknown,unknown,unknown
IMGV2_000439,data/raw/berry_images/grade_2/sample_054/20260820_124046.jpg,Grade 2,sample_054,samsung Galaxy A06,1,4080,3060,1.333333,true,unknown,unknown,unknown,unknown,unknown,unknown,unknown,unknown,unknown
IMGV2_000440,data/raw/berry_images/grade_2/sample_054/20260820_124103.jpg,Grade 2,sample_054,samsung Galaxy A06,1,4080,3060,1.333333,true,unknown,unknown,unknown,unknown,unknown,unknown,unknown,unknown,unknown
IMGV2_000441,data/raw/berry_images/grade_2/sample_055/20260820_124228.jpg,Grade 2,sample_055,samsung Galaxy A06,6,4080,3060,1.333333,true,unknown,unknown,unknown,unknown,unknown,unknown,unknown,unknown,unknown
IMGV2_000442,data/raw/berry_images/grade_2/sample_055/20260820_124242.jpg,Grade 2,sample_055,samsung Galaxy A06,1,4080,3060,1.333333,true,unknown,unknown,unknown,unknown,unknown,unknown,unknown,unknown,unknown
IMGV2_000443,data/raw/berry_images/grade_2/sample_055/20260820_124300.jpg,Grade 2,sample_055,samsung Galaxy A06,1,4080,3060,1.333333,true,unknown,unknown,unknown,unknown,unknown,unknown,unknown,unknown,unknown
IMGV2_000444,data/raw/berry_images/grade_2/sample_055/20260820_124321.jpg,Grade 2,sample_055,samsung Galaxy A06,1,4080,3060,1.333333,true,unknown,unknown,unknown,unknown,unknown,unknown,unknown,unknown,unknown
IMGV2_000445,data/raw/berry_images/grade_2/sample_056/20260820_124609.jpg,Grade 2,sample_056,samsung Galaxy A06,3,4080,3060,1.333333,true,unknown,unknown,unknown,unknown,unknown,unknown,unknown,unknown,unknown
IMGV2_000446,data/raw/berry_images/grade_2/sample_056/20260820_124625.jpg,Grade 2,sample_056,samsung Galaxy A06,3,4080,3060,1.333333,true,unknown,unknown,unknown,unknown,unknown,unknown,unknown,unknown,unknown
IMGV2_000447,data/raw/berry_images/grade_2/sample_056/20260820_124638.jpg,Grade 2,sample_056,samsung Galaxy A06,3,4080,3060,1.333333,true,unknown,unknown,unknown,unknown,unknown,unknown,unknown,unknown,unknown
IMGV2_000448,data/raw/berry_images/grade_2/sample_056/20260820_124651.jpg,Grade 2,sample_056,samsung Galaxy A06,1,4080,3060,1.333333,true,unknown,unknown,unknown,unknown,unknown,unknown,unknown,unknown,unknown
IMGV2_000449,data/raw/berry_images/grade_3/sample_001/20260508_171108.jpg,Grade 3,sample_001,samsung SM-A127F,6,4000,3000,1.333333,true,unknown,unknown,unknown,unknown,unknown,unknown,unknown,unknown,unknown
IMGV2_000450,data/raw/berry_images/grade_3/sample_001/20260508_171122.jpg,Grade 3,sample_001,samsung SM-A127F,3,4000,3000,1.333333,true,unknown,unknown,unknown,unknown,unknown,unknown,unknown,unknown,unknown
IMGV2_000451,data/raw/berry_images/grade_3/sample_001/20260508_171149.jpg,Grade 3,sample_001,samsung SM-A127F,3,4000,3000,1.333333,true,unknown,unknown,unknown,unknown,unknown,unknown,unknown,unknown,unknown
IMGV2_000452,data/raw/berry_images/grade_3/sample_001/20260508_171221.jpg,Grade 3,sample_001,samsung SM-A127F,8,4000,3000,1.333333,true,unknown,unknown,unknown,unknown,unknown,unknown,unknown,unknown,unknown
IMGV2_000453,data/raw/berry_images/grade_3/sample_002/20260508_171320.jpg,Grade 3,sample_002,samsung SM-A127F,8,4000,3000,1.333333,true,unknown,unknown,unknown,unknown,unknown,unknown,unknown,unknown,unknown
IMGV2_000454,data/raw/berry_images/grade_3/sample_002/20260508_171333.jpg,Grade 3,sample_002,samsung SM-A127F,3,4000,3000,1.333333,true,unknown,unknown,unknown,unknown,unknown,unknown,unknown,unknown,unknown
IMGV2_000455,data/raw/berry_images/grade_3/sample_002/20260508_171411.jpg,Grade 3,sample_002,samsung SM-A127F,3,4000,3000,1.333333,true,unknown,unknown,unknown,unknown,unknown,unknown,unknown,unknown,unknown
IMGV2_000456,data/raw/berry_images/grade_3/sample_002/20260508_171440.jpg,Grade 3,sample_002,samsung SM-A127F,3,4000,3000,1.333333,true,unknown,unknown,unknown,unknown,unknown,unknown,unknown,unknown,unknown
IMGV2_000457,data/raw/berry_images/grade_3/sample_003/20260508_171526.jpg,Grade 3,sample_003,samsung SM-A127F,6,4000,3000,1.333333,true,unknown,unknown,unknown,unknown,unknown,unknown,unknown,unknown,unknown
IMGV2_000458,data/raw/berry_images/grade_3/sample_003/20260508_171541.jpg,Grade 3,sample_003,samsung SM-A127F,3,4000,3000,1.333333,true,unknown,unknown,unknown,unknown,unknown,unknown,unknown,unknown,unknown
IMGV2_000459,data/raw/berry_images/grade_3/sample_003/20260508_171612.jpg,Grade 3,sample_003,samsung SM-A127F,3,4000,3000,1.333333,true,unknown,unknown,unknown,unknown,unknown,unknown,unknown,unknown,unknown
IMGV2_000460,data/raw/berry_images/grade_3/sample_003/20260508_171742.jpg,Grade 3,sample_003,samsung SM-A127F,6,4000,3000,1.333333,true,unknown,unknown,unknown,unknown,unknown,unknown,unknown,unknown,unknown
IMGV2_000461,data/raw/berry_images/grade_3/sample_004/20260508_171819.jpg,Grade 3,sample_004,samsung SM-A127F,6,4000,3000,1.333333,true,unknown,unknown,unknown,unknown,unknown,unknown,unknown,unknown,unknown
IMGV2_000462,data/raw/berry_images/grade_3/sample_004/20260508_171840.jpg,Grade 3,sample_004,samsung SM-A127F,3,4000,3000,1.333333,true,unknown,unknown,unknown,unknown,unknown,unknown,unknown,unknown,unknown
IMGV2_000463,data/raw/berry_images/grade_3/sample_004/20260508_171906.jpg,Grade 3,sample_004,samsung SM-A127F,3,4000,3000,1.333333,true,unknown,unknown,unknown,unknown,unknown,unknown,unknown,unknown,unknown
IMGV2_000464,data/raw/berry_images/grade_3/sample_004/20260508_171951.jpg,Grade 3,sample_004,samsung SM-A127F,6,4000,3000,1.333333,true,unknown,unknown,unknown,unknown,unknown,unknown,unknown,unknown,unknown
IMGV2_000465,data/raw/berry_images/grade_3/sample_005/20260508_172033.jpg,Grade 3,sample_005,samsung SM-A127F,6,4000,3000,1.333333,true,unknown,unknown,unknown,unknown,unknown,unknown,unknown,unknown,unknown
IMGV2_000466,data/raw/berry_images/grade_3/sample_005/20260508_172053.jpg,Grade 3,sample_005,samsung SM-A127F,3,4000,3000,1.333333,true,unknown,unknown,unknown,unknown,unknown,unknown,unknown,unknown,unknown
IMGV2_000467,data/raw/berry_images/grade_3/sample_005/20260508_172133.jpg,Grade 3,sample_005,samsung SM-A127F,6,4000,3000,1.333333,true,unknown,unknown,unknown,unknown,unknown,unknown,unknown,unknown,unknown
IMGV2_000468,data/raw/berry_images/grade_3/sample_005/20260508_172204.jpg,Grade 3,sample_005,samsung SM-A127F,6,4000,3000,1.333333,true,unknown,unknown,unknown,unknown,unknown,unknown,unknown,unknown,unknown
IMGV2_000469,data/raw/berry_images/grade_3/sample_006/20260508_172429.jpg,Grade 3,sample_006,samsung SM-A127F,6,4000,3000,1.333333,true,unknown,unknown,unknown,unknown,unknown,unknown,unknown,unknown,unknown
IMGV2_000470,data/raw/berry_images/grade_3/sample_006/20260508_172507.jpg,Grade 3,sample_006,samsung SM-A127F,3,4000,3000,1.333333,true,unknown,unknown,unknown,unknown,unknown,unknown,unknown,unknown,unknown
IMGV2_000471,data/raw/berry_images/grade_3/sample_006/20260508_172546.jpg,Grade 3,sample_006,samsung SM-A127F,3,4000,3000,1.333333,true,unknown,unknown,unknown,unknown,unknown,unknown,unknown,unknown,unknown
IMGV2_000472,data/raw/berry_images/grade_3/sample_006/20260508_172623.jpg,Grade 3,sample_006,samsung SM-A127F,3,4000,3000,1.333333,true,unknown,unknown,unknown,unknown,unknown,unknown,unknown,unknown,unknown
IMGV2_000473,data/raw/berry_images/grade_3/sample_007/20260508_172723.jpg,Grade 3,sample_007,samsung SM-A127F,6,4000,3000,1.333333,true,unknown,unknown,unknown,unknown,unknown,unknown,unknown,unknown,unknown
IMGV2_000474,data/raw/berry_images/grade_3/sample_007/20260508_172748.jpg,Grade 3,sample_007,samsung SM-A127F,3,4000,3000,1.333333,true,unknown,unknown,unknown,unknown,unknown,unknown,unknown,unknown,unknown
IMGV2_000475,data/raw/berry_images/grade_3/sample_007/20260508_172832.jpg,Grade 3,sample_007,samsung SM-A127F,3,4000,3000,1.333333,true,unknown,unknown,unknown,unknown,unknown,unknown,unknown,unknown,unknown
IMGV2_000476,data/raw/berry_images/grade_3/sample_007/20260508_172859.jpg,Grade 3,sample_007,samsung SM-A127F,3,4000,3000,1.333333,true,unknown,unknown,unknown,unknown,unknown,unknown,unknown,unknown,unknown
IMGV2_000477,data/raw/berry_images/grade_3/sample_008/20260508_172956.jpg,Grade 3,sample_008,samsung SM-A127F,8,4000,3000,1.333333,true,unknown,unknown,unknown,unknown,unknown,unknown,unknown,unknown,unknown
IMGV2_000478,data/raw/berry_images/grade_3/sample_008/20260508_173020.jpg,Grade 3,sample_008,samsung SM-A127F,3,4000,3000,1.333333,true,unknown,unknown,unknown,unknown,unknown,unknown,unknown,unknown,unknown
IMGV2_000479,data/raw/berry_images/grade_3/sample_008/20260508_173106.jpg,Grade 3,sample_008,samsung SM-A127F,3,4000,3000,1.333333,true,unknown,unknown,unknown,unknown,unknown,unknown,unknown,unknown,unknown
IMGV2_000480,data/raw/berry_images/grade_3/sample_008/20260508_173145.jpg,Grade 3,sample_008,samsung SM-A127F,3,4000,3000,1.333333,true,unknown,unknown,unknown,unknown,unknown,unknown,unknown,unknown,unknown
IMGV2_000481,data/raw/berry_images/grade_3/sample_009/20260508_173229.jpg,Grade 3,sample_009,samsung SM-A127F,3,4000,3000,1.333333,true,unknown,unknown,unknown,unknown,unknown,unknown,unknown,unknown,unknown
IMGV2_000482,data/raw/berry_images/grade_3/sample_009/20260508_173303.jpg,Grade 3,sample_009,samsung SM-A127F,3,4000,3000,1.333333,true,unknown,unknown,unknown,unknown,unknown,unknown,unknown,unknown,unknown
IMGV2_000483,data/raw/berry_images/grade_3/sample_009/20260508_173344.jpg,Grade 3,sample_009,samsung SM-A127F,3,4000,3000,1.333333,true,unknown,unknown,unknown,unknown,unknown,unknown,unknown,unknown,unknown
IMGV2_000484,data/raw/berry_images/grade_3/sample_009/20260508_173419.jpg,Grade 3,sample_009,samsung SM-A127F,3,4000,3000,1.333333,true,unknown,unknown,unknown,unknown,unknown,unknown,unknown,unknown,unknown
IMGV2_000485,data/raw/berry_images/grade_3/sample_010/20260508_173531.jpg,Grade 3,sample_010,samsung SM-A127F,3,4000,3000,1.333333,true,unknown,unknown,unknown,unknown,unknown,unknown,unknown,unknown,unknown
IMGV2_000486,data/raw/berry_images/grade_3/sample_010/20260508_173641.jpg,Grade 3,sample_010,samsung SM-A127F,3,4000,3000,1.333333,true,unknown,unknown,unknown,unknown,unknown,unknown,unknown,unknown,unknown
IMGV2_000487,data/raw/berry_images/grade_3/sample_010/20260508_173725.jpg,Grade 3,sample_010,samsung SM-A127F,3,4000,3000,1.333333,true,unknown,unknown,unknown,unknown,unknown,unknown,unknown,unknown,unknown
IMGV2_000488,data/raw/berry_images/grade_3/sample_011/20260508_232306.jpg,Grade 3,sample_011,samsung SM-A127F,6,4000,3000,1.333333,true,unknown,unknown,unknown,unknown,unknown,unknown,unknown,unknown,unknown
IMGV2_000489,data/raw/berry_images/grade_3/sample_011/20260508_232327.jpg,Grade 3,sample_011,samsung SM-A127F,6,4000,3000,1.333333,true,unknown,unknown,unknown,unknown,unknown,unknown,unknown,unknown,unknown
IMGV2_000490,data/raw/berry_images/grade_3/sample_011/20260508_232348.jpg,Grade 3,sample_011,samsung SM-A127F,6,4000,3000,1.333333,true,unknown,unknown,unknown,unknown,unknown,unknown,unknown,unknown,unknown
IMGV2_000491,data/raw/berry_images/grade_3/sample_011/20260508_232421.jpg,Grade 3,sample_011,samsung SM-A127F,6,4000,3000,1.333333,true,unknown,unknown,unknown,unknown,unknown,unknown,unknown,unknown,unknown
IMGV2_000492,data/raw/berry_images/grade_3/sample_012/20260508_232450.jpg,Grade 3,sample_012,samsung SM-A127F,6,4000,3000,1.333333,true,unknown,unknown,unknown,unknown,unknown,unknown,unknown,unknown,unknown
IMGV2_000493,data/raw/berry_images/grade_3/sample_012/20260508_232510.jpg,Grade 3,sample_012,samsung SM-A127F,6,4000,3000,1.333333,true,unknown,unknown,unknown,unknown,unknown,unknown,unknown,unknown,unknown
IMGV2_000494,data/raw/berry_images/grade_3/sample_012/20260508_232526.jpg,Grade 3,sample_012,samsung SM-A127F,6,4000,3000,1.333333,true,unknown,unknown,unknown,unknown,unknown,unknown,unknown,unknown,unknown
IMGV2_000495,data/raw/berry_images/grade_3/sample_012/20260508_232616.jpg,Grade 3,sample_012,samsung SM-A127F,6,4000,3000,1.333333,true,unknown,unknown,unknown,unknown,unknown,unknown,unknown,unknown,unknown
IMGV2_000496,data/raw/berry_images/grade_3/sample_013/20260508_232637.jpg,Grade 3,sample_013,samsung SM-A127F,6,4000,3000,1.333333,true,unknown,unknown,unknown,unknown,unknown,unknown,unknown,unknown,unknown
IMGV2_000497,data/raw/berry_images/grade_3/sample_013/20260508_232716.jpg,Grade 3,sample_013,samsung SM-A127F,3,4000,3000,1.333333,true,unknown,unknown,unknown,unknown,unknown,unknown,unknown,unknown,unknown
IMGV2_000498,data/raw/berry_images/grade_3/sample_013/20260508_232746.jpg,Grade 3,sample_013,samsung SM-A127F,3,4000,3000,1.333333,true,unknown,unknown,unknown,unknown,unknown,unknown,unknown,unknown,unknown
IMGV2_000499,data/raw/berry_images/grade_3/sample_013/20260508_232804.jpg,Grade 3,sample_013,samsung SM-A127F,3,4000,3000,1.333333,true,unknown,unknown,unknown,unknown,unknown,unknown,unknown,unknown,unknown
IMGV2_000500,data/raw/berry_images/grade_3/sample_014/20260508_232837.jpg,Grade 3,sample_014,samsung SM-A127F,3,4000,3000,1.333333,true,unknown,unknown,unknown,unknown,unknown,unknown,unknown,unknown,unknown
IMGV2_000501,data/raw/berry_images/grade_3/sample_014/20260508_232900.jpg,Grade 3,sample_014,samsung SM-A127F,6,4000,3000,1.333333,true,unknown,unknown,unknown,unknown,unknown,unknown,unknown,unknown,unknown
IMGV2_000502,data/raw/berry_images/grade_3/sample_014/20260508_232931.jpg,Grade 3,sample_014,samsung SM-A127F,6,4000,3000,1.333333,true,unknown,unknown,unknown,unknown,unknown,unknown,unknown,unknown,unknown
IMGV2_000503,data/raw/berry_images/grade_3/sample_014/20260508_232956.jpg,Grade 3,sample_014,samsung SM-A127F,6,4000,3000,1.333333,true,unknown,unknown,unknown,unknown,unknown,unknown,unknown,unknown,unknown
IMGV2_000504,data/raw/berry_images/grade_3/sample_015/20260508_233027.jpg,Grade 3,sample_015,samsung SM-A127F,6,4000,3000,1.333333,true,unknown,unknown,unknown,unknown,unknown,unknown,unknown,unknown,unknown
IMGV2_000505,data/raw/berry_images/grade_3/sample_015/20260508_233054.jpg,Grade 3,sample_015,samsung SM-A127F,6,4000,3000,1.333333,true,unknown,unknown,unknown,unknown,unknown,unknown,unknown,unknown,unknown
IMGV2_000506,data/raw/berry_images/grade_3/sample_015/20260508_233118.jpg,Grade 3,sample_015,samsung SM-A127F,6,4000,3000,1.333333,true,unknown,unknown,unknown,unknown,unknown,unknown,unknown,unknown,unknown
IMGV2_000507,data/raw/berry_images/grade_3/sample_015/20260508_233147.jpg,Grade 3,sample_015,samsung SM-A127F,6,4000,3000,1.333333,true,unknown,unknown,unknown,unknown,unknown,unknown,unknown,unknown,unknown
IMGV2_000508,data/raw/berry_images/grade_3/sample_016/20260508_233255.jpg,Grade 3,sample_016,samsung SM-A127F,6,4000,3000,1.333333,true,unknown,unknown,unknown,unknown,unknown,unknown,unknown,unknown,unknown
IMGV2_000509,data/raw/berry_images/grade_3/sample_016/20260508_233317.jpg,Grade 3,sample_016,samsung SM-A127F,6,4000,3000,1.333333,true,unknown,unknown,unknown,unknown,unknown,unknown,unknown,unknown,unknown
IMGV2_000510,data/raw/berry_images/grade_3/sample_016/20260508_233339.jpg,Grade 3,sample_016,samsung SM-A127F,6,4000,3000,1.333333,true,unknown,unknown,unknown,unknown,unknown,unknown,unknown,unknown,unknown
IMGV2_000511,data/raw/berry_images/grade_3/sample_016/20260508_233357.jpg,Grade 3,sample_016,samsung SM-A127F,6,4000,3000,1.333333,true,unknown,unknown,unknown,unknown,unknown,unknown,unknown,unknown,unknown
IMGV2_000512,data/raw/berry_images/grade_3/sample_017/20260508_233422.jpg,Grade 3,sample_017,samsung SM-A127F,8,4000,3000,1.333333,true,unknown,unknown,unknown,unknown,unknown,unknown,unknown,unknown,unknown
IMGV2_000513,data/raw/berry_images/grade_3/sample_017/20260508_233452.jpg,Grade 3,sample_017,samsung SM-A127F,8,4000,3000,1.333333,true,unknown,unknown,unknown,unknown,unknown,unknown,unknown,unknown,unknown
IMGV2_000514,data/raw/berry_images/grade_3/sample_017/20260508_233518.jpg,Grade 3,sample_017,samsung SM-A127F,8,4000,3000,1.333333,true,unknown,unknown,unknown,unknown,unknown,unknown,unknown,unknown,unknown
IMGV2_000515,data/raw/berry_images/grade_3/sample_017/20260508_233543.jpg,Grade 3,sample_017,samsung SM-A127F,8,4000,3000,1.333333,true,unknown,unknown,unknown,unknown,unknown,unknown,unknown,unknown,unknown
IMGV2_000516,data/raw/berry_images/grade_3/sample_018/20260508_233612.jpg,Grade 3,sample_018,samsung SM-A127F,6,4000,3000,1.333333,true,unknown,unknown,unknown,unknown,unknown,unknown,unknown,unknown,unknown
IMGV2_000517,data/raw/berry_images/grade_3/sample_018/20260508_233631.jpg,Grade 3,sample_018,samsung SM-A127F,6,4000,3000,1.333333,true,unknown,unknown,unknown,unknown,unknown,unknown,unknown,unknown,unknown
IMGV2_000518,data/raw/berry_images/grade_3/sample_018/20260508_233704.jpg,Grade 3,sample_018,samsung SM-A127F,6,4000,3000,1.333333,true,unknown,unknown,unknown,unknown,unknown,unknown,unknown,unknown,unknown
IMGV2_000519,data/raw/berry_images/grade_3/sample_018/20260508_233724.jpg,Grade 3,sample_018,samsung SM-A127F,6,4000,3000,1.333333,true,unknown,unknown,unknown,unknown,unknown,unknown,unknown,unknown,unknown
IMGV2_000520,data/raw/berry_images/grade_3/sample_019/20260508_233746.jpg,Grade 3,sample_019,samsung SM-A127F,6,4000,3000,1.333333,true,unknown,unknown,unknown,unknown,unknown,unknown,unknown,unknown,unknown
IMGV2_000521,data/raw/berry_images/grade_3/sample_019/20260508_233804.jpg,Grade 3,sample_019,samsung SM-A127F,6,4000,3000,1.333333,true,unknown,unknown,unknown,unknown,unknown,unknown,unknown,unknown,unknown
IMGV2_000522,data/raw/berry_images/grade_3/sample_019/20260508_233838.jpg,Grade 3,sample_019,samsung SM-A127F,6,4000,3000,1.333333,true,unknown,unknown,unknown,unknown,unknown,unknown,unknown,unknown,unknown
IMGV2_000523,data/raw/berry_images/grade_3/sample_019/20260508_233906.jpg,Grade 3,sample_019,samsung SM-A127F,6,4000,3000,1.333333,true,unknown,unknown,unknown,unknown,unknown,unknown,unknown,unknown,unknown
IMGV2_000524,data/raw/berry_images/grade_3/sample_020/20260508_234005.jpg,Grade 3,sample_020,samsung SM-A127F,6,4000,3000,1.333333,true,unknown,unknown,unknown,unknown,unknown,unknown,unknown,unknown,unknown
IMGV2_000525,data/raw/berry_images/grade_3/sample_020/20260508_234023.jpg,Grade 3,sample_020,samsung SM-A127F,6,4000,3000,1.333333,true,unknown,unknown,unknown,unknown,unknown,unknown,unknown,unknown,unknown
IMGV2_000526,data/raw/berry_images/grade_3/sample_020/20260508_234055.jpg,Grade 3,sample_020,samsung SM-A127F,6,4000,3000,1.333333,true,unknown,unknown,unknown,unknown,unknown,unknown,unknown,unknown,unknown
IMGV2_000527,data/raw/berry_images/grade_3/sample_020/20260508_234128.jpg,Grade 3,sample_020,samsung SM-A127F,6,4000,3000,1.333333,true,unknown,unknown,unknown,unknown,unknown,unknown,unknown,unknown,unknown
IMGV2_000528,data/raw/berry_images/grade_3/sample_021/20260508_234201.jpg,Grade 3,sample_021,samsung SM-A127F,6,4000,3000,1.333333,true,unknown,unknown,unknown,unknown,unknown,unknown,unknown,unknown,unknown
IMGV2_000529,data/raw/berry_images/grade_3/sample_021/20260508_234220.jpg,Grade 3,sample_021,samsung SM-A127F,6,4000,3000,1.333333,true,unknown,unknown,unknown,unknown,unknown,unknown,unknown,unknown,unknown
IMGV2_000530,data/raw/berry_images/grade_3/sample_021/20260508_234247.jpg,Grade 3,sample_021,samsung SM-A127F,6,4000,3000,1.333333,true,unknown,unknown,unknown,unknown,unknown,unknown,unknown,unknown,unknown
IMGV2_000531,data/raw/berry_images/grade_3/sample_021/20260508_234330.jpg,Grade 3,sample_021,samsung SM-A127F,6,4000,3000,1.333333,true,unknown,unknown,unknown,unknown,unknown,unknown,unknown,unknown,unknown
IMGV2_000532,data/raw/berry_images/grade_3/sample_022/20260508_234350.jpg,Grade 3,sample_022,samsung SM-A127F,6,4000,3000,1.333333,true,unknown,unknown,unknown,unknown,unknown,unknown,unknown,unknown,unknown
IMGV2_000533,data/raw/berry_images/grade_3/sample_022/20260508_234418.jpg,Grade 3,sample_022,samsung SM-A127F,6,4000,3000,1.333333,true,unknown,unknown,unknown,unknown,unknown,unknown,unknown,unknown,unknown
IMGV2_000534,data/raw/berry_images/grade_3/sample_022/20260508_234447.jpg,Grade 3,sample_022,samsung SM-A127F,6,4000,3000,1.333333,true,unknown,unknown,unknown,unknown,unknown,unknown,unknown,unknown,unknown
IMGV2_000535,data/raw/berry_images/grade_3/sample_022/20260508_234533.jpg,Grade 3,sample_022,samsung SM-A127F,6,4000,3000,1.333333,true,unknown,unknown,unknown,unknown,unknown,unknown,unknown,unknown,unknown
IMGV2_000536,data/raw/berry_images/grade_3/sample_023/20260508_234559.jpg,Grade 3,sample_023,samsung SM-A127F,6,4000,3000,1.333333,true,unknown,unknown,unknown,unknown,unknown,unknown,unknown,unknown,unknown
IMGV2_000537,data/raw/berry_images/grade_3/sample_023/20260508_234615.jpg,Grade 3,sample_023,samsung SM-A127F,6,4000,3000,1.333333,true,unknown,unknown,unknown,unknown,unknown,unknown,unknown,unknown,unknown
IMGV2_000538,data/raw/berry_images/grade_3/sample_023/20260508_234644.jpg,Grade 3,sample_023,samsung SM-A127F,6,4000,3000,1.333333,true,unknown,unknown,unknown,unknown,unknown,unknown,unknown,unknown,unknown
IMGV2_000539,data/raw/berry_images/grade_3/sample_023/20260508_234721.jpg,Grade 3,sample_023,samsung SM-A127F,8,4000,3000,1.333333,true,unknown,unknown,unknown,unknown,unknown,unknown,unknown,unknown,unknown
IMGV2_000540,data/raw/berry_images/grade_3/sample_024/20260508_234816.jpg,Grade 3,sample_024,samsung SM-A127F,6,4000,3000,1.333333,true,unknown,unknown,unknown,unknown,unknown,unknown,unknown,unknown,unknown
IMGV2_000541,data/raw/berry_images/grade_3/sample_024/20260508_234841.jpg,Grade 3,sample_024,samsung SM-A127F,6,4000,3000,1.333333,true,unknown,unknown,unknown,unknown,unknown,unknown,unknown,unknown,unknown
IMGV2_000542,data/raw/berry_images/grade_3/sample_024/20260508_234940.jpg,Grade 3,sample_024,samsung SM-A127F,6,4000,3000,1.333333,true,unknown,unknown,unknown,unknown,unknown,unknown,unknown,unknown,unknown
IMGV2_000543,data/raw/berry_images/grade_3/sample_024/20260508_235019.jpg,Grade 3,sample_024,samsung SM-A127F,6,4000,3000,1.333333,true,unknown,unknown,unknown,unknown,unknown,unknown,unknown,unknown,unknown
IMGV2_000544,data/raw/berry_images/grade_3/sample_025/20260508_235045.jpg,Grade 3,sample_025,samsung SM-A127F,6,4000,3000,1.333333,true,unknown,unknown,unknown,unknown,unknown,unknown,unknown,unknown,unknown
IMGV2_000545,data/raw/berry_images/grade_3/sample_025/20260508_235108.jpg,Grade 3,sample_025,samsung SM-A127F,6,4000,3000,1.333333,true,unknown,unknown,unknown,unknown,unknown,unknown,unknown,unknown,unknown
IMGV2_000546,data/raw/berry_images/grade_3/sample_025/20260508_235132.jpg,Grade 3,sample_025,samsung SM-A127F,6,4000,3000,1.333333,true,unknown,unknown,unknown,unknown,unknown,unknown,unknown,unknown,unknown
IMGV2_000547,data/raw/berry_images/grade_3/sample_025/20260508_235156.jpg,Grade 3,sample_025,samsung SM-A127F,6,4000,3000,1.333333,true,unknown,unknown,unknown,unknown,unknown,unknown,unknown,unknown,unknown
IMGV2_000548,data/raw/berry_images/grade_3/sample_026/20260508_235227.jpg,Grade 3,sample_026,samsung SM-A127F,6,4000,3000,1.333333,true,unknown,unknown,unknown,unknown,unknown,unknown,unknown,unknown,unknown
IMGV2_000549,data/raw/berry_images/grade_3/sample_026/20260508_235252.jpg,Grade 3,sample_026,samsung SM-A127F,6,4000,3000,1.333333,true,unknown,unknown,unknown,unknown,unknown,unknown,unknown,unknown,unknown
IMGV2_000550,data/raw/berry_images/grade_3/sample_026/20260508_235321.jpg,Grade 3,sample_026,samsung SM-A127F,6,4000,3000,1.333333,true,unknown,unknown,unknown,unknown,unknown,unknown,unknown,unknown,unknown
IMGV2_000551,data/raw/berry_images/grade_3/sample_026/20260508_235341.jpg,Grade 3,sample_026,samsung SM-A127F,6,4000,3000,1.333333,true,unknown,unknown,unknown,unknown,unknown,unknown,unknown,unknown,unknown
IMGV2_000552,data/raw/berry_images/grade_3/sample_027/20260508_235409.jpg,Grade 3,sample_027,samsung SM-A127F,6,4000,3000,1.333333,true,unknown,unknown,unknown,unknown,unknown,unknown,unknown,unknown,unknown
IMGV2_000553,data/raw/berry_images/grade_3/sample_027/20260508_235425.jpg,Grade 3,sample_027,samsung SM-A127F,6,4000,3000,1.333333,true,unknown,unknown,unknown,unknown,unknown,unknown,unknown,unknown,unknown
IMGV2_000554,data/raw/berry_images/grade_3/sample_027/20260508_235505.jpg,Grade 3,sample_027,samsung SM-A127F,6,4000,3000,1.333333,true,unknown,unknown,unknown,unknown,unknown,unknown,unknown,unknown,unknown
IMGV2_000555,data/raw/berry_images/grade_3/sample_027/20260508_235532.jpg,Grade 3,sample_027,samsung SM-A127F,6,4000,3000,1.333333,true,unknown,unknown,unknown,unknown,unknown,unknown,unknown,unknown,unknown
IMGV2_000556,data/raw/berry_images/grade_3/sample_028/20260508_235552.jpg,Grade 3,sample_028,samsung SM-A127F,6,4000,3000,1.333333,true,unknown,unknown,unknown,unknown,unknown,unknown,unknown,unknown,unknown
IMGV2_000557,data/raw/berry_images/grade_3/sample_028/20260508_235625.jpg,Grade 3,sample_028,samsung SM-A127F,6,4000,3000,1.333333,true,unknown,unknown,unknown,unknown,unknown,unknown,unknown,unknown,unknown
IMGV2_000558,data/raw/berry_images/grade_3/sample_028/20260508_235702.jpg,Grade 3,sample_028,samsung SM-A127F,6,4000,3000,1.333333,true,unknown,unknown,unknown,unknown,unknown,unknown,unknown,unknown,unknown
IMGV2_000559,data/raw/berry_images/grade_3/sample_028/20260508_235724.jpg,Grade 3,sample_028,samsung SM-A127F,6,4000,3000,1.333333,true,unknown,unknown,unknown,unknown,unknown,unknown,unknown,unknown,unknown
IMGV2_000560,data/raw/berry_images/grade_3/sample_029/20260508_235758.jpg,Grade 3,sample_029,samsung SM-A127F,6,4000,3000,1.333333,true,unknown,unknown,unknown,unknown,unknown,unknown,unknown,unknown,unknown
IMGV2_000561,data/raw/berry_images/grade_3/sample_029/20260508_235821.jpg,Grade 3,sample_029,samsung SM-A127F,6,4000,3000,1.333333,true,unknown,unknown,unknown,unknown,unknown,unknown,unknown,unknown,unknown
IMGV2_000562,data/raw/berry_images/grade_3/sample_029/20260508_235850.jpg,Grade 3,sample_029,samsung SM-A127F,6,4000,3000,1.333333,true,unknown,unknown,unknown,unknown,unknown,unknown,unknown,unknown,unknown
IMGV2_000563,data/raw/berry_images/grade_3/sample_029/20260508_235922.jpg,Grade 3,sample_029,samsung SM-A127F,6,4000,3000,1.333333,true,unknown,unknown,unknown,unknown,unknown,unknown,unknown,unknown,unknown
IMGV2_000564,data/raw/berry_images/grade_3/sample_030/20260509_000027.jpg,Grade 3,sample_030,samsung SM-A127F,6,4000,3000,1.333333,true,unknown,unknown,unknown,unknown,unknown,unknown,unknown,unknown,unknown
IMGV2_000565,data/raw/berry_images/grade_3/sample_030/20260509_000050.jpg,Grade 3,sample_030,samsung SM-A127F,8,4000,3000,1.333333,true,unknown,unknown,unknown,unknown,unknown,unknown,unknown,unknown,unknown
IMGV2_000566,data/raw/berry_images/grade_3/sample_030/20260509_000126.jpg,Grade 3,sample_030,samsung SM-A127F,6,4000,3000,1.333333,true,unknown,unknown,unknown,unknown,unknown,unknown,unknown,unknown,unknown
IMGV2_000567,data/raw/berry_images/grade_3/sample_030/20260509_000203.jpg,Grade 3,sample_030,samsung SM-A127F,6,4000,3000,1.333333,true,unknown,unknown,unknown,unknown,unknown,unknown,unknown,unknown,unknown
IMGV2_000568,data/raw/berry_images/grade_3/sample_031/20260814_153317.jpg,Grade 3,sample_031,samsung SM-A127F,6,4000,3000,1.333333,true,unknown,unknown,unknown,unknown,unknown,unknown,unknown,unknown,unknown
IMGV2_000569,data/raw/berry_images/grade_3/sample_031/20260814_153503.jpg,Grade 3,sample_031,samsung SM-A127F,6,4000,3000,1.333333,true,unknown,unknown,unknown,unknown,unknown,unknown,unknown,unknown,unknown
IMGV2_000570,data/raw/berry_images/grade_3/sample_031/20260814_153532.jpg,Grade 3,sample_031,samsung SM-A127F,6,4000,3000,1.333333,true,unknown,unknown,unknown,unknown,unknown,unknown,unknown,unknown,unknown
IMGV2_000571,data/raw/berry_images/grade_3/sample_031/20260814_153602.jpg,Grade 3,sample_031,samsung SM-A127F,6,4000,3000,1.333333,true,unknown,unknown,unknown,unknown,unknown,unknown,unknown,unknown,unknown
IMGV2_000572,data/raw/berry_images/grade_3/sample_032/20260814_153636.jpg,Grade 3,sample_032,samsung SM-A127F,6,4000,3000,1.333333,true,unknown,unknown,unknown,unknown,unknown,unknown,unknown,unknown,unknown
IMGV2_000573,data/raw/berry_images/grade_3/sample_032/20260814_153710.jpg,Grade 3,sample_032,samsung SM-A127F,6,4000,3000,1.333333,true,unknown,unknown,unknown,unknown,unknown,unknown,unknown,unknown,unknown
IMGV2_000574,data/raw/berry_images/grade_3/sample_032/20260814_153832.jpg,Grade 3,sample_032,samsung SM-A127F,6,4000,3000,1.333333,true,unknown,unknown,unknown,unknown,unknown,unknown,unknown,unknown,unknown
IMGV2_000575,data/raw/berry_images/grade_3/sample_032/20260814_153903.jpg,Grade 3,sample_032,samsung SM-A127F,6,4000,3000,1.333333,true,unknown,unknown,unknown,unknown,unknown,unknown,unknown,unknown,unknown
IMGV2_000576,data/raw/berry_images/grade_3/sample_033/20260814_154015.jpg,Grade 3,sample_033,samsung SM-A127F,6,4000,3000,1.333333,true,unknown,unknown,unknown,unknown,unknown,unknown,unknown,unknown,unknown
IMGV2_000577,data/raw/berry_images/grade_3/sample_033/20260814_154044.jpg,Grade 3,sample_033,samsung SM-A127F,6,4000,3000,1.333333,true,unknown,unknown,unknown,unknown,unknown,unknown,unknown,unknown,unknown
IMGV2_000578,data/raw/berry_images/grade_3/sample_033/20260814_154146.jpg,Grade 3,sample_033,samsung SM-A127F,6,4000,3000,1.333333,true,unknown,unknown,unknown,unknown,unknown,unknown,unknown,unknown,unknown
IMGV2_000579,data/raw/berry_images/grade_3/sample_033/20260814_154223.jpg,Grade 3,sample_033,samsung SM-A127F,6,4000,3000,1.333333,true,unknown,unknown,unknown,unknown,unknown,unknown,unknown,unknown,unknown
IMGV2_000580,data/raw/berry_images/grade_3/sample_034/20260814_154307.jpg,Grade 3,sample_034,samsung SM-A127F,6,4000,3000,1.333333,true,unknown,unknown,unknown,unknown,unknown,unknown,unknown,unknown,unknown
IMGV2_000581,data/raw/berry_images/grade_3/sample_034/20260814_154341.jpg,Grade 3,sample_034,samsung SM-A127F,6,4000,3000,1.333333,true,unknown,unknown,unknown,unknown,unknown,unknown,unknown,unknown,unknown
IMGV2_000582,data/raw/berry_images/grade_3/sample_034/20260814_154417.jpg,Grade 3,sample_034,samsung SM-A127F,6,4000,3000,1.333333,true,unknown,unknown,unknown,unknown,unknown,unknown,unknown,unknown,unknown
IMGV2_000583,data/raw/berry_images/grade_3/sample_034/20260814_154513.jpg,Grade 3,sample_034,samsung SM-A127F,6,4000,3000,1.333333,true,unknown,unknown,unknown,unknown,unknown,unknown,unknown,unknown,unknown
IMGV2_000584,data/raw/berry_images/grade_3/sample_035/20260814_154538.jpg,Grade 3,sample_035,samsung SM-A127F,6,4000,3000,1.333333,true,unknown,unknown,unknown,unknown,unknown,unknown,unknown,unknown,unknown
IMGV2_000585,data/raw/berry_images/grade_3/sample_035/20260814_154604.jpg,Grade 3,sample_035,samsung SM-A127F,6,4000,3000,1.333333,true,unknown,unknown,unknown,unknown,unknown,unknown,unknown,unknown,unknown
IMGV2_000586,data/raw/berry_images/grade_3/sample_035/20260814_154657.jpg,Grade 3,sample_035,samsung SM-A127F,6,4000,3000,1.333333,true,unknown,unknown,unknown,unknown,unknown,unknown,unknown,unknown,unknown
IMGV2_000587,data/raw/berry_images/grade_3/sample_035/20260814_154745.jpg,Grade 3,sample_035,samsung SM-A127F,6,4000,3000,1.333333,true,unknown,unknown,unknown,unknown,unknown,unknown,unknown,unknown,unknown
IMGV2_000588,data/raw/berry_images/grade_3/sample_036/20260814_155007.jpg,Grade 3,sample_036,samsung SM-A127F,6,4000,3000,1.333333,true,unknown,unknown,unknown,unknown,unknown,unknown,unknown,unknown,unknown
IMGV2_000589,data/raw/berry_images/grade_3/sample_036/20260814_155053.jpg,Grade 3,sample_036,samsung SM-A127F,6,4000,3000,1.333333,true,unknown,unknown,unknown,unknown,unknown,unknown,unknown,unknown,unknown
IMGV2_000590,data/raw/berry_images/grade_3/sample_036/20260814_155132.jpg,Grade 3,sample_036,samsung SM-A127F,6,4000,3000,1.333333,true,unknown,unknown,unknown,unknown,unknown,unknown,unknown,unknown,unknown
IMGV2_000591,data/raw/berry_images/grade_3/sample_036/20260814_155231.jpg,Grade 3,sample_036,samsung SM-A127F,3,4000,3000,1.333333,true,unknown,unknown,unknown,unknown,unknown,unknown,unknown,unknown,unknown
IMGV2_000592,data/raw/berry_images/grade_3/sample_037/20260814_161857.jpg,Grade 3,sample_037,samsung SM-A127F,6,4000,3000,1.333333,true,unknown,unknown,unknown,unknown,unknown,unknown,unknown,unknown,unknown
IMGV2_000593,data/raw/berry_images/grade_3/sample_037/20260814_162003.jpg,Grade 3,sample_037,samsung SM-A127F,6,4000,3000,1.333333,true,unknown,unknown,unknown,unknown,unknown,unknown,unknown,unknown,unknown
IMGV2_000594,data/raw/berry_images/grade_3/sample_037/20260814_162039.jpg,Grade 3,sample_037,samsung SM-A127F,6,4000,3000,1.333333,true,unknown,unknown,unknown,unknown,unknown,unknown,unknown,unknown,unknown
IMGV2_000595,data/raw/berry_images/grade_3/sample_037/20260814_162141.jpg,Grade 3,sample_037,samsung SM-A127F,6,4000,3000,1.333333,true,unknown,unknown,unknown,unknown,unknown,unknown,unknown,unknown,unknown
IMGV2_000596,data/raw/berry_images/grade_3/sample_038/20260814_162248.jpg,Grade 3,sample_038,samsung SM-A127F,6,4000,3000,1.333333,true,unknown,unknown,unknown,unknown,unknown,unknown,unknown,unknown,unknown
IMGV2_000597,data/raw/berry_images/grade_3/sample_038/20260814_162309.jpg,Grade 3,sample_038,samsung SM-A127F,6,4000,3000,1.333333,true,unknown,unknown,unknown,unknown,unknown,unknown,unknown,unknown,unknown
IMGV2_000598,data/raw/berry_images/grade_3/sample_038/20260814_162356.jpg,Grade 3,sample_038,samsung SM-A127F,6,4000,3000,1.333333,true,unknown,unknown,unknown,unknown,unknown,unknown,unknown,unknown,unknown
IMGV2_000599,data/raw/berry_images/grade_3/sample_038/20260814_162447.jpg,Grade 3,sample_038,samsung SM-A127F,6,4000,3000,1.333333,true,unknown,unknown,unknown,unknown,unknown,unknown,unknown,unknown,unknown
IMGV2_000600,data/raw/berry_images/grade_3/sample_039/20260814_162516.jpg,Grade 3,sample_039,samsung SM-A127F,6,4000,3000,1.333333,true,unknown,unknown,unknown,unknown,unknown,unknown,unknown,unknown,unknown
IMGV2_000601,data/raw/berry_images/grade_3/sample_039/20260814_162755.jpg,Grade 3,sample_039,samsung SM-A127F,6,4000,3000,1.333333,true,unknown,unknown,unknown,unknown,unknown,unknown,unknown,unknown,unknown
IMGV2_000602,data/raw/berry_images/grade_3/sample_039/20260814_162835.jpg,Grade 3,sample_039,samsung SM-A127F,6,4000,3000,1.333333,true,unknown,unknown,unknown,unknown,unknown,unknown,unknown,unknown,unknown
IMGV2_000603,data/raw/berry_images/grade_3/sample_039/20260814_163043.jpg,Grade 3,sample_039,samsung SM-A127F,6,4000,3000,1.333333,true,unknown,unknown,unknown,unknown,unknown,unknown,unknown,unknown,unknown
IMGV2_000604,data/raw/berry_images/grade_3/sample_040/20260814_163149.jpg,Grade 3,sample_040,samsung SM-A127F,6,4000,3000,1.333333,true,unknown,unknown,unknown,unknown,unknown,unknown,unknown,unknown,unknown
IMGV2_000605,data/raw/berry_images/grade_3/sample_040/20260814_163236.jpg,Grade 3,sample_040,samsung SM-A127F,6,4000,3000,1.333333,true,unknown,unknown,unknown,unknown,unknown,unknown,unknown,unknown,unknown
IMGV2_000606,data/raw/berry_images/grade_3/sample_040/20260814_163433.jpg,Grade 3,sample_040,samsung SM-A127F,6,4000,3000,1.333333,true,unknown,unknown,unknown,unknown,unknown,unknown,unknown,unknown,unknown
IMGV2_000607,data/raw/berry_images/grade_3/sample_040/20260814_163541.jpg,Grade 3,sample_040,samsung SM-A127F,6,4000,3000,1.333333,true,unknown,unknown,unknown,unknown,unknown,unknown,unknown,unknown,unknown
IMGV2_000608,data/raw/berry_images/grade_3/sample_041/20260814_163649.jpg,Grade 3,sample_041,samsung SM-A127F,6,4000,3000,1.333333,true,unknown,unknown,unknown,unknown,unknown,unknown,unknown,unknown,unknown
IMGV2_000609,data/raw/berry_images/grade_3/sample_041/20260814_163735.jpg,Grade 3,sample_041,samsung SM-A127F,6,4000,3000,1.333333,true,unknown,unknown,unknown,unknown,unknown,unknown,unknown,unknown,unknown
IMGV2_000610,data/raw/berry_images/grade_3/sample_041/20260814_163828.jpg,Grade 3,sample_041,samsung SM-A127F,1,4000,3000,1.333333,true,unknown,unknown,unknown,unknown,unknown,unknown,unknown,unknown,unknown
IMGV2_000611,data/raw/berry_images/grade_3/sample_041/20260814_163955.jpg,Grade 3,sample_041,samsung SM-A127F,6,4000,3000,1.333333,true,unknown,unknown,unknown,unknown,unknown,unknown,unknown,unknown,unknown
IMGV2_000612,data/raw/berry_images/grade_3/sample_042/20260814_164053.jpg,Grade 3,sample_042,samsung SM-A127F,6,4000,3000,1.333333,true,unknown,unknown,unknown,unknown,unknown,unknown,unknown,unknown,unknown
IMGV2_000613,data/raw/berry_images/grade_3/sample_042/20260814_164215.jpg,Grade 3,sample_042,samsung SM-A127F,6,4000,3000,1.333333,true,unknown,unknown,unknown,unknown,unknown,unknown,unknown,unknown,unknown
IMGV2_000614,data/raw/berry_images/grade_3/sample_042/20260814_164252.jpg,Grade 3,sample_042,samsung SM-A127F,8,4000,3000,1.333333,true,unknown,unknown,unknown,unknown,unknown,unknown,unknown,unknown,unknown
IMGV2_000615,data/raw/berry_images/grade_3/sample_042/20260814_164350.jpg,Grade 3,sample_042,samsung SM-A127F,6,4000,3000,1.333333,true,unknown,unknown,unknown,unknown,unknown,unknown,unknown,unknown,unknown
IMGV2_000616,data/raw/berry_images/grade_3/sample_043/20260814_164425.jpg,Grade 3,sample_043,samsung SM-A127F,6,4000,3000,1.333333,true,unknown,unknown,unknown,unknown,unknown,unknown,unknown,unknown,unknown
IMGV2_000617,data/raw/berry_images/grade_3/sample_043/20260814_164502.jpg,Grade 3,sample_043,samsung SM-A127F,6,4000,3000,1.333333,true,unknown,unknown,unknown,unknown,unknown,unknown,unknown,unknown,unknown
IMGV2_000618,data/raw/berry_images/grade_3/sample_043/20260814_164544.jpg,Grade 3,sample_043,samsung SM-A127F,8,4000,3000,1.333333,true,unknown,unknown,unknown,unknown,unknown,unknown,unknown,unknown,unknown
IMGV2_000619,data/raw/berry_images/grade_3/sample_043/20260814_164631.jpg,Grade 3,sample_043,samsung SM-A127F,6,4000,3000,1.333333,true,unknown,unknown,unknown,unknown,unknown,unknown,unknown,unknown,unknown
IMGV2_000620,data/raw/berry_images/grade_3/sample_044/20260814_164742.jpg,Grade 3,sample_044,samsung SM-A127F,6,4000,3000,1.333333,true,unknown,unknown,unknown,unknown,unknown,unknown,unknown,unknown,unknown
IMGV2_000621,data/raw/berry_images/grade_3/sample_044/20260814_164829.jpg,Grade 3,sample_044,samsung SM-A127F,6,4000,3000,1.333333,true,unknown,unknown,unknown,unknown,unknown,unknown,unknown,unknown,unknown
IMGV2_000622,data/raw/berry_images/grade_3/sample_044/20260814_164927.jpg,Grade 3,sample_044,samsung SM-A127F,6,4000,3000,1.333333,true,unknown,unknown,unknown,unknown,unknown,unknown,unknown,unknown,unknown
IMGV2_000623,data/raw/berry_images/grade_3/sample_044/20260814_165019.jpg,Grade 3,sample_044,samsung SM-A127F,6,4000,3000,1.333333,true,unknown,unknown,unknown,unknown,unknown,unknown,unknown,unknown,unknown
IMGV2_000624,data/raw/berry_images/grade_3/sample_045/20260815_072653.jpg,Grade 3,sample_045,samsung SM-A127F,6,4000,3000,1.333333,true,unknown,unknown,unknown,unknown,unknown,unknown,unknown,unknown,unknown
IMGV2_000625,data/raw/berry_images/grade_3/sample_045/20260815_072820.jpg,Grade 3,sample_045,samsung SM-A127F,8,4000,3000,1.333333,true,unknown,unknown,unknown,unknown,unknown,unknown,unknown,unknown,unknown
IMGV2_000626,data/raw/berry_images/grade_3/sample_045/20260815_072932.jpg,Grade 3,sample_045,samsung SM-A127F,3,4000,3000,1.333333,true,unknown,unknown,unknown,unknown,unknown,unknown,unknown,unknown,unknown
IMGV2_000627,data/raw/berry_images/grade_3/sample_045/20260815_073133.jpg,Grade 3,sample_045,samsung SM-A127F,6,4000,3000,1.333333,true,unknown,unknown,unknown,unknown,unknown,unknown,unknown,unknown,unknown
IMGV2_000628,data/raw/berry_images/grade_3/sample_046/20260815_072034.jpg,Grade 3,sample_046,samsung SM-A127F,6,4000,3000,1.333333,true,unknown,unknown,unknown,unknown,unknown,unknown,unknown,unknown,unknown
IMGV2_000629,data/raw/berry_images/grade_3/sample_046/20260815_072105.jpg,Grade 3,sample_046,samsung SM-A127F,6,4000,3000,1.333333,true,unknown,unknown,unknown,unknown,unknown,unknown,unknown,unknown,unknown
IMGV2_000630,data/raw/berry_images/grade_3/sample_046/20260815_072435.jpg,Grade 3,sample_046,samsung SM-A127F,6,4000,3000,1.333333,true,unknown,unknown,unknown,unknown,unknown,unknown,unknown,unknown,unknown
IMGV2_000631,data/raw/berry_images/grade_3/sample_046/20260815_072540.jpg,Grade 3,sample_046,samsung SM-A127F,6,4000,3000,1.333333,true,unknown,unknown,unknown,unknown,unknown,unknown,unknown,unknown,unknown
IMGV2_000632,data/raw/berry_images/grade_3/sample_047/20260815_071813.jpg,Grade 3,sample_047,samsung SM-A127F,6,4000,3000,1.333333,true,unknown,unknown,unknown,unknown,unknown,unknown,unknown,unknown,unknown
IMGV2_000633,data/raw/berry_images/grade_3/sample_047/20260815_071835.jpg,Grade 3,sample_047,samsung SM-A127F,6,4000,3000,1.333333,true,unknown,unknown,unknown,unknown,unknown,unknown,unknown,unknown,unknown
IMGV2_000634,data/raw/berry_images/grade_3/sample_047/20260815_071908.jpg,Grade 3,sample_047,samsung SM-A127F,6,4000,3000,1.333333,true,unknown,unknown,unknown,unknown,unknown,unknown,unknown,unknown,unknown
IMGV2_000635,data/raw/berry_images/grade_3/sample_047/20260815_072001.jpg,Grade 3,sample_047,samsung SM-A127F,6,4000,3000,1.333333,true,unknown,unknown,unknown,unknown,unknown,unknown,unknown,unknown,unknown
IMGV2_000636,data/raw/berry_images/grade_3/sample_048/20260815_071541.jpg,Grade 3,sample_048,samsung SM-A127F,6,4000,3000,1.333333,true,unknown,unknown,unknown,unknown,unknown,unknown,unknown,unknown,unknown
IMGV2_000637,data/raw/berry_images/grade_3/sample_048/20260815_071623.jpg,Grade 3,sample_048,samsung SM-A127F,6,4000,3000,1.333333,true,unknown,unknown,unknown,unknown,unknown,unknown,unknown,unknown,unknown
IMGV2_000638,data/raw/berry_images/grade_3/sample_048/20260815_071656.jpg,Grade 3,sample_048,samsung SM-A127F,6,4000,3000,1.333333,true,unknown,unknown,unknown,unknown,unknown,unknown,unknown,unknown,unknown
IMGV2_000639,data/raw/berry_images/grade_3/sample_048/20260815_071738.jpg,Grade 3,sample_048,samsung SM-A127F,6,4000,3000,1.333333,true,unknown,unknown,unknown,unknown,unknown,unknown,unknown,unknown,unknown
IMGV2_000640,data/raw/berry_images/grade_3/sample_049/20260815_071312.jpg,Grade 3,sample_049,samsung SM-A127F,6,4000,3000,1.333333,true,unknown,unknown,unknown,unknown,unknown,unknown,unknown,unknown,unknown
IMGV2_000641,data/raw/berry_images/grade_3/sample_049/20260815_071335.jpg,Grade 3,sample_049,samsung SM-A127F,6,4000,3000,1.333333,true,unknown,unknown,unknown,unknown,unknown,unknown,unknown,unknown,unknown
IMGV2_000642,data/raw/berry_images/grade_3/sample_049/20260815_071412.jpg,Grade 3,sample_049,samsung SM-A127F,6,4000,3000,1.333333,true,unknown,unknown,unknown,unknown,unknown,unknown,unknown,unknown,unknown
IMGV2_000643,data/raw/berry_images/grade_3/sample_049/20260815_071449.jpg,Grade 3,sample_049,samsung SM-A127F,6,4000,3000,1.333333,true,unknown,unknown,unknown,unknown,unknown,unknown,unknown,unknown,unknown
IMGV2_000644,data/raw/berry_images/grade_3/sample_050/20260814_172118.jpg,Grade 3,sample_050,samsung SM-A127F,6,4000,3000,1.333333,true,unknown,unknown,unknown,unknown,unknown,unknown,unknown,unknown,unknown
IMGV2_000645,data/raw/berry_images/grade_3/sample_050/20260814_172212.jpg,Grade 3,sample_050,samsung SM-A127F,6,4000,3000,1.333333,true,unknown,unknown,unknown,unknown,unknown,unknown,unknown,unknown,unknown
IMGV2_000646,data/raw/berry_images/grade_3/sample_050/20260814_172316.jpg,Grade 3,sample_050,samsung SM-A127F,6,4000,3000,1.333333,true,unknown,unknown,unknown,unknown,unknown,unknown,unknown,unknown,unknown
IMGV2_000647,data/raw/berry_images/grade_3/sample_050/20260814_172500.jpg,Grade 3,sample_050,samsung SM-A127F,6,4000,3000,1.333333,true,unknown,unknown,unknown,unknown,unknown,unknown,unknown,unknown,unknown
IMGV2_000648,data/raw/berry_images/grade_3/sample_051/20260814_171203.jpg,Grade 3,sample_051,samsung SM-A127F,6,4000,3000,1.333333,true,unknown,unknown,unknown,unknown,unknown,unknown,unknown,unknown,unknown
IMGV2_000649,data/raw/berry_images/grade_3/sample_051/20260814_171236.jpg,Grade 3,sample_051,samsung SM-A127F,6,4000,3000,1.333333,true,unknown,unknown,unknown,unknown,unknown,unknown,unknown,unknown,unknown
IMGV2_000650,data/raw/berry_images/grade_3/sample_051/20260814_171640.jpg,Grade 3,sample_051,samsung SM-A127F,6,4000,3000,1.333333,true,unknown,unknown,unknown,unknown,unknown,unknown,unknown,unknown,unknown
IMGV2_000651,data/raw/berry_images/grade_3/sample_051/20260814_171824.jpg,Grade 3,sample_051,samsung SM-A127F,6,4000,3000,1.333333,true,unknown,unknown,unknown,unknown,unknown,unknown,unknown,unknown,unknown
IMGV2_000652,data/raw/berry_images/grade_3/sample_052/20260814_170612.jpg,Grade 3,sample_052,samsung SM-A127F,6,4000,3000,1.333333,true,unknown,unknown,unknown,unknown,unknown,unknown,unknown,unknown,unknown
IMGV2_000653,data/raw/berry_images/grade_3/sample_052/20260814_170655.jpg,Grade 3,sample_052,samsung SM-A127F,6,4000,3000,1.333333,true,unknown,unknown,unknown,unknown,unknown,unknown,unknown,unknown,unknown
IMGV2_000654,data/raw/berry_images/grade_3/sample_052/20260814_170942.jpg,Grade 3,sample_052,samsung SM-A127F,6,4000,3000,1.333333,true,unknown,unknown,unknown,unknown,unknown,unknown,unknown,unknown,unknown
IMGV2_000655,data/raw/berry_images/grade_3/sample_052/20260814_171039.jpg,Grade 3,sample_052,samsung SM-A127F,6,4000,3000,1.333333,true,unknown,unknown,unknown,unknown,unknown,unknown,unknown,unknown,unknown
IMGV2_000656,data/raw/berry_images/grade_3/sample_053/20260814_170149.jpg,Grade 3,sample_053,samsung SM-A127F,6,4000,3000,1.333333,true,unknown,unknown,unknown,unknown,unknown,unknown,unknown,unknown,unknown
IMGV2_000657,data/raw/berry_images/grade_3/sample_053/20260814_170232.jpg,Grade 3,sample_053,samsung SM-A127F,6,4000,3000,1.333333,true,unknown,unknown,unknown,unknown,unknown,unknown,unknown,unknown,unknown
IMGV2_000658,data/raw/berry_images/grade_3/sample_053/20260814_170306.jpg,Grade 3,sample_053,samsung SM-A127F,6,4000,3000,1.333333,true,unknown,unknown,unknown,unknown,unknown,unknown,unknown,unknown,unknown
IMGV2_000659,data/raw/berry_images/grade_3/sample_053/20260814_170400.jpg,Grade 3,sample_053,samsung SM-A127F,6,4000,3000,1.333333,true,unknown,unknown,unknown,unknown,unknown,unknown,unknown,unknown,unknown
IMGV2_000660,data/raw/berry_images/grade_3/sample_054/20260814_165739.jpg,Grade 3,sample_054,samsung SM-A127F,6,4000,3000,1.333333,true,unknown,unknown,unknown,unknown,unknown,unknown,unknown,unknown,unknown
IMGV2_000661,data/raw/berry_images/grade_3/sample_054/20260814_165803.jpg,Grade 3,sample_054,samsung SM-A127F,6,4000,3000,1.333333,true,unknown,unknown,unknown,unknown,unknown,unknown,unknown,unknown,unknown
IMGV2_000662,data/raw/berry_images/grade_3/sample_054/20260814_165905.jpg,Grade 3,sample_054,samsung SM-A127F,6,4000,3000,1.333333,true,unknown,unknown,unknown,unknown,unknown,unknown,unknown,unknown,unknown
IMGV2_000663,data/raw/berry_images/grade_3/sample_054/20260814_165938.jpg,Grade 3,sample_054,samsung SM-A127F,6,4000,3000,1.333333,true,unknown,unknown,unknown,unknown,unknown,unknown,unknown,unknown,unknown
IMGV2_000664,data/raw/berry_images/grade_3/sample_055/20260814_165357.jpg,Grade 3,sample_055,samsung SM-A127F,6,4000,3000,1.333333,true,unknown,unknown,unknown,unknown,unknown,unknown,unknown,unknown,unknown
IMGV2_000665,data/raw/berry_images/grade_3/sample_055/20260814_165446.jpg,Grade 3,sample_055,samsung SM-A127F,6,4000,3000,1.333333,true,unknown,unknown,unknown,unknown,unknown,unknown,unknown,unknown,unknown
IMGV2_000666,data/raw/berry_images/grade_3/sample_055/20260814_165521.jpg,Grade 3,sample_055,samsung SM-A127F,6,4000,3000,1.333333,true,unknown,unknown,unknown,unknown,unknown,unknown,unknown,unknown,unknown
IMGV2_000667,data/raw/berry_images/grade_3/sample_055/20260814_165624.jpg,Grade 3,sample_055,samsung SM-A127F,6,4000,3000,1.333333,true,unknown,unknown,unknown,unknown,unknown,unknown,unknown,unknown,unknown
IMGV2_000668,data/raw/berry_images/grade_3/sample_056/20260508_174203.jpg,Grade 3,sample_056,samsung Galaxy A06,3,4080,3060,1.333333,true,unknown,unknown,unknown,unknown,unknown,unknown,unknown,unknown,unknown
IMGV2_000669,data/raw/berry_images/grade_3/sample_056/20260814_165137.jpg,Grade 3,sample_056,samsung SM-A127F,6,4000,3000,1.333333,true,unknown,unknown,unknown,unknown,unknown,unknown,unknown,unknown,unknown
IMGV2_000670,data/raw/berry_images/grade_3/sample_056/20260814_165219.jpg,Grade 3,sample_056,samsung SM-A127F,6,4000,3000,1.333333,true,unknown,unknown,unknown,unknown,unknown,unknown,unknown,unknown,unknown
IMGV2_000671,data/raw/berry_images/grade_3/sample_056/20260814_165320.jpg,Grade 3,sample_056,samsung SM-A127F,6,4000,3000,1.333333,true,unknown,unknown,unknown,unknown,unknown,unknown,unknown,unknown,unknown
