feature_date,grade,current_price,source_url,source_date,observation_status,return_lag_1,return_lag_2,return_lag_3,return_lag_4,days_since_previous_observation,rolling_return_mean_3,rolling_return_mean_5,rolling_return_mean_10,rolling_return_std_5,rolling_return_std_10,momentum_3,momentum_5,trend_vs_mean_5,trend_vs_mean_10,day_of_year_sin,day_of_year_cos,month_sin,month_cos,target_date,actual_price,target_simple_return,target_log_return,target_price_delta,days_ahead,actual_direction,same_date_spread,same_date_ratio,other_grade_return_lag_1,grade_indicator,partition
2016-10-04,Grade 1,1299.86,https://exagri.info/mkt/2016/04.10.2016.html,2016-10-04,observed_source_value,,,,,,,,,,,,,,,-0.9975590477788613,0.06982797572987089,-0.8660254037844386,0.5000000000000001,2016-10-11,1320.38,0.01578631544935627,0.01566300759644524,20.52000000000021,7.0,UP,103.3599999999999,0.9204837444032435,,0,TRAIN
2016-10-04,Grade 2,1196.5,https://exagri.info/mkt/2016/04.10.2016.html,2016-10-04,observed_source_value,,,,,,,,,,,,,,,-0.9975590477788613,0.06982797572987089,-0.8660254037844386,0.5000000000000001,2016-10-11,1224.0,0.02298370246552439,0.022723555723843325,27.5,7.0,UP,103.3599999999999,0.9204837444032435,,1,TRAIN
2016-10-11,Grade 1,1320.38,https://exagri.info/mkt/2016/11.10.2016.html,2016-10-11,observed_source_value,0.01578631544935627,,,,7.0,,,,,,,,,,-0.981947190186646,0.18915526872004093,-0.8660254037844386,0.5000000000000001,2016-10-18,1326.86,0.004907678092670231,0.004895674697054555,6.479999999999791,7.0,UP,96.38000000000011,0.9270058619488328,0.02298370246552439,0,TRAIN
2016-10-11,Grade 2,1224.0,https://exagri.info/mkt/2016/11.10.2016.html,2016-10-11,observed_source_value,0.02298370246552439,,,,7.0,,,,,,,,,,-0.981947190186646,0.18915526872004093,-0.8660254037844386,0.5000000000000001,2016-10-18,1261.0,0.030228758169934533,0.029780872892648063,37.0,7.0,UP,96.38000000000011,0.9270058619488328,0.01578631544935627,1,TRAIN
2016-10-18,Grade 1,1326.86,https://exagri.info/mkt/2016/18.10.2016.html,2016-10-18,observed_source_value,0.004907678092670231,0.01578631544935627,,,7.0,,,,,,,,,,-0.9521140536681102,0.3057430764672831,-0.8660254037844386,0.5000000000000001,2016-10-25,1323.14,-0.002803611533997441,-0.0028075490139790778,-3.7199999999998,7.0,DOWN,65.8599999999999,0.9503640173040111,0.030228758169934533,0,TRAIN
2016-10-18,Grade 2,1261.0,https://exagri.info/mkt/2016/18.10.2016.html,2016-10-18,observed_source_value,0.030228758169934533,0.02298370246552439,,,7.0,,,,,,,,,,-0.9521140536681102,0.3057430764672831,-0.8660254037844386,0.5000000000000001,2016-10-25,1296.0,0.027755749405233843,0.027377540947300348,35.0,7.0,UP,65.8599999999999,0.9503640173040111,0.004907678092670231,1,TRAIN
2016-10-25,Grade 1,1323.14,https://exagri.info/mkt/2016/25.10.2016.html,2016-10-25,observed_source_value,-0.002803611533997441,0.004907678092670231,0.01578631544935627,,7.0,0.00596346066934302,,,,,0.017909621036111822,,,,-0.9084917035725082,0.41790288888678667,-0.8660254037844386,0.5000000000000001,2016-11-01,1323.46,0.00024184893510881267,0.00024181969436957212,0.31999999999993634,7.0,UP,27.1400000000001,0.9794881871910757,0.027755749405233843,0,TRAIN
2016-10-25,Grade 2,1296.0,https://exagri.info/mkt/2016/25.10.2016.html,2016-10-25,observed_source_value,0.027755749405233843,0.030228758169934533,0.02298370246552439,,7.0,0.02698940334689759,,,,,0.08315921437526108,,,,-0.9084917035725082,0.41790288888678667,-0.8660254037844386,0.5000000000000001,2016-11-01,1284.0,-0.0092592592592593,-0.009302392662313561,-12.0,7.0,DOWN,27.1400000000001,0.9794881871910757,-0.002803611533997441,1,TRAIN
2016-11-01,Grade 1,1323.46,https://exagri.info/mkt/2016/01.11.2016.html,2016-11-01,observed_source_value,0.00024184893510881267,-0.002803611533997441,0.004907678092670231,0.01578631544935627,7.0,0.0007819718312605343,,,,,0.0023326618094789975,,0.0035791740600876754,,-0.8517119107469189,0.5240103253675756,-0.5000000000000004,0.8660254037844384,2016-11-08,1334.21,0.008122648209994976,0.008089837058900349,10.75,7.0,UP,39.460000000000036,0.9701842141054509,-0.0092592592592593,0,TRAIN
2016-11-01,Grade 2,1284.0,https://exagri.info/mkt/2016/01.11.2016.html,2016-11-01,observed_source_value,-0.0092592592592593,0.027755749405233843,0.030228758169934533,0.02298370246552439,7.0,0.01624174943863636,,,,,0.0490196078431373,,0.02531342330112607,,-0.8517119107469189,0.5240103253675756,-0.5000000000000004,0.8660254037844384,2016-11-08,1304.0,0.015576323987538832,0.015456258236691672,20.0,7.0,UP,39.460000000000036,0.9701842141054509,0.00024184893510881267,1,TRAIN
2016-11-08,Grade 1,1334.21,https://exagri.info/mkt/2016/08.11.2016.html,2016-11-08,observed_source_value,0.008122648209994976,0.00024184893510881267,-0.002803611533997441,0.004907678092670231,7.0,0.0018536285370354493,0.00525097583062657,,0.007234042202376364,,0.005539393756688771,0.02642592279168543,0.006487579303113167,,-0.7825970017677834,0.6225286602431057,-0.5000000000000004,0.8660254037844384,2016-11-15,1329.21,-0.003747535995083262,-0.0037545756010551367,-5.0,7.0,DOWN,30.210000000000036,0.9773573875177071,0.015576323987538832,0,TRAIN
2016-11-08,Grade 2,1304.0,https://exagri.info/mkt/2016/08.11.2016.html,2016-11-08,observed_source_value,0.015576323987538832,-0.0092592592592593,0.027755749405233843,0.030228758169934533,7.0,0.011357604711171124,0.01745705495379446,,0.015945390691844405,,0.03409992069785894,0.08984538236523187,0.023708588475427783,,-0.7825970017677834,0.6225286602431057,-0.5000000000000004,0.8660254037844384,2016-11-15,1290.33,-0.01048312883435587,-0.010538463892202383,-13.670000000000073,7.0,DOWN,30.210000000000036,0.9773573875177071,0.008122648209994976,1,TRAIN
2016-11-15,Grade 1,1329.21,https://exagri.info/mkt/2016/15.11.2016.html,2016-11-15,observed_source_value,-0.003747535995083262,0.008122648209994976,0.00024184893510881267,-0.002803611533997441,7.0,0.001538987050006842,0.0013442055417386633,,0.0050742248198081125,,0.004587571987846983,0.006687468758993509,0.0013816733163776185,,-0.7021479494046978,0.7120310787787131,-0.5000000000000004,0.8660254037844384,2016-11-22,1335.57,0.004784796984675044,0.004773386227876111,6.3599999999999,7.0,UP,38.88000000000011,0.9707495429616086,-0.01048312883435587,0,TRAIN
2016-11-15,Grade 2,1290.33,https://exagri.info/mkt/2016/15.11.2016.html,2016-11-15,observed_source_value,-0.01048312883435587,0.015576323987538832,-0.0092592592592593,0.027755749405233843,7.0,-0.0013886880353587798,0.010763688693818408,,0.019641322608266554,,-0.004375000000000018,0.05419117647058824,0.0025360004848236084,,-0.7021479494046978,0.7120310787787131,-0.5000000000000004,0.8660254037844384,2016-11-22,1277.75,-0.009749443940697322,-0.009797280946006955,-12.579999999999927,7.0,DOWN,38.88000000000011,0.9707495429616086,-0.003747535995083262,1,TRAIN
2016-11-22,Grade 1,1335.57,https://exagri.info/mkt/2016/22.11.2016.html,2016-11-22,observed_source_value,0.004784796984675044,-0.003747535995083262,0.008122648209994976,0.00024184893510881267,7.0,0.0030533030665289194,0.0013196293201396259,,0.0050529036946702875,,0.009150257657957184,0.0065643700164297325,0.004854347018097727,,-0.6115298757991053,0.7912213413483807,-0.5000000000000004,0.8660254037844384,2016-11-29,1328.46,-0.0053235697118083625,-0.005337790401388612,-7.1099999999999,7.0,DOWN,57.819999999999936,0.9567076229624805,-0.009749443940697322,0,TRAIN
2016-11-22,Grade 2,1277.75,https://exagri.info/mkt/2016/22.11.2016.html,2016-11-22,observed_source_value,-0.009749443940697322,-0.01048312883435587,0.015576323987538832,-0.0092592592592593,7.0,-0.0015520829291714537,0.0027680482716920364,,0.017786051888906602,,-0.004867601246105968,0.013283108643933339,-0.009815439362190093,,-0.6115298757991053,0.7912213413483807,-0.5000000000000004,0.8660254037844384,2016-11-29,1371.33,0.0732381138720406,0.07068035316909367,93.57999999999993,7.0,UP,57.819999999999936,0.9567076229624805,0.004784796984675044,1,TRAIN
2016-11-29,Grade 1,1328.46,https://exagri.info/mkt/2016/29.11.2016.html,2016-11-29,observed_source_value,-0.0053235697118083625,0.004784796984675044,-0.003747535995083262,0.008122648209994976,7.0,-0.0014287695740721935,0.0008156376845774415,,0.005656595340479046,,-0.0043096663943457125,0.004020738546185454,-0.001294559691831676,,-0.5120551783114646,0.8589525565270845,-0.5000000000000004,0.8660254037844384,2016-12-06,1288.5,-0.030079942188699693,-0.03054162550850602,-39.960000000000036,7.0,DOWN,-42.86999999999989,1.032270448489228,0.0732381138720406,0,TRAIN
2016-11-29,Grade 2,1371.33,https://exagri.info/mkt/2016/29.11.2016.html,2016-11-29,observed_source_value,0.0732381138720406,-0.009749443940697322,-0.01048312883435587,0.015576323987538832,7.0,0.017668513698995802,0.011864521165053387,,0.036032243926306634,,0.051633435582822074,0.05812499999999998,0.050439607746410875,,-0.5120551783114646,0.8589525565270845,-0.5000000000000004,0.8660254037844384,2016-12-06,1239.67,-0.09600898397905677,-0.10093585666927316,-131.65999999999985,7.0,DOWN,-42.86999999999989,1.032270448489228,-0.0053235697118083625,1,TRAIN
2016-12-06,Grade 1,1288.5,https://exagri.info/mkt/2016/06.12.2016.html,2016-12-06,observed_source_value,-0.030079942188699693,-0.0053235697118083625,0.004784796984675044,-0.003747535995083262,7.0,-0.01020623830527767,-0.005248720540184259,,0.01498594092949766,,-0.03062721466134022,-0.02641560757408612,-0.026216945412223525,-0.024576729890648075,-0.4051645224207563,0.9142437912130223,-2.4492935982947064e-16,1.0,2016-12-14,1221.85,-0.051726814124951614,-0.05311264748606154,-66.65000000000009,8.0,DOWN,48.82999999999993,0.9621032207993792,-0.09600898397905677,0,TRAIN
2016-12-06,Grade 2,1239.67,https://exagri.info/mkt/2016/06.12.2016.html,2016-12-06,observed_source_value,-0.09600898397905677,0.0732381138720406,-0.009749443940697322,-0.01048312883435587,7.0,-0.010840104682571164,-0.005485423778906107,,0.060989069664836464,,-0.039261274247673006,-0.034524922118379986,-0.04391893976319894,-0.027296309489994952,-0.4051645224207563,0.9142437912130223,-2.4492935982947064e-16,1.0,2016-12-14,1199.0,-0.03280711802334502,-0.03335733912069534,-40.67000000000007,8.0,DOWN,48.82999999999993,0.9621032207993792,-0.030079942188699693,1,TRAIN
2016-12-14,Grade 1,1221.85,https://exagri.info/mkt/2016/14.12.2016.html,2016-12-14,observed_source_value,-0.051726814124951614,-0.030079942188699693,-0.0053235697118083625,0.004784796984675044,8.0,-0.029043442008486558,-0.01721861300717358,-0.005983818588273504,0.023255868908913388,0.02009663674882162,-0.0851471656296563,-0.08421462888151054,-0.06063420357064342,-0.06953739213076204,-0.27591294500296043,0.9611826292540837,-2.4492935982947064e-16,1.0,2016-12-20,1154.86,-0.054826697221426524,-0.0563869791184594,-66.99000000000001,6.0,DOWN,22.84999999999991,0.98129885010435,-0.03280711802334502,0,TRAIN
2016-12-14,Grade 2,1199.0,https://exagri.info/mkt/2016/14.12.2016.html,2016-12-14,observed_source_value,-0.03280711802334502,-0.09600898397905677,0.0732381138720406,-0.009749443940697322,8.0,-0.01852599604345373,-0.015162112181082876,0.0011474713863557917,0.060649304900333045,0.045203736126648665,-0.061631774603795764,-0.08052147239263807,-0.06006196222060556,-0.05939242555942226,-0.27591294500296043,0.9611826292540837,-2.4492935982947064e-16,1.0,2016-12-20,1139.0,-0.05004170141784825,-0.05133719158033215,-60.0,6.0,DOWN,22.84999999999991,0.98129885010435,-0.051726814124951614,1,TRAIN
2016-12-20,Grade 1,1154.86,https://exagri.info/mkt/2016/20.12.2016.html,2016-12-20,observed_source_value,-0.054826697221426524,-0.051726814124951614,-0.030079942188699693,-0.0053235697118083625,6.0,-0.04554448451169261,-0.02743444525244223,-0.013045119855351783,0.026806826065936908,0.023682955846953933,-0.1306776267256825,-0.1311681374651109,-0.08767877343883312,-0.10932491755436491,-0.17541259380427843,0.9844950085880858,-2.4492935982947064e-16,1.0,2016-12-24,597.42,-0.4826905425765894,-0.6591140198598511,-557.4399999999999,4.0,DOWN,15.8599999999999,0.9862667336300505,-0.05004170141784825,0,TRAIN
2016-12-20,Grade 2,1139.0,https://exagri.info/mkt/2016/20.12.2016.html,2016-12-20,observed_source_value,-0.05004170141784825,-0.03280711802334502,-0.09600898397905677,0.0732381138720406,6.0,-0.05961926780675001,-0.023073826697781352,-0.006155069001981472,0.06244011023927667,0.047141205497328253,-0.1694194686909788,-0.117280075639565,-0.08539767936724607,-0.10046374687255177,-0.17541259380427843,0.9844950085880858,-2.4492935982947064e-16,1.0,2016-12-24,602.5,-0.471027216856892,-0.636818298082372,-536.5,4.0,DOWN,15.8599999999999,0.9862667336300505,-0.054826697221426524,1,TRAIN
2016-12-24,Grade 1,597.42,https://exagri.info/mkt/2018/24.12.2016.html,2016-12-24,observed_source_value,-0.4826905425765894,-0.054826697221426524,-0.051726814124951614,-0.030079942188699693,4.0,-0.19641468464098918,-0.12492951316469511,-0.06180494192227774,0.20097762122890875,0.14963557926127047,-0.5363445867287544,-0.5526853702913364,-0.4657392386815452,-0.5117793388402738,-0.10730813165636247,0.9942258118156161,-2.4492935982947064e-16,1.0,2016-12-27,1138.77,0.9061464296474844,0.6450836279093438,541.35,3.0,UP,-5.080000000000041,1.0085032305580663,-0.471027216856892,0,TRAIN
2016-12-24,Grade 2,602.5,https://exagri.info/mkt/2018/24.12.2016.html,2016-12-24,observed_source_value,-0.471027216856892,-0.05004170141784825,-0.03280711802334502,-0.09600898397905677,4.0,-0.18462534543269507,-0.11532938128102029,-0.05628066650466412,0.20828126013197293,0.15262780255802547,-0.5139835601410052,-0.5284680101741341,-0.45735386832387637,-0.4980664101876273,-0.10730813165636247,0.9942258118156161,-2.4492935982947064e-16,1.0,2016-12-27,1029.0,0.7078838174273858,0.5352550704692395,426.5,3.0,UP,-5.080000000000041,1.0085032305580663,-0.4826905425765894,1,TRAIN
2016-12-27,Grade 1,1138.77,https://exagri.info/mkt/2016/27.12.2016.html,2016-12-27,observed_source_value,0.9061464296474844,-0.4826905425765894,-0.054826697221426524,-0.051726814124951614,3.0,0.12287639661648948,0.05736448670716343,0.029090062195870438,0.5109365232418032,0.3419465426426766,-0.06799525309980758,-0.14278939523960077,0.054143370237345945,-0.05514378571410794,-0.05587875690537313,0.9984375616565666,-2.4492935982947064e-16,1.0,2017-01-03,1115.5,-0.020434328266462964,-0.020645997664804506,-23.269999999999982,7.0,DOWN,109.76999999999998,0.9036065228272611,0.7078838174273858,0,TRAIN
2016-12-27,Grade 2,1029.0,https://exagri.info/mkt/2016/27.12.2016.html,2016-12-27,observed_source_value,0.7078838174273858,-0.471027216856892,-0.05004170141784825,-0.03280711802334502,3.0,0.06227163305088187,0.011599759430048762,0.011732140297551074,0.42868740644548464,0.28679939474525956,-0.1417848206839033,-0.24963356741265774,-0.012318661130276132,-0.12325396324994153,-0.05587875690537313,0.9984375616565666,-2.4492935982947064e-16,1.0,2017-01-03,1071.5,0.04130223517978626,0.04047207907958216,42.5,7.0,UP,109.76999999999998,0.9036065228272611,0.9061464296474844,1,TRAIN
2017-01-03,Grade 1,1115.5,https://exagri.info/mkt/2017/03.01.2017.html,2017-01-03,observed_source_value,-0.020434328266462964,0.9061464296474844,-0.4826905425765894,-0.054826697221426524,7.0,0.13434051960147733,0.05929360949161078,0.02702244447571326,0.5105418795315612,0.3422027725128738,-0.034082053235889975,-0.13426464881645328,0.066769948741489,-0.05820074550313015,0.051584366869408364,0.9986686402879997,0.49999999999999994,0.8660254037844387,2017-01-10,1109.86,-0.005056028686687641,-0.005068853646902273,-5.6400000000001,7.0,DOWN,44.0,0.9605558045719408,0.04130223517978626,0,TRAIN
2017-01-03,Grade 2,1071.5,https://exagri.info/mkt/2017/03.01.2017.html,2017-01-03,observed_source_value,0.04130223517978626,0.7078838174273858,-0.471027216856892,-0.05004170141784825,7.0,0.09271961191676004,0.03906200326181737,0.01678828974145563,0.4244476678596621,0.28683389320499775,-0.05926251097453905,-0.1356570700267007,0.06278516167427095,-0.07020777363572617,0.051584366869408364,0.9986686402879997,0.49999999999999994,0.8660254037844387,2017-01-10,1056.5,-0.013999066728884735,-0.014097977857520313,-15.0,7.0,DOWN,44.0,0.9605558045719408,-0.020434328266462964,1,TRAIN
2017-01-10,Grade 1,1109.86,https://exagri.info/mkt/2017/10.01.2017.html,2017-01-10,observed_source_value,-0.005056028686687641,-0.020434328266462964,0.9061464296474844,-0.4826905425765894,7.0,0.2935520242314446,0.06862776657926357,0.025704576786044996,0.5084269249492666,0.34230900530702263,0.8577550132235279,-0.09165609526537633,0.08460815298226687,-0.04487091222030992,0.17117705961019986,0.985240282501282,0.49999999999999994,0.8660254037844387,2017-01-17,1111.38,0.00136954210440976,0.001368605137001865,1.5200000000002092,7.0,UP,53.3599999999999,0.9519218640188853,-0.013999066728884735,0,TRAIN
2017-01-10,Grade 2,1056.5,https://exagri.info/mkt/2017/10.01.2017.html,2017-01-10,observed_source_value,-0.013999066728884735,0.04130223517978626,0.7078838174273858,-0.471027216856892,7.0,0.24506232862609578,0.04282361352070942,0.013830750669813274,0.4237342472002888,0.2870002057111274,0.7535269709543568,-0.11884904086738945,0.07839134428906802,-0.06310246546381959,0.17117705961019986,0.985240282501282,0.49999999999999994,0.8660254037844387,2017-01-17,1026.0,-0.028868906767628988,-0.02929381132539657,-30.5,7.0,DOWN,53.3599999999999,0.9519218640188853,-0.005056028686687641,1,TRAIN
2017-01-17,Grade 1,1111.38,https://exagri.info/mkt/2017/17.01.2017.html,2017-01-17,observed_source_value,0.00136954210440976,-0.005056028686687641,-0.020434328266462964,0.9061464296474844,7.0,-0.00804027161624695,0.07986701444443083,0.0262162845959943,0.5056290173431973,0.34226390801144563,-0.024052266919570964,-0.03764958523111006,0.09540245972248784,-0.02529079990913985,0.2882906407095177,0.9575429528116719,0.49999999999999994,0.8660254037844387,2017-01-24,1104.43,-0.006253486656229268,-0.006273121604635293,-6.9500000000000455,7.0,DOWN,85.38000000000011,0.9231765912649138,-0.028868906767628988,0,TRAIN
2017-01-17,Grade 2,1026.0,https://exagri.info/mkt/2017/17.01.2017.html,2017-01-17,observed_source_value,-0.028868906767628988,-0.013999066728884735,0.04130223517978626,0.7078838174273858,7.0,-0.0005219127722424869,0.04705817245075328,0.011992172876485963,0.42267867296019856,0.28723206936199697,-0.002915451895043719,-0.09920983318700616,0.07198829798349182,-0.06831029081250417,0.2882906407095177,0.9575429528116719,0.49999999999999994,0.8660254037844387,2017-01-24,1013.5,-0.012183235867446407,-0.012258059838660131,-12.5,7.0,DOWN,85.38000000000011,0.9231765912649138,0.00136954210440976,1,TRAIN
2017-01-24,Grade 1,1104.43,https://exagri.info/mkt/2017/24.01.2017.html,2017-01-24,observed_source_value,-0.006253486656229268,0.00136954210440976,-0.005056028686687641,-0.020434328266462964,7.0,-0.0033133244128357164,0.17515442562850286,0.02511245623190387,0.4087144769932145,0.34235849267475454,-0.009923800986104792,0.8486659301663824,-0.010356742187191958,-0.011344522394085232,0.4012289854475009,0.9159777842484877,0.49999999999999994,0.8660254037844387,2017-01-31,1106.86,0.0022002299828869365,0.0021978130214961506,2.4299999999998363,7.0,UP,90.93000000000006,0.9176679373070271,-0.012183235867446407,0,TRAIN
2017-01-24,Grade 2,1013.5,https://exagri.info/mkt/2017/24.01.2017.html,2017-01-24,observed_source_value,-0.012183235867446407,-0.028868906767628988,-0.013999066728884735,0.04130223517978626,7.0,-0.018350403121320042,0.13882696864864238,0.011748793683811053,0.31922506025099234,0.287253568816738,-0.054129724685020975,0.6821576763485477,-0.024824401039160948,-0.057033866765909935,0.4012289854475009,0.9159777842484877,0.49999999999999994,0.8660254037844387,2017-01-31,1052.67,0.038648248643315286,0.03792010681152411,39.17000000000007,7.0,UP,90.93000000000006,0.9176679373070271,-0.006253486656229268,1,TRAIN
2017-01-31,Grade 1,1106.86,https://exagri.info/mkt/2017/31.01.2017.html,2017-01-31,observed_source_value,0.0022002299828869365,-0.006253486656229268,0.00136954210440976,-0.005056028686687641,7.0,-0.0008945715229775238,-0.005634814304416635,0.0258648362013734,0.009085596973631111,0.3422924343045196,-0.0027030436271241465,-0.02802146175259279,-0.002474752299464922,0.010883671570118159,0.5083564379375122,0.8611467540480452,0.49999999999999994,0.8660254037844387,2017-02-07,1113.86,0.006324196375331992,0.006304282560585873,7.0,7.0,UP,54.18999999999983,0.9510416854886798,0.038648248643315286,0,TRAIN
2017-01-31,Grade 2,1052.67,https://exagri.info/mkt/2017/31.01.2017.html,2017-01-31,observed_source_value,0.038648248643315286,-0.012183235867446407,-0.028868906767628988,-0.013999066728884735,7.0,-0.0008012979972533696,0.004979854891828284,0.008289807160938523,0.03260899363581737,0.28663847021869543,-0.0036251774727874553,0.023002915451895145,0.008271761264479816,0.009335202419328725,0.5083564379375122,0.8611467540480452,0.49999999999999994,0.8660254037844387,2017-02-07,1059.5,0.006488263178394016,0.006467305004774993,6.829999999999927,7.0,UP,54.18999999999983,0.9510416854886798,0.0022002299828869365,1,TRAIN
2017-02-07,Grade 1,1113.86,https://exagri.info/mkt/2017/07.02.2017.html,2017-02-07,observed_source_value,0.006324196375331992,0.0022002299828869365,-0.006253486656229268,0.00136954210440976,7.0,0.0007569799006632202,-0.0002831093760576442,0.029505250057776565,0.00526737325887975,0.3418245956114306,0.0022314599866830598,-0.0014701927386823188,0.004130614688112377,0.03376492720507773,0.6081214998935418,0.7938439653781019,0.8660254037844386,0.5000000000000001,2017-02-14,1125.07,0.010064101413103987,0.010013795584886905,11.210000000000036,7.0,UP,54.3599999999999,0.9511967392670534,0.006488263178394016,0,TRAIN
2017-02-07,Grade 2,1059.5,https://exagri.info/mkt/2017/07.02.2017.html,2017-02-07,observed_source_value,0.006488263178394016,0.038648248643315286,-0.012183235867446407,-0.028868906767628988,7.0,0.010984425318087632,-0.0019829395084501656,0.018539531876683602,0.025951605539139132,0.2843176925443705,0.032651072124756375,-0.011199253383107788,0.017151897883517675,0.03374224449394436,0.6081214998935418,0.7938439653781019,0.8660254037844386,0.5000000000000001,2017-02-14,1047.0,-0.011798017932987293,-0.01186816683781694,-12.5,7.0,DOWN,54.3599999999999,0.9511967392670534,0.006324196375331992,1,TRAIN
2017-02-14,Grade 1,1125.07,https://exagri.info/mkt/2017/14.02.2017.html,2017-02-14,observed_source_value,0.010064101413103987,0.006324196375331992,0.0022002299828869365,-0.006253486656229268,7.0,0.006196175923774305,0.0027409166439006814,0.03568434161158213,0.0061143525764400936,0.34074982445078983,0.018688373187979224,0.013704431189519362,0.011462528768699576,0.053632652526079294,0.6990793005655562,0.7150441465537444,0.8660254037844386,0.5000000000000001,2017-02-21,1133.21,0.007235105371221406,0.007209057560000911,8.1400000000001,7.0,UP,78.06999999999994,0.930608762121468,-0.011798017932987293,0,TRAIN
2017-02-14,Grade 2,1047.0,https://exagri.info/mkt/2017/14.02.2017.html,2017-02-14,observed_source_value,-0.011798017932987293,0.006488263178394016,0.038648248643315286,-0.012183235867446407,7.0,0.01111283129624067,-0.001542729749270677,0.020640441885719375,0.025714406702168287,0.28397353219537014,0.03305377405032073,-0.008991954566966442,0.0069883258602680964,0.03692420747595615,0.6990793005655562,0.7150441465537444,0.8660254037844386,0.5000000000000001,2017-02-21,1086.5,0.03772683858643755,0.03703258882594758,39.5,7.0,UP,78.06999999999994,0.930608762121468,0.010064101413103987,1,TRAIN
2017-02-21,Grade 1,1133.21,https://exagri.info/mkt/2017/21.02.2017.html,2017-02-21,observed_source_value,0.007235105371221406,0.010064101413103987,0.006324196375331992,0.0022002299828869365,7.0,0.007874467719885795,0.0039140292972630105,0.04189052187084692,0.006343842042049457,0.3394809649265448,0.0238060820699999,0.019642246576328404,0.01479735574727381,0.06341189674523018,0.7799125224167177,0.6258885343075018,0.8660254037844386,0.5000000000000001,2017-02-28,1127.15,-0.005347640772672246,-0.005361990584879568,-6.059999999999945,7.0,DOWN,46.710000000000036,0.9587808084997484,0.03772683858643755,0,TRAIN
2017-02-21,Grade 2,1086.5,https://exagri.info/mkt/2017/21.02.2017.html,2017-02-21,observed_source_value,0.03772683858643755,-0.011798017932987293,0.006488263178394016,0.038648248643315286,7.0,0.010805694610614758,0.01177641932154263,0.029417295886147953,0.025265110504208856,0.28290052252345876,0.032137326987564885,0.058966861598440445,0.03295767202809552,0.08166818820329591,0.7799125224167177,0.6258885343075018,0.8660254037844386,0.5000000000000001,2017-02-28,1084.5,-0.0018407731247124248,-0.0018424694295553054,-2.0,7.0,DOWN,46.710000000000036,0.9587808084997484,0.007235105371221406,1,TRAIN
2017-02-28,Grade 1,1127.15,https://exagri.info/mkt/2017/28.02.2017.html,2017-02-28,observed_source_value,-0.005347640772672246,0.007235105371221406,0.010064101413103987,0.006324196375331992,7.0,0.003983855337217716,0.004095198473974415,0.08962481205123864,0.005983589388585249,0.2870320261205849,0.011931481514732667,0.020571697617775664,0.005279915806748026,0.007635375721096516,0.8494504794814806,0.527668345562516,0.8660254037844386,0.5000000000000001,2017-03-07,1097.17,-0.026598057046533286,-0.026958185536422322,-29.980000000000018,7.0,DOWN,42.65000000000009,0.9621612030342013,-0.0018407731247124248,0,TRAIN
2017-02-28,Grade 2,1084.5,https://exagri.info/mkt/2017/28.02.2017.html,2017-02-28,observed_source_value,-0.0018407731247124248,0.03772683858643755,-0.011798017932987293,0.006488263178394016,7.0,0.008029349176245945,0.013844911870089427,0.07633594025936591,0.023147747090082365,0.22331171921327025,0.023596035865974585,0.0700542673902318,0.017322149199743953,0.03024033241281443,0.8494504794814806,0.527668345562516,0.8660254037844386,0.5000000000000001,2017-03-07,1056.0,-0.026279391424619658,-0.026630866000722304,-28.5,7.0,DOWN,42.65000000000009,0.9621612030342013,-0.005347640772672246,1,TRAIN
2017-03-07,Grade 1,1097.17,https://exagri.info/mkt/2017/07.03.2017.html,2017-03-07,observed_source_value,-0.026598057046533286,-0.005347640772672246,0.007235105371221406,0.010064101413103987,7.0,-0.008236864149328041,-0.0016644589319096293,-0.003649636618163132,0.015131342716229356,0.011950972640625196,-0.024798456984898576,-0.008754494696709414,-0.019764279562437537,-0.015504522862867631,0.9066860720977985,0.4218060770826634,1.0,6.123233995736766e-17,2017-03-14,1065.15,-0.029184173829032822,-0.029618503067507056,-32.01999999999998,7.0,DOWN,41.17000000000007,0.9624761887401222,-0.026279391424619658,0,TRAIN
2017-03-07,Grade 2,1056.0,https://exagri.info/mkt/2017/07.03.2017.html,2017-03-07,observed_source_value,-0.026279391424619658,-0.0018407731247124248,0.03772683858643755,-0.011798017932987293,7.0,0.003202224679035156,0.0008593838565024381,0.002919619374165361,0.023952595330293272,0.027061121886641164,0.008595988538681931,0.003163384536464253,-0.010030936533233392,0.0005997913522026721,0.9066860720977985,0.4218060770826634,1.0,6.123233995736766e-17,2017-03-14,993.5,-0.05918560606060608,-0.06100940227433526,-62.5,7.0,DOWN,41.17000000000007,0.9624761887401222,-0.026598057046533286,1,TRAIN
2017-03-14,Grade 1,1065.15,https://exagri.info/mkt/2017/14.03.2017.html,2017-03-14,observed_source_value,-0.029184173829032822,-0.026598057046533286,-0.005347640772672246,0.007235105371221406,7.0,-0.02037662388274612,-0.008766132972782592,-0.0045246211744201185,0.018419944035412607,0.013532111852185967,-0.060059477060738886,-0.04373080997611889,-0.04001622279302408,-0.039898541031571755,0.9507903724625832,0.3098349038318025,1.0,6.123233995736766e-17,2017-03-21,1070.71,0.005219922076702854,0.005206345508716163,5.559999999999945,7.0,UP,71.65000000000009,0.9327324789935689,-0.05918560606060608,0,TRAIN
2017-03-14,Grade 2,993.5,https://exagri.info/mkt/2017/14.03.2017.html,2017-03-14,observed_source_value,-0.05918560606060608,-0.026279391424619658,-0.0018407731247124248,0.03772683858643755,7.0,-0.029101923536646052,-0.01227538999129758,-0.007129164749873873,0.03537658973031508,0.029748561246963973,-0.08559595029912559,-0.062293534686172713,-0.05695301376364503,-0.051611973267580935,0.9507903724625832,0.3098349038318025,1.0,6.123233995736766e-17,2017-03-21,1008.33,0.01492702566683457,0.014816714014372664,14.830000000000041,7.0,UP,71.65000000000009,0.9327324789935689,-0.029184173829032822,1,TRAIN
2017-03-21,Grade 1,1070.71,https://exagri.info/mkt/2017/21.03.2017.html,2017-03-21,observed_source_value,0.005219922076702854,-0.029184173829032822,-0.026598057046533286,-0.005347640772672246,7.0,-0.016854102932954418,-0.009734968840062818,-0.0034970260980810687,0.017273651519019502,0.01387314221172373,-0.05007319345251304,-0.04831699360928643,-0.02545604808688262,-0.03146904700954045,0.981124629771712,0.19337647441020586,1.0,6.123233995736766e-17,2017-03-28,1072.0,0.0012048080245818937,0.0012040828258189271,1.2899999999999636,7.0,UP,62.379999999999995,0.9417395933539427,0.01492702566683457,0,TRAIN
2017-03-21,Grade 2,1008.33,https://exagri.info/mkt/2017/21.03.2017.html,2017-03-21,observed_source_value,0.01492702566683457,-0.05918560606060608,-0.026279391424619658,-0.0018407731247124248,7.0,-0.023512657272797055,-0.006930381271333208,-0.0042365555103019426,0.0374262953892761,0.030405409180216628,-0.07023513139695714,-0.03693409742120335,-0.03579768322932664,-0.03300887077439463,0.981124629771712,0.19337647441020586,1.0,6.123233995736766e-17,2017-03-28,1011.33,0.002975216446996498,0.0029707992497863007,3.0,7.0,UP,62.379999999999995,0.9417395933539427,0.005219922076702854,1,TRAIN
2017-03-28,Grade 1,1072.0,https://exagri.info/mkt/2017/28.03.2017.html,2017-03-28,observed_source_value,0.0012048080245818937,0.005219922076702854,-0.029184173829032822,-0.026598057046533286,7.0,-0.007586481242582692,-0.010941028309390722,-0.003513499506063855,0.015952574628379297,0.013866817778648722,-0.022940838703209177,-0.05401470159987998,-0.01328748310991179,-0.02683555427252793,0.9972495210773451,0.07411742515094437,1.0,6.123233995736766e-17,2017-04-04,1054.85,-0.015998134328358282,-0.016127485923915077,-17.15000000000009,7.0,DOWN,60.66999999999996,0.9434048507462687,0.002975216446996498,0,TRAIN
2017-03-28,Grade 2,1011.33,https://exagri.info/mkt/2017/28.03.2017.html,2017-03-28,observed_source_value,0.002975216446996498,0.01492702566683457,-0.05918560606060608,-0.026279391424619658,7.0,-0.01376112131559167,-0.013880705699221419,-0.001052143188839394,0.029433097351149625,0.02918190511395056,-0.042301136363636305,-0.06918545789231478,-0.018823515715045147,-0.028765474899714927,0.9972495210773451,0.07411742515094437,1.0,6.123233995736766e-17,2017-04-04,1005.33,-0.005932781584645941,-0.005950450451657514,-6.0,7.0,DOWN,60.66999999999996,0.9434048507462687,0.0012048080245818937,1,TRAIN
2017-04-04,Grade 1,1054.85,https://exagri.info/mkt/2017/04.04.2017.html,2017-04-04,observed_source_value,-0.015998134328358282,0.0012048080245818937,0.005219922076702854,-0.029184173829032822,7.0,-0.003191134742357845,-0.013071127020527928,-0.004487964273276757,0.015728479612245286,0.01441241933192734,-0.009669999530582674,-0.06414408020228024,-0.01597610394262572,-0.03807485480160111,0.9989315138848577,-0.046215046983708354,0.8660254037844387,-0.4999999999999998,2017-04-18,1034.62,-0.019178082191780854,-0.019364367181791232,-20.230000000000018,14.0,DOWN,49.51999999999987,0.953054936720861,-0.005932781584645941,0,TRAIN
2017-04-04,Grade 2,1005.33,https://exagri.info/mkt/2017/04.04.2017.html,2017-04-04,observed_source_value,-0.005932781584645941,0.002975216446996498,0.01492702566683457,-0.05918560606060608,7.0,0.0039898201763950425,-0.014699107391208121,-0.00042709776055934736,0.029069268538329696,0.0289832611917317,0.011907398087569243,-0.07300138312586446,-0.00942754838417248,-0.03376948405810465,0.9989315138848577,-0.046215046983708354,0.8660254037844387,-0.4999999999999998,2017-04-18,949.67,-0.055364905056051295,-0.05695656897722434,-55.66000000000008,14.0,DOWN,49.51999999999987,0.953054936720861,-0.015998134328358282,1,TRAIN
2017-04-18,Grade 1,1034.62,https://exagri.info/mkt/2017/18.04.2017.html,2017-04-18,observed_source_value,-0.019178082191780854,-0.015998134328358282,0.0012048080245818937,0.005219922076702854,14.0,-0.011323802831852414,-0.011587132049577443,-0.0066257954907435355,0.014429536927925632,0.014887820816214673,-0.03370660589702179,-0.05701030833872611,-0.023451436855925545,-0.05026625260813733,0.9590788900341131,-0.28313898122818354,0.8660254037844387,-0.4999999999999998,2017-04-25,1017.31,-0.0167307803831358,-0.016872320831648663,-17.309999999999945,7.0,DOWN,84.94999999999993,0.9178925595870948,-0.055364905056051295,0,TRAIN
2017-04-18,Grade 2,949.67,https://exagri.info/mkt/2017/18.04.2017.html,2017-04-18,observed_source_value,-0.055364905056051295,-0.005932781584645941,0.002975216446996498,0.01492702566683457,14.0,-0.019440823397900247,-0.020516210117494448,-0.009828413130496006,0.03438931590696716,0.030125104943619897,-0.05817539892693868,-0.1006912878787879,-0.044243744162828835,-0.07813886305702189,0.9590788900341131,-0.28313898122818354,0.8660254037844387,-0.4999999999999998,2017-04-25,956.67,0.007370981498836526,0.0073439485728958925,7.0,7.0,UP,84.94999999999993,0.9178925595870948,-0.019178082191780854,1,TRAIN
2017-04-25,Grade 1,1017.31,https://exagri.info/mkt/2017/25.04.2017.html,2017-04-25,observed_source_value,-0.0167307803831358,-0.019178082191780854,-0.015998134328358282,0.0012048080245818937,7.0,-0.017302332301091645,-0.009096453360398039,-0.008931293166590314,0.011386724517450517,0.014437913487728292,-0.05101679104477619,-0.04491386189738544,-0.031039205713316864,-0.057805513260796415,0.9181214482844364,-0.39629913726891813,0.8660254037844387,-0.4999999999999998,2017-05-02,1052.17,0.03426684098259147,0.03369280950705581,34.86000000000013,7.0,UP,60.639999999999986,0.9403918176367085,0.007370981498836526,0,TRAIN
2017-04-25,Grade 2,956.67,https://exagri.info/mkt/2017/25.04.2017.html,2017-04-25,observed_source_value,0.007370981498836526,-0.055364905056051295,-0.005932781584645941,0.002975216446996498,7.0,-0.017975568380620238,-0.007204892605605928,-0.009740141298451754,0.027959424163982748,0.03017947216506998,-0.05404764023612474,-0.03707096124811282,-0.030008131680499983,-0.061980638955644984,0.9181214482844364,-0.39629913726891813,0.8660254037844387,-0.4999999999999998,2017-05-02,989.0,0.03379430733690825,0.03323582722266776,32.33000000000004,7.0,UP,60.639999999999986,0.9403918176367085,-0.0167307803831358,1,TRAIN
2017-05-02,Grade 1,1052.17,https://exagri.info/mkt/2017/02.05.2017.html,2017-05-02,observed_source_value,0.03426684098259147,-0.0167307803831358,-0.019178082191780854,-0.015998134328358282,7.0,-0.0005473405307750608,-0.003287069579220314,-0.006511019209641566,0.022501677559578197,0.019214452406045596,-0.002540645589420132,-0.017315613004454944,0.005715978933080956,-0.018895335284036086,0.8638670987837349,-0.503719798736334,0.49999999999999994,-0.8660254037844387,2017-05-08,1038.21,-0.013267817938165893,-0.013356621798226751,-13.960000000000036,6.0,DOWN,63.17000000000007,0.9399621734130416,0.03379430733690825,0,TRAIN
2017-05-02,Grade 2,989.0,https://exagri.info/mkt/2017/02.05.2017.html,2017-05-02,observed_source_value,0.03379430733690825,0.007370981498836526,-0.055364905056051295,-0.005932781584645941,7.0,-0.004733205406768841,-0.0034314362715911926,-0.0051809087714622,0.032583873788696066,0.03313332027305299,-0.016243422557767118,-0.019170311306814236,0.006718241042345197,-0.024734661758455623,0.8638670987837349,-0.503719798736334,0.49999999999999994,-0.8660254037844387,2017-05-08,904.2,-0.08574317492416583,-0.08964375676220734,-84.79999999999995,6.0,DOWN,63.17000000000007,0.9399621734130416,0.03426684098259147,1,TRAIN
2017-05-08,Grade 1,1038.21,https://exagri.info/mkt/2017/08.05.2017.html,2017-05-08,observed_source_value,-0.013267817938165893,0.03426684098259147,-0.0167307803831358,-0.019178082191780854,6.0,0.0014227475537632595,-0.006181594771769871,-0.008561311540580296,0.02270929856317911,0.018670886526056318,0.0034698729968491993,-0.03152052238805969,-0.0011756420814444946,-0.02326014597331527,0.8073707443023492,-0.5900444739548627,0.49999999999999994,-0.8660254037844387,2017-05-16,1021.71,-0.015892738463316625,-0.016020382243854502,-16.5,8.0,DOWN,134.01,0.8709220677897536,-0.08574317492416583,0,TRAIN
2017-05-08,Grade 2,904.2,https://exagri.info/mkt/2017/08.05.2017.html,2017-05-08,observed_source_value,-0.08574317492416583,0.03379430733690825,0.007370981498836526,-0.055364905056051295,6.0,-0.01485929536280702,-0.02117511454582366,-0.017527910122522538,0.04849438589096298,0.0380132604517441,-0.04787978982172747,-0.10592981519385358,-0.05907964211310601,-0.09203466776723068,0.8073707443023492,-0.5900444739548627,0.49999999999999994,-0.8660254037844387,2017-05-16,926.0,0.024109710241096982,0.02382365978567449,21.799999999999955,8.0,UP,134.01,0.8709220677897536,-0.013267817938165893,1,TRAIN
2017-05-16,Grade 1,1021.71,https://exagri.info/mkt/2017/16.05.2017.html,2017-05-16,observed_source_value,-0.015892738463316625,-0.013267817938165893,0.03426684098259147,-0.0167307803831358,8.0,0.0017020948603696517,-0.0061605155987615404,-0.009615821309644734,0.022697954787824853,0.018766756262095886,0.0043251319656743,-0.031416789116935906,-0.010741631519629924,-0.029152690542479598,0.7187918772884232,-0.6952253139408722,0.49999999999999994,-0.8660254037844387,2017-05-23,990.71,-0.030341290581476166,-0.030811115357305963,-31.0,7.0,DOWN,95.71000000000004,0.906323712207965,0.024109710241096982,0,TRAIN
2017-05-16,Grade 2,926.0,https://exagri.info/mkt/2017/16.05.2017.html,2017-05-16,observed_source_value,0.024109710241096982,-0.08574317492416583,0.03379430733690825,0.007370981498836526,8.0,-0.009279719115386867,-0.015166616180675075,-0.014932861785941599,0.052546879618653966,0.04003517083656168,-0.03205912174522041,-0.07890941282961816,-0.020217795214938383,-0.05510493335224487,0.7187918772884232,-0.6952253139408722,0.49999999999999994,-0.8660254037844387,2017-05-23,868.25,-0.062365010799136034,-0.06439454302199595,-57.75,7.0,DOWN,95.71000000000004,0.906323712207965,-0.015892738463316625,1,TRAIN
2017-05-23,Grade 1,990.71,https://exagri.info/mkt/2017/23.05.2017.html,2017-05-23,observed_source_value,-0.030341290581476166,-0.015892738463316625,-0.013267817938165893,0.03426684098259147,7.0,-0.01983394899431956,-0.008393157276700602,-0.009990144663139022,0.024754383453497675,0.019175991446461548,-0.05841261393120889,-0.04244070286675283,-0.032530551101441096,-0.04898900305641318,0.6300720909843687,-0.7765366444428655,0.49999999999999994,-0.8660254037844387,2017-05-30,995.27,0.004602759637027942,0.004592199330858438,4.559999999999945,7.0,UP,122.46000000000004,0.8763916786950773,-0.062365010799136034,0,TRAIN
2017-05-23,Grade 2,868.25,https://exagri.info/mkt/2017/23.05.2017.html,2017-05-23,observed_source_value,-0.062365010799136034,0.024109710241096982,-0.08574317492416583,0.03379430733690825,7.0,-0.041332825160734964,-0.016566637329292023,-0.018541423723393236,0.053959901687730454,0.04270854971368711,-0.12209302325581395,-0.08573504480503746,-0.0652157997640026,-0.0967283516501809,0.6300720909843687,-0.7765366444428655,0.49999999999999994,-0.8660254037844387,2017-05-30,944.33,0.08762453210480858,0.08399598970495518,76.08000000000004,7.0,UP,122.46000000000004,0.8763916786950773,-0.030341290581476166,1,TRAIN
2017-05-30,Grade 1,995.27,https://exagri.info/mkt/2017/30.05.2017.html,2017-05-30,observed_source_value,0.004602759637027942,-0.030341290581476166,-0.015892738463316625,-0.013267817938165893,7.0,-0.013877089802588283,-0.0041264492726678535,-0.006611451316532946,0.024796531572260187,0.018378291072112307,-0.04135964785544355,-0.021664979209876978,-0.02387570198133815,-0.03815972074576024,0.5322271388474397,-0.8466016020976267,0.49999999999999994,-0.8660254037844387,2017-06-06,982.14,-0.013192400052247089,-0.013280192747601057,-13.129999999999995,7.0,DOWN,50.93999999999994,0.9488179087081898,0.08762453210480858,0,TRAIN
2017-05-30,Grade 2,944.33,https://exagri.info/mkt/2017/30.05.2017.html,2017-05-30,observed_source_value,0.08762453210480858,-0.062365010799136034,0.024109710241096982,-0.08574317492416583,7.0,0.016456410515589843,-0.0005159272080976108,-0.0038604099068517694,0.07183548509704268,0.051510647141104746,0.044381773943817704,-0.012898909759896271,0.019402907737414044,-0.01252835113263362,0.5322271388474397,-0.8466016020976267,0.49999999999999994,-0.8660254037844387,2017-06-06,924.25,-0.021263753137144903,-0.021493083512397287,-20.08000000000004,7.0,DOWN,50.93999999999994,0.9488179087081898,0.004602759637027942,1,TRAIN
2017-06-06,Grade 1,982.14,https://exagri.info/mkt/2017/06.06.2017.html,2017-06-06,observed_source_value,-0.013192400052247089,0.004602759637027942,-0.030341290581476166,-0.015892738463316625,7.0,-0.012976976998898437,-0.013618297479635565,-0.00845268352942794,0.012421178758968171,0.017979248451279274,-0.03872918930029079,-0.06655768554511166,-0.0233371254007525,-0.04265429637810336,0.42667408318992467,-0.9044054548343001,1.2246467991473532e-16,-1.0,2017-06-13,957.54,-0.02504734559227806,-0.025366368745168188,-24.600000000000023,7.0,DOWN,57.889999999999986,0.9410572830757326,-0.021263753137144903,0,TRAIN
2017-06-06,Grade 2,924.25,https://exagri.info/mkt/2017/06.06.2017.html,2017-06-06,observed_source_value,-0.021263753137144903,0.08762453210480858,-0.062365010799136034,0.024109710241096982,7.0,0.001331922722842549,-0.01152753930290824,-0.007479487787249717,0.06944125171345487,0.051314988381315325,-0.0018898488120950852,-0.06547017189079873,0.011872048136315927,-0.024952975146191103,0.42667408318992467,-0.9044054548343001,1.2246467991473532e-16,-1.0,2017-06-13,928.5,0.00459832296456586,0.004587782976019185,4.25,7.0,UP,57.889999999999986,0.9410572830757326,-0.013192400052247089,1,TRAIN
2017-06-13,Grade 1,957.54,https://exagri.info/mkt/2017/13.06.2017.html,2017-06-13,observed_source_value,-0.02504734559227806,-0.013192400052247089,0.004602759637027942,-0.030341290581476166,7.0,-0.011212328669165736,-0.015974203010458,-0.011077898891113935,0.013415397660433684,0.018325690779060107,-0.03348103885092513,-0.07770104314156101,-0.03227371310413407,-0.05610215554589526,0.31494162072895193,-0.9491110448902284,1.2246467991473532e-16,-1.0,2017-06-20,919.0,-0.04024897132234684,-0.04108137328346296,-38.539999999999964,7.0,DOWN,29.039999999999964,0.9696722852309042,0.00459832296456586,0,TRAIN
2017-06-13,Grade 2,928.5,https://exagri.info/mkt/2017/13.06.2017.html,2017-06-13,observed_source_value,0.00459832296456586,-0.021263753137144903,0.08762453210480858,-0.062365010799136034,7.0,0.023653033977409848,0.006540760274838098,-0.00731717713549278,0.05569586019887816,0.05135428308181543,0.0693924560898358,0.026874585268745754,0.011144918792593828,-0.011834571422490114,0.31494162072895193,-0.9491110448902284,1.2246467991473532e-16,-1.0,2017-06-20,879.0,-0.05331179321486268,-0.05478548310758349,-49.5,7.0,DOWN,29.039999999999964,0.9696722852309042,-0.02504734559227806,1,TRAIN
2017-06-20,Grade 1,919.0,https://exagri.info/mkt/2017/20.06.2017.html,2017-06-20,observed_source_value,-0.04024897132234684,-0.02504734559227806,-0.013192400052247089,0.004602759637027942,7.0,-0.026162905655623996,-0.02084544958226404,-0.013502982590512792,0.017251841219541323,0.020522104406135618,-0.07663247159062359,-0.10052754695559407,-0.05153302811755622,-0.08179700020382308,0.19864794288017112,-0.9800709131432666,1.2246467991473532e-16,-1.0,2017-06-27,882.23,-0.040010881392818276,-0.040833329368679984,-36.76999999999998,7.0,DOWN,40.0,0.956474428726877,-0.05331179321486268,0,TRAIN
2017-06-20,Grade 2,879.0,https://exagri.info/mkt/2017/20.06.2017.html,2017-06-20,observed_source_value,-0.05331179321486268,0.00459832296456586,-0.021263753137144903,0.08762453210480858,7.0,-0.023325741129147242,-0.008943540416353835,-0.012055078298514455,0.060172580321140194,0.05335881953609181,-0.06918132432518298,-0.050755939524838034,-0.0328607297445388,-0.051766637504085944,0.19864794288017112,-0.9800709131432666,1.2246467991473532e-16,-1.0,2017-06-27,819.33,-0.0678839590443685,-0.07029796458383282,-59.66999999999996,7.0,DOWN,40.0,0.956474428726877,-0.04024897132234684,1,TRAIN
2017-06-27,Grade 1,882.23,https://exagri.info/mkt/2017/27.06.2017.html,2017-06-27,observed_source_value,-0.040010881392818276,-0.04024897132234684,-0.02504734559227806,-0.013192400052247089,7.0,-0.03510239943581439,-0.022779367744532465,-0.015586262510616533,0.019032516155043637,0.022154689281606722,-0.10172684138717492,-0.10949722925982375,-0.06862703697916894,-0.10490661293448156,0.07947729992362097,-0.9968366760893436,1.2246467991473532e-16,-1.0,2017-07-04,824.58,-0.06534577151083043,-0.06757862719219153,-57.64999999999998,7.0,DOWN,62.89999999999998,0.9287033993403081,-0.0678839590443685,0,TRAIN
2017-06-27,Grade 2,819.33,https://exagri.info/mkt/2017/27.06.2017.html,2017-06-27,observed_source_value,-0.0678839590443685,-0.05331179321486268,0.00459832296456586,-0.021263753137144903,7.0,-0.03886580976488844,-0.010047330065400328,-0.013306983697346175,0.06143489517826311,0.054619820131582286,-0.11351906951582358,-0.056343219118917265,-0.08870381122077853,-0.10353158203977675,0.07947729992362097,-0.9968366760893436,1.2246467991473532e-16,-1.0,2017-07-04,662.0,-0.1920227502959736,-0.21322137716433595,-157.33000000000004,7.0,DOWN,62.89999999999998,0.9287033993403081,-0.040010881392818276,1,TRAIN
2017-07-04,Grade 1,824.58,https://exagri.info/mkt/2017/04.07.2017.html,2017-07-04,observed_source_value,-0.06534577151083043,-0.040010881392818276,-0.04024897132234684,-0.02504734559227806,7.0,-0.04853520807533185,-0.03676907397410414,-0.020447761623385997,0.01957361178011683,0.027194422207970286,-0.13885581803371128,-0.1715012006792126,-0.09694249686233014,-0.1467119777804452,-0.04084439154329611,-0.9991655196610109,-0.4999999999999997,-0.8660254037844388,2017-07-11,721.71,-0.12475442043222007,-0.1332507696396588,-102.87,7.0,DOWN,162.58000000000004,0.8028329573843653,-0.1920227502959736,0,TRAIN
2017-07-04,Grade 2,662.0,https://exagri.info/mkt/2017/04.07.2017.html,2017-07-04,observed_source_value,-0.1920227502959736,-0.0678839590443685,-0.05331179321486268,0.00459832296456586,7.0,-0.1044061675184016,-0.06597678654555676,-0.033246356876827185,0.075881034817215,0.07773593743439108,-0.28702207862143236,-0.2989738756578739,-0.21435149581778645,-0.2515427038980833,-0.04084439154329611,-0.9991655196610109,-0.4999999999999997,-0.8660254037844388,2017-07-11,622.33,-0.05992447129909362,-0.06179505726413495,-39.66999999999996,7.0,DOWN,162.58000000000004,0.8028329573843653,-0.06534577151083043,1,TRAIN
2017-07-11,Grade 1,721.71,https://exagri.info/mkt/2017/11.07.2017.html,2017-07-11,observed_source_value,-0.12475442043222007,-0.06534577151083043,-0.040010881392818276,-0.04024897132234684,7.0,-0.07670369111195625,-0.05908147805009874,-0.03634988776486715,0.03946153149701534,0.03653498257890013,-0.2146789989118607,-0.2651658623006903,-0.16178868587197381,-0.22671995371312836,-0.16057454459499376,-0.9870237158387383,-0.4999999999999997,-0.8660254037844388,2017-07-18,704.23,-0.024220254672929542,-0.024518388807968892,-17.480000000000018,7.0,DOWN,99.38,0.8622992614762163,-0.05992447129909362,0,TRAIN
2017-07-11,Grade 2,622.33,https://exagri.info/mkt/2017/11.07.2017.html,2017-07-11,observed_source_value,-0.05992447129909362,-0.1920227502959736,-0.0678839590443685,-0.05331179321486268,7.0,-0.10661039354647857,-0.07370893017794651,-0.04261823474042738,0.07205929974199526,0.07433021959340809,-0.2920022753128555,-0.3266648634027589,-0.20441761523435498,-0.2659636077983626,-0.16057454459499376,-0.9870237158387383,-0.4999999999999997,-0.8660254037844388,2017-07-18,635.0,0.020358973534941205,0.020154500219818367,12.669999999999959,7.0,UP,99.38,0.8622992614762163,-0.12475442043222007,1,TRAIN
2017-07-18,Grade 1,704.23,https://exagri.info/mkt/2017/18.07.2017.html,2017-07-18,observed_source_value,-0.024220254672929542,-0.12475442043222007,-0.06534577151083043,-0.040010881392818276,7.0,-0.07144014887199335,-0.05891605986622903,-0.037445131438343514,0.03964119000382798,0.035925223316064965,-0.20176144542806296,-0.26454247342147585,-0.13095575985685193,-0.21744570580234512,-0.2779791393987801,-0.9605871111248129,-0.4999999999999997,-0.8660254037844388,2017-07-25,724.57,0.028882609374778268,0.02847336810378447,20.340000000000032,7.0,UP,69.23000000000002,0.9016940488192777,0.020358973534941205,0,TRAIN
2017-07-18,Grade 2,635.0,https://exagri.info/mkt/2017/18.07.2017.html,2017-07-18,observed_source_value,0.020358973534941205,-0.05992447129909362,-0.1920227502959736,-0.0678839590443685,7.0,-0.07719608268670868,-0.07055680006387144,-0.03200801989451667,0.0765461228772532,0.07505955828450328,-0.22497650519326773,-0.31610123855681205,-0.12236086309935146,-0.22645782246049762,-0.2779791393987801,-0.9605871111248129,-0.4999999999999997,-0.8660254037844388,2017-07-25,669.33,0.05406299212598431,0.05265221315873662,34.33000000000004,7.0,UP,69.23000000000002,0.9016940488192777,-0.024220254672929542,1,TRAIN
2017-07-25,Grade 1,724.57,https://exagri.info/mkt/2017/25.07.2017.html,2017-07-25,observed_source_value,0.028882609374778268,-0.024220254672929542,-0.12475442043222007,-0.06534577151083043,7.0,-0.04003068857679045,-0.04508974372680401,-0.032967596654534026,0.056324965192018545,0.041298339237260534,-0.1212859880181425,-0.21156692056583237,-0.06078572687772854,-0.1673504191000208,-0.3913578365610259,-0.9202385798054075,-0.4999999999999997,-0.8660254037844388,2017-08-01,714.36,-0.014091116110244717,-0.01419133849767309,-10.210000000000036,7.0,DOWN,55.24000000000001,0.9237616793408504,0.05406299212598431,0,TRAIN
2017-07-25,Grade 2,669.33,https://exagri.info/mkt/2017/25.07.2017.html,2017-07-25,observed_source_value,0.05406299212598431,0.020358973534941205,-0.05992447129909362,-0.1920227502959736,7.0,0.004832498120610633,-0.04908184299570204,-0.029012691706027938,0.09534682630924333,0.07808452341595741,0.011072507552870148,-0.23853242320819112,-0.017998879104692223,-0.15832109371856262,-0.3913578365610259,-0.9202385798054075,-0.4999999999999997,-0.8660254037844388,2017-08-01,674.0,0.006977126380111498,0.006952898860878866,4.669999999999959,7.0,UP,55.24000000000001,0.9237616793408504,0.028882609374778268,1,TRAIN
2017-08-01,Grade 1,714.36,https://exagri.info/mkt/2017/01.08.2017.html,2017-08-01,observed_source_value,-0.014091116110244717,0.028882609374778268,-0.024220254672929542,-0.12475442043222007,7.0,-0.0031429204694653303,-0.0399057906702893,-0.03134257920741088,0.058074865562845246,0.041730607779632445,-0.0101841459866151,-0.19027917889892654,-0.03188822182168072,-0.1521583549242016,-0.4990686026885319,-0.8665624788845385,-0.8660254037844385,-0.5000000000000004,2017-08-08,675.79,-0.05399238479198165,-0.055504660059891256,-38.57000000000005,7.0,DOWN,40.360000000000014,0.9435018758049163,0.006977126380111498,0,TRAIN
2017-08-01,Grade 2,674.0,https://exagri.info/mkt/2017/01.08.2017.html,2017-08-01,observed_source_value,0.006977126380111498,0.05406299212598431,0.020358973534941205,-0.05992447129909362,7.0,0.02713303068034567,-0.03410962591080604,-0.022078477988103185,0.09750938571025443,0.07787225421733351,0.08302669001976426,-0.17737663700828732,0.032899535961454784,-0.13122722532794884,-0.4990686026885319,-0.8665624788845385,-0.8660254037844385,-0.5000000000000004,2017-08-08,667.0,-0.010385756676557834,-0.010440064996683285,-7.0,7.0,DOWN,40.360000000000014,0.9435018758049163,-0.014091116110244717,1,TRAIN
2017-08-08,Grade 1,675.79,https://exagri.info/mkt/2017/08.08.2017.html,2017-08-08,observed_source_value,-0.05399238479198165,-0.014091116110244717,0.028882609374778268,-0.024220254672929542,7.0,-0.0130669638424827,-0.037635113326519545,-0.03720209365031184,0.05704432415095047,0.0402086224089496,-0.040384533462079264,-0.18044337723447101,-0.04567227579038935,-0.16632433399332613,-0.5995514915196489,-0.8003361849976323,-0.8660254037844385,-0.5000000000000004,2017-08-15,681.62,0.00862694032169764,0.008589940914213659,5.830000000000041,7.0,UP,8.789999999999964,0.9869930007842673,-0.010385756676557834,0,TRAIN
2017-08-08,Grade 2,667.0,https://exagri.info/mkt/2017/08.08.2017.html,2017-08-08,observed_source_value,-0.010385756676557834,0.006977126380111498,0.05406299212598431,0.020358973534941205,7.0,0.01688478727651266,0.0022177728130771124,-0.031879506866239825,0.042012464919661215,0.06808341242714658,0.050393700787401574,0.007552870090634434,0.02060801919416333,-0.10837697874809171,-0.5995514915196489,-0.8003361849976323,-0.8660254037844385,-0.5000000000000004,2017-08-15,612.25,-0.08208395802098956,-0.08564935008334665,-54.75,7.0,DOWN,8.789999999999964,0.9869930007842673,-0.05399238479198165,1,TRAIN
2017-08-15,Grade 1,681.62,https://exagri.info/mkt/2017/15.08.2017.html,2017-08-15,observed_source_value,0.00862694032169764,-0.05399238479198165,-0.014091116110244717,0.028882609374778268,7.0,-0.01981885352684291,-0.010958841175736,-0.035020159612917365,0.03165638217332587,0.042199034284538105,-0.0592765364285025,-0.05554862756508849,-0.02641569801489474,-0.12675850636015285,-0.6913512362094071,-0.722518835873311,-0.8660254037844385,-0.5000000000000004,2017-08-22,673.0,-0.012646342536897448,-0.012726988162893648,-8.620000000000005,7.0,DOWN,69.37,0.8982277515331123,-0.08208395802098956,0,TRAIN
2017-08-15,Grade 2,612.25,https://exagri.info/mkt/2017/15.08.2017.html,2017-08-15,observed_source_value,-0.08208395802098956,-0.010385756676557834,0.006977126380111498,0.05406299212598431,7.0,-0.028497529439145297,-0.0022141245313020753,-0.03796152735462429,0.05051510561819675,0.06972648339988187,-0.08527930915990622,-0.01619719441453893,-0.06026866569662137,-0.14594475458727751,-0.6913512362094071,-0.722518835873311,-0.8660254037844385,-0.5000000000000004,2017-08-22,634.5,0.036341363821968065,0.03569659132216515,22.25,7.0,UP,69.37,0.8982277515331123,0.00862694032169764,1,TRAIN
2017-08-22,Grade 1,673.0,https://exagri.info/mkt/2017/22.08.2017.html,2017-08-22,observed_source_value,-0.012646342536897448,0.00862694032169764,-0.05399238479198165,-0.014091116110244717,7.0,-0.019337262335727152,-0.008644058748529582,-0.033780059307379304,0.030857323335346635,0.042703862217097446,-0.05789797861022461,-0.044346307314371725,-0.03007488456017582,-0.10518289237331291,-0.7731383255706026,-0.6342374393978054,-0.8660254037844385,-0.5000000000000004,2017-08-29,684.79,0.01751857355126285,0.017366892272444097,11.789999999999964,7.0,UP,38.5,0.9427934621099554,0.036341363821968065,0,TRAIN
2017-08-22,Grade 2,634.5,https://exagri.info/mkt/2017/22.08.2017.html,2017-08-22,observed_source_value,0.036341363821968065,-0.08208395802098956,-0.010385756676557834,0.006977126380111498,7.0,-0.018709450291859775,0.0009823535261032968,-0.034787223268884074,0.052756509428846396,0.07254489728555628,-0.0586053412462908,-0.0007874015748031704,-0.025968044997359496,-0.07705600502709908,-0.7731383255706026,-0.6342374393978054,-0.8660254037844385,-0.5000000000000004,2017-08-29,631.75,-0.004334121355397902,-0.004343540886138696,-2.75,7.0,DOWN,38.5,0.9427934621099554,-0.012646342536897448,1,TRAIN
2017-08-29,Grade 1,684.79,https://exagri.info/mkt/2017/29.08.2017.html,2017-08-29,observed_source_value,0.01751857355126285,-0.012646342536897448,0.00862694032169764,-0.05399238479198165,7.0,0.004499723778687681,-0.010916865913232664,-0.028003304820018338,0.027654574034263017,0.04554432837082706,0.013317746637268923,-0.05490152780269686,-0.0016357783505757117,-0.06024251805985559,-0.8437282590292712,-0.5367705514607103,-0.8660254037844385,-0.5000000000000004,2017-09-04,696.07,0.01647220315717246,0.016338008072594137,11.280000000000086,6.0,UP,53.039999999999964,0.9225455979205305,-0.004334121355397902,0,TRAIN
2017-08-29,Grade 2,631.75,https://exagri.info/mkt/2017/29.08.2017.html,2017-08-29,observed_source_value,-0.004334121355397902,0.036341363821968065,-0.08208395802098956,-0.010385756676557834,7.0,-0.016692238518139797,-0.010697069170173146,-0.029889456082937593,0.04376546380100067,0.07280812652287562,-0.052848575712143964,-0.05614569793674273,-0.01886938965677898,-0.04677336367161633,-0.8437282590292712,-0.5367705514607103,-0.8660254037844385,-0.5000000000000004,2017-09-04,620.0,-0.01859912940245345,-0.018774268229166315,-11.75,6.0,DOWN,53.039999999999964,0.9225455979205305,0.01751857355126285,1,TRAIN
2017-09-04,Grade 1,696.07,https://exagri.info/mkt/2017/04.09.2017.html,2017-09-04,observed_source_value,0.01647220315717246,0.01751857355126285,-0.012646342536897448,0.00862694032169764,6.0,0.007114811390512621,-0.0048042020597492295,-0.022354996365019263,0.03005147169178206,0.047356130251293024,0.021199495319973005,-0.02560333725292563,0.020250522532663906,-0.01971912707443746,-0.8945422369764496,-0.4469834295196741,-1.0,-1.8369701987210297e-16,2017-09-12,706.64,0.015185254356602007,0.015071112447110718,10.569999999999936,8.0,UP,76.07000000000005,0.8907150142945393,-0.01859912940245345,0,TRAIN
2017-09-04,Grade 2,620.0,https://exagri.info/mkt/2017/04.09.2017.html,2017-09-04,observed_source_value,-0.01859912940245345,-0.004334121355397902,0.036341363821968065,-0.08208395802098956,6.0,0.004469371021372237,-0.015812320326686134,-0.024960973118746087,0.04266409404423305,0.071608658203943,0.012658227848101333,-0.0801186943620178,-0.020691833833517692,-0.035493827160493874,-0.8945422369764496,-0.4469834295196741,-1.0,-1.8369701987210297e-16,2017-09-12,672.25,0.08427419354838706,0.08091081710983677,52.25,8.0,UP,76.07000000000005,0.8907150142945393,0.01647220315717246,1,TRAIN
2017-09-12,Grade 1,706.64,https://exagri.info/mkt/2017/12.09.2017.html,2017-09-12,observed_source_value,0.015185254356602007,0.01647220315717246,0.01751857355126285,-0.012646342536897448,8.0,0.016392010355012438,0.009031325769967503,-0.01430189377827602,0.012603131545922415,0.04606271897614196,0.049985141158989554,0.04565027597330529,0.026460437172440177,0.011975173211815404,-0.9474042892438845,-0.32003923622313857,-1.0,-1.8369701987210297e-16,2017-09-19,715.21,0.012127816144005488,0.01205486342758725,8.57000000000005,7.0,UP,34.389999999999986,0.9513330691724217,0.08427419354838706,0,TRAIN
2017-09-12,Grade 2,672.25,https://exagri.info/mkt/2017/12.09.2017.html,2017-09-12,observed_source_value,0.08427419354838706,-0.01859912940245345,-0.004334121355397902,0.036341363821968065,8.0,0.020446980930178566,0.003119669718302842,0.002668721265689977,0.062202614723496884,0.050043185231836984,0.05949566587864452,0.007871064467766198,0.06008042261294655,0.04412424806745774,-0.9474042892438845,-0.32003923622313857,-1.0,-1.8369701987210297e-16,2017-09-19,671.0,-0.0018594272963926572,-0.0018611581772922038,-1.25,7.0,DOWN,34.389999999999986,0.9513330691724217,0.015185254356602007,1,TRAIN
2017-09-19,Grade 1,715.21,https://exagri.info/mkt/2017/19.09.2017.html,2017-09-19,observed_source_value,0.012127816144005488,0.015185254356602007,0.01647220315717246,0.01751857355126285,7.0,0.014595091219259984,0.009731500934429071,-0.0006136701206534645,0.012672107143214111,0.025212565140333425,0.04442237766322532,0.049279657287051526,0.028868921745485165,0.02520254347589268,-0.9789888737409319,-0.20391367068311472,-1.0,-1.8369701987210297e-16,2017-09-26,701.07,-0.01977041708029803,-0.019968466468639128,-14.139999999999986,7.0,DOWN,44.210000000000036,0.9381859873323919,-0.0018594272963926572,0,TRAIN
2017-09-19,Grade 2,671.0,https://exagri.info/mkt/2017/19.09.2017.html,2017-09-19,observed_source_value,-0.0018594272963926572,0.08427419354838706,-0.01859912940245345,-0.004334121355397902,7.0,0.021271878949846983,0.019164575863222223,0.008475225665960073,0.041697120029171794,0.04509782568517784,0.06212900672734478,0.09595753368721938,0.03886050472209335,0.034363689055784796,-0.9789888737409319,-0.20391367068311472,-1.0,-1.8369701987210297e-16,2017-09-26,659.75,-0.016766020864381503,-0.016908161588248326,-11.25,7.0,DOWN,44.210000000000036,0.9381859873323919,0.012127816144005488,1,TRAIN
2017-09-26,Grade 1,701.07,https://exagri.info/mkt/2017/26.09.2017.html,2017-09-26,observed_source_value,-0.01977041708029803,0.012127816144005488,0.015185254356602007,0.01647220315717246,7.0,0.0025142178067698215,0.008306686025748956,-0.00016868636139031335,0.015825406774368354,0.024785280091645837,0.007183185599149544,0.041708766716196166,0.00044808749407798665,0.005389266210821031,-0.9963950238187231,-0.08483487790576538,-1.0,-1.8369701987210297e-16,2017-10-03,684.15,-0.024134537207411655,-0.02443054757000578,-16.920000000000073,7.0,DOWN,41.32000000000005,0.9410615202476215,-0.016766020864381503,0,TRAIN
2017-09-26,Grade 2,659.75,https://exagri.info/mkt/2017/26.09.2017.html,2017-09-26,observed_source_value,-0.016766020864381503,-0.0018594272963926572,0.08427419354838706,-0.01859912940245345,7.0,0.0218829151292043,0.008543098925952309,0.0047627262260278025,0.042972334559242376,0.045536792786899455,0.06411290322580654,0.03979511426319937,0.013518703433443413,0.013156055978119863,-0.9963950238187231,-0.08483487790576538,-1.0,-1.8369701987210297e-16,2017-10-03,630.67,-0.044077302008336594,-0.04507822904142525,-29.08000000000004,7.0,DOWN,41.32000000000005,0.9410615202476215,-0.01977041708029803,1,TRAIN
2017-10-03,Grade 1,684.15,https://exagri.info/mkt/2017/03.10.2017.html,2017-10-03,observed_source_value,-0.024134537207411655,-0.01977041708029803,0.012127816144005488,0.015185254356602007,7.0,-0.010592379381234732,-2.3936125985946077e-05,-0.005470401019609305,0.020139214012735555,0.023518535060773973,-0.031826672704630354,-0.0009345930869317787,-0.023518900186689562,-0.013155047816867937,-0.9993706508539969,0.03547255575312556,-0.8660254037844386,0.5000000000000001,2017-10-10,657.23,-0.03934809617773871,-0.04014315850004965,-26.91999999999996,7.0,DOWN,53.48000000000002,0.9218300080391727,-0.044077302008336594,0,TRAIN
2017-10-03,Grade 2,630.67,https://exagri.info/mkt/2017/03.10.2017.html,2017-10-03,observed_source_value,-0.044077302008336594,-0.016766020864381503,-0.0018594272963926572,0.08427419354838706,7.0,-0.020900916723036917,0.0005944627953645698,-0.005051303187404288,0.04917739790928933,0.04428954715242659,-0.06185198958720717,-0.0017095370003957777,-0.03083287487667785,-0.025716920766795992,-0.9993706508539969,0.03547255575312556,-0.8660254037844386,0.5000000000000001,2017-10-10,599.0,-0.050216436488179195,-0.05152114822655891,-31.66999999999996,7.0,DOWN,53.48000000000002,0.9218300080391727,-0.024134537207411655,1,TRAIN
2017-10-10,Grade 1,657.23,https://exagri.info/mkt/2017/10.10.2017.html,2017-10-10,observed_source_value,-0.03934809617773871,-0.024134537207411655,-0.01977041708029803,0.012127816144005488,7.0,-0.027751016821816132,-0.01118799599296818,-0.007996099026358705,0.023840289182189816,0.025793374297770406,-0.08106709917366928,-0.055798985734193396,-0.051424530208122654,-0.04410834301737887,-0.9878726596350429,0.15526624985999563,-0.8660254037844386,0.5000000000000001,2017-10-16,662.57,0.008125009509608594,0.008092179330301959,5.340000000000032,6.0,UP,58.23000000000002,0.9114008794485948,-0.050216436488179195,0,TRAIN
2017-10-10,Grade 2,599.0,https://exagri.info/mkt/2017/10.10.2017.html,2017-10-10,observed_source_value,-0.050216436488179195,-0.044077302008336594,-0.016766020864381503,-0.0018594272963926572,7.0,-0.03701991978696576,-0.005728998621780579,-0.010770659474233358,0.05405341928035166,0.0462146822119483,-0.10730253353204178,-0.03387096774193543,-0.07352126879638188,-0.0637948038267192,-0.9878726596350429,0.15526624985999563,-0.8660254037844386,0.5000000000000001,2017-10-16,597.5,-0.0025041736227044975,-0.002507314309783607,-1.5,6.0,DOWN,58.23000000000002,0.9114008794485948,-0.03934809617773871,1,TRAIN
2017-10-16,Grade 1,662.57,https://exagri.info/mkt/2017/16.10.2017.html,2017-10-16,observed_source_value,0.008125009509608594,-0.03934809617773871,-0.024134537207411655,-0.01977041708029803,6.0,-0.018452541291847258,-0.012600044962366863,-0.0017843595961996805,0.02202789134962369,0.02040168344823429,-0.05491605688447654,-0.06236556096456458,-0.031395549422114866,-0.034485271080606394,-0.9666180104000972,0.2562218218071163,-0.8660254037844386,0.5000000000000001,2017-10-24,676.85,0.021552439742215768,0.021323469975723798,14.279999999999973,8.0,UP,65.07000000000005,0.9017915088217093,-0.0025041736227044975,0,TRAIN
2017-10-16,Grade 2,597.5,https://exagri.info/mkt/2017/16.10.2017.html,2017-10-16,observed_source_value,-0.0025041736227044975,-0.050216436488179195,-0.044077302008336594,-0.016766020864381503,6.0,-0.032265970706406764,-0.02308467205599889,-0.009982501168848024,0.022862723138705247,0.04628912323716462,-0.09435392194012882,-0.11119375232428408,-0.05396590160612058,-0.05588377968830727,-0.9666180104000972,0.2562218218071163,-0.8660254037844386,0.5000000000000001,2017-10-24,616.5,0.03179916317991638,0.031304038798733315,19.0,8.0,UP,65.07000000000005,0.9017915088217093,0.008125009509608594,1,TRAIN
2017-10-24,Grade 1,676.85,https://exagri.info/mkt/2017/24.10.2017.html,2017-10-24,observed_source_value,0.021552439742215768,0.008125009509608594,-0.03934809617773871,-0.024134537207411655,8.0,-0.0032235489753047832,-0.010715120242724807,-0.0004918096541478678,0.024890120428848993,0.0215137226789262,-0.01067017466929765,-0.0536345968316998,0.0007037526575532915,-0.012990005220500533,-0.9223291176290545,0.3864052261209853,-0.8660254037844386,0.5000000000000001,2017-10-31,666.31,-0.015572135628278194,-0.01569465492138663,-10.540000000000077,7.0,DOWN,60.35000000000002,0.9108369653542143,0.03179916317991638,0,TRAIN
2017-10-24,Grade 2,616.5,https://exagri.info/mkt/2017/24.10.2017.html,2017-10-24,observed_source_value,0.03179916317991638,-0.0025041736227044975,-0.050216436488179195,-0.044077302008336594,8.0,-0.0069738156436557714,-0.016352953960737084,0.00140581095124257,0.03326394688621556,0.040186091066291244,-0.02246816877289226,-0.08122205663189275,-0.0067409503064360665,-0.026515414690221895,-0.9223291176290545,0.3864052261209853,-0.8660254037844386,0.5000000000000001,2017-10-31,629.8,0.021573398215734008,0.021343986062525307,13.299999999999955,7.0,UP,60.35000000000002,0.9108369653542143,0.021552439742215768,1,TRAIN
2017-10-31,Grade 1,666.31,https://exagri.info/mkt/2017/31.10.2017.html,2017-10-31,observed_source_value,-0.015572135628278194,0.021552439742215768,0.008125009509608594,-0.03934809617773871,7.0,0.004701771207848722,-0.00987546395232084,-0.0007843889632859425,0.024577120783664266,0.021716327464525453,0.013815559241057151,-0.04958135421569898,-0.0046487865651264615,-0.027411037106128022,-0.8692328164574792,0.49440298420761813,-0.8660254037844386,0.5000000000000001,2017-11-07,660.31,-0.0090048175774039,-0.009045605993333577,-6.0,7.0,DOWN,36.50999999999999,0.9452056850414972,0.021573398215734008,0,TRAIN
2017-10-31,Grade 2,629.8,https://exagri.info/mkt/2017/31.10.2017.html,2017-10-31,observed_source_value,0.021573398215734008,0.03179916317991638,-0.0025041736227044975,-0.050216436488179195,7.0,0.01695612925764863,-0.00868507014471398,-7.098560938083587e-05,0.037316939866039935,0.03901385320564879,0.05141903171953244,-0.045395983327017886,0.024574829101959628,-0.00477543448236617,-0.8692328164574792,0.49440298420761813,-0.8660254037844386,0.5000000000000001,2017-11-07,633.25,0.005477929501429113,0.005462980214860418,3.4500000000000455,7.0,UP,36.50999999999999,0.9452056850414972,-0.015572135628278194,1,TRAIN
2017-11-07,Grade 1,660.31,https://exagri.info/mkt/2017/07.11.2017.html,2017-11-07,observed_source_value,-0.0090048175774039,-0.015572135628278194,0.021552439742215768,0.008125009509608594,7.0,-0.0010081711544887757,-0.006849520026319289,-0.0034367280761526176,0.02327979078438458,0.02083431434760381,-0.003410960351359238,-0.034846159467953,-0.006535731373015219,-0.032712655700434246,-0.8035476485339116,0.5952404359043674,-0.5000000000000004,0.8660254037844384,2017-11-14,657.31,-0.004543320561554376,-0.004553672810039607,-3.0,7.0,DOWN,27.059999999999945,0.9590192485347792,0.005477929501429113,0,TRAIN
2017-11-07,Grade 2,633.25,https://exagri.info/mkt/2017/07.11.2017.html,2017-11-07,observed_source_value,0.005477929501429113,0.021573398215734008,0.03179916317991638,-0.0025041736227044975,7.0,0.0196168302990265,0.0012259761572391615,0.0009102194763018657,0.03172952998609298,0.03901810858204676,0.059832635983263494,0.004090887468882309,0.029323320492189664,0.00043919794240498966,-0.8035476485339116,0.5952404359043674,-0.5000000000000004,0.8660254037844384,2017-11-14,616.25,-0.02684563758389258,-0.0272125635248847,-17.0,7.0,DOWN,27.059999999999945,0.9590192485347792,-0.0090048175774039,1,TRAIN
2017-11-14,Grade 1,657.31,https://exagri.info/mkt/2017/14.11.2017.html,2017-11-14,observed_source_value,-0.004543320561554376,-0.0090048175774039,-0.015572135628278194,0.021552439742215768,7.0,-0.009706757922412157,0.00011143509691757814,-0.005538280448025301,0.014787505357750128,0.019627960977960816,-0.028869025633449175,0.0001217229889078908,-0.01107316412655912,-0.03160887788851818,-0.7262249146041543,0.6874571793269664,-0.5000000000000004,0.8660254037844384,2017-11-21,640.0,-0.026334606197988664,-0.02668757255331783,-17.309999999999945,7.0,DOWN,41.059999999999945,0.9375332795788898,-0.02684563758389258,0,TRAIN
2017-11-14,Grade 2,616.25,https://exagri.info/mkt/2017/14.11.2017.html,2017-11-14,observed_source_value,-0.02684563758389258,0.005477929501429113,0.021573398215734008,0.03179916317991638,7.0,6.856337775684729e-05,0.005900135938096485,8.556865815795289e-05,0.02269089643182024,0.039559642164483495,-0.00040551500405516805,0.028797996661101832,-0.0038955161154755613,-0.025841096306179145,-0.7262249146041543,0.6874571793269664,-0.5000000000000004,0.8660254037844384,2017-11-21,622.0,0.009330628803245533,0.009287367382279676,5.75,7.0,UP,41.059999999999945,0.9375332795788898,-0.004543320561554376,1,TRAIN
2017-11-21,Grade 1,640.0,https://exagri.info/mkt/2017/21.11.2017.html,2017-11-21,observed_source_value,-0.026334606197988664,-0.004543320561554376,-0.0090048175774039,-0.015572135628278194,7.0,-0.013294248112315646,-0.006780488044601874,-0.009690266503484368,0.017835105558862335,0.019142576330798137,-0.03948612507691607,-0.034064325278838514,-0.03053217724295465,-0.047762166698159914,-0.6383844591746642,0.7697176640069211,-0.5000000000000004,0.8660254037844384,2017-11-28,612.46,-0.043031249999999965,-0.0439845421898221,-27.539999999999964,7.0,DOWN,18.0,0.971875,0.009330628803245533,0,TRAIN
2017-11-21,Grade 2,622.0,https://exagri.info/mkt/2017/21.11.2017.html,2017-11-21,observed_source_value,0.009330628803245533,-0.02684563758389258,0.005477929501429113,0.021573398215734008,7.0,-0.004012359759739311,0.00826709642328649,-0.0074087878163562,0.022207152428498026,0.02691711636393279,-0.012384884090187342,0.041004184100418506,-0.002501764064404499,-0.008878662527964765,-0.6383844591746642,0.7697176640069211,-0.5000000000000004,0.8660254037844384,2017-11-28,551.0,-0.11414790996784563,-0.12120528358626492,-71.0,7.0,DOWN,18.0,0.971875,-0.026334606197988664,1,TRAIN
2017-11-28,Grade 1,612.46,https://exagri.info/mkt/2017/28.11.2017.html,2017-11-28,observed_source_value,-0.043031249999999965,-0.026334606197988664,-0.004543320561554376,-0.0090048175774039,7.0,-0.024636392253181,-0.01969722599304502,-0.015206173117884914,0.015407111267311016,0.020081180381248752,-0.07246596295679286,-0.09513186082588454,-0.05379141574408519,-0.07459060236376325,-0.5412984521036173,0.8408305333122887,-0.5000000000000004,0.8660254037844384,2017-12-05,603.5,-0.014629526826241745,-0.01473759362630925,-8.960000000000036,7.0,DOWN,61.460000000000036,0.8996505894262482,-0.11414790996784563,0,TRAIN
2017-11-28,Grade 2,551.0,https://exagri.info/mkt/2017/28.11.2017.html,2017-11-28,observed_source_value,-0.11414790996784563,0.009330628803245533,-0.02684563758389258,0.005477929501429113,7.0,-0.043887639582830894,-0.02092231820626591,-0.018637636083501496,0.0551003549619986,0.04297590389660211,-0.1298855112514805,-0.10624493106244937,-0.09740195917832462,-0.10489755869337769,-0.5412984521036173,0.8408305333122887,-0.5000000000000004,0.8660254037844384,2017-12-05,535.0,-0.029038112522686066,-0.02946806225690798,-16.0,7.0,DOWN,61.460000000000036,0.8996505894262482,-0.043031249999999965,1,TRAIN
2017-12-05,Grade 1,603.5,https://exagri.info/mkt/2017/05.12.2017.html,2017-12-05,observed_source_value,-0.014629526826241745,-0.043031249999999965,-0.026334606197988664,-0.004543320561554376,7.0,-0.02799846100807679,-0.01950870423263773,-0.014692084092479286,0.015475818334341801,0.020017052653161792,-0.08186396068825963,-0.09426543200612325,-0.04918105105275428,-0.07448444873165261,-0.4363729641045924,0.8997658785476209,-2.4492935982947064e-16,1.0,2017-12-12,598.31,-0.008599834299917286,-0.008637026258212591,-5.190000000000055,7.0,DOWN,68.5,0.8864954432477217,-0.029038112522686066,0,TRAIN
2017-12-05,Grade 2,535.0,https://exagri.info/mkt/2017/05.12.2017.html,2017-12-05,observed_source_value,-0.029038112522686066,-0.11414790996784563,0.009330628803245533,-0.02684563758389258,7.0,-0.04461846456242872,-0.031044620353949927,-0.019864845249331953,0.049728944456612335,0.04309158384551628,-0.13184584178498981,-0.15052397586535404,-0.09551986475063401,-0.11291218493874122,-0.4363729641045924,0.8997658785476209,-2.4492935982947064e-16,1.0,2017-12-12,538.5,0.006542056074766434,0.006520749700436785,3.5,7.0,UP,68.5,0.8864954432477217,-0.014629526826241745,1,TRAIN
2017-12-12,Grade 1,598.31,https://exagri.info/mkt/2017/12.12.2017.html,2017-12-12,observed_source_value,-0.008599834299917286,-0.014629526826241745,-0.043031249999999965,-0.026334606197988664,7.0,-0.02208687037538633,-0.019427707577140407,-0.013138613801729848,0.015545439994755725,0.01980450133889299,-0.06514062500000006,-0.09389529160545806,-0.03857525758617819,-0.07020365665089334,-0.3251276029999093,0.9456701548465688,-2.4492935982947064e-16,1.0,2017-12-19,582.07,-0.027143119787401027,-0.027518298866293974,-16.239999999999895,7.0,DOWN,59.809999999999945,0.9000350988617941,0.006542056074766434,0,TRAIN
2017-12-12,Grade 2,538.5,https://exagri.info/mkt/2017/12.12.2017.html,2017-12-12,observed_source_value,0.006542056074766434,-0.029038112522686066,-0.11414790996784563,0.009330628803245533,7.0,-0.04554798880525509,-0.03083179503928246,-0.01480290944102165,0.049926212531647376,0.0429040412740337,-0.13424437299035374,-0.14962495065140147,-0.05947078857741672,-0.09325116185087878,-0.3251276029999093,0.9456701548465688,-2.4492935982947064e-16,1.0,2017-12-19,539.67,0.0021727019498607447,0.002170345046261244,1.169999999999959,7.0,UP,59.809999999999945,0.9000350988617941,-0.008599834299917286,1,TRAIN
2017-12-19,Grade 1,582.07,https://exagri.info/mkt/2017/19.12.2017.html,2017-12-19,observed_source_value,-0.027143119787401027,-0.008599834299917286,-0.014629526826241745,-0.043031249999999965,7.0,-0.016790826971186685,-0.023947667422309738,-0.01191811616269608,0.01325212475659074,0.018331083304823588,-0.049619566992130104,-0.11446653785884875,-0.041494035582312905,-0.08475098629021205,-0.20917350564635637,0.9778785428342386,-2.4492935982947064e-16,1.0,2017-12-26,581.42,-0.001116704176473804,-0.0011173281551590047,-0.650000000000091,7.0,DOWN,42.40000000000009,0.9271565275654129,0.0021727019498607447,0,TRAIN
2017-12-19,Grade 2,539.67,https://exagri.info/mkt/2017/19.12.2017.html,2017-12-19,observed_source_value,0.0021727019498607447,0.006542056074766434,-0.029038112522686066,-0.11414790996784563,7.0,-0.0067744514993529625,-0.025028127132531795,-0.009563995597217656,0.052142835930281115,0.0412666156708656,-0.020562613430127108,-0.12426774847870192,-0.03151997186101363,-0.08211114267102293,-0.20917350564635637,0.9778785428342386,-2.4492935982947064e-16,1.0,2017-12-26,551.0,0.020994311338410565,0.020776967510210062,11.330000000000041,7.0,UP,42.40000000000009,0.9271565275654129,-0.027143119787401027,1,TRAIN
2017-12-26,Grade 1,581.42,https://exagri.info/mkt/2017/26.12.2017.html,2017-12-26,observed_source_value,-0.001116704176473804,-0.027143119787401027,-0.008599834299917286,-0.014629526826241745,7.0,-0.012286552754597372,-0.018904087018006766,-0.012842287531304319,0.01651394964717335,0.01741857317523834,-0.03658657829328926,-0.09153125000000006,-0.023729246144753247,-0.07395668419728163,-0.09019000427034513,0.9959245770286599,-2.4492935982947064e-16,1.0,2018-01-03,606.5,0.04313577104330779,0.04223134112618406,25.08000000000004,8.0,UP,30.41999999999996,0.9476798183757009,0.020994311338410565,0,TRAIN
2017-12-26,Grade 2,551.0,https://exagri.info/mkt/2017/26.12.2017.html,2017-12-26,observed_source_value,0.020994311338410565,0.0021727019498607447,0.006542056074766434,-0.029038112522686066,7.0,0.00990302312101258,-0.02269539062549879,-0.00721414710110615,0.054281290033284024,0.042367641317474884,0.02990654205607468,-0.11414790996784563,0.01466943137998733,-0.05536973445774607,-0.09019000427034513,0.9959245770286599,-2.4492935982947064e-16,1.0,2018-01-03,582.8,0.05771324863883831,0.05610926516813512,31.799999999999955,8.0,UP,30.41999999999996,0.9476798183757009,-0.001116704176473804,1,TRAIN
2018-01-03,Grade 1,606.5,https://exagri.info/mkt/2018/03.01.2018.html,2018-01-03,observed_source_value,0.04313577104330779,-0.001116704176473804,-0.027143119787401027,-0.008599834299917286,8.0,0.004958649026477653,-0.0016706828093452143,-0.010683954401195118,0.026798857360950723,0.022692686001607072,0.013688556099680893,-0.009731247754955485,0.020425331448953532,-0.023064693574133432,0.051584366869408364,0.9986686402879997,0.49999999999999994,0.8660254037844387,2018-01-09,614.58,0.013322341302555607,0.013234379292393374,8.080000000000041,6.0,UP,23.700000000000045,0.9609233305853255,0.05771324863883831,0,TRAIN
2018-01-03,Grade 2,582.8,https://exagri.info/mkt/2018/03.01.2018.html,2018-01-03,observed_source_value,0.05771324863883831,0.020994311338410565,0.0021727019498607447,0.006542056074766434,8.0,0.02696008730903654,0.011676841095837998,-0.004622738555213957,0.031545872144638894,0.04568190455412129,0.08226555246053846,0.05771324863883831,0.06080517806892671,0.004954071805589377,0.051584366869408364,0.9986686402879997,0.49999999999999994,0.8660254037844387,2018-01-09,572.8,-0.017158544955387822,-0.01730745867461395,-10.0,6.0,DOWN,23.700000000000045,0.9609233305853255,0.04313577104330779,1,TRAIN
2018-01-09,Grade 1,614.58,https://exagri.info/mkt/2018/09.01.2018.html,2018-01-09,observed_source_value,0.013322341302555607,0.04313577104330779,-0.001116704176473804,-0.027143119787401027,6.0,0.018447136056463198,0.0039196908164142565,-0.007794506708111737,0.02633112592920297,0.023813023560191843,0.05585238888793431,0.01835956917978465,0.03017888751810327,-0.0017315145391992859,0.1542040475626894,0.988039023376751,0.49999999999999994,0.8660254037844387,2018-01-16,615.71,0.0018386540401575946,0.0018369657849126848,1.1299999999999955,7.0,UP,41.780000000000086,0.9320186143382472,-0.017158544955387822,0,TRAIN
2018-01-09,Grade 2,572.8,https://exagri.info/mkt/2018/09.01.2018.html,2018-01-09,observed_source_value,-0.017158544955387822,0.05771324863883831,0.020994311338410565,0.0021727019498607447,6.0,0.02051633834062035,0.014052754609297646,-0.00849593287232614,0.027955837551891908,0.04484841153067861,0.061389367576481835,0.0706542056074766,0.02845118268295055,-0.002485079942252888,0.1542040475626894,0.988039023376751,0.49999999999999994,0.8660254037844387,2018-01-16,571.63,-0.0020425977653630856,-0.0020446867132501998,-1.169999999999959,7.0,DOWN,41.780000000000086,0.9320186143382472,0.013322341302555607,1,TRAIN
2018-01-16,Grade 1,615.71,https://exagri.info/mkt/2018/16.01.2018.html,2018-01-16,observed_source_value,0.0018386540401575946,0.013322341302555607,0.04313577104330779,-0.001116704176473804,7.0,0.019432255462006998,0.006007388484429233,-0.006710159546355588,0.025490746203076713,0.023997952842398522,0.05897629940490545,0.029081914057929925,0.02608756516058497,0.007402002009208486,0.2717767384711357,0.9623603298276545,0.49999999999999994,0.8660254037844387,2018-01-23,621.69,0.009712364587224576,0.009665502756095167,5.980000000000018,7.0,UP,44.08000000000004,0.928407854347014,-0.0020425977653630856,0,TRAIN
2018-01-16,Grade 2,571.63,https://exagri.info/mkt/2018/16.01.2018.html,2018-01-16,observed_source_value,-0.0020425977653630856,-0.017158544955387822,0.05771324863883831,0.020994311338410565,7.0,0.012837368639362468,0.012335823841271742,-0.00924798559900536,0.028783788545759557,0.04465067004940937,0.03744101633393826,0.061522748375115954,0.01428368643315947,0.006275690281921875,0.2717767384711357,0.9623603298276545,0.49999999999999994,0.8660254037844387,2018-01-23,585.0,0.023389255287511235,0.02311991829867096,13.370000000000005,7.0,UP,44.08000000000004,0.928407854347014,0.0018386540401575946,1,TRAIN
2018-01-23,Grade 1,621.69,https://exagri.info/mkt/2018/23.01.2018.html,2018-01-23,observed_source_value,0.009712364587224576,0.0018386540401575946,0.013322341302555607,0.04313577104330779,7.0,0.008291119976645925,0.013378485359354353,-0.005284591031477692,0.01762255565676147,0.02455786209809104,0.02504534212695808,0.0680674145721305,0.022550083884338434,0.023149184364014586,0.38541335945432564,0.9227440286201427,0.49999999999999994,0.8660254037844387,2018-01-29,623.21,0.0024449484469750704,0.0024419644233870793,1.5199999999999818,6.0,UP,36.690000000000055,0.9409834483424214,0.023389255287511235,0,TRAIN
2018-01-23,Grade 2,585.0,https://exagri.info/mkt/2018/23.01.2018.html,2018-01-23,observed_source_value,0.023389255287511235,-0.0020425977653630856,-0.017158544955387822,0.05771324863883831,7.0,0.0013960375222534422,0.01657913450880184,-0.004224496311864978,0.028473175118166754,0.04527238392205583,0.003774879890185323,0.08399577519595325,0.021573537578189805,0.035508195560590705,0.38541335945432564,0.9227440286201427,0.49999999999999994,0.8660254037844387,2018-01-29,585.86,0.001470085470085536,0.0014690059523002885,0.8600000000000136,6.0,UP,36.690000000000055,0.9409834483424214,0.009712364587224576,1,TRAIN
2018-01-29,Grade 1,623.21,https://exagri.info/mkt/2018/29.01.2018.html,2018-01-29,observed_source_value,0.0024449484469750704,0.009712364587224576,0.0018386540401575946,0.013322341302555607,6.0,0.00466532235811908,0.014090815884044127,-0.002406635566981319,0.016949281012445458,0.023479574298010317,0.014042110058902102,0.07187575246809552,0.011149726286550754,0.028492684979659844,0.4784338202547012,0.8781236129591848,0.49999999999999994,0.8660254037844387,2018-02-06,620.86,-0.003770799569968397,-0.003777926957608563,-2.3500000000000227,8.0,DOWN,37.35000000000002,0.940068355770928,0.001470085470085536,0,TRAIN
2018-01-29,Grade 2,585.86,https://exagri.info/mkt/2018/29.01.2018.html,2018-01-29,observed_source_value,0.001470085470085536,0.023389255287511235,-0.0020425977653630856,-0.017158544955387822,6.0,0.007605580997411228,0.012674289335136835,-0.005010550645180978,0.029049256885957112,0.045078704931251996,0.022800279329609152,0.06326678765880223,0.010769161758261703,0.04370722182831388,0.4784338202547012,0.8781236129591848,0.49999999999999994,0.8660254037844387,2018-02-06,589.0,0.005359642235346351,0.005345330467430013,3.1399999999999864,8.0,UP,37.35000000000002,0.940068355770928,0.0024449484469750704,1,TRAIN
2018-02-06,Grade 1,620.86,https://exagri.info/mkt/2018/06.02.2018.html,2018-02-06,observed_source_value,-0.003770799569968397,0.0024449484469750704,0.009712364587224576,0.0018386540401575946,8.0,0.002795504488077083,0.00470950176138889,0.001519409476021838,0.006791449043449907,0.01873492588646137,0.008364327361907398,0.023676834295136118,0.0026646856478416137,0.023196024951176897,0.5943761565849831,0.804187157621448,0.8660254037844386,0.5000000000000001,2018-02-12,627.57,0.010807589472666912,0.01074960488585415,6.710000000000036,6.0,UP,31.860000000000014,0.9486840833682312,0.005359642235346351,0,TRAIN
2018-02-06,Grade 2,589.0,https://exagri.info/mkt/2018/06.02.2018.html,2018-02-06,observed_source_value,0.005359642235346351,0.001470085470085536,0.023389255287511235,-0.0020425977653630856,8.0,0.010072994330981041,0.002203568054438443,0.00694020457513822,0.014596690454080258,0.023704614978721842,0.030386788656998398,0.010638297872340496,0.014017195252540304,0.04224544614829262,0.5943761565849831,0.804187157621448,0.8660254037844386,0.5000000000000001,2018-02-12,592.14,0.005331069609507688,0.005316909760384153,3.1399999999999864,6.0,UP,31.860000000000014,0.9486840833682312,-0.003770799569968397,1,TRAIN
2018-02-12,Grade 1,627.57,https://exagri.info/mkt/2018/12.02.2018.html,2018-02-12,observed_source_value,0.010807589472666912,-0.003770799569968397,0.0024449484469750704,0.009712364587224576,6.0,0.003160579449891195,0.004206551395411151,0.004063121105912703,0.0060464037629502565,0.018011584195659232,0.009458090044877743,0.02113638582446553,0.009266526001595388,0.030167828861836776,0.6740694616546161,0.7386679638813748,0.8660254037844386,0.5000000000000001,2018-02-20,637.69,0.016125691157958588,0.015997053274264515,10.120000000000005,8.0,UP,35.430000000000064,0.9435441464697164,0.005331069609507688,0,TRAIN
2018-02-12,Grade 2,592.14,https://exagri.info/mkt/2018/12.02.2018.html,2018-02-12,observed_source_value,0.005331069609507688,0.005359642235346351,0.001470085470085536,0.023389255287511235,6.0,0.004053599104979859,0.0067014909674175446,0.010377122788357595,0.009823273155688947,0.020130697641240525,0.01220512820512809,0.033763966480446994,0.01267944302117563,0.03731343283582089,0.6740694616546161,0.7386679638813748,0.8660254037844386,0.5000000000000001,2018-02-20,598.71,0.011095349072854477,0.011034247236032893,6.57000000000005,8.0,UP,35.430000000000064,0.9435441464697164,0.010807589472666912,1,TRAIN
2018-02-20,Grade 1,637.69,https://exagri.info/mkt/2018/20.02.2018.html,2018-02-20,observed_source_value,0.016125691157958588,0.010807589472666912,-0.003770799569968397,0.0024449484469750704,8.0,0.007720827020219034,0.0070639588189713495,0.0065356736517002915,0.007776102216591447,0.017775684024561825,0.023234543733251956,0.03569862435237381,0.018342265459818208,0.0400567579469282,0.7690308592589181,0.6392116531380588,0.8660254037844386,0.5000000000000001,2018-02-27,640.85,0.004955385845787141,0.004943148332429876,3.159999999999968,7.0,UP,38.98000000000002,0.9388731201681068,0.011095349072854477,0,TRAIN
2018-02-20,Grade 2,598.71,https://exagri.info/mkt/2018/20.02.2018.html,2018-02-20,observed_source_value,0.011095349072854477,0.005331069609507688,0.005359642235346351,0.001470085470085536,8.0,0.007262020305902839,0.009329080335061057,0.0108324520881664,0.008577770016506663,0.020085759887411736,0.021933567746560634,0.04737330091142877,0.014518539605721914,0.03787567542267567,0.7690308592589181,0.6392116531380588,0.8660254037844386,0.5000000000000001,2018-02-27,605.29,0.010990295802642214,0.01093034137964841,6.579999999999927,7.0,UP,38.98000000000002,0.9388731201681068,0.016125691157958588,1,TRAIN
2018-02-27,Grade 1,640.85,https://exagri.info/mkt/2018/27.02.2018.html,2018-02-27,observed_source_value,0.004955385845787141,0.016125691157958588,0.010807589472666912,-0.003770799569968397,7.0,0.010629555492137547,0.006112563070683863,0.009745524215019109,0.007661222491419731,0.013370694565674612,0.032197274747930216,0.030819218581608077,0.01716409855944745,0.035285489040529416,0.8402480696078469,0.5422021592729844,0.8660254037844386,0.5000000000000001,2018-03-06,629.64,-0.01749239291565896,-0.01764719268921239,-11.210000000000036,7.0,DOWN,35.56000000000006,0.9445111960677225,0.010990295802642214,0,TRAIN
2018-02-27,Grade 2,605.29,https://exagri.info/mkt/2018/27.02.2018.html,2018-02-27,observed_source_value,0.010990295802642214,0.011095349072854477,0.005331069609507688,0.005359642235346351,7.0,0.009138904828334793,0.006849288438087253,0.011714211473444546,0.004142367429956617,0.019855585271705955,0.027657045840407513,0.03468376068376067,0.018663749579266087,0.03748052442224581,0.8402480696078469,0.5422021592729844,0.8660254037844386,0.5000000000000001,2018-03-06,615.0,0.016041897272381922,0.015914585778865793,9.710000000000036,7.0,UP,35.56000000000006,0.9445111960677225,0.004955385845787141,1,TRAIN
2018-03-06,Grade 1,629.64,https://exagri.info/mkt/2018/06.03.2018.html,2018-03-06,observed_source_value,-0.01749239291565896,0.004955385845787141,0.016125691157958588,0.010807589472666912,7.0,0.0011962280293622563,0.0021250947981570566,0.008107955341100592,0.013219496531820363,0.01565630531247717,0.003298436827764206,0.010317549461658082,-0.0026642505726079957,0.009313434749851579,0.8992961915530253,0.4373400963303323,1.0,6.123233995736766e-17,2018-03-13,642.69,0.020726129216695366,0.020514265410617415,13.050000000000068,7.0,UP,14.639999999999986,0.9767486182580523,0.016041897272381922,0,TRAIN
2018-03-06,Grade 2,615.0,https://exagri.info/mkt/2018/06.03.2018.html,2018-03-06,observed_source_value,0.016041897272381922,0.010990295802642214,0.011095349072854477,0.005331069609507688,7.0,0.012709180715959537,0.00976365079854653,0.011218970066841683,0.004520440367601004,0.019659191711372065,0.03860573513020582,0.04973884545795926,0.0249521688987846,0.04268568706205067,0.8992961915530253,0.4373400963303323,1.0,6.123233995736766e-17,2018-03-13,605.71,-0.015105691056910509,-0.015220944132557049,-9.289999999999964,7.0,DOWN,14.639999999999986,0.9767486182580523,-0.01749239291565896,1,TRAIN
2018-03-13,Grade 1,642.69,https://exagri.info/mkt/2018/13.03.2018.html,2018-03-13,observed_source_value,0.020726129216695366,-0.01749239291565896,0.004955385845787141,0.016125691157958588,7.0,0.0027297073822745155,0.007024480555489809,0.0058669911584393495,0.014918422849475579,0.010995606692092739,0.007840800388903668,0.035160905840286194,0.011014837467437033,0.024290420416639646,0.945320046913132,0.3261441535642696,1.0,6.123233995736766e-17,2018-03-20,638.07,-0.007188535685945019,-0.00721449770267467,-4.6200000000000045,7.0,DOWN,36.98000000000002,0.9424605953103362,-0.015105691056910509,0,TRAIN
2018-03-13,Grade 2,605.71,https://exagri.info/mkt/2018/13.03.2018.html,2018-03-13,observed_source_value,-0.015105691056910509,0.016041897272381922,0.010990295802642214,0.011095349072854477,7.0,0.003975500672704542,0.005670584140095159,0.003937076097266801,0.012217409954797724,0.012820835534433698,0.011691804045364185,0.028370118845501002,0.003878217345907098,0.022961794519298584,0.945320046913132,0.3261441535642696,1.0,6.123233995736766e-17,2018-03-20,598.29,-0.012250086675141714,-0.012325737440720984,-7.420000000000073,7.0,DOWN,36.98000000000002,0.9424605953103362,0.020726129216695366,1,TRAIN
2018-03-20,Grade 1,638.07,https://exagri.info/mkt/2018/20.03.2018.html,2018-03-20,observed_source_value,-0.007188535685945019,0.020726129216695366,-0.01749239291565896,0.004955385845787141,7.0,-0.0013182664616362045,0.003425255523767423,0.003815903459589287,0.015915112116461832,0.011357450939919364,-0.0043379886088787956,0.016731201300253407,0.0004421531919698296,0.013134370067863,0.9776530844816641,0.2102247521189836,1.0,6.123233995736766e-17,2018-03-27,628.29,-0.01532747190747108,-0.015446151876034023,-9.780000000000086,7.0,DOWN,39.780000000000086,0.9376557431002867,-0.012250086675141714,0,TRAIN
2018-03-20,Grade 2,598.29,https://exagri.info/mkt/2018/20.03.2018.html,2018-03-20,observed_source_value,-0.012250086675141714,-0.015105691056910509,0.016041897272381922,0.010990295802642214,7.0,-0.003771293486556767,0.002154352883165278,0.004427921925291412,0.014631098601138185,0.011990524633890118,-0.011564704521799474,0.010386057351301936,-0.010436652332120544,0.006099252854137482,0.9776530844816641,0.2102247521189836,1.0,6.123233995736766e-17,2018-03-27,588.83,-0.0158117300974443,-0.015938069029579376,-9.459999999999923,7.0,DOWN,39.780000000000086,0.9376557431002867,-0.007188535685945019,1,TRAIN
2018-03-27,Grade 1,628.29,https://exagri.info/mkt/2018/27.03.2018.html,2018-03-27,observed_source_value,-0.01532747190747108,-0.007188535685945019,0.020726129216695366,-0.01749239291565896,7.0,-0.0005966261255735775,-0.0028653770893185106,0.00209929086482642,0.015856123439906365,0.012884171787492774,-0.002144082332761643,-0.014740704731139087,-0.011979720336904198,-0.004383129231003369,0.9958270335100595,0.09126072172931188,1.0,6.123233995736766e-17,2018-04-03,627.64,-0.001034554107179786,-0.0010350896276619303,-0.6499999999999773,7.0,DOWN,39.45999999999992,0.9371946075856692,-0.0158117300974443,0,TRAIN
2018-03-27,Grade 2,588.83,https://exagri.info/mkt/2018/27.03.2018.html,2018-03-27,observed_source_value,-0.0158117300974443,-0.012250086675141714,-0.015105691056910509,0.016041897272381922,7.0,-0.01438916927649884,-0.003227062950894477,0.00305100869208329,0.015446008610735636,0.013510370985036225,-0.042552845528455174,-0.016502146281171193,-0.022889894859813076,-0.012664680247424842,0.9958270335100595,0.09126072172931188,1.0,6.123233995736766e-17,2018-04-03,582.0,-0.011599273134860755,-0.011667069472222739,-6.830000000000041,7.0,DOWN,39.45999999999992,0.9371946075856692,-0.01532747190747108,1,TRAIN
2018-04-03,Grade 1,627.64,https://exagri.info/mkt/2018/03.04.2018.html,2018-04-03,observed_source_value,-0.001034554107179786,-0.01532747190747108,-0.007188535685945019,0.020726129216695366,7.0,-0.007850187233531961,-0.004063365079911896,0.0010245989953859835,0.015335239694433922,0.012624180547707765,-0.023417199583002812,-0.02061324802996023,-0.008884102415098849,-0.0063500255679166395,0.9995786855478958,-0.029025013321975237,0.8660254037844387,-0.4999999999999998,2018-04-09,624.57,-0.004891338984130966,-0.004903340735075527,-3.0699999999999363,6.0,DOWN,45.639999999999986,0.9272831559492704,-0.011599273134860755,0,TRAIN
2018-04-03,Grade 2,582.0,https://exagri.info/mkt/2018/03.04.2018.html,2018-04-03,observed_source_value,-0.011599273134860755,-0.0158117300974443,-0.012250086675141714,-0.015105691056910509,7.0,-0.013220363302482255,-0.0077449767383950706,-0.00044784415015390876,0.013418453864855108,0.012116737222609421,-0.0391441448878177,-0.03847742404467269,-0.02670051474498547,-0.023625904446192836,0.9995786855478958,-0.029025013321975237,0.8660254037844387,-0.4999999999999998,2018-04-09,592.4,0.017869415807560074,0.017711634662205832,10.399999999999977,6.0,UP,45.639999999999986,0.9272831559492704,-0.001034554107179786,1,TRAIN
2018-04-09,Grade 1,624.57,https://exagri.info/mkt/2018/09.04.2018.html,2018-04-09,observed_source_value,-0.004891338984130966,-0.001034554107179786,-0.01532747190747108,-0.007188535685945019,6.0,-0.007084454999593944,-0.001543154293606297,0.0002909702522753799,0.013502478902767354,0.012745056683522393,-0.02115755324650903,-0.008052220316371206,-0.012150218583729333,-0.011423153689455456,0.9912685467787256,-0.13185851571739118,0.8660254037844387,-0.4999999999999998,2018-04-17,624.54,-4.803304673628439e-05,-4.8034200360015296e-05,-0.030000000000086402,8.0,DOWN,32.17000000000007,0.9484925628832636,0.017869415807560074,0,TRAIN
2018-04-09,Grade 2,592.4,https://exagri.info/mkt/2018/09.04.2018.html,2018-04-09,observed_source_value,0.017869415807560074,-0.011599273134860755,-0.0158117300974443,-0.012250086675141714,6.0,-0.0031805291415816597,-0.00737947303135944,0.0011920888835935451,0.014228785805431543,0.013442418941852342,-0.009844724130438354,-0.03674796747967479,-0.0017625866548934832,-0.007267858369767621,0.9912685467787256,-0.13185851571739118,0.8660254037844387,-0.4999999999999998,2018-04-17,593.8,0.002363268062120172,0.0023604799360156933,1.3999999999999773,8.0,UP,32.17000000000007,0.9484925628832636,-0.004891338984130966,1,TRAIN
2018-04-17,Grade 1,624.54,https://exagri.info/mkt/2018/17.04.2018.html,2018-04-17,observed_source_value,-4.803304673628439e-05,-0.004891338984130966,-0.001034554107179786,-0.01532747190747108,8.0,-0.0019913087126823457,-0.005697986746292627,0.0006632469045985912,0.0061087842900588996,0.012667365239004212,-0.005968581387575833,-0.028240675909069868,-0.00649356847199134,-0.01204609628967579,0.9638074231367307,-0.26659942067929354,0.8660254037844387,-0.4999999999999998,2018-04-24,625.07,0.0008486245876966336,0.0008482647094378461,0.5300000000000864,7.0,UP,30.74000000000001,0.9507797739136004,0.002363268062120172,0,TRAIN
2018-04-17,Grade 2,593.8,https://exagri.info/mkt/2018/17.04.2018.html,2018-04-17,observed_source_value,0.002363268062120172,0.017869415807560074,-0.011599273134860755,-0.0158117300974443,8.0,0.0028778035782731637,-0.003885681207553304,0.0008924514662709271,0.014000241377233054,0.013372413465307958,0.008440466688178105,-0.019662874973172095,0.004628940351637079,-0.0057215384022892835,0.9638074231367307,-0.26659942067929354,0.8660254037844387,-0.4999999999999998,2018-04-24,586.0,-0.013135735938026194,-0.013222772752646734,-7.7999999999999545,7.0,DOWN,30.74000000000001,0.9507797739136004,-4.803304673628439e-05,1,TRAIN
2018-04-24,Grade 1,625.07,https://exagri.info/mkt/2018/24.04.2018.html,2018-04-24,observed_source_value,0.0008486245876966336,-4.803304673628439e-05,-0.004891338984130966,-0.001034554107179786,7.0,-0.0013635824810568724,-0.004090554691564297,-0.0003326495838984367,0.006651807588427722,0.012162637960729712,-0.00409470397042877,-0.02037394016330496,-0.0015207133295632724,-0.0108164993155615,0.9248025743285089,-0.38044736628785164,0.8660254037844387,-0.4999999999999998,2018-05-01,627.85,0.004447501879789373,0.004437640970103022,2.7799999999999727,7.0,UP,39.07000000000005,0.9374950005599372,-0.013135735938026194,0,TRAIN
2018-04-24,Grade 2,586.0,https://exagri.info/mkt/2018/24.04.2018.html,2018-04-24,observed_source_value,-0.013135735938026194,0.002363268062120172,0.017869415807560074,-0.011599273134860755,7.0,0.0023656493105513507,-0.004062811060130201,-0.0009542290884824612,0.014137453742190506,0.013953810300415816,0.0068728522336769515,-0.02054187768473481,-0.004427409846314845,-0.01777228743402226,0.9248025743285089,-0.38044736628785164,0.8660254037844387,-0.4999999999999998,2018-05-01,602.6,0.028327645051194672,0.027933837119188374,16.600000000000023,7.0,UP,39.07000000000005,0.9374950005599372,0.0008486245876966336,1,TRAIN
2018-05-01,Grade 1,627.85,https://exagri.info/mkt/2018/01.05.2018.html,2018-05-01,observed_source_value,0.004447501879789373,0.0008486245876966336,-4.803304673628439e-05,-0.004891338984130966,7.0,0.0017493644735832408,-0.000135559934112206,-0.0015004685117153583,0.0033692120968775384,0.010902103349726713,0.005251613109819475,-0.0007003135494754176,0.003061025603338541,-0.0048674873716361144,0.8724040568049612,-0.48878539428899265,0.49999999999999994,-0.8660254037844387,2018-05-08,629.71,0.0029624910408536653,0.00295811151168207,1.8600000000000136,7.0,UP,25.25,0.9597833877518516,0.028327645051194672,0,TRAIN
2018-05-01,Grade 2,602.6,https://exagri.info/mkt/2018/01.05.2018.html,2018-05-01,observed_source_value,0.028327645051194672,-0.013135735938026194,0.002363268062120172,0.017869415807560074,7.0,0.005851725725096217,0.004765063969597594,0.0007690005093515584,0.018172218178459595,0.016448302897587697,0.01721809588116141,0.023385357403664875,0.01900703463203479,0.009393760720411759,0.8724040568049612,-0.48878539428899265,0.49999999999999994,-0.8660254037844387,2018-05-08,602.0,-0.0009956853634252028,-0.0009961813873798676,-0.6000000000000227,7.0,DOWN,25.25,0.9597833877518516,0.004447501879789373,1,TRAIN
2018-05-08,Grade 1,629.71,https://exagri.info/mkt/2018/08.05.2018.html,2018-05-08,observed_source_value,0.0029624910408536653,0.004447501879789373,0.0008486245876966336,-4.803304673628439e-05,7.0,0.0027528725027798906,0.0006638490954944843,-0.001699757992208706,0.0035707427781967727,0.010788602558798035,0.008278092676209825,0.0032980689567267962,0.005367623110475339,-0.00015401543647497462,0.8073707443023492,-0.5900444739548627,0.49999999999999994,-0.8660254037844387,2018-05-15,625.77,-0.006256848390529091,-0.006276504499509269,-3.9400000000000546,7.0,DOWN,27.710000000000036,0.9559956170300614,-0.0009956853634252028,0,TRAIN
2018-05-08,Grade 2,602.0,https://exagri.info/mkt/2018/08.05.2018.html,2018-05-08,observed_source_value,-0.0009956853634252028,0.028327645051194672,-0.013135735938026194,0.002363268062120172,7.0,0.004732074583247758,0.006885781523884704,-0.00042959760725518325,0.016308169297827486,0.01605266636973686,0.013809363422027765,0.03436426116838498,0.011152915882827408,0.00894474770515341,0.8073707443023492,-0.5900444739548627,0.49999999999999994,-0.8660254037844387,2018-05-15,601.0,-0.0016611295681062677,-0.001662510773613414,-1.0,7.0,DOWN,27.710000000000036,0.9559956170300614,0.0029624910408536653,1,TRAIN
2018-05-15,Grade 1,625.77,https://exagri.info/mkt/2018/15.05.2018.html,2018-05-15,observed_source_value,-0.006256848390529091,0.0029624910408536653,0.004447501879789373,0.0008486245876966336,7.0,0.00038438151003798254,0.0003907472142148594,-0.0005762035396957188,0.004112901404648111,0.009465032227102484,0.001119874574047497,0.0019213218694460465,-0.0013054830287205776,-0.005798989545931166,0.7306444969184916,-0.6827580970759147,0.49999999999999994,-0.8660254037844387,2018-05-22,616.43,-0.014925611646451675,-0.015038119490513195,-9.340000000000032,7.0,DOWN,24.769999999999982,0.9604167665436183,-0.0016611295681062677,0,TRAIN
2018-05-15,Grade 2,601.0,https://exagri.info/mkt/2018/15.05.2018.html,2018-05-15,observed_source_value,-0.0016611295681062677,-0.0009956853634252028,0.028327645051194672,-0.013135735938026194,7.0,0.008556943373221068,0.002979672448751436,-0.002199900291304002,0.015329274036863984,0.014974273084460227,0.025597269624573427,0.014517218095881246,0.006565284384002279,0.009637756756257332,0.7306444969184916,-0.6827580970759147,0.49999999999999994,-0.8660254037844387,2018-05-22,576.33,-0.041048252911813576,-0.041914521226746514,-24.66999999999996,7.0,DOWN,24.769999999999982,0.9604167665436183,-0.006256848390529091,1,TRAIN
2018-05-22,Grade 1,616.43,https://exagri.info/mkt/2018/22.05.2018.html,2018-05-22,observed_source_value,-0.014925611646451675,-0.006256848390529091,0.0029624910408536653,0.004447501879789373,7.0,-0.006073322998709034,-0.0025847685057282187,-0.004141377626010423,0.008027977383665858,0.006922531529832445,-0.018189057895994343,-0.012985557370224554,-0.013658343013860041,-0.01653493811363882,0.6433365204044917,-0.765583517007675,0.49999999999999994,-0.8660254037844387,2018-05-28,614.29,-0.003471602615057634,-0.003477642610443548,-2.1399999999999864,6.0,DOWN,40.09999999999991,0.9349480070729849,-0.041048252911813576,0,TRAIN
2018-05-22,Grade 2,576.33,https://exagri.info/mkt/2018/22.05.2018.html,2018-05-22,observed_source_value,-0.041048252911813576,-0.0016611295681062677,-0.0009956853634252028,0.028327645051194672,7.0,-0.014568355947781683,-0.005702631746035314,-0.004794156476794309,0.02500556336359299,0.019129364002189012,-0.043594424161964795,-0.029420680363758667,-0.0290707664938189,-0.027003756383742084,0.6433365204044917,-0.765583517007675,0.49999999999999994,-0.8660254037844387,2018-05-28,577.75,0.0024638661877742773,0.002460835846029026,1.419999999999959,6.0,UP,40.09999999999991,0.9349480070729849,-0.014925611646451675,1,TRAIN
2018-05-28,Grade 1,614.29,https://exagri.info/mkt/2018/28.05.2018.html,2018-05-28,observed_source_value,-0.003471602615057634,-0.014925611646451675,-0.006256848390529091,0.0029624910408536653,6.0,-0.0082180208840128,-0.0034488139462790723,-0.0037696843189216843,0.00779517635267816,0.006840036161465863,-0.02448746248273026,-0.017246068440334827,-0.013679934490454682,-0.016216752933941425,0.5610336262283677,-0.8277930117131022,0.49999999999999994,-0.8660254037844387,2018-06-05,613.93,-0.0005860424229598982,-0.0005862142129414093,-0.36000000000001364,8.0,DOWN,36.539999999999964,0.9405166940695763,0.0024638661877742773,0,TRAIN
2018-05-28,Grade 2,577.75,https://exagri.info/mkt/2018/28.05.2018.html,2018-05-28,observed_source_value,0.0024638661877742773,-0.041048252911813576,-0.0016611295681062677,-0.0009956853634252028,6.0,-0.013415172097381856,-0.0025827113208752193,-0.00332276119050271,0.024818762709893118,0.019057897345678435,-0.04028239202657802,-0.014078498293515374,-0.023965428694994073,-0.021212290625831076,0.5610336262283677,-0.8277930117131022,0.49999999999999994,-0.8660254037844387,2018-06-05,567.75,-0.017308524448290785,-0.01746006816882226,-10.0,8.0,DOWN,36.539999999999964,0.9405166940695763,-0.003471602615057634,1,TRAIN
2018-06-05,Grade 1,613.93,https://exagri.info/mkt/2018/05.06.2018.html,2018-06-05,observed_source_value,-0.0005860424229598982,-0.003471602615057634,-0.014925611646451675,-0.006256848390529091,8.0,-0.0063277522281564025,-0.0044555228068289265,-0.0022955413704705665,0.0067792964420648315,0.005536715830269996,-0.01892068971027694,-0.022170900692840778,-0.009831845761306801,-0.014526951105974573,0.44216815196707204,-0.8969321743510065,1.2246467991473532e-16,-1.0,2018-06-12,610.5,-0.005586956167641155,-0.005602621582488337,-3.42999999999995,7.0,DOWN,46.17999999999995,0.924779698011174,-0.017308524448290785,0,TRAIN
2018-06-05,Grade 2,567.75,https://exagri.info/mkt/2018/05.06.2018.html,2018-06-05,observed_source_value,-0.017308524448290785,0.0024638661877742773,-0.041048252911813576,-0.0016611295681062677,8.0,-0.018630970390776696,-0.011709945220772311,-0.0034724406255873586,0.01808833448453708,0.01917241725719884,-0.055324459234608936,-0.05783272485894464,-0.029430770335369894,-0.034706365412309204,0.44216815196707204,-0.8969321743510065,1.2246467991473532e-16,-1.0,2018-06-12,593.33,0.04505504183179232,0.04406955563904446,25.58000000000004,7.0,UP,46.17999999999995,0.924779698011174,-0.0005860424229598982,1,TRAIN
2018-06-12,Grade 1,610.5,https://exagri.info/mkt/2018/12.06.2018.html,2018-06-12,observed_source_value,-0.005586956167641155,-0.0005860424229598982,-0.003471602615057634,-0.014925611646451675,7.0,-0.0032148670685528957,-0.00616541224852789,-0.002750781576516703,0.005372849418347586,0.005608207137790749,-0.009619908180977466,-0.030506105985294907,-0.009224517351959727,-0.017329131161209488,0.3312212278016865,-0.9435531242349544,1.2246467991473532e-16,-1.0,2018-06-19,607.64,-0.004684684684684748,-0.004695692211297521,-2.8600000000000136,7.0,DOWN,17.16999999999996,0.9718755118755119,0.04505504183179232,0,TRAIN
2018-06-12,Grade 2,593.33,https://exagri.info/mkt/2018/12.06.2018.html,2018-06-12,observed_source_value,0.04505504183179232,-0.017308524448290785,0.0024638661877742773,-0.041048252911813576,7.0,0.010070127857091937,-0.0024997997817288063,0.002192990871077949,0.03159147778057943,0.024212334455214844,0.029496989571946575,-0.014401993355481646,0.017313864808515156,0.006845456273248063,0.3312212278016865,-0.9435531242349544,1.2246467991473532e-16,-1.0,2018-06-19,561.67,-0.053359850336238024,-0.05483624780586942,-31.660000000000082,7.0,DOWN,17.16999999999996,0.9718755118755119,-0.005586956167641155,1,TRAIN
2018-06-19,Grade 1,607.64,https://exagri.info/mkt/2018/19.06.2018.html,2018-06-19,observed_source_value,-0.004684684684684748,-0.005586956167641155,-0.0005860424229598982,-0.003471602615057634,7.0,-0.0036192277584286003,-0.005850979507359022,-0.002730116146572081,0.005412021278958949,0.005599817559725055,-0.010825505868563678,-0.02897230611886159,-0.008028627493233298,-0.0192600387686358,0.21547731504673012,-0.976508846196619,1.2246467991473532e-16,-1.0,2018-06-25,602.0,-0.009281811598973011,-0.009325156030640809,-5.639999999999986,6.0,DOWN,45.97000000000003,0.9243466526232638,-0.053359850336238024,0,TRAIN
2018-06-19,Grade 2,561.67,https://exagri.info/mkt/2018/19.06.2018.html,2018-06-19,observed_source_value,-0.053359850336238024,0.04505504183179232,-0.017308524448290785,0.0024638661877742773,7.0,-0.008537777650912163,-0.012839543935355158,-0.004929935743301861,0.03887021900604349,0.029076797335902578,-0.027832107312851684,-0.06544093178036614,-0.02380397868487194,-0.041883378850710584,0.21547731504673012,-0.976508846196619,1.2246467991473532e-16,-1.0,2018-06-25,585.5,0.04242704791069496,0.04155169421892917,23.83000000000004,6.0,UP,45.97000000000003,0.9243466526232638,-0.004684684684684748,1,TRAIN
2018-06-25,Grade 1,602.0,https://exagri.info/mkt/2018/25.06.2018.html,2018-06-25,observed_source_value,-0.009281811598973011,-0.004684684684684748,-0.005586956167641155,-0.0005860424229598982,6.0,-0.006517817483766304,-0.004722219497863289,-0.003653494001795754,0.003170609637018912,0.005863507551242091,-0.01943218282214576,-0.023408983988449594,-0.012583815559841893,-0.024815370983235496,0.11371951458594969,-0.9935128947338007,1.2246467991473532e-16,-1.0,2018-07-03,580.79,-0.035232558139534964,-0.03586819957731389,-21.210000000000036,8.0,DOWN,16.5,0.9725913621262459,0.04242704791069496,0,TRAIN
2018-06-25,Grade 2,585.5,https://exagri.info/mkt/2018/25.06.2018.html,2018-06-25,observed_source_value,0.04242704791069496,-0.053359850336238024,0.04505504183179232,-0.017308524448290785,6.0,0.011374079802083084,0.0038555162291465496,-0.0009235577584443821,0.0415590406680329,0.03272464875170185,0.03126376045794799,0.015911023198514673,0.014379764379764293,0.00018278319009623623,0.11371951458594969,-0.9935128947338007,1.2246467991473532e-16,-1.0,2018-07-03,563.33,-0.03786507258753191,-0.03860058096603222,-22.16999999999996,8.0,DOWN,16.5,0.9725913621262459,-0.009281811598973011,1,TRAIN
2018-07-03,Grade 1,580.79,https://exagri.info/mkt/2018/03.07.2018.html,2018-07-03,observed_source_value,-0.035232558139534964,-0.009281811598973011,-0.004684684684684748,-0.005586956167641155,8.0,-0.016399684807730908,-0.011074410602758756,-0.007261612274518913,0.013854386707445673,0.011334360407153613,-0.04866502866502875,-0.054534503247651744,-0.036787777873599437,-0.05237636056003436,-0.023651127245231586,-0.9997202729664083,-0.4999999999999997,-0.8660254037844388,2018-07-10,543.29,-0.06456722739716592,-0.0667459983806032,-37.5,7.0,DOWN,17.459999999999923,0.9699374989238797,-0.03786507258753191,0,TRAIN
2018-07-03,Grade 2,563.33,https://exagri.info/mkt/2018/03.07.2018.html,2018-07-03,observed_source_value,-0.03786507258753191,0.04242704791069496,-0.053359850336238024,0.04505504183179232,8.0,-0.01626595833769166,-0.004210271525914688,-0.003396491423394954,0.04561250274270497,0.03462899866387793,-0.05056208180944832,-0.02495889225443526,-0.019128841961568166,-0.03394806611264112,-0.023651127245231586,-0.9997202729664083,-0.4999999999999997,-0.8660254037844388,2018-07-10,527.0,-0.06449150586689867,-0.06666505353037741,-36.33000000000004,7.0,DOWN,17.459999999999923,0.9699374989238797,-0.035232558139534964,1,TRAIN
2018-07-10,Grade 1,543.29,https://exagri.info/mkt/2018/10.07.2018.html,2018-07-10,observed_source_value,-0.06456722739716592,-0.035232558139534964,-0.009281811598973011,-0.004684684684684748,7.0,-0.036360532378557964,-0.023870647597599957,-0.014163085202214442,0.025983327825463726,0.020620206963996492,-0.10590152063721947,-0.11506197774990634,-0.07736174606517188,-0.10116058798712846,-0.1435724234118113,-0.9896398128792412,-0.4999999999999997,-0.8660254037844388,2018-07-17,502.79,-0.07454582267297383,-0.07747065945630009,-40.49999999999994,7.0,DOWN,16.289999999999964,0.9700160135470928,-0.06449150586689867,0,TRAIN
2018-07-10,Grade 2,527.0,https://exagri.info/mkt/2018/10.07.2018.html,2018-07-10,observed_source_value,-0.06449150586689867,-0.03786507258753191,0.04242704791069496,-0.053359850336238024,7.0,-0.019976510181245206,-0.013646867809636264,-0.012678406515204289,0.05324241228277844,0.03750133095896391,-0.06172663663717126,-0.0717745486569793,-0.06917759102454035,-0.08437954986917229,-0.1435724234118113,-0.9896398128792412,-0.4999999999999997,-0.8660254037844388,2018-07-17,482.33,-0.08476280834914618,-0.08857202145190282,-44.670000000000016,7.0,DOWN,16.289999999999964,0.9700160135470928,-0.06456722739716592,1,TRAIN
2018-07-17,Grade 1,502.79,https://exagri.info/mkt/2018/17.07.2018.html,2018-07-17,observed_source_value,-0.07454582267297383,-0.06456722739716592,-0.035232558139534964,-0.009281811598973011,7.0,-0.058115202736558236,-0.03766242089866649,-0.021913916573597193,0.03155609387351299,0.027036543521833236,-0.16480066445182717,-0.17642915642915635,-0.11371720882351899,-0.15032370471640544,-0.2614143985111562,-0.965226663665613,-0.4999999999999997,-0.8660254037844388,2018-07-24,508.07,0.01050140217585871,0.010446645466571678,5.279999999999973,7.0,UP,20.460000000000036,0.9593070665685475,-0.08476280834914618,0,TRAIN
2018-07-17,Grade 2,482.33,https://exagri.info/mkt/2018/17.07.2018.html,2018-07-17,observed_source_value,-0.08476280834914618,-0.06449150586689867,-0.03786507258753191,0.04242704791069496,7.0,-0.06237312893452559,-0.039610437845823965,-0.021055118813776384,0.04893885424922096,0.043480685799252926,-0.17620836891545688,-0.187079702694959,-0.11330855237275861,-0.14419649431599413,-0.2614143985111562,-0.965226663665613,-0.4999999999999997,-0.8660254037844388,2018-07-24,481.0,-0.0027574482200982686,-0.0027612569836983967,-1.329999999999984,7.0,DOWN,20.460000000000036,0.9593070665685475,-0.07454582267297383,1,TRAIN
2018-07-24,Grade 1,508.07,https://exagri.info/mkt/2018/24.07.2018.html,2018-07-24,observed_source_value,0.01050140217585871,-0.07454582267297383,-0.06456722739716592,-0.035232558139534964,7.0,-0.042870549298093676,-0.034625203526557805,-0.020238091516958413,0.035948739764920364,0.028589620066277445,-0.1252087673685841,-0.1638634717925087,-0.07182839229212179,-0.12397646097318338,-0.3754703786876202,-0.9268343944460494,-0.4999999999999997,-0.8660254037844388,2018-07-31,529.5,0.04217922727183265,0.04131393168028568,21.430000000000007,7.0,UP,27.069999999999993,0.9467199401657252,-0.0027574482200982686,0,TRAIN
2018-07-24,Grade 2,481.0,https://exagri.info/mkt/2018/24.07.2018.html,2018-07-24,observed_source_value,-0.0027574482200982686,-0.08476280834914618,-0.06449150586689867,-0.03786507258753191,7.0,-0.05067058747871437,-0.029489957422596014,-0.021164750678975587,0.05058908405338933,0.043427702470754136,-0.1461487937798449,-0.1436252603842113,-0.08872520044256504,-0.127989717167725,-0.3754703786876202,-0.9268343944460494,-0.4999999999999997,-0.8660254037844388,2018-07-31,498.5,0.0363825363825363,0.03573631929613176,17.5,7.0,UP,27.069999999999993,0.9467199401657252,0.01050140217585871,1,TRAIN
2018-07-31,Grade 1,529.5,https://exagri.info/mkt/2018/31.07.2018.html,2018-07-31,observed_source_value,0.04217922727183265,0.01050140217585871,-0.07454582267297383,-0.06456722739716592,7.0,-0.0072883977417608214,-0.02433299575239667,-0.014527607625129979,0.04973990584601294,0.03479766971672027,-0.02538239246074836,-0.12043189368770768,-0.006357808770323103,-0.0731340148438594,-0.48408852163897587,-0.8750190302029955,-0.4999999999999997,-0.8660254037844388,2018-08-07,528.43,-0.0020207743153919377,-0.0020228188346144253,-1.07000000000005,7.0,DOWN,31.0,0.9414542020774316,0.0363825363825363,0,TRAIN
2018-07-31,Grade 2,498.5,https://exagri.info/mkt/2018/31.07.2018.html,2018-07-31,observed_source_value,0.0363825363825363,-0.0027574482200982686,-0.08476280834914618,-0.06449150586689867,7.0,-0.017045906728902716,-0.030698859728227744,-0.013421671749540598,0.04846866065180506,0.046296714487480135,-0.054079696394686905,-0.14859094790777116,-0.023376277349382413,-0.08332965561881234,-0.48408852163897587,-0.8750190302029955,-0.4999999999999997,-0.8660254037844388,2018-08-07,457.67,-0.08190571715145434,-0.08545518900736043,-40.829999999999984,7.0,DOWN,31.0,0.9414542020774316,0.04217922727183265,1,TRAIN
2018-08-07,Grade 1,528.43,https://exagri.info/mkt/2018/07.08.2018.html,2018-08-07,observed_source_value,-0.0020207743153919377,0.04217922727183265,0.01050140217585871,-0.07454582267297383,7.0,0.016886618377433143,-0.017690638987568064,-0.01438252479516341,0.05013647171108927,0.03485186987141257,0.05099544541458645,-0.09015306737374962,0.011511898563596912,-0.06089277653573699,-0.5856957398073508,-0.8105309990194823,-0.8660254037844385,-0.5000000000000004,2018-08-14,541.43,0.02460117707170295,0.02430344133325847,13.0,7.0,UP,70.75999999999993,0.8660939008004845,-0.08190571715145434,0,TRAIN
2018-08-07,Grade 2,457.67,https://exagri.info/mkt/2018/07.08.2018.html,2018-08-07,observed_source_value,-0.08190571715145434,0.0363825363825363,-0.0027574482200982686,-0.08476280834914618,7.0,-0.016093542996338767,-0.03950698864101223,-0.02185863008346346,0.053804544945608435,0.05057048266285525,-0.05112682188543105,-0.1875632400191718,-0.06464336807684445,-0.13940745532222154,-0.5856957398073508,-0.8105309990194823,-0.8660254037844385,-0.5000000000000004,2018-08-14,509.33,0.11287608975899666,0.10694773613979039,51.65999999999997,7.0,UP,70.75999999999993,0.8660939008004845,-0.0020207743153919377,1,TRAIN
2018-08-14,Grade 1,541.43,https://exagri.info/mkt/2018/14.08.2018.html,2018-08-14,observed_source_value,0.02460117707170295,-0.0020207743153919377,0.04217922727183265,0.01050140217585871,7.0,0.021586543342714554,0.00014304190620570978,-0.011863802845697125,0.044876623859507934,0.036814583439802824,0.06566024366721113,-0.0034235859301662286,0.03713480089800858,-0.025230266237460497,-0.6788204829862355,-0.734304263829602,-0.8660254037844385,-0.5000000000000004,2018-08-20,547.5,0.01121105221358265,0.011148674150550712,6.07000000000005,6.0,UP,32.099999999999966,0.9407125574866557,0.11287608975899666,0,TRAIN
2018-08-14,Grade 2,509.33,https://exagri.info/mkt/2018/14.08.2018.html,2018-08-14,observed_source_value,0.11287608975899666,-0.08190571715145434,0.0363825363825363,-0.0027574482200982686,7.0,0.02245096966335954,-0.004033469515833166,-0.008840168662734715,0.08349287381753967,0.06621035614102494,0.058898128898128954,-0.03352941176470592,0.04850895287031198,-0.03162942091313892,-0.6788204829862355,-0.734304263829602,-0.8660254037844385,-0.5000000000000004,2018-08-20,507.0,-0.004574637268568438,-0.00458513294313972,-2.329999999999984,6.0,DOWN,32.099999999999966,0.9407125574866557,0.02460117707170295,1,TRAIN
2018-08-20,Grade 1,547.5,https://exagri.info/mkt/2018/20.08.2018.html,2018-08-20,observed_source_value,0.01121105221358265,0.02460117707170295,-0.0020207743153919377,0.04217922727183265,6.0,0.011263818323297889,0.017294416883517006,-0.010184002007574744,0.016799341639529418,0.03750948740407067,0.03399433427762033,0.08892380516716725,0.03110063165507193,-0.002993750273152407,-0.7508642533989489,-0.6604565640279754,-0.8660254037844385,-0.5000000000000004,2018-08-28,573.0,0.046575342465753344,0.0455232550240836,25.5,8.0,UP,40.5,0.9260273972602739,-0.004574637268568438,0,TRAIN
2018-08-20,Grade 2,507.0,https://exagri.info/mkt/2018/20.08.2018.html,2018-08-20,observed_source_value,-0.004574637268568438,0.11287608975899666,-0.08190571715145434,0.0363825363825363,6.0,0.008798578446324626,0.012004164700282382,-0.013803136572770791,0.07085421312644284,0.06352732734986925,0.01705115346038122,0.05114755457881537,0.033217852048094576,-0.01997359534381138,-0.7508642533989489,-0.6604565640279754,-0.8660254037844385,-0.5000000000000004,2018-08-28,544.0,0.07297830374753445,0.07043824326475939,37.0,8.0,UP,40.5,0.9260273972602739,0.01121105221358265,1,TRAIN
2018-08-28,Grade 1,573.0,https://exagri.info/mkt/2018/28.08.2018.html,2018-08-28,observed_source_value,0.046575342465753344,0.01121105221358265,0.02460117707170295,-0.0020207743153919377,8.0,0.027462523917012982,0.024509204941495933,-0.005057999292530935,0.020492884366364407,0.041621677663238765,0.08434418939121557,0.12779735075875376,0.053363040744744294,0.05006597273127089,-0.8343701235229538,-0.5512045872199277,-0.8660254037844385,-0.5000000000000004,2018-09-04,598.64,0.04474694589877837,0.04377469905736353,25.639999999999986,7.0,UP,29.0,0.9493891797556719,0.07297830374753445,0,TRAIN
2018-08-28,Grade 2,544.0,https://exagri.info/mkt/2018/28.08.2018.html,2018-08-28,observed_source_value,0.07297830374753445,-0.004574637268568438,0.11287608975899666,-0.08190571715145434,8.0,0.06042658541265422,0.027151315093808925,-0.0011693211643935442,0.07488998207769759,0.06724056624830092,0.18862936176721212,0.13097713097713104,0.08086628253526729,0.055151037888456544,-0.8343701235229538,-0.5512045872199277,-0.8660254037844385,-0.5000000000000004,2018-09-04,546.25,0.004136029411764719,0.004127499553857292,2.25,7.0,UP,29.0,0.9493891797556719,0.046575342465753344,1,TRAIN
2018-09-04,Grade 1,598.64,https://exagri.info/mkt/2018/04.09.2018.html,2018-09-04,observed_source_value,0.04474694589877837,0.046575342465753344,0.01121105221358265,0.02460117707170295,7.0,0.03417778019270479,0.025022748666885076,0.00034487645724420315,0.021070424015208894,0.04442479009511735,0.10566462885322214,0.13057601510859307,0.07321620652563654,0.097729139772327,-0.8945422369764496,-0.4469834295196741,-1.0,-1.8369701987210297e-16,2018-09-11,603.5,0.00811840171054401,0.008085624765483211,4.860000000000014,7.0,UP,52.389999999999986,0.9124849659227583,0.004136029411764719,0,TRAIN
2018-09-04,Grade 2,546.25,https://exagri.info/mkt/2018/04.09.2018.html,2018-09-04,observed_source_value,0.004136029411764719,0.07297830374753445,-0.004574637268568438,0.11287608975899666,7.0,0.024179898630243574,0.02070201369965461,-0.0049984230142865686,0.07528372690789975,0.06555110549365738,0.07248738538864785,0.09578736208625882,0.06512625524032356,0.06764313258710697,-0.8945422369764496,-0.4469834295196741,-1.0,-1.8369701987210297e-16,2018-09-11,548.0,0.0032036613272310444,0.003198540538215551,1.75,7.0,UP,52.389999999999986,0.9124849659227583,0.04474694589877837,1,TRAIN
2018-09-11,Grade 1,603.5,https://exagri.info/mkt/2018/11.09.2018.html,2018-09-11,observed_source_value,0.00811840171054401,0.04474694589877837,0.046575342465753344,0.01121105221358265,7.0,0.03314689669169191,0.027050583872072265,0.0046799724422521005,0.018094856350308476,0.04264687176926919,0.102283105022831,0.14206233559790338,0.05357061803657048,0.10205162385982858,-0.9417589340994617,-0.33628873017668287,-1.0,-1.8369701987210297e-16,2018-09-18,599.21,-0.007108533554266772,-0.007133919555276838,-4.289999999999964,7.0,DOWN,55.5,0.908036454018227,0.0032036613272310444,0,TRAIN
2018-09-11,Grade 2,548.0,https://exagri.info/mkt/2018/11.09.2018.html,2018-09-11,observed_source_value,0.0032036613272310444,0.004136029411764719,0.07297830374753445,-0.004574637268568438,7.0,0.026772664828843402,0.03772388939539169,-0.0008915496228102726,0.05243968629030683,0.0645419074243877,0.0808678500986193,0.19736928354491212,0.03217834836395972,0.07428230884440157,-0.9417589340994617,-0.33628873017668287,-1.0,-1.8369701987210297e-16,2018-09-18,548.75,0.0013686131386860811,0.0013676774413655215,0.75,7.0,UP,55.5,0.908036454018227,0.00811840171054401,1,TRAIN
2018-09-18,Grade 1,599.21,https://exagri.info/mkt/2018/18.09.2018.html,2018-09-18,observed_source_value,-0.007108533554266772,0.00811840171054401,0.04474694589877837,0.046575342465753344,7.0,0.015252271351685201,0.02070864174687832,0.010425841826542015,0.023819319183329805,0.03556284747310328,0.04574171029668417,0.10671739652401979,0.02539486968872473,0.08315693763817178,-0.9753363880767837,-0.2207236509605022,-1.0,-1.8369701987210297e-16,2018-09-25,600.14,0.00155204352397309,0.0015508403491818177,0.92999999999995,7.0,UP,50.460000000000036,0.9157891223444201,0.0013686131386860811,0,TRAIN
2018-09-18,Grade 2,548.75,https://exagri.info/mkt/2018/18.09.2018.html,2018-09-18,observed_source_value,0.0013686131386860811,0.0032036613272310444,0.004136029411764719,0.07297830374753445,7.0,0.0029027679592272815,0.01542239407132957,0.005694462277748202,0.0323525586958254,0.06056889438181541,0.008731617647058876,0.0773957944750947,0.018466963622865817,0.07118526283323856,-0.9753363880767837,-0.2207236509605022,-1.0,-1.8369701987210297e-16,2018-09-25,552.8,0.007380410022779005,0.007353308064078997,4.0499999999999545,7.0,UP,50.460000000000036,0.9157891223444201,-0.007108533554266772,1,TRAIN
2018-09-25,Grade 1,600.14,https://exagri.info/mkt/2018/25.09.2018.html,2018-09-25,observed_source_value,0.00155204352397309,-0.007108533554266772,0.00811840171054401,0.04474694589877837,7.0,0.0008539705600834427,0.018776840008956408,0.018035628446236705,0.025137380652063925,0.02017125867300751,0.00250567954029135,0.09614611872146117,0.008811594592686545,0.06607785526750543,-0.994788305609327,-0.10196189005174576,-1.0,-1.8369701987210297e-16,2018-10-02,599.14,-0.001666277868497379,-0.00166766765352482,-1.0,7.0,DOWN,47.34000000000003,0.9211184057053353,0.007380410022779005,0,TRAIN
2018-09-25,Grade 2,552.8,https://exagri.info/mkt/2018/25.09.2018.html,2018-09-25,observed_source_value,0.007380410022779005,0.0013686131386860811,0.0032036613272310444,0.004136029411764719,7.0,0.00398422816289871,0.017813403529599058,0.014908784114940721,0.03091504419594091,0.05162751854610713,0.011990846681922074,0.09033530571992099,0.00883276151543888,0.06444842393083383,-0.994788305609327,-0.10196189005174576,-1.0,-1.8369701987210297e-16,2018-10-02,568.67,0.02870839363241684,0.028304028577587934,15.870000000000005,7.0,UP,47.34000000000003,0.9211184057053353,0.00155204352397309,1,TRAIN
2018-10-02,Grade 1,599.14,https://exagri.info/mkt/2018/02.10.2018.html,2018-10-02,observed_source_value,-0.001666277868497379,0.00155204352397309,-0.007108533554266772,0.00811840171054401,7.0,-0.0024075892995970203,0.009128515942106263,0.016818860441801097,0.020659532711336664,0.021025149996176665,-0.0072245236122617795,0.04561954624781839,-0.0016429883057891281,0.047357831234736913,-0.999832969770105,0.018276557681691223,-0.8660254037844386,0.5000000000000001,2018-10-09,605.0,0.009780685649430909,0.009733164352875006,5.860000000000014,7.0,UP,30.470000000000027,0.9491437727409286,0.02870839363241684,0,TRAIN
2018-10-02,Grade 2,568.67,https://exagri.info/mkt/2018/02.10.2018.html,2018-10-02,observed_source_value,0.02870839363241684,0.007380410022779005,0.0013686131386860811,0.0032036613272310444,7.0,0.012485805597960642,0.008959421506575537,0.01805536830019223,0.011253104410711855,0.05138950344469212,0.037718978102189604,0.045349264705882186,0.028533498283576986,0.07682868866893777,-0.999832969770105,0.018276557681691223,-0.8660254037844386,0.5000000000000001,2018-10-09,580.0,0.019923681572792784,0.019727802509417122,11.330000000000041,7.0,UP,30.470000000000027,0.9491437727409286,-0.001666277868497379,1,TRAIN
2018-10-09,Grade 1,605.0,https://exagri.info/mkt/2018/09.10.2018.html,2018-10-09,observed_source_value,0.009780685649430909,-0.001666277868497379,0.00155204352397309,-0.007108533554266772,7.0,0.0032221504349688734,0.0021352638922367715,0.013579006279560924,0.0069729848161840845,0.019090234676352458,0.00966272258473655,0.01062408125083536,0.005989378082401409,0.043825127372545625,-0.9903973200352558,0.1382503109109819,-0.8660254037844386,0.5000000000000001,2018-10-16,601.36,-0.0060165289256197685,-0.006034701161627952,-3.6399999999999864,7.0,DOWN,25.0,0.9586776859504132,0.019923681572792784,0,TRAIN
2018-10-09,Grade 2,580.0,https://exagri.info/mkt/2018/09.10.2018.html,2018-10-09,observed_source_value,0.019923681572792784,0.02870839363241684,0.007380410022779005,0.0013686131386860811,7.0,0.018670828409329543,0.01211695193878115,0.01640948281921788,0.011764664581506037,0.05099939617619613,0.056947608200455635,0.06178489702517154,0.03637312291385242,0.08159113244456373,-0.9903973200352558,0.1382503109109819,-0.8660254037844386,0.5000000000000001,2018-10-16,553.75,-0.04525862068965514,-0.04631478218111959,-26.25,7.0,DOWN,25.0,0.9586776859504132,0.009780685649430909,1,TRAIN
2018-10-16,Grade 1,601.36,https://exagri.info/mkt/2018/16.10.2018.html,2018-10-16,observed_source_value,-0.0060165289256197685,0.009780685649430909,-0.001666277868497379,0.00155204352397309,7.0,0.0006992929517712539,-0.0006917222349959839,0.01317943081853814,0.006804127500302709,0.019490649552656385,0.0020328589995668445,-0.003545981772990814,0.0006489508627718354,0.024651895067576257,-0.9666180104000972,0.2562218218071163,-0.8660254037844386,0.5000000000000001,2018-10-22,597.31,-0.006734734601569925,-0.006757515265406827,-4.050000000000068,6.0,DOWN,47.610000000000014,0.9208294532393242,-0.04525862068965514,0,TRAIN
2018-10-16,Grade 2,553.75,https://exagri.info/mkt/2018/16.10.2018.html,2018-10-16,observed_source_value,-0.04525862068965514,0.019923681572792784,0.02870839363241684,0.007380410022779005,7.0,0.001124484838518162,0.0024244955354039144,0.0200741924653978,0.028707230622787128,0.04398386215449333,0.0017185238784371837,0.010492700729926918,-0.012560762062361563,0.014463548011834693,-0.9666180104000972,0.2562218218071163,-0.8660254037844386,0.5000000000000001,2018-10-22,573.0,0.034762979683973017,0.03417239535539427,19.25,6.0,UP,47.610000000000014,0.9208294532393242,-0.0060165289256197685,1,TRAIN
2018-10-22,Grade 1,597.31,https://exagri.info/mkt/2018/22.10.2018.html,2018-10-22,observed_source_value,-0.006734734601569925,-0.0060165289256197685,0.009780685649430909,-0.001666277868497379,6.0,-0.0009901926259195948,-0.0006169624444566146,0.010045839651210853,0.006717499348446913,0.019963557188950314,-0.0030543779417164796,-0.003170841608117536,-0.0054612963918813096,0.008152173913043459,-0.9350748843515574,0.3544502230989869,-0.8660254037844386,0.5000000000000001,2018-10-30,600.57,0.005457802481123819,0.00544296264792791,3.2600000000001046,8.0,UP,24.309999999999945,0.9593008655472034,0.034762979683973017,0,TRAIN
2018-10-22,Grade 2,573.0,https://exagri.info/mkt/2018/22.10.2018.html,2018-10-22,observed_source_value,0.034762979683973017,-0.04525862068965514,0.019923681572792784,0.02870839363241684,6.0,0.0031426801890368874,0.009103368844461302,0.012262881457895437,0.03208600273530075,0.030558911597711784,0.007614257829672733,0.04419134396355351,0.013004646031779643,0.0376261720829667,-0.9350748843515574,0.3544502230989869,-0.8660254037844386,0.5000000000000001,2018-10-30,548.0,-0.04363001745200701,-0.04461042976672406,-25.0,8.0,DOWN,24.309999999999945,0.9593008655472034,-0.006734734601569925,1,TRAIN
2018-10-30,Grade 1,600.57,https://exagri.info/mkt/2018/30.10.2018.html,2018-10-30,observed_source_value,0.005457802481123819,-0.006734734601569925,-0.0060165289256197685,0.009780685649430909,8.0,-0.002431153682021958,0.00016418934697353115,0.00947051467796497,0.0072395853021641485,0.02000909492438819,-0.00732231404958672,0.0007164994834538696,-0.00017646784622660228,0.004655504385341347,-0.8776087166898392,0.4793776594606945,-0.8660254037844386,0.5000000000000001,2018-11-05,600.64,0.00011655593852499813,0.00011654914640936456,0.06999999999993634,6.0,UP,52.57000000000005,0.912466490167674,-0.04363001745200701,0,TRAIN
2018-10-30,Grade 2,548.0,https://exagri.info/mkt/2018/30.10.2018.html,2018-10-30,observed_source_value,-0.04363001745200701,0.034762979683973017,-0.04525862068965514,0.019923681572792784,8.0,-0.018041886152563042,-0.001098716650495901,0.008357343439551579,0.03992328577120803,0.035107146379005284,-0.05517241379310345,-0.008683068017366069,-0.029545728230302215,-0.014958962615176152,-0.8776087166898392,0.4793776594606945,-0.8660254037844386,0.5000000000000001,2018-11-05,563.0,0.027372262773722733,0.02700434119167495,15.0,6.0,UP,52.57000000000005,0.912466490167674,0.005457802481123819,1,TRAIN
2018-11-05,Grade 1,600.64,https://exagri.info/mkt/2018/05.11.2018.html,2018-11-05,observed_source_value,0.00011655593852499813,0.005457802481123819,-0.006734734601569925,-0.0060165289256197685,6.0,-0.00038679206064036925,0.0005207561083780066,0.004824636025242135,0.007170466177788561,0.0152685636798767,-0.0011972861513902533,0.0025035884768167538,-0.0005590905460449713,0.00014819723886883018,-0.8235472349556007,0.5672476988027229,-0.5000000000000004,0.8660254037844384,2018-11-13,604.93,0.0071423814597761925,0.007116995459310363,4.289999999999964,8.0,UP,37.639999999999986,0.9373335109216836,0.027372262773722733,0,TRAIN
2018-11-05,Grade 2,563.0,https://exagri.info/mkt/2018/05.11.2018.html,2018-11-05,observed_source_value,0.027372262773722733,-0.04363001745200701,0.034762979683973017,-0.04525862068965514,6.0,0.00616840833522958,-0.0013659428222347226,0.003796739342170408,0.03967760950429226,0.028028384602281662,0.016704288939051848,-0.00997063323192704,-0.0009759559932569495,0.008559318693996287,-0.8235472349556007,0.5672476988027229,-0.5000000000000004,0.8660254037844384,2018-11-13,539.0,-0.04262877442273538,-0.043564057230693266,-24.0,8.0,DOWN,37.639999999999986,0.9373335109216836,0.00011655593852499813,1,TRAIN
2018-11-13,Grade 1,604.93,https://exagri.info/mkt/2018/13.11.2018.html,2018-11-13,observed_source_value,0.0071423814597761925,0.00011655593852499813,0.005457802481123819,-0.006734734601569925,8.0,0.00423891329314167,-6.9047295529367505e-06,0.0010641795813419175,0.006371221198028363,0.006397326900215584,0.012757194756491508,-0.00011570247933889721,0.006602746929090131,0.006237732459496215,-0.7379428103031386,0.6748632518680403,-0.5000000000000004,0.8660254037844384,2018-11-19,610.79,0.009687071231382127,0.009640452381815432,5.860000000000014,6.0,UP,65.92999999999995,0.8910121832278115,-0.04262877442273538,0,TRAIN
2018-11-13,Grade 2,539.0,https://exagri.info/mkt/2018/13.11.2018.html,2018-11-13,observed_source_value,-0.04262877442273538,0.027372262773722733,-0.04363001745200701,0.034762979683973017,8.0,-0.01962884303367322,-0.013876434021340357,-0.0008797410412796025,0.0411219588495485,0.03163477624657358,-0.05933682373472948,-0.07068965517241377,-0.02944089313045828,-0.03317865387616448,-0.7379428103031386,0.6748632518680403,-0.5000000000000004,0.8660254037844384,2018-11-19,559.67,0.03834879406307978,0.03763175340884404,20.66999999999996,6.0,UP,65.92999999999995,0.8910121832278115,0.0071423814597761925,1,TRAIN
2018-11-19,Grade 1,610.79,https://exagri.info/mkt/2018/19.11.2018.html,2018-11-19,observed_source_value,0.009687071231382127,0.0071423814597761925,0.00011655593852499813,0.005457802481123819,6.0,0.005648669543227773,0.0031338153018474423,0.0012210465334257293,0.0065365666368488225,0.006605370385507416,0.01701716702465972,0.015681122788346435,0.013174133446573588,0.014754722059314718,-0.6644834655228552,0.7473029667054296,-0.5000000000000004,0.8660254037844384,2018-11-27,618.64,0.012852207796460347,0.012770319061510178,7.850000000000023,8.0,UP,51.120000000000005,0.9163051130503119,0.03834879406307978,0,TRAIN
2018-11-19,Grade 2,559.67,https://exagri.info/mkt/2018/19.11.2018.html,2018-11-19,observed_source_value,0.03834879406307978,-0.04262877442273538,0.027372262773722733,-0.04363001745200701,6.0,0.007697427471355711,0.0028450489292066285,0.0026347722323052714,0.04215641957802343,0.03400247927164158,0.021295620437956186,0.0106907449209932,0.0056348758566411306,0.0018007245857973864,-0.6644834655228552,0.7473029667054296,-0.5000000000000004,0.8660254037844384,2018-11-27,578.25,0.033198134615041175,0.032658976793707536,18.58000000000004,8.0,UP,51.120000000000005,0.9163051130503119,0.009687071231382127,1,TRAIN
2018-11-27,Grade 1,618.64,https://exagri.info/mkt/2018/27.11.2018.html,2018-11-27,observed_source_value,0.012852207796460347,0.009687071231382127,0.0071423814597761925,0.00011655593852499813,8.0,0.009893886829206222,0.007051203781453496,0.003217120668498441,0.004775877578367624,0.0068210226484011795,0.029968034096963247,0.0357101002829352,0.018984902341240506,0.024489444433404284,-0.5556819724760489,0.8313949395234058,-0.5000000000000004,0.8660254037844384,2018-12-04,635.43,0.027140178455967945,0.026778414773236652,16.789999999999964,7.0,UP,40.389999999999986,0.9347116255010992,0.033198134615041175,0,TRAIN
2018-11-27,Grade 2,578.25,https://exagri.info/mkt/2018/27.11.2018.html,2018-11-27,observed_source_value,0.033198134615041175,0.03834879406307978,-0.04262877442273538,0.027372262773722733,8.0,0.009639384751795191,0.00253207991542026,0.005817724379940781,0.04186502300704321,0.035334467728821956,0.027087033747779765,0.009162303664921545,0.037063473844299644,0.029621768688102623,-0.5556819724760489,0.8313949395234058,-0.5000000000000004,0.8660254037844384,2018-12-04,593.5,0.026372676178123555,0.026030912938174073,15.25,7.0,UP,40.389999999999986,0.9347116255010992,0.012852207796460347,1,TRAIN
2018-12-04,Grade 1,635.43,https://exagri.info/mkt/2018/04.12.2018.html,2018-12-04,observed_source_value,0.027140178455967945,0.012852207796460347,0.009687071231382127,0.0071423814597761925,7.0,0.01655981916127014,0.011387678976422322,0.005775934161697927,0.009977962176225024,0.010125885951941874,0.05041905675036773,0.058044857385483706,0.034757346690854174,0.046180239421384606,-0.451785789832884,0.8921264484954345,-2.4492935982947064e-16,1.0,2018-12-11,631.43,-0.00629494987646162,-0.006314846616706561,-4.0,7.0,DOWN,41.92999999999995,0.9340131879199912,0.026372676178123555,0,TRAIN
2018-12-04,Grade 2,593.5,https://exagri.info/mkt/2018/04.12.2018.html,2018-12-04,observed_source_value,0.026372676178123555,0.033198134615041175,0.03834879406307978,-0.04262877442273538,7.0,0.03263986828541484,0.016532618641446374,0.007716950995475235,0.03342184906325363,0.03593313996043854,0.10111317254174401,0.08302919708029188,0.04732090547818535,0.04917232942773708,-0.451785789832884,0.8921264484954345,-2.4492935982947064e-16,1.0,2018-12-11,594.0,0.0008424599831506896,0.0008421053129220893,0.5,7.0,UP,41.92999999999995,0.9340131879199912,0.027140178455967945,1,TRAIN
2018-12-11,Grade 1,631.43,https://exagri.info/mkt/2018/11.12.2018.html,2018-12-11,observed_source_value,-0.00629494987646162,0.027140178455967945,0.012852207796460347,0.009687071231382127,7.0,0.01123247879198889,0.010105377813424998,0.005313066960901502,0.01199640137719445,0.010598633863276823,0.03379230177311343,0.051261987213638616,0.018034837902503043,0.034097050490493164,-0.34134651424503615,0.9399375283564133,-2.4492935982947064e-16,1.0,2018-12-18,615.36,-0.025450168664776673,-0.025779626056895082,-16.069999999999936,7.0,DOWN,37.42999999999995,0.9407218535704671,0.0008424599831506896,0,TRAIN
2018-12-11,Grade 2,594.0,https://exagri.info/mkt/2018/11.12.2018.html,2018-12-11,observed_source_value,0.0008424599831506896,0.026372676178123555,0.033198134615041175,0.03834879406307978,7.0,0.020137756925438472,0.011226658083331963,0.004930357630548621,0.03337662762253849,0.035197351326535564,0.06133971804813565,0.05506216696269983,0.03685911982181378,0.04537527036325906,-0.34134651424503615,0.9399375283564133,-2.4492935982947064e-16,1.0,2018-12-18,556.25,-0.06355218855218858,-0.06566148588219499,-37.75,7.0,DOWN,37.42999999999995,0.9407218535704671,-0.00629494987646162,1,TRAIN
2018-12-18,Grade 1,615.36,https://exagri.info/mkt/2018/18.12.2018.html,2018-12-18,observed_source_value,-0.025450168664776673,-0.00629494987646162,0.027140178455967945,0.012852207796460347,7.0,-0.0015349800284234494,0.0035868677885144253,0.0017899815294807441,0.0201160213341166,0.01419418933442754,-0.0053019526703737,0.017241664324798123,-0.011199845741005632,0.006072139767120177,-0.22596360824801906,0.974135744004672,-2.4492935982947064e-16,1.0,2018-12-31,589.31,-0.04233294331773285,-0.04325510141493102,-26.050000000000068,13.0,DOWN,59.110000000000014,0.9039424076963078,-0.06355218855218858,0,TRAIN
2018-12-18,Grade 2,556.25,https://exagri.info/mkt/2018/18.12.2018.html,2018-12-18,observed_source_value,-0.06355218855218858,0.0008424599831506896,0.026372676178123555,0.033198134615041175,7.0,-0.012112350796971446,0.007041975257441324,-0.0034172293819495158,0.04201162793730744,0.04071297792426277,-0.03804582792909639,0.03200371057513918,-0.034847848643321466,-0.016951728574407632,-0.22596360824801906,0.974135744004672,-2.4492935982947064e-16,1.0,2018-12-31,559.0,0.004943820224719175,0.004931639674649265,2.75,13.0,UP,59.110000000000014,0.9039424076963078,-0.025450168664776673,1,TRAIN
2018-12-31,Grade 1,589.31,https://exagri.info/mkt/2018/31.12.2018.html,2018-12-31,observed_source_value,-0.04233294331773285,-0.025450168664776673,-0.00629494987646162,0.027140178455967945,13.0,-0.024692687286323716,-0.006817135121308571,-0.0018416599097305641,0.02805716238551917,0.01990889749141068,-0.07258077207560232,-0.03516756986853098,-0.04647640744683934,-0.034615957971368405,-0.004300592702981974,0.9999907524084426,-2.4492935982947064e-16,1.0,2019-01-08,579.86,-0.016035702771037164,-0.01616566589203818,-9.449999999999932,8.0,DOWN,30.309999999999945,0.9485669681491915,0.004943820224719175,0,TRAIN
2018-12-31,Grade 2,559.0,https://exagri.info/mkt/2018/31.12.2018.html,2018-12-31,observed_source_value,0.004943820224719175,-0.06355218855218858,0.0008424599831506896,0.026372676178123555,13.0,-0.01925530278143957,0.00036098048976920263,0.0016030147094879155,0.038278631190113606,0.03798405478287797,-0.05812973883740524,-0.0011971340254077756,-0.029850746268656803,-0.013007466889843444,-0.004300592702981974,0.9999907524084426,-2.4492935982947064e-16,1.0,2019-01-08,551.75,-0.012969588550983846,-0.013054428018253324,-7.25,8.0,DOWN,30.309999999999945,0.9485669681491915,-0.04233294331773285,1,TRAIN
2019-01-08,Grade 1,579.86,https://exagri.info/mkt/2019/08.01.2019.html,2019-01-08,observed_source_value,-0.016035702771037164,-0.04233294331773285,-0.025450168664776673,-0.00629494987646162,8.0,-0.027939604917848897,-0.012594717234808072,-0.002771756726677288,0.02588442634005174,0.02037470017729295,-0.08167176092361772,-0.06268589163326,-0.049842858500552256,-0.04737340150091329,0.13718540405660057,0.9905453876091833,0.49999999999999994,0.8660254037844387,2019-01-14,573.71,-0.010606008346842333,-0.010662652924617273,-6.149999999999977,6.0,DOWN,28.110000000000014,0.9515227813610182,-0.012969588550983846,0,TRAIN
2019-01-08,Grade 2,551.75,https://exagri.info/mkt/2019/08.01.2019.html,2019-01-08,observed_source_value,-0.012969588550983846,0.004943820224719175,-0.06355218855218858,0.0008424599831506896,8.0,-0.023859318959484416,-0.008872564143435801,-0.003170242114007771,0.033668041488150995,0.03631656102384149,-0.07112794612794615,-0.045827929096411535,-0.033543527763180925,-0.02213943662471063,0.13718540405660057,0.9905453876091833,0.49999999999999994,0.8660254037844387,2019-01-14,509.0,-0.07748074309016761,-0.080647028586323,-42.75,6.0,DOWN,28.110000000000014,0.9515227813610182,-0.016035702771037164,1,TRAIN
2019-01-14,Grade 1,573.71,https://exagri.info/mkt/2019/14.01.2019.html,2019-01-14,observed_source_value,-0.010606008346842333,-0.016035702771037164,-0.04233294331773285,-0.025450168664776673,6.0,-0.022991551478537448,-0.020143954595370127,-0.0043781378094739035,0.014319149867118087,0.020286834586042135,-0.06768395735829424,-0.09713107659380249,-0.04051283251997706,-0.053299450504116996,0.23851257519407648,0.9711394088771653,0.49999999999999994,0.8660254037844387,2019-01-22,569.79,-0.006832720363947109,-0.006856170276574052,-3.9200000000000728,8.0,DOWN,64.71000000000004,0.8872078227676004,-0.07748074309016761,0,TRAIN
2019-01-14,Grade 2,509.0,https://exagri.info/mkt/2019/14.01.2019.html,2019-01-14,observed_source_value,-0.07748074309016761,-0.012969588550983846,0.004943820224719175,-0.06355218855218858,6.0,-0.028502170472144095,-0.029643247997094037,-0.006555314677823831,0.0382161509865614,0.04168733275986991,-0.08494382022471914,-0.1423757371524853,-0.08122743682310474,-0.09162618543675105,0.23851257519407648,0.9711394088771653,0.49999999999999994,0.8660254037844387,2019-01-22,508.0,-0.0019646365422396617,-0.001966568972040827,-1.0,8.0,DOWN,64.71000000000004,0.8872078227676004,-0.010606008346842333,1,TRAIN
2019-01-22,Grade 1,569.79,https://exagri.info/mkt/2019/22.01.2019.html,2019-01-22,observed_source_value,-0.006832720363947109,-0.010606008346842333,-0.016035702771037164,-0.04233294331773285,8.0,-0.011158143827275535,-0.020251508692867227,-0.0050730654397211136,0.014190563742395575,0.02023471817668427,-0.03312348339583582,-0.09761968864323833,-0.027007920000819752,-0.054957084214454555,0.3694836834473831,0.9292372181882051,0.49999999999999994,0.8660254037844387,2019-01-29,570.36,0.001000368556836717,0.0009998685216638208,0.57000000000005,7.0,UP,61.789999999999964,0.8915565383737869,-0.0019646365422396617,0,TRAIN
2019-01-22,Grade 2,508.0,https://exagri.info/mkt/2019/22.01.2019.html,2019-01-22,observed_source_value,-0.0019646365422396617,-0.07748074309016761,-0.012969588550983846,0.004943820224719175,8.0,-0.030804989394463706,-0.030204667302172104,-0.00948900460942007,0.03767309373990308,0.04003391876002073,-0.09123434704830058,-0.1447811447811448,-0.05365126676602083,-0.08442403422956446,0.3694836834473831,0.9292372181882051,0.49999999999999994,0.8660254037844387,2019-01-29,505.0,-0.0059055118110236116,-0.005923018303122056,-3.0,7.0,DOWN,61.789999999999964,0.8915565383737869,-0.006832720363947109,1,TRAIN
2019-01-29,Grade 1,570.36,https://exagri.info/mkt/2019/29.01.2019.html,2019-01-29,observed_source_value,0.001000368556836717,-0.006832720363947109,-0.010606008346842333,-0.016035702771037164,7.0,-0.005479453384650908,-0.014961401248544549,-0.005687266730015061,0.01650892512081364,0.019913399739077565,-0.016383264926016605,-0.07312792511700472,-0.010832353461462385,-0.04855638666284112,0.4784338202547012,0.8781236129591848,0.49999999999999994,0.8660254037844387,2019-02-05,568.36,-0.0035065572620800456,-0.003512719644043783,-2.0,7.0,DOWN,65.36000000000001,0.8854057086752226,-0.0059055118110236116,0,TRAIN
2019-01-29,Grade 2,505.0,https://exagri.info/mkt/2019/29.01.2019.html,2019-01-29,observed_source_value,-0.0059055118110236116,-0.0019646365422396617,-0.07748074309016761,-0.012969588550983846,7.0,-0.028450297147810295,-0.01867533195393911,-0.005816678348248894,0.03350676007891817,0.03830313177974299,-0.08473040326234704,-0.09213483146067414,-0.04092678757952706,-0.08421919258961053,0.4784338202547012,0.8781236129591848,0.49999999999999994,0.8660254037844387,2019-02-05,498.33,-0.01320792079207922,-0.013295921104264644,-6.670000000000016,7.0,DOWN,65.36000000000001,0.8854057086752226,0.001000368556836717,1,TRAIN
2019-02-05,Grade 1,568.36,https://exagri.info/mkt/2019/05.02.2019.html,2019-02-05,observed_source_value,-0.0035065572620800456,0.001000368556836717,-0.006832720363947109,-0.010606008346842333,7.0,-0.003112969689730146,-0.007196124037413987,-0.007006629579361279,0.0065324750144739275,0.01920610274905286,-0.009325268864060265,-0.03555005005854295,-0.0070857558139533205,-0.04513419295224497,0.580454927809098,0.8142923779467267,0.8660254037844386,0.5000000000000001,2019-02-12,580.71,0.02172918572735605,0.02149647205568964,12.350000000000023,7.0,UP,70.03000000000003,0.8767858399605883,-0.01320792079207922,0,TRAIN
2019-02-05,Grade 2,498.33,https://exagri.info/mkt/2019/05.02.2019.html,2019-02-05,observed_source_value,-0.01320792079207922,-0.0059055118110236116,-0.0019646365422396617,-0.07748074309016761,7.0,-0.007026023048447498,-0.02230568015729879,-0.010972349833764794,0.031212749713581643,0.03502761000523452,-0.02096267190569745,-0.10853309481216455,-0.03127041149575438,-0.08614947882664481,0.580454927809098,0.8142923779467267,0.8660254037844386,0.5000000000000001,2019-02-12,531.67,0.06690345754821103,0.06476048795256274,33.339999999999975,7.0,UP,70.03000000000003,0.8767858399605883,-0.0035065572620800456,1,TRAIN
2019-02-12,Grade 1,580.71,https://exagri.info/mkt/2019/12.02.2019.html,2019-02-12,observed_source_value,0.02172918572735605,-0.0035065572620800456,0.001000368556836717,-0.006832720363947109,7.0,0.006407665674037573,0.0003568536622646556,-0.0061189317862717085,0.01268848839893534,0.020394342981894818,0.01916495550992492,0.0014658710723278734,0.014188261675975422,-0.01812888041228744,0.6740694616546161,0.7386679638813748,0.8660254037844386,0.5000000000000001,2019-02-18,597.64,0.029153966695941058,0.028737073157319912,16.92999999999995,6.0,UP,49.04000000000008,0.9155516522877166,0.06690345754821103,0,TRAIN
2019-02-12,Grade 2,531.67,https://exagri.info/mkt/2019/12.02.2019.html,2019-02-12,observed_source_value,0.06690345754821103,-0.01320792079207922,-0.0059055118110236116,-0.0019646365422396617,7.0,0.015930008315036066,-0.006331070937459815,-0.007601817540447808,0.05121550039728464,0.04088249552567117,0.04659448818897638,-0.036393294064340775,0.04167319749216292,-0.016609636548598927,0.6740694616546161,0.7386679638813748,0.8660254037844386,0.5000000000000001,2019-02-18,539.33,0.01440743318223725,0.014304632337854643,7.660000000000082,6.0,UP,49.04000000000008,0.9155516522877166,0.02172918572735605,1,TRAIN
2019-02-18,Grade 1,597.64,https://exagri.info/mkt/2019/18.02.2019.html,2019-02-18,observed_source_value,0.029153966695941058,0.02172918572735605,-0.0035065572620800456,0.001000368556836717,6.0,0.015792198387072354,0.008308848670821333,-0.005917552962274397,0.016100537288882076,0.02076580107851463,0.04782944105477238,0.04171096895644122,0.03510388449734325,0.016994723076373175,0.746588114532413,0.6652865452111116,0.8660254037844386,0.5000000000000001,2019-02-26,612.07,0.02414497021618378,0.023858089073620664,14.430000000000064,8.0,UP,58.309999999999945,0.90243290275082,0.01440743318223725,0,TRAIN
2019-02-18,Grade 2,539.33,https://exagri.info/mkt/2019/18.02.2019.html,2019-02-18,observed_source_value,0.01440743318223725,0.06690345754821103,-0.01320792079207922,-0.0059055118110236116,6.0,0.022700989979456354,0.012046564317021159,-0.00879834184003644,0.032292538773407986,0.039941944193492215,0.06798019801980204,0.05958742632612979,0.04427009716031649,0.0076546102351688905,0.746588114532413,0.6652865452111116,0.8660254037844386,0.5000000000000001,2019-02-26,560.33,0.03893719985908439,0.03819826742132284,21.0,8.0,UP,58.309999999999945,0.90243290275082,0.029153966695941058,1,TRAIN
2019-02-26,Grade 1,612.07,https://exagri.info/mkt/2019/26.02.2019.html,2019-02-26,observed_source_value,0.02414497021618378,0.029153966695941058,0.02172918572735605,-0.0035065572620800456,8.0,0.025009374213160296,0.014504386786847512,-0.002873560953009857,0.014718197698698506,0.022832531489063747,0.07690548244070672,0.07420277646150342,0.04479471790354861,0.04499271832642737,0.8307970168121247,0.5565755266413303,0.8660254037844386,0.5000000000000001,2019-03-05,611.93,-0.00022873200777706604,-0.00022875817093240034,-0.14000000000010004,7.0,DOWN,51.74000000000001,0.9154671851258843,0.03893719985908439,0,TRAIN
2019-02-26,Grade 2,560.33,https://exagri.info/mkt/2019/26.02.2019.html,2019-02-26,observed_source_value,0.03893719985908439,0.01440743318223725,0.06690345754821103,-0.01320792079207922,8.0,0.04008269686317756,0.020226931597285967,-0.0049888678524430685,0.03302814227240772,0.04268599316780551,0.12441554793008658,0.10301181102362222,0.06338199236334097,0.05351723930463703,0.8307970168121247,0.5565755266413303,0.8660254037844386,0.5000000000000001,2019-03-05,567.33,0.012492638266735634,0.012415249124455902,7.0,7.0,UP,51.74000000000001,0.9154671851258843,0.02414497021618378,1,TRAIN
2019-03-05,Grade 1,611.93,https://exagri.info/mkt/2019/05.03.2019.html,2019-03-05,observed_source_value,-0.00022873200777706604,0.02414497021618378,0.029153966695941058,0.02172918572735605,7.0,0.017690068301449258,0.014258566673924755,-0.0003514172873098964,0.01500754408133094,0.02141027859454949,0.05376177437963858,0.07288379269233447,0.02993897081842367,0.04536586865832781,0.8916401947968874,0.45274469960737107,1.0,6.123233995736766e-17,2019-03-12,605.21,-0.010981648227738283,-0.011042391644564355,-6.719999999999914,7.0,DOWN,44.59999999999991,0.9271158465837597,0.012492638266735634,0,TRAIN
2019-03-05,Grade 2,567.33,https://exagri.info/mkt/2019/05.03.2019.html,2019-03-05,observed_source_value,0.012492638266735634,0.03893719985908439,0.01440743318223725,0.06690345754821103,7.0,0.02194575710268576,0.02390656161283782,0.002615614829449353,0.030301192375232384,0.03755958979588903,0.06707167980138062,0.12342574257425754,0.05178365511180982,0.06446093055195967,0.8916401947968874,0.45274469960737107,1.0,6.123233995736766e-17,2019-03-12,531.0,-0.06403680397652167,-0.06617912376535248,-36.33000000000004,7.0,DOWN,44.59999999999991,0.9271158465837597,-0.00022873200777706604,1,TRAIN
2019-03-12,Grade 1,605.21,https://exagri.info/mkt/2019/12.03.2019.html,2019-03-12,observed_source_value,-0.010981648227738283,-0.00022873200777706604,0.02414497021618378,0.029153966695941058,7.0,0.004311529993556144,0.012763548480793108,0.0027837122216895606,0.0174011417746359,0.01625444615102036,0.01266648818686833,0.06483566753466108,0.0061478407745814145,0.03108538172698827,0.9395699859530622,0.342356891994542,1.0,6.123233995736766e-17,2019-03-18,604.14,-0.0017679813618414197,-0.0017695460854293982,-1.07000000000005,6.0,DOWN,74.21000000000004,0.8773814048016391,-0.06403680397652167,0,TRAIN
2019-03-12,Grade 2,531.0,https://exagri.info/mkt/2019/12.03.2019.html,2019-03-12,observed_source_value,-0.06403680397652167,0.012492638266735634,0.03893719985908439,0.01440743318223725,7.0,-0.004202321950233882,0.013740784975949327,-0.004282447590674731,0.0487659838188636,0.043021695833515575,-0.01544508927743693,0.06555896694961172,-0.027351391748422937,0.0015579790785666958,0.9395699859530622,0.342356891994542,1.0,6.123233995736766e-17,2019-03-18,543.33,0.02322033898305098,0.02295484890261547,12.330000000000041,6.0,UP,74.21000000000004,0.8773814048016391,-0.010981648227738283,1,TRAIN
2019-03-18,Grade 1,604.14,https://exagri.info/mkt/2019/18.03.2019.html,2019-03-18,observed_source_value,-0.0017679813618414197,-0.010981648227738283,-0.00022873200777706604,0.02414497021618378,6.0,-0.004326120532452256,0.008064115062953615,0.004210484362609135,0.01754678229997457,0.014996495603516596,-0.012956034440505304,0.04034716123366211,-0.0033949303692855093,0.025022395960583088,0.969843196967294,0.24372971360968387,1.0,6.123233995736766e-17,2019-03-26,605.71,0.0025987353924588064,0.0025953645183823385,1.57000000000005,8.0,UP,60.809999999999945,0.8993445227927302,0.02322033898305098,0,TRAIN
2019-03-18,Grade 2,543.33,https://exagri.info/mkt/2019/18.03.2019.html,2019-03-18,observed_source_value,0.02322033898305098,-0.06403680397652167,0.012492638266735634,0.03893719985908439,6.0,-0.009441275575578353,0.005004161262917317,-0.000663454837271249,0.03998260225060129,0.04372612056538534,-0.03033926436207235,0.02193089698497208,-0.00899931419899902,0.02644465099408322,0.969843196967294,0.24372971360968387,1.0,6.123233995736766e-17,2019-03-26,518.0,-0.04661991791360687,-0.04774162788507115,-25.33000000000004,8.0,DOWN,60.809999999999945,0.8993445227927302,-0.0017679813618414197,1,TRAIN
2019-03-26,Grade 1,605.71,https://exagri.info/mkt/2019/26.03.2019.html,2019-03-26,observed_source_value,0.0025987353924588064,-0.0017679813618414197,-0.010981648227738283,-0.00022873200777706604,8.0,-0.003383631399040299,0.0027530688022571635,0.005530958736539249,0.012996256648125162,0.014101562861722984,-0.010164561306031605,0.013503112241483262,-0.0034583061867815568,0.022136647136647314,0.9941098647022418,0.10837701279187609,1.0,6.123233995736766e-17,2019-04-02,604.0,-0.0028231331825461226,-0.0028271257391458324,-1.7100000000000364,7.0,DOWN,87.71000000000004,0.8551947301513926,-0.04661991791360687,0,TRAIN
2019-03-26,Grade 2,518.0,https://exagri.info/mkt/2019/26.03.2019.html,2019-03-26,observed_source_value,-0.04661991791360687,0.02322033898305098,-0.06403680397652167,0.012492638266735634,8.0,-0.029145460969025854,-0.007201308956251507,0.002422627680384826,0.04534917431056334,0.03847600153658229,-0.08695115717483659,-0.03954907014258435,-0.047790616877268044,-0.023069147090330255,0.9941098647022418,0.10837701279187609,1.0,6.123233995736766e-17,2019-04-02,522.0,0.007722007722007707,0.007692345623155645,4.0,7.0,UP,87.71000000000004,0.8551947301513926,0.0025987353924588064,1,TRAIN
2019-04-02,Grade 1,604.0,https://exagri.info/mkt/2019/02.04.2019.html,2019-04-02,observed_source_value,-0.0028231331825461226,0.0025987353924588064,-0.0017679813618414197,-0.010981648227738283,7.0,-0.0006641263839762453,-0.002640551877488817,0.005931917454679347,0.005090078824119563,0.013763919371733891,-0.001999306026007508,-0.013184766448282148,-0.0036258780134544866,0.01340071441394719,0.9999300657962057,-0.011826390691832589,0.8660254037844387,-0.4999999999999998,2019-04-09,596.79,-0.011937086092715266,-0.012008905217819344,-7.210000000000036,7.0,DOWN,82.0,0.8642384105960265,0.007722007722007707,0,TRAIN
2019-04-02,Grade 2,522.0,https://exagri.info/mkt/2019/02.04.2019.html,2019-04-02,observed_source_value,0.007722007722007707,-0.04661991791360687,0.02322033898305098,-0.06403680397652167,7.0,-0.00522585706951606,-0.013444347383666844,0.0033912921068095627,0.039132007946006575,0.03847521060796298,-0.016949152542372836,-0.06840611782342554,-0.02672225412617557,-0.018117795768501477,0.9999300657962057,-0.011826390691832589,0.8660254037844387,-0.4999999999999998,2019-04-09,588.5,0.12739463601532575,0.11990933881769275,66.5,7.0,UP,82.0,0.8642384105960265,-0.0028231331825461226,1,TRAIN
2019-04-09,Grade 1,596.79,https://exagri.info/mkt/2019/09.04.2019.html,2019-04-09,observed_source_value,-0.011937086092715266,-0.0028231331825461226,0.0025987353924588064,-0.0017679813618414197,7.0,-0.004053827960934194,-0.004982222694476457,0.004638171989724149,0.006261532799528476,0.014844574872129736,-0.012166054225841716,-0.024741391989279826,-0.010577449143690965,-0.0031169820397690673,0.9912685467787256,-0.13185851571739118,0.8660254037844387,-0.4999999999999998,2019-04-23,594.38,-0.004038271418757011,-0.004046447255036572,-2.409999999999968,14.0,DOWN,8.289999999999964,0.9861090165719936,0.12739463601532575,0,TRAIN
2019-04-09,Grade 2,588.5,https://exagri.info/mkt/2019/09.04.2019.html,2019-04-09,observed_source_value,0.12739463601532575,0.007722007722007707,-0.04661991791360687,0.02322033898305098,7.0,0.029498908607908863,0.00953605216605118,0.0167213068894445,0.07524568822606119,0.05460624941676995,0.08313547935876908,0.03731514286217896,0.0886737234676247,0.08985114318625431,0.9912685467787256,-0.13185851571739118,0.8660254037844387,-0.4999999999999998,2019-04-23,586.5,-0.003398470688190325,-0.0034042586068012653,-2.0,14.0,DOWN,8.289999999999964,0.9861090165719936,-0.011937086092715266,1,TRAIN
2019-04-23,Grade 1,594.38,https://exagri.info/mkt/2019/23.04.2019.html,2019-04-23,observed_source_value,-0.004038271418757011,-0.011937086092715266,-0.0028231331825461226,0.0025987353924588064,14.0,-0.0062661635646728,-0.0035935473326802027,0.004585000574056452,0.00529346325617176,0.01487790461594094,-0.018705321028214872,-0.017894615092282073,-0.011021557260850412,-0.011439348831949081,0.9312100364121947,-0.3644830148102912,0.8660254037844387,-0.4999999999999998,2019-04-29,584.57,-0.016504593021299363,-0.01664231124150756,-9.809999999999945,6.0,DOWN,7.8799999999999955,0.9867424879706586,-0.003398470688190325,0,TRAIN
2019-04-23,Grade 2,586.5,https://exagri.info/mkt/2019/23.04.2019.html,2019-04-23,observed_source_value,-0.003398470688190325,0.12739463601532575,0.007722007722007707,-0.04661991791360687,14.0,0.04390605768304771,0.021663718823717447,0.017702251899833387,0.06454957322505751,0.05409457410388396,0.13223938223938214,0.10451977401129953,0.06314327872299552,0.06869728261166652,0.9312100364121947,-0.3644830148102912,0.8660254037844387,-0.4999999999999998,2019-04-29,574.0,-0.021312872975277064,-0.021543271773963733,-12.5,6.0,DOWN,7.8799999999999955,0.9867424879706586,-0.004038271418757011,1,TRAIN
2019-04-29,Grade 1,584.57,https://exagri.info/mkt/2019/29.04.2019.html,2019-04-29,observed_source_value,-0.016504593021299363,-0.004038271418757011,-0.011937086092715266,-0.0028231331825461226,6.0,-0.010826650177590547,-0.006540869664571791,0.0007616226991909114,0.007615968060548096,0.014895316570265639,-0.03216887417218539,-0.03239315390472397,-0.02096836322832385,-0.028378908457493024,0.8887010478292915,-0.45848712914008766,0.8660254037844387,-0.4999999999999998,2019-05-07,586.86,0.0039174093778331365,0.003909756310005046,2.2899999999999636,8.0,UP,10.57000000000005,0.9819183331337563,-0.021312872975277064,0,TRAIN
2019-04-29,Grade 2,574.0,https://exagri.info/mkt/2019/29.04.2019.html,2019-04-29,observed_source_value,-0.021312872975277064,-0.003398470688190325,0.12739463601532575,0.007722007722007707,6.0,0.03422776411728612,0.01275707643205184,0.008880618847484579,0.06729508265285832,0.05234417696786543,0.09961685823754785,0.056448199068705796,0.02904266762280394,0.03791462338526541,0.8887010478292915,-0.45848712914008766,0.8660254037844387,-0.4999999999999998,2019-05-07,523.33,-0.08827526132404173,-0.09241715609235876,-50.66999999999996,8.0,DOWN,10.57000000000005,0.9819183331337563,-0.016504593021299363,1,TRAIN
2019-05-07,Grade 1,586.86,https://exagri.info/mkt/2019/07.05.2019.html,2019-05-07,observed_source_value,0.0039174093778331365,-0.016504593021299363,-0.004038271418757011,-0.011937086092715266,8.0,-0.005541818354074413,-0.006277134867496925,-0.0017620330326198808,0.008023517272859845,0.011239708927430054,-0.01663901875031415,-0.03112050321110771,-0.010887885121013796,-0.022821804764172504,0.8174009818249189,-0.5760691233798758,0.49999999999999994,-0.8660254037844387,2019-05-14,582.92,-0.006713696622703935,-0.0067363348649607,-3.9400000000000546,7.0,DOWN,63.52999999999997,0.891745901918686,-0.08827526132404173,0,TRAIN
2019-05-07,Grade 2,523.33,https://exagri.info/mkt/2019/07.05.2019.html,2019-05-07,observed_source_value,-0.08827526132404173,-0.021312872975277064,-0.003398470688190325,0.12739463601532575,8.0,-0.03766220166250304,0.004426007749964866,-0.00138765060314332,0.07818149538898073,0.06056544812762022,-0.11073916737468137,0.010289575289575303,-0.0635859043133773,-0.0509618593045017,0.8174009818249189,-0.5760691233798758,0.49999999999999994,-0.8660254037844387,2019-05-14,438.5,-0.16209657386352783,-0.17685242841496987,-84.83000000000004,7.0,DOWN,63.52999999999997,0.891745901918686,0.0039174093778331365,1,TRAIN
2019-05-14,Grade 1,582.92,https://exagri.info/mkt/2019/14.05.2019.html,2019-05-14,observed_source_value,-0.006713696622703935,0.0039174093778331365,-0.016504593021299363,-0.004038271418757011,7.0,-0.006433626755390054,-0.0070552475555284875,-0.004847899716508652,0.007790065459635259,0.006625706956231171,-0.019280594905615955,-0.03490066225165567,-0.010497297590917887,-0.02464816422962579,0.742280907086982,-0.6700888411055113,0.49999999999999994,-0.8660254037844387,2019-05-21,584.71,0.003070747272353014,0.00306604215763235,1.7900000000000773,7.0,UP,144.41999999999996,0.752247306663007,-0.16209657386352783,0,TRAIN
2019-05-14,Grade 2,438.5,https://exagri.info/mkt/2019/14.05.2019.html,2019-05-14,observed_source_value,-0.16209657386352783,-0.08827526132404173,-0.021312872975277064,-0.003398470688190325,7.0,-0.09056156938761555,-0.02953770856714224,-0.02149102797540454,0.10770401724876706,0.07686450430255018,-0.2523444160272805,-0.1599616858237548,-0.1912071210662416,-0.18683205717581308,0.742280907086982,-0.6700888411055113,0.49999999999999994,-0.8660254037844387,2019-05-21,586.0,0.33637400228050174,0.2899599777647749,147.5,7.0,UP,144.41999999999996,0.752247306663007,-0.006713696622703935,1,TRAIN
2019-05-21,Grade 1,584.71,https://exagri.info/mkt/2019/21.05.2019.html,2019-05-21,observed_source_value,0.003070747272353014,-0.006713696622703935,0.0039174093778331365,-0.016504593021299363,7.0,9.148667582740504e-05,-0.004053680882514832,-0.004517951788495645,0.008312594221270495,0.0069552501152364485,0.00023949227637398707,-0.020241626032607707,-0.003371468310243153,-0.01717683958926186,0.6564105761979381,-0.7544038410927472,0.49999999999999994,-0.8660254037844387,2019-05-28,578.77,-0.010158882180910322,-0.010210835784350853,-5.940000000000055,7.0,DOWN,-1.2899999999999636,1.0022062218877734,0.33637400228050174,0,TRAIN
2019-05-21,Grade 2,586.0,https://exagri.info/mkt/2019/21.05.2019.html,2019-05-21,observed_source_value,0.33637400228050174,-0.16209657386352783,-0.08827526132404173,-0.021312872975277064,7.0,0.028667389030977392,0.012258164685892959,0.01089710842597207,0.19165709325542277,0.13727342735024728,0.020905923344947785,-0.004248088360237934,0.08184748535075137,0.08294709452317073,0.6564105761979381,-0.7544038410927472,0.49999999999999994,-0.8660254037844387,2019-05-28,556.0,-0.05119453924914674,-0.05255149532643022,-30.0,7.0,DOWN,-1.2899999999999636,1.0022062218877734,0.003070747272353014,1,TRAIN
2019-05-28,Grade 1,578.77,https://exagri.info/mkt/2019/28.05.2019.html,2019-05-28,observed_source_value,-0.010158882180910322,0.003070747272353014,-0.006713696622703935,0.0039174093778331365,7.0,-0.004600610510420415,-0.005277803034945494,-0.004435675183812849,0.008748967953021628,0.006874692454746031,-0.013785229867430138,-0.026262660251017866,-0.008218436303691568,-0.022818406679216863,0.5610336262283677,-0.8277930117131022,0.49999999999999994,-0.8660254037844387,2019-06-03,568.79,-0.017243464588696744,-0.01739386457630299,-9.980000000000018,6.0,DOWN,22.769999999999982,0.9606579470255888,-0.05119453924914674,0,TRAIN
2019-05-28,Grade 2,556.0,https://exagri.info/mkt/2019/28.05.2019.html,2019-05-28,observed_source_value,-0.05119453924914674,0.33637400228050174,-0.16209657386352783,-0.08827526132404173,7.0,0.04102762972260906,0.0026989509737016747,0.012181334898709562,0.1938130466144664,0.13655268979615576,0.0624271492175108,-0.052003410059676014,0.03815402770153442,0.02278078643748538,0.5610336262283677,-0.8277930117131022,0.49999999999999994,-0.8660254037844387,2019-06-03,504.0,-0.09352517985611508,-0.09819202617921373,-52.0,6.0,DOWN,22.769999999999982,0.9606579470255888,-0.010158882180910322,1,TRAIN
2019-06-03,Grade 1,568.79,https://exagri.info/mkt/2019/03.06.2019.html,2019-06-03,observed_source_value,-0.017243464588696744,-0.010158882180910322,0.003070747272353014,-0.006713696622703935,6.0,-0.008110533165751352,-0.00542557734842497,-0.005983223506498381,0.008988949017468637,0.00787631038923176,-0.024240032937624334,-0.026994200865593676,-0.02002033045605711,-0.033902335456475696,0.47275920928627757,-0.881191653407483,1.2246467991473532e-16,-1.0,2019-06-11,541.79,-0.04746918898011565,-0.04863282497701337,-27.0,8.0,DOWN,64.78999999999996,0.8860915276288261,-0.09352517985611508,0,TRAIN
2019-06-03,Grade 2,504.0,https://exagri.info/mkt/2019/03.06.2019.html,2019-06-03,observed_source_value,-0.09352517985611508,-0.05119453924914674,0.33637400228050174,-0.16209657386352783,6.0,0.0638847610584133,-0.011743510402465929,0.0005067830147929553,0.19867912595659856,0.1404393067202664,0.1493728620296466,-0.12195121951219512,-0.03367934259518457,-0.06611844360485686,0.47275920928627757,-0.881191653407483,1.2246467991473532e-16,-1.0,2019-06-11,490.0,-0.02777777777777779,-0.028170876966696335,-14.0,8.0,DOWN,64.78999999999996,0.8860915276288261,-0.017243464588696744,1,TRAIN
2019-06-11,Grade 1,541.79,https://exagri.info/mkt/2019/11.06.2019.html,2019-06-11,observed_source_value,-0.04746918898011565,-0.017243464588696744,-0.010158882180910322,0.003070747272353014,8.0,-0.024957178583240907,-0.015702897020014726,-0.010990015943755826,0.019205872784540244,0.014738769720120509,-0.07340390963041521,-0.07679855502164068,-0.051813453366841955,-0.06966161708090213,0.3474028211842774,-0.9377159910299093,1.2246467991473532e-16,-1.0,2019-06-18,521.07,-0.03824359991878756,-0.03899408275143,-20.719999999999914,7.0,DOWN,51.789999999999964,0.9044094575388989,-0.02777777777777779,0,TRAIN
2019-06-11,Grade 2,490.0,https://exagri.info/mkt/2019/11.06.2019.html,2019-06-11,observed_source_value,-0.02777777777777779,-0.09352517985611508,-0.05119453924914674,0.33637400228050174,8.0,-0.05749916562767987,0.0003559863067868596,0.002390997028375863,0.19465455304947699,0.13986198660066662,-0.16382252559726962,-0.06368830374715773,-0.04835890464167791,-0.087324426364776,0.3474028211842774,-0.9377159910299093,1.2246467991473532e-16,-1.0,2019-06-18,495.0,0.010204081632652962,0.010152371464017908,5.0,7.0,UP,51.789999999999964,0.9044094575388989,-0.04746918898011565,1,TRAIN
2019-06-18,Grade 1,521.07,https://exagri.info/mkt/2019/18.06.2019.html,2019-06-18,observed_source_value,-0.03824359991878756,-0.04746918898011565,-0.017243464588696744,-0.010158882180910322,7.0,-0.03431875116253332,-0.022008877679231452,-0.01453206261737997,0.02063923933118316,0.01668559230404787,-0.09969417903484967,-0.10610375351677748,-0.06789666312479203,-0.09231533014554105,0.23224292400907015,-0.9726578145718654,1.2246467991473532e-16,-1.0,2019-06-25,500.93,-0.03865123687796268,-0.039418018969875006,-20.140000000000043,7.0,DOWN,26.07000000000005,0.9499683343888536,0.010204081632652962,0,TRAIN
2019-06-18,Grade 2,495.0,https://exagri.info/mkt/2019/18.06.2019.html,2019-06-18,observed_source_value,0.010204081632652962,-0.02777777777777779,-0.09352517985611508,-0.05119453924914674,7.0,-0.03703295866707997,0.034816117406023014,0.0026392044194403887,0.17272103779674722,0.13987470036107064,-0.10971223021582732,0.12884834663626,-0.05929304446978345,-0.07335126726234265,0.23224292400907015,-0.9726578145718654,1.2246467991473532e-16,-1.0,2019-06-25,465.0,-0.06060606060606055,-0.06252035698133393,-30.0,7.0,DOWN,26.07000000000005,0.9499683343888536,-0.03824359991878756,1,TRAIN
2019-06-25,Grade 1,500.93,https://exagri.info/mkt/2019/25.06.2019.html,2019-06-25,observed_source_value,-0.03865123687796268,-0.03824359991878756,-0.04746918898011565,-0.017243464588696744,7.0,-0.0414546752589553,-0.030353274509294592,-0.01720347769590471,0.01584099539469545,0.01828574731393951,-0.11930589497002397,-0.14328470523849435,-0.07623508584284577,-0.11257991882780405,0.11371951458594969,-0.9935128947338007,1.2246467991473532e-16,-1.0,2019-07-02,472.57,-0.0566146966642046,-0.058280486655063586,-28.360000000000014,7.0,DOWN,35.93000000000001,0.9282734114546942,-0.06060606060606055,0,TRAIN
2019-06-25,Grade 2,465.0,https://exagri.info/mkt/2019/25.06.2019.html,2019-06-25,observed_source_value,-0.06060606060606055,0.010204081632652962,-0.02777777777777779,-0.09352517985611508,7.0,-0.026059918917061792,-0.04457989517128944,-0.01616086524269824,0.038664672671115875,0.1337435381003306,-0.07738095238095233,-0.20648464163822522,-0.07370517928286857,-0.1089103218845876,0.11371951458594969,-0.9935128947338007,1.2246467991473532e-16,-1.0,2019-07-02,370.0,-0.20430107526881724,-0.22853439994908623,-95.0,7.0,DOWN,35.93000000000001,0.9282734114546942,-0.03865123687796268,1,TRAIN
2019-07-02,Grade 1,472.57,https://exagri.info/mkt/2019/02.07.2019.html,2019-07-02,observed_source_value,-0.0566146966642046,-0.03865123687796268,-0.03824359991878756,-0.04746918898011565,7.0,-0.04450317782031828,-0.03964443740595345,-0.022461120220449472,0.014611372391081994,0.02137706577035729,-0.12776167887927048,-0.18349257909013938,-0.09300808014893569,-0.14435685083052996,-0.00645086419810515,-0.9999791929590823,-0.4999999999999997,-0.8660254037844388,2019-07-09,458.85,-0.0290327358909791,-0.029462524844070248,-13.71999999999997,7.0,DOWN,102.57,0.7829527900628478,-0.20430107526881724,0,TRAIN
2019-07-02,Grade 2,370.0,https://exagri.info/mkt/2019/02.07.2019.html,2019-07-02,observed_source_value,-0.20430107526881724,-0.06060606060606055,0.010204081632652962,-0.02777777777777779,7.0,-0.08490101808074162,-0.07520120237522354,-0.03625112570076093,0.08179029164903953,0.14612919706491487,-0.24489795918367352,-0.33453237410071945,-0.2039586919104992,-0.2602707409088274,-0.00645086419810515,-0.9999791929590823,-0.4999999999999997,-0.8660254037844388,2019-07-09,458.0,0.23783783783783785,0.21336617847591485,88.0,7.0,UP,102.57,0.7829527900628478,-0.0566146966642046,1,TRAIN
2019-07-09,Grade 1,458.85,https://exagri.info/mkt/2019/09.07.2019.html,2019-07-09,observed_source_value,-0.0290327358909791,-0.0566146966642046,-0.03865123687796268,-0.03824359991878756,7.0,-0.04143288981104879,-0.04200229166640992,-0.023713934507417444,0.010451986114121617,0.021356292199053696,-0.11940814094075658,-0.19328750505458947,-0.08053831140465129,-0.1498464035455025,-0.12652781683868314,-0.9919630595773397,-0.4999999999999997,-0.8660254037844388,2019-07-15,455.14,-0.00808543096872627,-0.008118295333949675,-3.7100000000000364,6.0,DOWN,0.8500000000000227,0.9981475427699683,0.23783783783783785,0,TRAIN
2019-07-09,Grade 2,458.0,https://exagri.info/mkt/2019/09.07.2019.html,2019-07-09,observed_source_value,0.23783783783783785,-0.20430107526881724,-0.06060606060606055,0.010204081632652962,7.0,-0.009023099345679983,-0.008928598836432955,-0.010336054619449442,0.16004373611601114,0.1700880097548224,-0.07474747474747478,-0.09126984126984128,0.005267778753292207,-0.06259530110544165,-0.12652781683868314,-0.9919630595773397,-0.4999999999999997,-0.8660254037844388,2019-07-15,453.0,-0.01091703056768556,-0.010977058631150907,-5.0,6.0,DOWN,0.8500000000000227,0.9981475427699683,-0.0290327358909791,1,TRAIN
2019-07-15,Grade 1,455.14,https://exagri.info/mkt/2019/15.07.2019.html,2019-07-15,observed_source_value,-0.00808543096872627,-0.0290327358909791,-0.0566146966642046,-0.03865123687796268,6.0,-0.031244287841303325,-0.03412554006413204,-0.024914218542073385,0.017658046673165062,0.019919764302313934,-0.091409977441958,-0.15993281529743997,-0.055161590327830745,-0.1356252160272261,-0.2280577712215198,-0.9736476020539838,-0.4999999999999997,-0.8660254037844388,2019-07-23,444.29,-0.02383881882497685,-0.02412756155738046,-10.849999999999966,8.0,DOWN,2.1399999999999864,0.9952981500197742,-0.01091703056768556,0,TRAIN
2019-07-15,Grade 2,453.0,https://exagri.info/mkt/2019/15.07.2019.html,2019-07-15,observed_source_value,-0.01091703056768556,0.23783783783783785,-0.20430107526881724,-0.06060606060606055,6.0,0.007539910667111682,-0.005556449394414509,-0.0026002315438138244,0.159724603016079,0.16789440053065927,-0.02580645161290318,-0.07551020408163267,0.010709504685408433,-0.05928771674800126,-0.2280577712215198,-0.9736476020539838,-0.4999999999999997,-0.8660254037844388,2019-07-23,385.0,-0.15011037527593818,-0.16264879119524978,-68.0,8.0,DOWN,2.1399999999999864,0.9952981500197742,-0.00808543096872627,1,TRAIN
2019-07-23,Grade 1,444.29,https://exagri.info/mkt/2019/23.07.2019.html,2019-07-23,observed_source_value,-0.02383881882497685,-0.00808543096872627,-0.0290327358909791,-0.0566146966642046,8.0,-0.020318995228227405,-0.0312445838453699,-0.026626730762300675,0.01799017177836375,0.01889074904140316,-0.059842986224262984,-0.1473506438674267,-0.04731578450797247,-0.13341564412092277,-0.3594718130884232,-0.9331559438780432,-0.4999999999999997,-0.8660254037844388,2019-07-30,447.29,0.006752346440388024,0.006729651454818693,3.0,7.0,UP,59.29000000000002,0.8665511265164644,-0.15011037527593818,0,TRAIN
2019-07-23,Grade 2,385.0,https://exagri.info/mkt/2019/23.07.2019.html,2019-07-23,observed_source_value,-0.15011037527593818,-0.01091703056768556,0.23783783783783785,-0.20430107526881724,8.0,0.025603477331404705,-0.037619340776132736,-0.00140161168505486,0.17143154126742743,0.16666751998474602,0.04054054054054057,-0.2222222222222222,-0.0966682308775223,-0.19151616967660645,-0.3594718130884232,-0.9331559438780432,-0.4999999999999997,-0.8660254037844388,2019-07-30,446.5,0.15974025974025974,0.1481960660287695,61.5,7.0,UP,59.29000000000002,0.8665511265164644,-0.02383881882497685,1,TRAIN
2019-07-30,Grade 1,447.29,https://exagri.info/mkt/2019/30.07.2019.html,2019-07-30,observed_source_value,0.006752346440388024,-0.02383881882497685,-0.00808543096872627,-0.0290327358909791,7.0,-0.008390634451105031,-0.02216386718169976,-0.026258570845497174,0.02382853462147007,0.019557921867986484,-0.025193418328429806,-0.1070808296568383,-0.018300016680274145,-0.10353563189824999,-0.46896519100763184,-0.8832166493127127,-0.4999999999999997,-0.8660254037844388,2019-08-06,450.64,0.007489548167855187,0.007461640757947662,3.349999999999966,7.0,UP,0.7900000000000205,0.9982338080439983,0.15974025974025974,0,TRAIN
2019-07-30,Grade 2,446.5,https://exagri.info/mkt/2019/30.07.2019.html,2019-07-30,observed_source_value,0.15974025974025974,-0.15011037527593818,-0.01091703056768556,0.23783783783783785,7.0,-0.0004290487011213336,0.006449923293131321,-0.01906498593907906,0.19122435502226207,0.1328143856821149,-0.02510917030567683,-0.03978494623655915,0.056804733727810586,-0.03407247160627369,-0.46896519100763184,-0.8832166493127127,-0.4999999999999997,-0.8660254037844388,2019-08-06,416.67,-0.06680851063829785,-0.06914485872031642,-29.829999999999984,7.0,DOWN,0.7900000000000205,0.9982338080439983,0.006752346440388024,1,TRAIN
2019-08-06,Grade 1,450.64,https://exagri.info/mkt/2019/06.08.2019.html,2019-08-06,observed_source_value,0.007489548167855187,0.006752346440388024,-0.02383881882497685,-0.00808543096872627,7.0,-0.0031989747389112124,-0.009343018215287801,-0.024493727810620626,0.01689519752466106,0.021835749542165484,-0.009887067715428244,-0.046405823475887176,-0.0013340956737183385,-0.07301660440699742,-0.5716666713027052,-0.8204859638785327,-0.8660254037844385,-0.5000000000000004,2019-08-13,441.14,-0.021081129060891213,-0.02130650920201671,-9.5,7.0,DOWN,33.96999999999997,0.924618320610687,-0.06680851063829785,0,TRAIN
2019-08-06,Grade 2,416.67,https://exagri.info/mkt/2019/06.08.2019.html,2019-08-06,observed_source_value,-0.06680851063829785,0.15974025974025974,-0.15011037527593818,-0.01091703056768556,7.0,-0.019059542057992096,0.0339484362192352,-0.020626383077994172,0.16080810730200462,0.13332487712418215,-0.08019867549668869,0.1261351351351352,-0.03511534524840565,-0.07059067579413669,-0.5716666713027052,-0.8204859638785327,-0.8660254037844385,-0.5000000000000004,2019-08-13,443.5,0.06439148486812107,0.06240326015339691,26.829999999999984,7.0,UP,33.96999999999997,0.924618320610687,0.007489548167855187,1,TRAIN
2019-08-13,Grade 1,441.14,https://exagri.info/mkt/2019/13.08.2019.html,2019-08-13,observed_source_value,-0.021081129060891213,0.007489548167855187,0.006752346440388024,-0.02383881882497685,7.0,-0.002279744817549334,-0.007752696849270224,-0.024877494257840072,0.014826019791471636,0.021727622892921298,-0.0070899637624075584,-0.038596491228070295,-0.014652669198123802,-0.06808824368201682,-0.666088855860977,-0.7458723993404063,-0.8660254037844385,-0.5000000000000004,2019-08-20,446.57,0.01230901754545033,0.012233877560222357,5.430000000000007,7.0,UP,-2.3600000000000136,1.005349775581448,0.06439148486812107,0,TRAIN
2019-08-13,Grade 2,443.5,https://exagri.info/mkt/2019/13.08.2019.html,2019-08-13,observed_source_value,0.06439148486812107,-0.06680851063829785,0.15974025974025974,-0.15011037527593818,7.0,0.05244107799002765,-0.0007408343747081547,-0.004834716605570555,0.11913873545488848,0.13308299070723878,0.15194805194805205,-0.031659388646288256,0.03395860435404985,0.002787908661509908,-0.666088855860977,-0.7458723993404063,-0.8660254037844385,-0.5000000000000004,2019-08-20,381.67,-0.13941375422773394,-0.1501414408430876,-61.829999999999984,7.0,DOWN,-2.3600000000000136,1.005349775581448,-0.021081129060891213,1,TRAIN
2019-08-20,Grade 1,446.57,https://exagri.info/mkt/2019/20.08.2019.html,2019-08-20,observed_source_value,0.01230901754545033,-0.021081129060891213,0.007489548167855187,0.006752346440388024,7.0,-0.00042752111586189895,-0.0036738071464349044,-0.018899673605283475,0.017309090226309137,0.023007039891987217,-0.0016096939345838779,-0.018829371182493282,0.0013094581444259568,-0.03725134688228293,-0.7508642533989489,-0.6604565640279754,-0.8660254037844385,-0.5000000000000004,2019-08-27,443.5,-0.006874622119712459,-0.006898361195030106,-3.069999999999993,7.0,DOWN,64.89999999999998,0.8546700405311598,-0.13941375422773394,0,TRAIN
2019-08-20,Grade 2,381.67,https://exagri.info/mkt/2019/20.08.2019.html,2019-08-20,observed_source_value,-0.13941375422773394,0.06439148486812107,-0.06680851063829785,0.15974025974025974,7.0,-0.04727692666597024,-0.02644017910671783,-0.01599831425056617,0.13472239538815733,0.1397372995333305,-0.14519596864501672,-0.15746136865342164,-0.0795769145436831,-0.1153455684994692,-0.7508642533989489,-0.6604565640279754,-0.8660254037844385,-0.5000000000000004,2019-08-27,392.67,0.028820708989441224,0.028413203565191097,11.0,7.0,UP,64.89999999999998,0.8546700405311598,0.01230901754545033,1,TRAIN
2019-08-27,Grade 1,443.5,https://exagri.info/mkt/2019/27.08.2019.html,2019-08-27,observed_source_value,-0.006874622119712459,0.01230901754545033,-0.021081129060891213,0.007489548167855187,7.0,-0.0052155778783844475,-0.0002809678053820264,-0.01576277582537596,0.013642572561438747,0.022200921058260152,-0.015844132788922383,-0.0017781178959689337,-0.005221744708721721,-0.027608464958824075,-0.8247650844733614,-0.5654755126737576,-0.8660254037844385,-0.5000000000000004,2019-09-03,441.71,-0.0040360766629087275,-0.0040442436026601174,-1.7900000000000205,7.0,DOWN,50.829999999999984,0.8853889515219843,0.028820708989441224,0,TRAIN
2019-08-27,Grade 2,392.67,https://exagri.info/mkt/2019/27.08.2019.html,2019-08-27,observed_source_value,0.028820708989441224,-0.13941375422773394,0.06439148486812107,-0.06680851063829785,7.0,-0.015400520123390549,0.00934603774635805,-0.014136651514887345,0.1161428829350489,0.1402482471035488,-0.05759953920368632,0.019922077922077897,-0.05653985324433819,-0.0677372560843873,-0.8247650844733614,-0.5654755126737576,-0.8660254037844385,-0.5000000000000004,2019-09-03,391.67,-0.0025466676853337367,-0.002549915959505375,-1.0,7.0,DOWN,50.829999999999984,0.8853889515219843,-0.006874622119712459,1,TRAIN
2019-09-03,Grade 1,441.71,https://exagri.info/mkt/2019/03.09.2019.html,2019-09-03,observed_source_value,-0.0040360766629087275,-0.006874622119712459,0.01230901754545033,-0.021081129060891213,7.0,0.0004661062542763809,-0.0024386524260413766,-0.012301259803870567,0.013094220700536743,0.02089588198328863,0.001292106814163363,-0.012475127993024748,-0.006750436237385138,-0.01879290045982629,-0.886721063082993,-0.46230483047981086,-1.0,-1.8369701987210297e-16,2019-09-10,434.57,-0.01616445178963566,-0.016296521699432014,-7.139999999999986,7.0,DOWN,50.039999999999964,0.8867130017432253,-0.0025466676853337367,0,TRAIN
2019-09-03,Grade 2,391.67,https://exagri.info/mkt/2019/03.09.2019.html,2019-09-03,observed_source_value,-0.0025466676853337367,0.028820708989441224,-0.13941375422773394,0.06439148486812107,7.0,-0.03771323764120882,-0.023111347738760647,-0.008330712222814663,0.08095103782000564,0.1393093957802069,-0.11686583990980826,-0.12279955207166848,-0.03347678883416094,-0.05363545864865138,-0.886721063082993,-0.46230483047981086,-1.0,-1.8369701987210297e-16,2019-09-10,382.33,-0.02384660556080387,-0.02413553848479198,-9.340000000000032,7.0,DOWN,50.039999999999964,0.8867130017432253,-0.0040360766629087275,1,TRAIN
2019-09-10,Grade 1,434.57,https://exagri.info/mkt/2019/10.09.2019.html,2019-09-10,observed_source_value,-0.01616445178963566,-0.0040360766629087275,-0.006874622119712459,0.01230901754545033,7.0,-0.009025050190752282,-0.007169452417539546,-0.008256235316413674,0.01288177512376169,0.014210177454668604,-0.026871487112882675,-0.035660394106160065,-0.015692030314973016,-0.026435468333445344,-0.9358348973349941,-0.35243871088460327,-1.0,-1.8369701987210297e-16,2019-09-17,433.86,-0.0016337989276755671,-0.001635135032626471,-0.7099999999999795,7.0,DOWN,52.24000000000001,0.8797892169270773,-0.02384660556080387,0,TRAIN
2019-09-10,Grade 2,382.33,https://exagri.info/mkt/2019/10.09.2019.html,2019-09-10,observed_source_value,-0.02384660556080387,-0.0025466676853337367,0.028820708989441224,-0.13941375422773394,7.0,0.0008091452477678729,-0.014518966723261851,0.009714734747986675,0.07735346727452266,0.12167531839729621,0.00172924253936646,-0.08241534067727463,-0.04025925777170869,-0.07894705144049285,-0.9358348973349941,-0.35243871088460327,-1.0,-1.8369701987210297e-16,2019-09-17,402.5,0.05275547302068895,0.05141098683117768,20.170000000000016,7.0,UP,52.24000000000001,0.8797892169270773,-0.01616445178963566,1,TRAIN
2019-09-17,Grade 1,433.86,https://exagri.info/mkt/2019/17.09.2019.html,2019-09-17,observed_source_value,-0.0016337989276755671,-0.01616445178963566,-0.0040360766629087275,-0.006874622119712459,7.0,-0.0072781091267399844,-0.0032799863908964167,-0.005516341620083321,0.010310546833525286,0.012267779852409247,-0.021736189402480233,-0.01650269755633127,-0.01404865899164176,-0.022553850105098028,-0.97139528468375,-0.23746831555846842,-1.0,-1.8369701987210297e-16,2019-09-24,431.21,-0.006107961093440362,-0.006126690994417779,-2.650000000000034,7.0,DOWN,31.360000000000014,0.9277186189093256,0.05275547302068895,0,TRAIN
2019-09-17,Grade 2,402.5,https://exagri.info/mkt/2019/17.09.2019.html,2019-09-17,observed_source_value,0.05275547302068895,-0.02384660556080387,-0.0025466676853337367,0.028820708989441224,7.0,0.008787399924850448,-0.016846169092748275,-0.008793501733728216,0.07450863559971817,0.09406307267811569,0.025033743346830617,-0.09244644870349494,0.031606897541571755,-0.01721641504965199,-0.97139528468375,-0.23746831555846842,-1.0,-1.8369701987210297e-16,2019-09-24,405.0,0.006211180124223503,0.00619197024792098,2.5,7.0,UP,31.360000000000014,0.9277186189093256,-0.0016337989276755671,1,TRAIN
2019-09-24,Grade 1,431.21,https://exagri.info/mkt/2019/24.09.2019.html,2019-09-24,observed_source_value,-0.006107961093440362,-0.0016337989276755671,-0.01616445178963566,-0.0040360766629087275,7.0,-0.007968737270250529,-0.006963382118674555,-0.005318594632554729,0.005531113829487613,0.012237667521830487,-0.02377125263181723,-0.03439550350448983,-0.0131816829530631,-0.023258237103547574,-0.9928872135356962,-0.11905873003404988,-1.0,-1.8369701987210297e-16,2019-10-01,436.5,0.012267804549987327,0.01219316485915919,5.2900000000000205,7.0,UP,26.20999999999998,0.9392175506133903,0.006211180124223503,0,TRAIN
2019-09-24,Grade 2,405.0,https://exagri.info/mkt/2019/24.09.2019.html,2019-09-24,observed_source_value,0.006211180124223503,0.05275547302068895,-0.02384660556080387,-0.0025466676853337367,7.0,0.011706682528036194,0.012278817777643215,-0.007080680664537309,0.029468844742436915,0.09417598674682022,0.034033752904230496,0.0611261037021511,0.02574752934144464,0.0006151930446125498,-0.9928872135356962,-0.11905873003404988,-1.0,-1.8369701987210297e-16,2019-10-01,400.0,-0.012345679012345734,-0.012422519998557209,-5.0,7.0,DOWN,26.20999999999998,0.9392175506133903,-0.006107961093440362,1,TRAIN
2019-10-01,Grade 1,436.5,https://exagri.info/mkt/2019/01.10.2019.html,2019-10-01,observed_source_value,0.012267804549987327,-0.006107961093440362,-0.0016337989276755671,-0.01616445178963566,7.0,0.0015086815096237993,-0.0031348967847345975,-0.001707932295058312,0.010233731520876586,0.01146859704821906,0.0044411717329775335,-0.015783540022547893,0.002135133273641454,-0.009528045219072356,-0.9999994220246925,0.001075151282798226,-0.8660254037844386,0.5000000000000001,2019-10-08,464.71,0.06462772050400911,0.06262517983947721,28.20999999999998,7.0,UP,36.5,0.9163802978235968,-0.012345679012345734,0,TRAIN
2019-10-01,Grade 2,400.0,https://exagri.info/mkt/2019/01.10.2019.html,2019-10-01,observed_source_value,-0.012345679012345734,0.006211180124223503,0.05275547302068895,-0.02384660556080387,7.0,0.015540324710855572,0.0040455401772858226,0.006695788961821936,0.02944252290009252,0.07992660788425227,0.046216619150995175,0.01866707413349622,0.009336361342417332,-0.015387039047288553,-0.9999994220246925,0.001075151282798226,-0.8660254037844386,0.5000000000000001,2019-10-08,438.0,0.09499999999999997,0.09075436326846412,38.0,7.0,UP,36.5,0.9163802978235968,0.012267804549987327,1,TRAIN
2019-10-08,Grade 1,464.71,https://exagri.info/mkt/2019/08.10.2019.html,2019-10-08,observed_source_value,0.06462772050400911,0.012267804549987327,-0.006107961093440362,-0.0016337989276755671,7.0,0.023595854653518693,0.010597862648648971,0.004079605111303797,0.031886258057890415,0.023985285044484023,0.07110588669155948,0.0520703629077901,0.0557511870413705,0.050332134680104224,-0.9926289059345095,0.121193461470736,-0.8660254037844386,0.5000000000000001,2019-10-15,473.14,0.018140345591874496,0.017977772665127144,8.430000000000007,7.0,UP,26.70999999999998,0.9425232940973941,0.09499999999999997,0,TRAIN
2019-10-08,Grade 2,438.0,https://exagri.info/mkt/2019/08.10.2019.html,2019-10-08,observed_source_value,0.09499999999999997,-0.012345679012345734,0.006211180124223503,0.05275547302068895,7.0,0.02962183370395925,0.023554873714352564,0.00022176298779595925,0.04948139726383301,0.06786445425261421,0.08819875776397512,0.11828835499272339,0.07997218701764952,0.08041174047424637,-0.9926289059345095,0.121193461470736,-0.8660254037844386,0.5000000000000001,2019-10-15,423.33,-0.03349315068493153,-0.03406689363866714,-14.670000000000016,7.0,DOWN,26.70999999999998,0.9425232940973941,0.06462772050400911,1,TRAIN
2019-10-15,Grade 1,473.14,https://exagri.info/mkt/2019/15.10.2019.html,2019-10-15,observed_source_value,0.018140345591874496,0.06462772050400911,0.012267804549987327,-0.006107961093440362,7.0,0.03167862354862364,0.017458822124951,0.005144684853705728,0.028161310169785524,0.02438664901271146,0.09723800468449251,0.08875440090204112,0.05638960087879896,0.06397476000188895,-0.9708824104813836,0.23955655912092708,-0.8660254037844386,0.5000000000000001,2019-10-22,482.0,0.018725958490087624,0.01855278626633912,8.860000000000014,7.0,UP,49.81,0.8947246058249144,-0.03349315068493153,0,TRAIN
2019-10-15,Grade 2,423.33,https://exagri.info/mkt/2019/15.10.2019.html,2019-10-15,observed_source_value,-0.03349315068493153,0.09499999999999997,-0.012345679012345734,0.006211180124223503,7.0,0.016387056767574237,0.021625564689527033,0.0035532989831325913,0.051919650385347606,0.06496401042948038,0.04525925925925911,0.10723720346297694,0.023114514000666997,0.042512688792736064,-0.9708824104813836,0.23955655912092708,-0.8660254037844386,0.5000000000000001,2019-10-22,450.5,0.06418160772919479,0.06220606031061366,27.170000000000016,7.0,UP,49.81,0.8947246058249144,0.018140345591874496,1,TRAIN
2019-10-22,Grade 1,482.0,https://exagri.info/mkt/2019/22.10.2019.html,2019-10-22,observed_source_value,0.018725958490087624,0.018140345591874496,0.06462772050400911,0.012267804549987327,7.0,0.03383134152865708,0.02153077360850364,0.00912539360880361,0.026107523213635575,0.022829257803667242,0.10423825887743421,0.11095745171253402,0.05352427914459068,0.07403008621208329,-0.9350748843515574,0.3544502230989869,-0.8660254037844386,0.5000000000000001,2019-10-29,491.43,0.019564315352697204,0.019375394234049468,9.430000000000007,7.0,UP,31.5,0.9346473029045643,0.06418160772919479,0,TRAIN
2019-10-22,Grade 2,450.5,https://exagri.info/mkt/2019/22.10.2019.html,2019-10-22,observed_source_value,0.06418160772919479,-0.03349315068493153,0.09499999999999997,-0.012345679012345734,7.0,0.041896152348087745,0.023910791631228202,0.0035323112692399626,0.05384801454129723,0.06494220200773815,0.12624999999999997,0.11925465838509308,0.06409111737834405,0.10751363802865033,-0.9350748843515574,0.3544502230989869,-0.8660254037844386,0.5000000000000001,2019-10-29,394.0,-0.12541620421753608,-0.1340071677504588,-56.5,7.0,DOWN,31.5,0.9346473029045643,0.018725958490087624,1,TRAIN
2019-10-29,Grade 1,491.43,https://exagri.info/mkt/2019/29.10.2019.html,2019-10-29,observed_source_value,0.019564315352697204,0.018725958490087624,0.018140345591874496,0.06462772050400911,7.0,0.018810206478219776,0.026665228897731152,0.0098509233895283,0.021415912424900818,0.02305584234942698,0.05749822469927479,0.13965353308132933,0.046584432953683974,0.08420497591905796,-0.8857249183835637,0.4642104791518923,-0.8660254037844386,0.5000000000000001,2019-11-05,494.43,0.006104633416763372,0.006086075629548718,3.0,7.0,UP,97.43,0.8017418554015832,-0.12541620421753608,0,TRAIN
2019-10-29,Grade 2,394.0,https://exagri.info/mkt/2019/29.10.2019.html,2019-10-29,observed_source_value,-0.12541620421753608,0.06418160772919479,-0.03349315068493153,0.09499999999999997,7.0,-0.031575915724424274,-0.002414685237123715,0.004932066270259749,0.08677349315912426,0.061582785544766386,-0.1004566210045662,-0.02716049382716046,-0.06450188286803782,-0.03431372549019607,-0.8857249183835637,0.4642104791518923,-0.8660254037844386,0.5000000000000001,2019-11-05,400.0,0.015228426395939021,0.015113637810048106,6.0,7.0,UP,97.43,0.8017418554015832,0.019564315352697204,1,TRAIN
2019-11-05,Grade 1,494.43,https://exagri.info/mkt/2019/05.11.2019.html,2019-11-05,observed_source_value,0.006104633416763372,0.019564315352697204,0.018725958490087624,0.018140345591874496,7.0,0.0147983024198494,0.025432594671086363,0.011148848943175882,0.022596573539828944,0.022364633555198805,0.044997252398867094,0.13271477663230247,0.02761762639719678,0.07870301686898373,-0.8235472349556007,0.5672476988027229,-0.5000000000000004,0.8660254037844384,2019-11-11,521.14,0.054021802884129055,0.05261313575354116,26.70999999999998,6.0,UP,94.43,0.8090123981150011,0.015228426395939021,0,TRAIN
2019-11-05,Grade 2,400.0,https://exagri.info/mkt/2019/05.11.2019.html,2019-11-05,observed_source_value,0.015228426395939021,-0.12541620421753608,0.06418160772919479,-0.03349315068493153,7.0,-0.015335390030800755,0.0031001358445332363,0.0035728380109095294,0.08686072897614047,0.06114538961936633,-0.05511067016275717,0.0,-0.05025571864775413,-0.021366026232283675,-0.8235472349556007,0.5672476988027229,-0.5000000000000004,0.8660254037844384,2019-11-11,428.5,0.07125000000000004,0.06882619092985252,28.5,6.0,UP,94.43,0.8090123981150011,0.006104633416763372,1,TRAIN
2019-11-11,Grade 1,521.14,https://exagri.info/mkt/2019/11.11.2019.html,2019-11-11,observed_source_value,0.054021802884129055,0.006104633416763372,0.019564315352697204,0.018725958490087624,6.0,0.026563583884529878,0.02331141114711035,0.01695463689787966,0.018034746896212,0.025324621271130703,0.08120331950207471,0.12143056960254794,0.05830700122657517,0.11760908773126255,-0.7607200913564104,0.6490800741100398,-0.5000000000000004,0.8660254037844384,2019-11-19,555.5,0.06593237901523596,0.06384988941194518,34.360000000000014,8.0,UP,92.63999999999999,0.8222358675212036,0.07125000000000004,0,TRAIN
2019-11-11,Grade 2,428.5,https://exagri.info/mkt/2019/11.11.2019.html,2019-11-11,observed_source_value,0.07125000000000004,0.015228426395939021,-0.12541620421753608,0.06418160772919479,6.0,-0.012979259273865673,-0.0016498641554667515,0.010952504779442906,0.08103263448401739,0.06467610166061022,-0.04883462819089901,-0.02168949771689499,0.022024204204490694,0.03899945685909367,-0.7607200913564104,0.6490800741100398,-0.5000000000000004,0.8660254037844384,2019-11-19,461.0,0.07584597432905493,0.07310730495881412,32.5,8.0,UP,92.63999999999999,0.8222358675212036,0.054021802884129055,1,TRAIN
2019-11-19,Grade 1,555.5,https://exagri.info/mkt/2019/19.11.2019.html,2019-11-19,observed_source_value,0.06593237901523596,0.054021802884129055,0.006104633416763372,0.019564315352697204,8.0,0.04201960510537613,0.032869817831782645,0.025164319978366823,0.025661253251414974,0.02666663376526769,0.13037462100400865,0.17407109946316113,0.09157005305561028,0.16118162511078782,-0.6644834655228552,0.7473029667054296,-0.5000000000000004,0.8660254037844384,2019-11-26,638.62,0.14963096309630974,0.13944098921982173,83.12,7.0,UP,94.5,0.8298829882988299,0.07584597432905493,0,TRAIN
2019-11-19,Grade 2,461.0,https://exagri.info/mkt/2019/19.11.2019.html,2019-11-19,observed_source_value,0.07584597432905493,0.07125000000000004,0.015228426395939021,-0.12541620421753608,8.0,0.054108133574997996,0.02021796084733054,0.020921762768428786,0.08494962130483294,0.06637712657846866,0.1700507614213198,0.08898495263742245,0.0801312089971884,0.09687995945589045,-0.6644834655228552,0.7473029667054296,-0.5000000000000004,0.8660254037844384,2019-11-26,500.0,0.08459869848156187,0.08121005542554327,39.0,7.0,UP,94.5,0.8298829882988299,0.06593237901523596,1,TRAIN
2019-11-26,Grade 1,638.62,https://exagri.info/mkt/2019/26.11.2019.html,2019-11-26,observed_source_value,0.14963096309630974,0.06593237901523596,0.054021802884129055,0.006104633416763372,7.0,0.08986171499855826,0.05905081875302707,0.04029079618076535,0.05621363694413562,0.04580840225750431,0.291628744210505,0.3249377593360996,0.1821392607510961,0.2801382329594202,-0.5699010576127624,0.8217133225960589,-0.5000000000000004,0.8660254037844384,2019-12-03,693.07,0.08526197112523892,0.08182140589023038,54.450000000000045,7.0,UP,138.62,0.7829382105164261,0.08459869848156187,0,TRAIN
2019-11-26,Grade 2,500.0,https://exagri.info/mkt/2019/26.11.2019.html,2019-11-26,observed_source_value,0.08459869848156187,0.07584597432905493,0.07125000000000004,0.015228426395939021,7.0,0.07723155760353895,0.024301378997803956,0.02410608531451608,0.08802621520256693,0.06879379358952285,0.25,0.10987791342952269,0.14495076711701405,0.16270146709671107,-0.5699010576127624,0.8217133225960589,-0.5000000000000004,0.8660254037844384,2019-12-03,657.0,0.31400000000000006,0.2730759200624188,157.0,7.0,UP,138.62,0.7829382105164261,0.14963096309630974,1,TRAIN
2019-12-03,Grade 1,693.07,https://exagri.info/mkt/2019/03.12.2019.html,2019-12-03,observed_source_value,0.08526197112523892,0.14963096309630974,0.06593237901523596,0.054021802884129055,7.0,0.10027510441226155,0.07219034990753541,0.04942778940263328,0.0522122975864928,0.04462236970698181,0.329911348198181,0.4103127607187189,0.19381209607408145,0.3199975621555118,-0.46706492487743034,0.8842230238742036,-2.4492935982947064e-16,1.0,2019-12-09,698.93,0.00845513440200829,0.008419589967905875,5.8599999999999,6.0,UP,36.07000000000005,0.9479561949009478,0.31400000000000006,0,TRAIN
2019-12-03,Grade 2,657.0,https://exagri.info/mkt/2019/03.12.2019.html,2019-12-03,observed_source_value,0.31400000000000006,0.08459869848156187,0.07584597432905493,0.07125000000000004,7.0,0.1581482242702056,0.11218461984131119,0.05488496730209373,0.11606794823776374,0.11393864465082056,0.5332555425904317,0.6675126903553299,0.342734518700184,0.4432169899809548,-0.46706492487743034,0.8842230238742036,-2.4492935982947064e-16,1.0,2019-12-09,667.0,0.015220700152207112,0.015106027431013315,10.0,6.0,UP,36.07000000000005,0.9479561949009478,0.08526197112523892,1,TRAIN
2019-12-09,Grade 1,698.93,https://exagri.info/mkt/2019/09.12.2019.html,2019-12-09,observed_source_value,0.00845513440200829,0.08526197112523892,0.14963096309630974,0.06593237901523596,6.0,0.08111602287451898,0.0726604501045844,0.04904652238783538,0.05147389357116597,0.044989928802127786,0.25819981998199815,0.4136075885362942,0.12467254108120973,0.2677921338226039,-0.37347653741307074,0.9276396261490467,-2.4492935982947064e-16,1.0,2019-12-17,692.5,-0.009199776801682491,-0.009242356096148981,-6.42999999999995,8.0,DOWN,31.92999999999995,0.9543158828494986,0.015220700152207112,0,TRAIN
2019-12-09,Grade 2,667.0,https://exagri.info/mkt/2019/09.12.2019.html,2019-12-09,observed_source_value,0.015220700152207112,0.31400000000000006,0.08459869848156187,0.07584597432905493,6.0,0.13793979954458968,0.1121830745925648,0.05764160521854902,0.11606956178798172,0.11245514486647039,0.4468546637744035,0.6675,0.2290399852588907,0.38400981049232996,-0.37347653741307074,0.9276396261490467,-2.4492935982947064e-16,1.0,2019-12-17,554.0,-0.16941529235382313,-0.18562535916833997,-113.0,8.0,DOWN,31.92999999999995,0.9543158828494986,0.00845513440200829,1,TRAIN
2019-12-17,Grade 1,692.5,https://exagri.info/mkt/2019/17.12.2019.html,2019-12-17,observed_source_value,-0.009199776801682491,0.00845513440200829,0.08526197112523892,0.14963096309630974,8.0,0.028172442908521573,0.06001613416742209,0.041663772657266215,0.06354634298849525,0.04809903087644852,0.08436942156524996,0.3288175922017116,0.056084572167558466,0.20628627568475277,-0.2426868445825954,0.9701046827361175,-2.4492935982947064e-16,1.0,2019-12-23,673.36,-0.02763898916967511,-0.028028133158172926,-19.139999999999986,6.0,DOWN,138.5,0.8,-0.16941529235382313,0,TRAIN
2019-12-17,Grade 2,554.0,https://exagri.info/mkt/2019/17.12.2019.html,2019-12-17,observed_source_value,-0.16941529235382313,0.015220700152207112,0.31400000000000006,0.08459869848156187,8.0,0.053268469266128014,0.06405001612180017,0.03120007598316671,0.17315220167322323,0.13207029982127688,0.1080000000000001,0.292882147024504,-0.02430433251144759,0.12251865630059178,-0.2426868445825954,0.9701046827361175,-2.4492935982947064e-16,1.0,2019-12-23,651.0,0.17509025270758127,0.16134495546128547,97.0,6.0,UP,138.5,0.8,-0.009199776801682491,1,TRAIN
2019-12-23,Grade 1,673.36,https://exagri.info/mkt/2019/23.12.2019.html,2019-12-23,observed_source_value,-0.02763898916967511,-0.009199776801682491,0.00845513440200829,0.08526197112523892,6.0,-0.009461210523116437,0.04130186053043987,0.03708583918111126,0.07424595836506712,0.05255853601049858,-0.028438685847028466,0.21216921692169222,-0.008738458639532709,0.13341569909341544,-0.14144406768794202,0.9899462489023779,-2.4492935982947064e-16,1.0,2019-12-31,654.29,-0.028320660567898392,-0.02872942665351539,-19.07000000000005,8.0,DOWN,22.360000000000014,0.966793394321017,0.17509025270758127,0,TRAIN
2019-12-23,Grade 2,651.0,https://exagri.info/mkt/2019/23.12.2019.html,2019-12-23,observed_source_value,0.17509025270758127,-0.16941529235382313,0.015220700152207112,0.31400000000000006,6.0,0.006965220168655084,0.08389887179750544,0.05205841632241799,0.18037990736911522,0.13709345661421818,-0.0091324200913242,0.4121475054229935,0.07461208319577417,0.26089482858803037,-0.14144406768794202,0.9899462489023779,-2.4492935982947064e-16,1.0,2019-12-31,628.0,-0.03533026113671278,-0.0359694757403706,-23.0,8.0,DOWN,22.360000000000014,0.966793394321017,-0.02763898916967511,1,TRAIN
2019-12-31,Grade 1,654.29,https://exagri.info/mkt/2019/31.12.2019.html,2019-12-31,observed_source_value,-0.028320660567898392,-0.02763898916967511,-0.009199776801682491,0.00845513440200829,8.0,-0.021719808846418664,0.005711535797598244,0.03238117727531266,0.0469802997079769,0.05635323506641116,-0.06386905698710887,0.024537283517584774,-0.04123499846138079,0.07027826351527078,-0.004300592702981974,0.9999907524084426,-2.4492935982947064e-16,1.0,2020-01-07,627.21,-0.04138837518531524,-0.042269265463158366,-27.079999999999927,7.0,DOWN,26.289999999999964,0.9598190404866345,-0.03533026113671278,0,TRAIN
2019-12-31,Grade 2,628.0,https://exagri.info/mkt/2019/31.12.2019.html,2019-12-31,observed_source_value,-0.03533026113671278,0.17509025270758127,-0.16941529235382313,0.015220700152207112,8.0,-0.00988510026098488,0.05991307987385051,0.04210722943582723,0.18807322326809028,0.13970249762802014,-0.058470764617691184,0.256,-0.0053848590433955845,0.17591985769122753,-0.004300592702981974,0.9999907524084426,-2.4492935982947064e-16,1.0,2020-01-07,615.0,-0.02070063694267521,-0.020917898661680857,-13.0,7.0,DOWN,26.289999999999964,0.9598190404866345,-0.028320660567898392,1,TRAIN
2020-01-07,Grade 1,627.21,https://exagri.info/mkt/2020/07.01.2020.html,2020-01-07,observed_source_value,-0.04138837518531524,-0.028320660567898392,-0.02763898916967511,-0.009199776801682491,7.0,-0.032449341640962914,-0.01961853346451259,0.02628590822151141,0.019433618115715843,0.06099848431119452,-0.09428158844765333,-0.09502647640209505,-0.06282778838654146,0.0036885606612206967,0.1201261651823505,0.9927586335250793,0.49999999999999994,0.8660254037844387,2020-01-13,596.57,-0.04885126193778799,-0.050084826918367985,-30.639999999999986,6.0,DOWN,12.210000000000036,0.9805328358922848,-0.02070063694267521,0,TRAIN
2020-01-07,Grade 2,615.0,https://exagri.info/mkt/2020/07.01.2020.html,2020-01-07,observed_source_value,-0.02070063694267521,-0.03533026113671278,0.17509025270758127,-0.16941529235382313,7.0,0.039686451542731094,-0.007027047514684548,0.05257878616331332,0.12351078326163668,0.12928662509006025,0.11010830324909748,-0.0639269406392694,-0.012841091492776902,0.10581677604962691,0.1201261651823505,0.9927586335250793,0.49999999999999994,0.8660254037844387,2020-01-13,600.0,-0.024390243902439046,-0.02469261259037152,-15.0,6.0,DOWN,12.210000000000036,0.9805328358922848,-0.04138837518531524,1,TRAIN
2020-01-13,Grade 1,596.57,https://exagri.info/mkt/2020/13.01.2020.html,2020-01-13,observed_source_value,-0.04885126193778799,-0.04138837518531524,-0.028320660567898392,-0.02763898916967511,6.0,-0.03952009923033387,-0.031079812732471845,0.020790318686056276,0.015168050521504692,0.06533982215884727,-0.11404003801829621,-0.14645243443549416,-0.0804826244709349,-0.06069571214213376,0.22177215755648186,0.975098513039961,0.49999999999999994,0.8660254037844387,2020-01-21,557.62,-0.065289907303418,-0.06751885905946753,-38.950000000000045,8.0,DOWN,-3.42999999999995,1.00574953484084,-0.024390243902439046,0,TRAIN
2020-01-13,Grade 2,600.0,https://exagri.info/mkt/2020/13.01.2020.html,2020-01-13,observed_source_value,-0.024390243902439046,-0.02070063694267521,-0.03533026113671278,0.17509025270758127,6.0,-0.02680704732727568,-0.01494923632561378,0.04861691913347551,0.12299630813807172,0.1311519479905695,-0.07834101382488479,-0.1004497751124438,-0.015748031496063075,0.041395469929705886,0.22177215755648186,0.975098513039961,0.49999999999999994,0.8660254037844387,2020-01-21,540.0,-0.09999999999999998,-0.10536051565782628,-60.0,8.0,DOWN,-3.42999999999995,1.00574953484084,-0.04885126193778799,1,TRAIN
2020-01-21,Grade 1,557.62,https://exagri.info/mkt/2020/21.01.2020.html,2020-01-21,observed_source_value,-0.065289907303418,-0.04885126193778799,-0.04138837518531524,-0.028320660567898392,8.0,-0.05184318147550707,-0.04229783883281894,0.00885914766730157,0.015673648879343475,0.06936663990336868,-0.14774794051567341,-0.19477256317689529,-0.10323089046493306,-0.12703693208947875,0.3534446712740877,0.9354554315134164,0.49999999999999994,0.8660254037844387,2020-01-28,535.0,-0.04056525949571399,-0.04141097991280499,-22.620000000000005,7.0,DOWN,17.620000000000005,0.9684014203220831,-0.09999999999999998,0,TRAIN
2020-01-21,Grade 2,540.0,https://exagri.info/mkt/2020/21.01.2020.html,2020-01-21,observed_source_value,-0.09999999999999998,-0.024390243902439046,-0.02070063694267521,-0.03533026113671278,8.0,-0.04836362694837141,-0.0010661778548491485,0.03149191913347551,0.10358877911790806,0.1388242602912461,-0.14012738853503182,-0.02527075812274371,-0.110085695451549,-0.0805380555082581,0.3534446712740877,0.9354554315134164,0.49999999999999994,0.8660254037844387,2020-01-28,523.0,-0.031481481481481444,-0.03198767549339713,-17.0,7.0,DOWN,17.620000000000005,0.9684014203220831,-0.065289907303418,1,TRAIN
2020-01-28,Grade 1,535.0,https://exagri.info/mkt/2020/28.01.2020.html,2020-01-28,observed_source_value,-0.04056525949571399,-0.065289907303418,-0.04885126193778799,-0.04138837518531524,7.0,-0.05156880957897333,-0.04488309289802672,-0.0017906161837934254,0.013577143859959324,0.06778792105565742,-0.1470161508904514,-0.20547701081145298,-0.09953579808058066,-0.1597522918345199,0.4632579225674917,0.88622350294858,0.49999999999999994,0.8660254037844387,2020-02-03,534.43,-0.0010654205607477651,-0.0010659885246828709,-0.57000000000005,6.0,DOWN,12.0,0.9775700934579439,-0.031481481481481444,0,TRAIN
2020-01-28,Grade 2,523.0,https://exagri.info/mkt/2020/28.01.2020.html,2020-01-28,observed_source_value,-0.031481481481481444,-0.09999999999999998,-0.024390243902439046,-0.02070063694267521,7.0,-0.051957241794640154,-0.042380524692661695,0.02075917355242187,0.0327191344230845,0.139162585131504,-0.1495934959349593,-0.1966205837173579,-0.10013764624913979,-0.11878685762426289,0.4632579225674917,0.88622350294858,0.49999999999999994,0.8660254037844387,2020-02-03,450.0,-0.1395793499043977,-0.15033388130055744,-73.0,6.0,DOWN,12.0,0.9775700934579439,-0.04056525949571399,1,TRAIN
2020-02-03,Grade 1,534.43,https://exagri.info/mkt/2020/03.02.2020.html,2020-02-03,observed_source_value,-0.0010654205607477651,-0.04056525949571399,-0.065289907303418,-0.04885126193778799,6.0,-0.03564019578662658,-0.039432044896596595,-0.016860254549499177,0.023635037361794606,0.04237125781799628,-0.10416212682501647,-0.18319093979733758,-0.06267648369071466,-0.14668416632337966,0.5521013427459208,0.8337770129585915,0.8660254037844386,0.5000000000000001,2020-02-11,529.0,-0.010160357764346983,-0.010212326513024318,-5.42999999999995,8.0,DOWN,84.42999999999995,0.8420185992552814,-0.1395793499043977,0,TRAIN
2020-02-03,Grade 2,450.0,https://exagri.info/mkt/2020/03.02.2020.html,2020-02-03,observed_source_value,-0.1395793499043977,-0.031481481481481444,-0.09999999999999998,-0.024390243902439046,6.0,-0.09035361046195971,-0.06323034244619867,-0.0016586312861740838,0.053634172721638555,0.1456416467176538,-0.25,-0.2834394904458599,-0.17521994134897367,-0.23534409515717924,0.5521013427459208,0.8337770129585915,0.8660254037844386,0.5000000000000001,2020-02-11,500.0,0.11111111111111116,0.10536051565782635,50.0,8.0,UP,84.42999999999995,0.8420185992552814,-0.0010654205607477651,1,TRAIN
2020-02-11,Grade 1,529.0,https://exagri.info/mkt/2020/11.02.2020.html,2020-02-11,observed_source_value,-0.010160357764346983,-0.0010654205607477651,-0.04056525949571399,-0.065289907303418,8.0,-0.01726367927360291,-0.03318644141240294,-0.026402487438457765,0.026890642374879207,0.023245809555010412,-0.051325275277070426,-0.15658232489915658,-0.03909729639398096,-0.13263189651921403,0.6612634749656386,0.7501537286959042,0.8660254037844386,0.5000000000000001,2020-02-18,532.5,0.006616257088846833,0.0065944657252807485,3.5,7.0,UP,29.0,0.945179584120983,0.11111111111111116,0,TRAIN
2020-02-11,Grade 2,500.0,https://exagri.info/mkt/2020/11.02.2020.html,2020-02-11,observed_source_value,0.11111111111111116,-0.1395793499043977,-0.031481481481481444,-0.09999999999999998,8.0,-0.019983240091589322,-0.0368679928354414,-0.021947520175062973,0.09567888629080927,0.10533737149385057,-0.07407407407407407,-0.1869918699186992,-0.043245311902028405,-0.127094972067039,0.6612634749656386,0.7501537286959042,0.8660254037844386,0.5000000000000001,2020-02-18,450.0,-0.09999999999999998,-0.10536051565782628,-50.0,7.0,DOWN,29.0,0.945179584120983,-0.010160357764346983,1,TRAIN
2020-02-18,Grade 1,532.5,https://exagri.info/mkt/2020/18.02.2020.html,2020-02-18,observed_source_value,0.006616257088846833,-0.010160357764346983,-0.0010654205607477651,-0.04056525949571399,7.0,-0.0015365070787493051,-0.02209293760707598,-0.026586375169773913,0.030066449997586352,0.022944751274939414,-0.004672897196261627,-0.10739728782875446,-0.009689237693180197,-0.10239899670963926,0.746588114532413,0.6652865452111116,0.8660254037844386,0.5000000000000001,2020-02-25,532.36,-0.000262910798122018,-0.0002629453652247451,-0.13999999999998636,7.0,DOWN,82.5,0.8450704225352113,-0.09999999999999998,0,TRAIN
2020-02-18,Grade 2,450.0,https://exagri.info/mkt/2020/18.02.2020.html,2020-02-18,observed_source_value,-0.09999999999999998,0.11111111111111116,-0.1395793499043977,-0.031481481481481444,7.0,-0.042822746264428835,-0.05198994405495359,-0.033469590190283685,0.09912666920935398,0.10710679433229796,-0.1395793499043977,-0.25,-0.08647990255785631,-0.18345127925966254,0.746588114532413,0.6652865452111116,0.8660254037844386,0.5000000000000001,2020-02-25,500.0,0.11111111111111116,0.10536051565782635,50.0,7.0,UP,82.5,0.8450704225352113,0.006616257088846833,1,TRAIN
2020-02-25,Grade 1,532.36,https://exagri.info/mkt/2020/25.02.2020.html,2020-02-25,observed_source_value,-0.000262910798122018,0.006616257088846833,-0.010160357764346983,-0.0010654205607477651,7.0,-0.0012690038245407227,-0.009087538306016784,-0.025692688569417865,0.018579797405128252,0.023853252086537737,-0.0038732855565741797,-0.04529966643951078,-0.0005594584142170067,-0.07773970348246984,0.8211001178128892,0.5707841943569036,0.8660254037844386,0.5000000000000001,2020-03-03,534.57,0.004151326170260816,0.004142733189077746,2.2100000000000364,7.0,UP,32.360000000000014,0.9392140656698474,0.11111111111111116,0,TRAIN
2020-02-25,Grade 2,500.0,https://exagri.info/mkt/2020/25.02.2020.html,2020-02-25,observed_source_value,0.11111111111111116,-0.09999999999999998,0.11111111111111116,-0.1395793499043977,7.0,0.04074074074074078,-0.009767721832731358,-0.005416949843790253,0.11692710835354474,0.10424310660781728,0.11111111111111116,-0.07407407407407407,0.03177878662814693,-0.08374564779182714,0.8211001178128892,0.5707841943569036,0.8660254037844386,0.5000000000000001,2020-03-03,500.0,0.0,0.0,0.0,7.0,FLAT,32.360000000000014,0.9392140656698474,-0.000262910798122018,1,TRAIN
2020-03-03,Grade 1,534.57,https://exagri.info/mkt/2020/03.03.2020.html,2020-03-03,observed_source_value,0.004151326170260816,-0.000262910798122018,0.006616257088846833,-0.010160357764346983,7.0,0.0035015574869952104,-0.00014422117282182346,-0.022513657035424274,0.0064292589204137645,0.025618165062986056,0.01052930056710788,-0.0008037383177569302,0.003751605416732584,-0.05109566791809772,0.8837203473619977,0.4680153284438345,1.0,6.123233995736766e-17,2020-03-10,525.71,-0.01657406887778967,-0.016712955506911976,-8.860000000000014,7.0,DOWN,34.57000000000005,0.9353312007781954,0.0,0,TRAIN
2020-03-03,Grade 2,500.0,https://exagri.info/mkt/2020/03.03.2020.html,2020-03-03,observed_source_value,0.0,0.11111111111111116,-0.09999999999999998,0.11111111111111116,7.0,0.0037037037037037277,-0.003471425536435069,-0.02292597511454838,0.11631154174043791,0.08312003434832907,0.0,-0.04397705544933084,0.04166666666666674,-0.057670561628345274,0.8837203473619977,0.4680153284438345,1.0,6.123233995736766e-17,2020-03-10,490.0,-0.020000000000000018,-0.020202707317519466,-10.0,7.0,DOWN,34.57000000000005,0.9353312007781954,0.004151326170260816,1,TRAIN
2020-03-10,Grade 1,525.71,https://exagri.info/mkt/2020/10.03.2020.html,2020-03-10,observed_source_value,-0.01657406887778967,0.004151326170260816,-0.000262910798122018,0.006616257088846833,7.0,-0.0042285511685502914,-0.003245950836230205,-0.0213389978664134,0.009827628577569785,0.02559160584291551,-0.012751173708920094,-0.016316449301124414,-0.009641541139502885,-0.04502658506767532,0.9335418911179212,0.35846832151248087,1.0,6.123233995736766e-17,2020-04-21,499.8,-0.049285727872781626,-0.05054171149966916,-25.910000000000025,42.0,DOWN,35.710000000000036,0.9320728158109984,-0.020000000000000018,0,TRAIN
2020-03-10,Grade 2,490.0,https://exagri.info/mkt/2020/10.03.2020.html,2020-03-10,observed_source_value,-0.020000000000000018,0.0,0.11111111111111116,-0.09999999999999998,7.0,0.03037037037037038,0.020444444444444466,-0.021392949000877105,0.09083154942183004,0.08300713109834865,0.0888888888888888,0.0888888888888888,0.004098360655737654,-0.05185758513931882,0.9335418911179212,0.35846832151248087,1.0,6.123233995736766e-17,2020-04-28,450.0,-0.08163265306122447,-0.08515780834030683,-40.0,49.0,DOWN,35.710000000000036,0.9320728158109984,-0.01657406887778967,1,TRAIN
2020-04-21,Grade 1,499.8,https://exagri.info/mkt/2020/21.04.2020.html,2020-04-21,observed_source_value,-0.049285727872781626,-0.01657406887778967,0.004151326170260816,-0.000262910798122018,42.0,-0.02056949019343683,-0.011071024857917134,-0.02212873313516004,0.023194946987533983,0.026388503338045717,-0.06116161995642044,-0.055198487712665334,-0.04797823950261726,-0.0705821971302969,0.9373419384643772,-0.3484108069446808,0.8660254037844387,-0.4999999999999998,2020-04-28,515.91,0.032232893157262854,0.03172431326336575,16.109999999999957,7.0,UP,,,,0,TRAIN
2020-04-28,Grade 1,515.91,https://exagri.info/mkt/2020/28.04.2020.html,2020-04-28,observed_source_value,0.032232893157262854,-0.049285727872781626,-0.01657406887778967,0.004151326170260816,7.0,-0.011208967864436148,-0.005947697644233929,-0.014020317625654954,0.029929789621407375,0.02953492625990153,-0.03490656041304241,-0.031154929577464796,-0.011041462993846896,-0.026015216447355938,0.8887010478292915,-0.45848712914008766,0.8660254037844387,-0.4999999999999998,2020-05-05,518.36,0.004748890310325438,0.004737649902995924,2.4500000000000455,7.0,UP,65.90999999999997,0.8722451590393674,-0.08163265306122447,0,TRAIN
2020-04-28,Grade 2,450.0,https://exagri.info/mkt/2020/28.04.2020.html,2020-04-28,observed_source_value,-0.08163265306122447,-0.020000000000000018,0.0,0.11111111111111116,49.0,-0.03387755102040816,-0.01810430839002266,-0.02748615061273203,0.08332277471789246,0.08515914898919236,-0.09999999999999998,-0.09999999999999998,-0.05857740585774063,-0.1005396761942835,0.8887010478292915,-0.45848712914008766,0.8660254037844387,-0.4999999999999998,2020-06-02,460.0,0.022222222222222143,0.021978906718775167,10.0,35.0,UP,65.90999999999997,0.8722451590393674,0.032232893157262854,1,TRAIN
2020-05-05,Grade 1,518.36,https://exagri.info/mkt/2020/05.05.2020.html,2020-05-05,observed_source_value,0.004748890310325438,0.032232893157262854,-0.049285727872781626,-0.01657406887778967,7.0,-0.004101314801731111,-0.004945337422544438,-0.007016437864280611,0.030249982600989166,0.023767334834694585,-0.013981092237165038,-0.02629799383875575,-0.0009829051592884497,-0.01408236395036555,0.8271893372462497,-0.5619233046832195,0.49999999999999994,-0.8660254037844387,2020-05-12,518.17,-0.00036654062813501476,-0.0003666078205707249,-0.19000000000005457,7.0,DOWN,,,,0,TRAIN
2020-05-12,Grade 1,518.17,https://exagri.info/mkt/2020/12.05.2020.html,2020-05-12,observed_source_value,-0.00036654062813501476,0.004748890310325438,0.032232893157262854,-0.049285727872781626,7.0,0.012205080946484426,-0.005848910782223604,-0.002996565977522714,0.029976572756582786,0.020658815301180165,0.03675470188075214,-0.030678863385524946,0.00500397602746383,-0.011278790873929911,0.753697664392914,-0.6572212950663319,0.49999999999999994,-0.8660254037844387,2020-05-19,513.58,-0.008858096763610268,-0.008897562939073459,-4.589999999999918,7.0,DOWN,,,,0,TRAIN
2020-05-19,Grade 1,513.58,https://exagri.info/mkt/2020/19.05.2020.html,2020-05-19,observed_source_value,-0.008858096763610268,-0.00036654062813501476,0.004748890310325438,0.032232893157262854,7.0,-0.0014919156938066151,-0.004305716359387724,-0.003775833597808964,0.029480920083526624,0.02072474497130245,-0.0045162916012481125,-0.02307355766487229,0.0008106570219268416,-0.016122728909799933,0.6692903895412567,-0.7430009249440493,0.49999999999999994,-0.8660254037844387,2020-05-26,508.5,-0.009891350909303376,-0.00994059531895496,-5.080000000000041,7.0,DOWN,,,,0,TRAIN
2020-05-26,Grade 1,508.5,https://exagri.info/mkt/2020/26.05.2020.html,2020-05-26,observed_source_value,-0.009891350909303376,-0.008858096763610268,-0.00036654062813501476,0.004748890310325438,7.0,-0.006371996100349553,0.0035731590333079265,-0.0037489329123046033,0.017132666796190618,0.020715709695824272,-0.01902152943899993,0.01740696278511411,-0.0124372698600127,-0.022013824512545632,0.5751899607119775,-0.8180198708443174,0.49999999999999994,-0.8660254037844387,2020-06-02,504.14,-0.00857423795476897,-0.008611208212572202,-4.360000000000014,7.0,DOWN,,,,0,TRAIN
2020-06-02,Grade 1,504.14,https://exagri.info/mkt/2020/02.06.2020.html,2020-06-02,observed_source_value,-0.00857423795476897,-0.009891350909303376,-0.008858096763610268,-0.00036654062813501476,7.0,-0.009107895209227538,-0.004588267189098438,-0.005267982416666183,0.006466211986325799,0.02042611875037791,-0.027076056120578174,-0.022814056715318554,-0.016408155301921745,-0.025081704086171275,0.47275920928627757,-0.881191653407483,1.2246467991473532e-16,-1.0,2020-06-09,504.07,-0.0001388503193556767,-0.0001388599599536797,-0.06999999999999318,7.0,DOWN,44.139999999999986,0.9124449557662554,0.022222222222222143,0,TRAIN
2020-06-02,Grade 2,460.0,https://exagri.info/mkt/2020/02.06.2020.html,2020-06-02,observed_source_value,0.022222222222222143,-0.08163265306122447,-0.020000000000000018,0.0,35.0,-0.02647014361300078,0.006340136054421764,-0.022824904000265912,0.0701826360161664,0.08661074567716362,-0.07999999999999996,0.022222222222222143,-0.04166666666666663,-0.054081842484063336,0.47275920928627757,-0.881191653407483,1.2246467991473532e-16,-1.0,2020-06-09,400.0,-0.13043478260869568,-0.13976194237515874,-60.0,7.0,DOWN,44.139999999999986,0.9124449557662554,-0.00857423795476897,1,TRAIN
2020-06-09,Grade 1,504.07,https://exagri.info/mkt/2020/09.06.2020.html,2020-06-09,observed_source_value,-0.0001388503193556767,-0.00857423795476897,-0.009891350909303376,-0.008858096763610268,7.0,-0.006201479727809341,-0.0055658153150346616,-0.00525557636878955,0.004875561209427864,0.020429533795478887,-0.018517076210132877,-0.027567713558144913,-0.011030190781883942,-0.01985490422551106,0.36348161248290634,-0.9316013725767187,1.2246467991473532e-16,-1.0,2020-06-16,500.14,-0.0077965361953696855,-0.0078270880865812,-3.930000000000007,7.0,DOWN,104.07,0.7935405796813935,-0.13043478260869568,0,TRAIN
2020-06-09,Grade 2,400.0,https://exagri.info/mkt/2020/09.06.2020.html,2020-06-09,observed_source_value,-0.13043478260869568,0.022222222222222143,-0.08163265306122447,-0.020000000000000018,7.0,-0.06328173781589934,-0.041969042689539604,-0.02586838226113548,0.06277727892937005,0.0900888785423088,-0.18367346938775508,-0.19999999999999996,-0.13043478260869568,-0.1530806690662715,0.36348161248290634,-0.9316013725767187,1.2246467991473532e-16,-1.0,2020-06-23,450.0,0.125,0.11778303565638346,50.0,14.0,UP,104.07,0.7935405796813935,-0.0001388503193556767,1,TRAIN
2020-06-16,Grade 1,500.14,https://exagri.info/mkt/2020/16.06.2020.html,2020-06-16,observed_source_value,-0.0077965361953696855,-0.0001388503193556767,-0.00857423795476897,-0.009891350909303376,7.0,-0.005503208156498111,-0.007051814428481596,-0.0064503626053526,0.003936593704518317,0.020165934366472314,-0.016440511307768024,-0.034795530424377996,-0.011748991278162202,-0.020942059909403565,0.24893980855376657,-0.9685189578512204,1.2246467991473532e-16,-1.0,2020-06-23,493.14,-0.013996081097292778,-0.014094949841043916,-7.0,7.0,DOWN,,,,0,TRAIN
2020-06-23,Grade 1,493.14,https://exagri.info/mkt/2020/23.06.2020.html,2020-06-23,observed_source_value,-0.013996081097292778,-0.0077965361953696855,-0.0001388503193556767,-0.00857423795476897,7.0,-0.007310489204006047,-0.008079411295218098,-0.00619256382730291,0.005041514828614112,0.020038207994354768,-0.021819335898758285,-0.039799057595700904,-0.01764548862744486,-0.028450631524820635,0.13079267585675922,-0.9914097417023038,1.2246467991473532e-16,-1.0,2020-06-30,484.14,-0.01825039542523421,-0.018418988299993447,-9.0,7.0,DOWN,43.139999999999986,0.9125197712617107,0.125,0,TRAIN
2020-06-23,Grade 2,450.0,https://exagri.info/mkt/2020/23.06.2020.html,2020-06-23,observed_source_value,0.125,-0.13043478260869568,0.022222222222222143,-0.08163265306122447,14.0,0.005595813204508822,-0.016969042689539603,-0.010220234112987336,0.09843298186010699,0.10183056232545673,0.0,-0.09999999999999998,0.0,-0.032258064516129004,0.13079267585675922,-0.9914097417023038,1.2246467991473532e-16,-1.0,2020-07-14,425.0,-0.05555555555555558,-0.05715841383994864,-25.0,21.0,DOWN,43.139999999999986,0.9125197712617107,-0.013996081097292778,1,TRAIN
2020-06-30,Grade 1,484.14,https://exagri.info/mkt/2020/30.06.2020.html,2020-06-30,observed_source_value,-0.01825039542523421,-0.013996081097292778,-0.0077965361953696855,-0.0001388503193556767,7.0,-0.013347670905965558,-0.009751220198404265,-0.003089030582548169,0.0068530751315126716,0.014164977726796474,-0.03953815938262539,-0.04790560471976402,-0.026122150118883414,-0.04322994377637035,0.01075130776352193,-0.9999422030204416,1.2246467991473532e-16,-1.0,2020-07-07,477.43,-0.01385962738050972,-0.013956568772693701,-6.7099999999999795,7.0,DOWN,,,,0,TRAIN
2020-07-07,Grade 1,477.43,https://exagri.info/mkt/2020/07.07.2020.html,2020-07-07,observed_source_value,-0.01385962738050972,-0.01825039542523421,-0.013996081097292778,-0.0077965361953696855,7.0,-0.015368701301012236,-0.010808298083552414,-0.007698282636325426,0.007031450937189749,0.007162671442636908,-0.045407285959931154,-0.05298131471416667,-0.029187610821010845,-0.04926050497145351,-0.10944576864891556,-0.993992768446958,-0.4999999999999997,-0.8660254037844388,2020-07-14,474.64,-0.005843788618226764,-0.005860930365388649,-2.7900000000000205,7.0,DOWN,,,,0,TRAIN
2020-07-14,Grade 1,474.64,https://exagri.info/mkt/2020/14.07.2020.html,2020-07-14,observed_source_value,-0.005843788618226764,-0.01385962738050972,-0.01825039542523421,-0.013996081097292778,7.0,-0.012651270474656898,-0.011949285743326632,-0.008757550529180647,0.0050513657452224405,0.005764077537911312,-0.03751470170742588,-0.05838474815005856,-0.02316947178214357,-0.04651513173093336,-0.2280577712215198,-0.9736476020539838,-0.4999999999999997,-0.8660254037844388,2020-07-21,491.14,0.034763188943198964,0.03417259758451233,16.5,7.0,UP,49.639999999999986,0.8954154727793696,-0.05555555555555558,0,TRAIN
2020-07-14,Grade 2,425.0,https://exagri.info/mkt/2020/14.07.2020.html,2020-07-14,observed_source_value,-0.05555555555555558,0.125,-0.13043478260869568,0.022222222222222143,21.0,-0.020330112721417087,-0.024080153800650716,-0.0018178546781031258,0.09997887331613758,0.093059527867296,-0.07608695652173914,-0.13265306122448983,-0.027459954233409634,-0.08108108108108103,-0.2280577712215198,-0.9736476020539838,-0.4999999999999997,-0.8660254037844388,2020-08-04,490.0,0.15294117647058814,0.1423162221802554,65.0,21.0,UP,49.639999999999986,0.8954154727793696,-0.005843788618226764,1,TRAIN
2020-07-21,Grade 1,491.14,https://exagri.info/mkt/2020/21.07.2020.html,2020-07-21,observed_source_value,0.034763188943198964,-0.005843788618226764,-0.01385962738050972,-0.01825039542523421,7.0,0.005019924314820827,-0.003437340715612902,-0.005244577572047248,0.0218209137373138,0.014904351474412034,0.014458627669682311,-0.01799496141080492,0.014546641382530145,-0.00798235479466447,-0.34336687399638804,-0.939201357453208,-0.4999999999999997,-0.8660254037844388,2020-07-28,530.86,0.08087307081483908,0.07776911346035612,39.72000000000003,7.0,UP,,,,0,TRAIN
2020-07-28,Grade 1,530.86,https://exagri.info/mkt/2020/28.07.2020.html,2020-07-28,observed_source_value,0.08087307081483908,0.034763188943198964,-0.005843788618226764,-0.01385962738050972,7.0,0.03659749037993709,0.01553648966681347,0.0037285391857976857,0.04213471372397758,0.030907174347095254,0.11191169386088018,0.07648943504887051,0.07976942572034118,0.0685157602350952,-0.45370308603134424,-0.8911529104063088,-0.4999999999999997,-0.8660254037844388,2020-08-04,526.85,-0.007553780657800546,-0.007582454949719606,-4.009999999999991,7.0,DOWN,,,,0,TRAIN
2020-08-04,Grade 1,526.85,https://exagri.info/mkt/2020/04.08.2020.html,2020-08-04,observed_source_value,-0.007553780657800546,0.08087307081483908,0.034763188943198964,-0.005843788618226764,7.0,0.036027493033412496,0.017675812620300203,0.003962296210947969,0.040218341177720524,0.030801377578280553,0.10999915725602571,0.08821828396744746,0.05331238104377589,0.05654209824427703,-0.5574684374327892,-0.8301981337405212,-0.8660254037844385,-0.5000000000000004,2020-08-11,527.29,0.0008351523203946609,0.0008348037747411718,0.4399999999999409,7.0,UP,36.85000000000002,0.9300559931669355,0.15294117647058814,0,TRAIN
2020-08-04,Grade 2,490.0,https://exagri.info/mkt/2020/04.08.2020.html,2020-08-04,observed_source_value,0.15294117647058814,-0.05555555555555558,0.125,-0.13043478260869568,21.0,0.07412854030501086,0.022834612105711805,0.0023651518578445717,0.11937586160722972,0.09942228260920331,0.2250000000000001,0.0888888888888888,0.101123595505618,0.06175514626218859,-0.5574684374327892,-0.8301981337405212,-0.8660254037844385,-0.5000000000000004,2020-09-15,500.0,0.020408163265306145,0.02020270731751947,10.0,42.0,UP,36.85000000000002,0.9300559931669355,-0.007553780657800546,1,TRAIN
2020-08-11,Grade 1,527.29,https://exagri.info/mkt/2020/11.08.2020.html,2020-08-11,observed_source_value,0.0008351523203946609,-0.007553780657800546,0.08087307081483908,0.034763188943198964,7.0,0.02471814749247773,0.020614768560481077,0.004903235238464332,0.03780210451003565,0.030518272165972308,0.07360426762226657,0.10443415788702004,0.03358580512627496,0.052538076132303324,-0.65316012232693,-0.7572198192083127,-0.8660254037844385,-0.5000000000000004,2020-08-18,537.57,0.019495913064917048,0.01930830226015628,10.280000000000086,7.0,UP,,,,0,TRAIN
2020-08-18,Grade 1,537.57,https://exagri.info/mkt/2020/18.08.2020.html,2020-08-18,observed_source_value,0.019495913064917048,0.0008351523203946609,-0.007553780657800546,0.08087307081483908,7.0,0.004259094909170387,0.02568270889710984,0.006866711576891604,0.034959880273370096,0.030788265531648887,0.012639867384997894,0.13258469576942544,0.02836580951980161,0.065930361675127,-0.7393922635959241,-0.673274892250183,-0.8660254037844385,-0.5000000000000004,2020-08-25,569.36,0.05913648455084908,0.057453938910581565,31.789999999999964,7.0,UP,,,,0,TRAIN
2020-08-25,Grade 1,569.36,https://exagri.info/mkt/2020/25.08.2020.html,2020-08-25,observed_source_value,0.05913648455084908,0.019495913064917048,0.0008351523203946609,-0.007553780657800546,7.0,0.026489183312053594,0.030557368018639862,0.013560013651513481,0.038100726353906954,0.03431936779870131,0.0806871025908702,0.15926212485238422,0.05753121366454561,0.11368001846483655,-0.8149159841660791,-0.5795791048257612,-0.8660254037844385,-0.5000000000000004,2020-08-31,567.85,-0.002652100604187191,-0.002655623653360392,-1.509999999999991,6.0,DOWN,,,,0,TRAIN
2020-08-31,Grade 1,567.85,https://exagri.info/mkt/2020/31.08.2020.html,2020-08-31,observed_source_value,-0.002652100604187191,0.05913648455084908,0.019495913064917048,0.0008351523203946609,6.0,0.025326765670526313,0.01385233373483461,0.014694411700824039,0.027306452538734982,0.03348465113785508,0.07692161808492481,0.0696793881626041,0.040429913665479544,0.09472868426278125,-0.8702939222685674,-0.49253272872205434,-0.8660254037844385,-0.5000000000000004,2020-09-08,563.93,-0.0069032314871886324,-0.0069271690174885405,-3.9200000000000728,8.0,DOWN,,,,0,TRAIN
2020-09-08,Grade 1,563.93,https://exagri.info/mkt/2020/08.09.2020.html,2020-09-08,observed_source_value,-0.0069032314871886324,-0.002652100604187191,0.05913648455084908,0.019495913064917048,8.0,0.016527050819824418,0.013982443568956993,0.015829128094628598,0.027180215748091232,0.032419505133954606,0.04903547444983891,0.07038056372781609,0.019396240057845127,0.07070166245167941,-0.9296339319682695,-0.3684843993077793,-1.0,-1.8369701987210297e-16,2020-09-15,576.43,0.02216587165073669,0.021923779640243838,12.5,7.0,UP,,,,0,TRAIN
2020-09-15,Grade 1,576.43,https://exagri.info/mkt/2020/15.09.2020.html,2020-09-15,observed_source_value,0.02216587165073669,-0.0069032314871886324,-0.002652100604187191,0.05913648455084908,7.0,0.004203513186453622,0.018248587435025398,0.01943167799775324,0.0262591594639676,0.030710416758565215,0.012417451173247107,0.0931934988336589,0.02380343428745979,0.07424262754569577,-0.9671667297977312,-0.2541427094613622,-1.0,-1.8369701987210297e-16,2020-09-22,581.79,0.00929861388199793,0.009255647915848387,5.360000000000014,7.0,UP,76.42999999999995,0.8674080113803931,0.020408163265306145,0,TRAIN
2020-09-15,Grade 2,500.0,https://exagri.info/mkt/2020/15.09.2020.html,2020-09-15,observed_source_value,0.020408163265306145,0.15294117647058814,-0.05555555555555558,0.125,42.0,0.03926459472677957,0.022471800314328605,0.014405968184375183,0.1193809446776366,0.09271235437314009,0.11111111111111116,0.08695652173913038,0.10375275938189854,0.07181136120042875,-0.9671667297977312,-0.2541427094613622,-1.0,-1.8369701987210297e-16,2020-11-10,525.0,0.050000000000000044,0.04879016416943204,25.0,56.0,UP,76.42999999999995,0.8674080113803931,0.02216587165073669,1,TRAIN
2020-09-22,Grade 1,581.79,https://exagri.info/mkt/2020/22.09.2020.html,2020-09-22,observed_source_value,0.00929861388199793,0.02216587165073669,-0.0069032314871886324,-0.002652100604187191,7.0,0.008187084681848663,0.016209127598441574,0.020945918247775707,0.026532635782485083,0.029681771094456605,0.024548736462093768,0.08225905463474503,0.017343041799563474,0.06300485833362246,-0.9906923101615609,-0.13612033862266704,-1.0,-1.8369701987210297e-16,2020-09-29,584.86,0.005276818095876656,0.005262944475580548,3.07000000000005,7.0,UP,,,,0,TRAIN
2020-09-29,Grade 1,584.86,https://exagri.info/mkt/2020/29.09.2020.html,2020-09-29,observed_source_value,0.005276818095876656,0.00929861388199793,0.02216587165073669,-0.0069032314871886324,7.0,0.012247101209537092,0.005437194307447091,0.01799728116304348,0.011319316766884819,0.02962117662390003,0.03711453549199373,0.027223549248278855,0.01719735917575127,0.050623429301267064,-0.9998699583618592,-0.016126573270657762,-1.0,-1.8369701987210297e-16,2020-10-06,570.93,-0.023817665766166396,-0.02410589215479395,-13.930000000000064,7.0,DOWN,,,,0,TRAIN
2020-10-06,Grade 1,570.93,https://exagri.info/mkt/2020/06.10.2020.html,2020-10-06,observed_source_value,-0.023817665766166396,0.005276818095876656,0.00929861388199793,0.02216587165073669,7.0,-0.00308074459609727,0.0012040812750512496,0.00752820750494293,0.017416383409812976,0.022597533717512372,-0.009541488125184294,0.00542396759707664,-0.008092594008214271,0.01827047580998986,-0.9945667569706337,0.1041007489354256,-0.8660254037844386,0.5000000000000001,2020-10-13,562.46,-0.014835443924824276,-0.014946589758096407,-8.469999999999914,7.0,DOWN,,,,0,TRAIN
2020-10-13,Grade 1,562.46,https://exagri.info/mkt/2020/13.10.2020.html,2020-10-13,observed_source_value,-0.014835443924824276,-0.023817665766166396,0.005276818095876656,0.00929861388199793,7.0,-0.011125430531704672,-0.0003823612124758791,0.006800041178240557,0.018656604017692653,0.023245551658960327,-0.03322504683820615,-0.0026067065061264882,-0.02230859351913972,-0.003167052726908426,-0.9748595108374125,0.22282040779479959,-0.8660254037844386,0.5000000000000001,2020-10-20,552.33,-0.018010169612061255,-0.01817432670172409,-10.129999999999995,7.0,DOWN,,,,0,TRAIN
2020-10-20,Grade 1,552.33,https://exagri.info/mkt/2020/20.10.2020.html,2020-10-20,observed_source_value,-0.018010169612061255,-0.014835443924824276,-0.023817665766166396,0.005276818095876656,7.0,-0.018887759767683976,-0.008417569465035468,0.004915508984994965,0.014762871157914784,0.02451224884706398,-0.05562014841158558,-0.041809066148534746,-0.03180513047045075,-0.025445036709242586,-0.9410336347451197,0.3383130181923076,-0.8660254037844386,0.5000000000000001,2020-10-27,538.08,-0.02579979360165119,-0.026138445745265547,-14.25,7.0,DOWN,,,,0,TRAIN
2020-10-27,Grade 1,538.08,https://exagri.info/mkt/2020/27.10.2020.html,2020-10-27,observed_source_value,-0.02579979360165119,-0.018010169612061255,-0.014835443924824276,-0.023817665766166396,7.0,-0.019548469046178907,-0.015437250961765292,0.0003859383183381415,0.012386165480819288,0.025676025604262187,-0.05753770164468486,-0.07513020161914075,-0.04210548802631853,-0.0506737802618904,-0.8935790198239952,0.4489059314938798,-0.8660254037844386,0.5000000000000001,2020-11-03,534.6,-0.006467439785905471,-0.006488444287140875,-3.480000000000018,7.0,DOWN,,,,0,TRAIN
2020-11-03,Grade 1,534.6,https://exagri.info/mkt/2020/03.11.2020.html,2020-11-03,observed_source_value,-0.006467439785905471,-0.02579979360165119,-0.018010169612061255,-0.014835443924824276,7.0,-0.01675913433320597,-0.01778610253812172,-0.006174454115337314,0.0077049938066168725,0.015268992681100864,-0.0495324111936849,-0.08593509557842904,-0.030959976798143884,-0.050993563229817185,-0.8331829385891785,0.5529974600700271,-0.5000000000000004,0.8660254037844384,2020-11-10,550.42,0.02959221848110727,0.029162819463437108,15.819999999999936,7.0,UP,,,,0,TRAIN
2020-11-10,Grade 1,550.42,https://exagri.info/mkt/2020/10.11.2020.html,2020-11-10,observed_source_value,0.02959221848110727,-0.006467439785905471,-0.02579979360165119,-0.018010169612061255,7.0,-0.0008916716354831303,-0.007104125688666985,-0.0029500222068078673,0.02165219457009956,0.019035515112826824,-0.0034580775985372236,-0.03592384355350042,0.0051901281643891295,-0.019877738464305406,-0.7607200913564104,0.6490800741100398,-0.5000000000000004,0.8660254037844384,2020-11-17,552.67,0.00408778750772143,0.004079455203774273,2.25,7.0,UP,25.41999999999996,0.9538170851349879,0.050000000000000044,0,TRAIN
2020-11-10,Grade 2,525.0,https://exagri.info/mkt/2020/10.11.2020.html,2020-11-10,observed_source_value,0.050000000000000044,0.020408163265306145,0.15294117647058814,-0.05555555555555558,56.0,0.07444977991196478,0.058558756836067746,0.008294857073264073,0.08347645825355307,0.08749718695350167,0.23529411764705888,0.3125,0.09832635983263605,0.11940298507462677,-0.7607200913564104,0.6490800741100398,-0.5000000000000004,0.8660254037844384,2021-01-19,500.0,-0.04761904761904767,-0.048790164169432056,-25.0,70.0,DOWN,25.41999999999996,0.9538170851349879,0.02959221848110727,1,TRAIN
2020-11-17,Grade 1,552.67,https://exagri.info/mkt/2020/17.11.2020.html,2020-11-17,observed_source_value,0.00408778750772143,0.02959221848110727,-0.006467439785905471,-0.02579979360165119,7.0,0.009070855400974409,-0.0033194794021578432,-0.0018509203073168612,0.02161676444661997,0.019099098793761368,0.027114927148379264,-0.01740568218184413,0.012921080605549529,-0.013894018631224192,-0.6772399381909491,0.7357622347736527,-0.5000000000000004,0.8660254037844384,2020-11-24,558.0,0.009644091410787814,0.009597884009281066,5.330000000000041,7.0,UP,,,,0,TRAIN
2020-11-24,Grade 1,558.0,https://exagri.info/mkt/2020/24.11.2020.html,2020-11-24,observed_source_value,0.009644091410787814,0.00408778750772143,0.02959221848110727,-0.006467439785905471,7.0,0.014441365799872171,0.0022113728024119707,-0.0031030983313117487,0.02042317421091505,0.017709475407908657,0.04377104377104368,0.01026560208570948,0.020568665249819817,-0.0010991489651173136,-0.5839514998576998,0.8117885474764613,-0.5000000000000004,0.8660254037844384,2020-12-01,560.33,0.00417562724014342,0.004166933501524406,2.330000000000041,7.0,UP,,,,0,TRAIN
2020-12-01,Grade 1,560.33,https://exagri.info/mkt/2020/01.12.2020.html,2020-12-01,observed_source_value,0.00417562724014342,0.009644091410787814,0.00408778750772143,0.02959221848110727,7.0,0.005969168719550888,0.008206456970770892,-0.0036153969954971998,0.013303682391062197,0.017381927248724085,0.018004432978453,0.041350728516205804,0.016556483624937668,0.006940201413198954,-0.4822058478963526,0.8760579434344281,-2.4492935982947064e-16,1.0,2020-12-08,555.07,-0.009387325326147056,-0.009431663963505733,-5.259999999999991,7.0,DOWN,,,,0,TRAIN
2020-12-08,Grade 1,555.07,https://exagri.info/mkt/2020/08.12.2020.html,2020-12-08,observed_source_value,-0.009387325326147056,0.00417562724014342,0.009644091410787814,0.00408778750772143,7.0,0.0014774644415947262,0.007622479862722575,-0.005081811337699571,0.014146241937535544,0.017165606799360186,0.004342555231874545,0.03829031051253273,-0.00041059034968604635,0.0028564253309462107,-0.37347653741307074,0.9276396261490467,-2.4492935982947064e-16,1.0,2020-12-15,544.36,-0.019294863710883403,-0.01948343922721277,-10.710000000000036,7.0,DOWN,,,,0,TRAIN
2020-12-15,Grade 1,544.36,https://exagri.info/mkt/2020/15.12.2020.html,2020-12-15,observed_source_value,-0.019294863710883403,-0.009387325326147056,0.00417562724014342,0.009644091410787814,7.0,-0.00816885393229568,-0.002154936575675559,-0.004629531132171271,0.011878018067750951,0.016669518268941617,-0.02444444444444438,-0.01100977435412942,-0.017553231808780545,-0.01174949893978583,-0.2593382659754056,0.9657865518844574,-2.4492935982947064e-16,1.0,2020-12-22,531.54,-0.023550591520317576,-0.023832339040120998,-12.82000000000005,7.0,DOWN,,,,0,TRAIN
2020-12-22,Grade 1,531.54,https://exagri.info/mkt/2020/22.12.2020.html,2020-12-22,observed_source_value,-0.023550591520317576,-0.019294863710883403,-0.009387325326147056,0.00417562724014342,7.0,-0.017410926852449344,-0.00768261238128336,-0.005501045891720601,0.01440812010933872,0.017470947453754705,-0.05138043652847446,-0.03823258002062713,-0.03331757174553529,-0.02957607624055214,-0.14144406768794202,0.9899462489023779,-2.4492935982947064e-16,1.0,2020-12-28,525.71,-0.010968130338262272,-0.011028723751474743,-5.829999999999927,6.0,DOWN,,,,0,TRAIN
2020-12-28,Grade 1,525.71,https://exagri.info/mkt/2020/28.12.2020.html,2020-12-28,observed_source_value,-0.010968130338262272,-0.023550591520317576,-0.019294863710883403,-0.009387325326147056,6.0,-0.01793786185648775,-0.011805056731093378,-0.004796841964340703,0.010676878373400844,0.01704750828572961,-0.05289422955663248,-0.05786738351254472,-0.03255784851730392,-0.03553252928938622,-0.03869579017652689,0.9992510374388481,-2.4492935982947064e-16,1.0,2021-01-05,527.43,0.0032717658024383756,0.003266425222286575,1.7199999999999136,8.0,UP,,,,0,TRAIN
2021-01-05,Grade 1,527.43,https://exagri.info/mkt/2021/05.01.2021.html,2021-01-05,observed_source_value,0.0032717658024383756,-0.010968130338262272,-0.023550591520317576,-0.019294863710883403,8.0,-0.010415652018713825,-0.011985829018634386,-0.001889686023931747,0.010341032970899604,0.015474067001005806,-0.031100742155926286,-0.05871539985365781,-0.0174955571865536,-0.0304827274348225,0.08590610426133272,0.9963032375991965,0.49999999999999994,0.8660254037844387,2021-01-12,522.57,-0.009214492918491413,-0.009257208965327762,-4.8599999999999,7.0,DOWN,,,,0,TRAIN
2021-01-12,Grade 1,522.57,https://exagri.info/mkt/2021/12.01.2021.html,2021-01-12,observed_source_value,-0.009214492918491413,0.0032717658024383756,-0.010968130338262272,-0.023550591520317576,7.0,-0.005636952484771769,-0.011951262537103258,-0.002164391337190341,0.010352173198811796,0.015588325697316462,-0.01687549384806397,-0.0585511737258364,-0.014617534252774678,-0.03728744864685618,0.20496611396949532,0.9787690698649216,0.49999999999999994,0.8660254037844387,2021-01-19,518.79,-0.007233480682014015,-0.007259769151539608,-3.7800000000000864,7.0,DOWN,,,,0,TRAIN
2021-01-19,Grade 1,518.79,https://exagri.info/mkt/2021/19.01.2021.html,2021-01-19,observed_source_value,-0.007233480682014015,-0.009214492918491413,0.0032717658024383756,-0.010968130338262272,7.0,-0.004392069266022351,-0.00953898593132938,-0.005846961253502469,0.009590406079406037,0.010896295344746447,-0.0131631507865555,-0.04697259166727907,-0.012219920488644509,-0.038649339290314,0.321057654185271,0.9470596510722283,0.49999999999999994,0.8660254037844387,2021-01-26,512.21,-0.012683359355423085,-0.01276447980751447,-6.579999999999927,7.0,DOWN,18.789999999999964,0.9637811060351974,-0.04761904761904767,0,TRAIN
2021-01-19,Grade 2,500.0,https://exagri.info/mkt/2021/19.01.2021.html,2021-01-19,observed_source_value,-0.04761904761904767,0.050000000000000044,0.020408163265306145,0.15294117647058814,70.0,0.0075963718820861725,0.024034947312258213,0.0035329523113593053,0.08481317199555047,0.08927648828059984,0.020408163265306145,0.11111111111111116,0.024590163934426146,0.06609808102345416,0.321057654185271,0.9470596510722283,0.49999999999999994,0.8660254037844387,2021-03-02,500.0,0.0,0.0,0.0,42.0,FLAT,18.789999999999964,0.9637811060351974,-0.007233480682014015,1,TRAIN
2021-01-26,Grade 1,512.21,https://exagri.info/mkt/2021/26.01.2021.html,2021-01-26,observed_source_value,-0.012683359355423085,-0.007233480682014015,-0.009214492918491413,0.0032717658024383756,7.0,-0.009710444318642838,-0.0073655394983504815,-0.007524075939816921,0.006281842905057214,0.010479998088996197,-0.02885690992169565,-0.03636603077849254,-0.01751633284868659,-0.04367243526431053,0.4324994021339788,0.901634220265486,0.49999999999999994,0.8660254037844387,2021-02-02,507.71,-0.0087854590890456,-0.008824278767791719,-4.500000000000057,7.0,DOWN,,,,0,TRAIN
2021-02-02,Grade 1,507.71,https://exagri.info/mkt/2021/02.02.2021.html,2021-02-02,observed_source_value,-0.0087854590890456,-0.012683359355423085,-0.007233480682014015,-0.009214492918491413,7.0,-0.0095674330421609,-0.006929005248507147,-0.009367030989800263,0.006040093154560256,0.008572264860949799,-0.028436381728763727,-0.034239409560404166,-0.019376446183620333,-0.04308934508417339,0.5376773767406141,0.8431506618282,0.8660254037844386,0.5000000000000001,2021-02-09,505.86,-0.0036438124125977023,-0.003650467267994997,-1.849999999999966,7.0,DOWN,,,,0,TRAIN
2021-02-09,Grade 1,505.86,https://exagri.info/mkt/2021/09.02.2021.html,2021-02-09,observed_source_value,-0.0036438124125977023,-0.0087854590890456,-0.012683359355423085,-0.007233480682014015,7.0,-0.008370876952355463,-0.008312120891514363,-0.010148974955074375,0.0032826292354113436,0.007487699534848701,-0.024923379402070123,-0.040896422274045774,-0.01474013883154035,-0.036686503213520516,0.6350683134867438,0.7724559775191742,0.8660254037844386,0.5000000000000001,2021-02-16,509.64,0.007472423200094891,0.0074446429505408244,3.7799999999999727,7.0,UP,,,,0,TRAIN
2021-02-16,Grade 1,509.64,https://exagri.info/mkt/2021/16.02.2021.html,2021-02-16,observed_source_value,0.007472423200094891,-0.0036438124125977023,-0.0087854590890456,-0.012683359355423085,7.0,-0.0016522827671828038,-0.004974737667797102,-0.00846300010245018,0.007677068805602947,0.009345820513687195,-0.005017473301966113,-0.02474309661863494,-0.0023529780245163945,-0.021018782823839732,0.7232617254437388,0.6905740195722293,0.8660254037844386,0.5000000000000001,2021-02-23,521.0,0.02229024409387015,0.02204544764018678,11.360000000000014,7.0,UP,,,,0,TRAIN
2021-02-23,Grade 1,521.0,https://exagri.info/mkt/2021/23.02.2021.html,2021-02-23,observed_source_value,0.02229024409387015,0.007472423200094891,-0.0036438124125977023,-0.0087854590890456,7.0,0.008706284960455779,0.0009300072873797305,-0.004304489321974825,0.014139455322918111,0.012656135490214574,0.02617636052076988,0.004259912488675743,0.019003137199677722,0.005314078642189246,0.8009803309782905,0.5986906625177214,0.8660254037844386,0.5000000000000001,2021-03-02,536.85,0.030422264875239913,0.029968684126777573,15.850000000000023,7.0,UP,,,,0,TRAIN
2021-03-02,Grade 1,536.85,https://exagri.info/mkt/2021/02.03.2021.html,2021-03-02,observed_source_value,0.030422264875239913,0.02229024409387015,0.007472423200094891,-0.0036438124125977023,7.0,0.02006164405640165,0.00955113213351233,0.001092796317580924,0.016677434796226038,0.014854209932298622,0.06126200925157166,0.048105269323129196,0.039979698263504115,0.034837704832712424,0.8670985522812081,0.4981366284784055,1.0,6.123233995736766e-17,2021-03-09,572.71,0.06679705690602589,0.06466075451616662,35.860000000000014,7.0,UP,36.85000000000002,0.9313588525658936,0.0,0,TRAIN
2021-03-02,Grade 2,500.0,https://exagri.info/mkt/2021/02.03.2021.html,2021-03-02,observed_source_value,0.0,-0.04761904761904767,0.050000000000000044,0.020408163265306145,42.0,0.0007936507936507908,0.035146058423369334,0.005532952311359307,0.07483121536284436,0.0889140059864276,0.0,0.17647058823529416,-0.005964214711729587,0.06382978723404253,0.8670985522812081,0.4981366284784055,1.0,6.123233995736766e-17,2021-03-09,530.0,0.06000000000000005,0.058268908123975824,30.0,7.0,UP,36.85000000000002,0.9313588525658936,0.030422264875239913,1,TRAIN
2021-03-09,Grade 1,572.71,https://exagri.info/mkt/2021/09.03.2021.html,2021-03-09,observed_source_value,0.06679705690602589,0.030422264875239913,0.02229024409387015,0.007472423200094891,7.0,0.03983652195837865,0.024667635332526628,0.00886931504200974,0.02697623632985858,0.024838745377552398,0.12375402244721778,0.12802584152370455,0.08219390338843424,0.09404997736290244,0.9206588168102428,0.3903682146763026,1.0,6.123233995736766e-17,2021-03-16,602.79,0.052522218924062614,0.05118939696826007,30.079999999999927,7.0,UP,42.710000000000036,0.9254247350316914,0.06000000000000005,0,TRAIN
2021-03-09,Grade 2,530.0,https://exagri.info/mkt/2021/09.03.2021.html,2021-03-09,observed_source_value,0.06000000000000005,0.0,-0.04761904761904767,0.050000000000000044,7.0,0.004126984126984127,0.016557823129251713,0.01969621761748176,0.04305014311854996,0.08466544607231839,0.00952380952380949,0.08163265306122458,0.03718199608610573,0.10878661087866104,0.9206588168102428,0.3903682146763026,1.0,6.123233995736766e-17,2021-03-16,600.0,0.13207547169811318,0.12405264866997882,70.0,7.0,UP,42.710000000000036,0.9254247350316914,0.06679705690602589,1,TRAIN
2021-03-16,Grade 1,602.79,https://exagri.info/mkt/2021/16.03.2021.html,2021-03-16,observed_source_value,0.052522218924062614,0.06679705690602589,0.030422264875239913,0.02229024409387015,7.0,0.04991384690177614,0.03590084159985869,0.013794360354172164,0.023739652717069938,0.028253519336252052,0.15698656429942415,0.1916142806310046,0.09878271521223203,0.13516994875831645,0.9608854255574977,0.27694620226893646,1.0,6.123233995736766e-17,2021-03-23,661.86,0.0979943263823222,0.09348517584477395,59.07000000000005,7.0,UP,2.7899999999999636,0.9953715224207436,0.13207547169811318,0,TRAIN
2021-03-16,Grade 2,600.0,https://exagri.info/mkt/2021/16.03.2021.html,2021-03-16,observed_source_value,0.13207547169811318,0.06000000000000005,0.0,-0.04761904761904767,7.0,0.06402515723270441,0.038891284815813124,0.030681542565070864,0.0675441406550203,0.09185137888884327,0.19999999999999996,0.19999999999999996,0.12994350282485878,0.2195121951219512,0.9608854255574977,0.27694620226893646,1.0,6.123233995736766e-17,2021-11-02,800.0,0.33333333333333326,0.28768207245178085,200.0,231.0,UP,2.7899999999999636,0.9953715224207436,0.052522218924062614,1,TRAIN
2021-03-23,Grade 1,661.86,https://exagri.info/mkt/2021/23.03.2021.html,2021-03-23,observed_source_value,0.0979943263823222,0.052522218924062614,0.06679705690602589,0.030422264875239913,7.0,0.0724378674041369,0.05400522223630415,0.024515242284253523,0.03026081349319542,0.03740945520792976,0.2328583403185247,0.29868142218036264,0.14302589449469982,0.21455127334652135,0.9871957872910085,0.15951325197263655,1.0,6.123233995736766e-17,2021-03-30,654.64,-0.01090865137642405,-0.010968586990219086,-7.220000000000027,7.0,DOWN,,,,0,TRAIN
2021-03-30,Grade 1,654.64,https://exagri.info/mkt/2021/30.03.2021.html,2021-03-30,observed_source_value,-0.01090865137642405,0.0979943263823222,0.052522218924062614,0.06679705690602589,7.0,0.04653596464332025,0.04736544314224531,0.02414772521481252,0.04077500812331162,0.037772309367692165,0.14305669536065357,0.2565067178502878,0.08067418327087839,0.17208299688287232,0.9992088560679753,0.03977011384605572,1.0,6.123233995736766e-17,2021-04-06,682.21,0.04211475009165344,0.04125206211591517,27.57000000000005,7.0,UP,,,,0,TRAIN
2021-04-06,Grade 1,682.21,https://exagri.info/mkt/2021/06.04.2021.html,2021-04-06,observed_source_value,0.04211475009165344,-0.01090865137642405,0.0979943263823222,0.052522218924062614,7.0,0.04306680836585053,0.04970394018552802,0.029627536159520174,0.03988596493580578,0.035756472773977276,0.13175401051775926,0.27076464561795666,0.07461384092419854,0.18536576042479358,0.9967506498213929,-0.08054900421874167,0.8660254037844387,-0.4999999999999998,2021-04-20,685.31,0.004544055349525733,0.004533762299695727,3.099999999999909,14.0,UP,,,,0,TRAIN
2021-04-20,Grade 1,685.31,https://exagri.info/mkt/2021/20.04.2021.html,2021-04-20,observed_source_value,0.004544055349525733,0.04211475009165344,-0.01090865137642405,0.0979943263823222,14.0,0.01191671802158504,0.037253339874227985,0.030960487603377308,0.04282439174717785,0.03438763233293786,0.03543045357024144,0.19660910408409116,0.042515387259987714,0.15510705611280873,0.9487718864399473,-0.31596187665790293,0.8660254037844387,-0.4999999999999998,2021-04-27,678.0,-0.010666705578497249,-0.010724002694341593,-7.309999999999945,7.0,DOWN,,,,0,TRAIN
2021-04-27,Grade 1,678.0,https://exagri.info/mkt/2021/27.04.2021.html,2021-04-27,observed_source_value,-0.010666705578497249,0.004544055349525733,0.04211475009165344,-0.01090865137642405,7.0,0.011997366620893976,0.024615554973716015,0.03025819828678735,0.046369004105268834,0.0352341640503635,0.035683734571672954,0.12476982033544037,0.008322377618217525,0.11056329146062005,0.9039461929224011,-0.42764620926777464,0.8660254037844387,-0.4999999999999998,2021-05-04,673.15,-0.007153392330383479,-0.007179100515151743,-4.850000000000023,7.0,DOWN,,,,0,TRAIN
2021-05-04,Grade 1,673.15,https://exagri.info/mkt/2021/04.05.2021.html,2021-05-04,observed_source_value,-0.007153392330383479,-0.010666705578497249,0.004544055349525733,0.04211475009165344,7.0,-0.0044253475197849985,0.003586011231174879,0.028795616733739517,0.02243853569272443,0.036563583834136944,-0.01328036821506584,0.017057988094158816,-0.0022411222212012083,0.07385794413992453,0.8460288880917339,-0.533137056031809,0.49999999999999994,-0.8660254037844387,2021-05-11,664.38,-0.013028299784594743,-0.013113912487171857,-8.769999999999982,7.0,DOWN,,,,0,TRAIN
2021-05-11,Grade 1,664.38,https://exagri.info/mkt/2021/11.05.2021.html,2021-05-11,observed_source_value,-0.013028299784594743,-0.007153392330383479,-0.010666705578497249,0.004544055349525733,7.0,-0.01028279923115849,0.003162081549540741,0.025263762345893025,0.022797988072856438,0.03889336008847093,-0.030540923085902616,0.014878406452401238,-0.018075405329510352,0.03616712674870182,0.7758587728069828,-0.6309066211876704,0.49999999999999994,-0.8660254037844387,2021-05-18,656.38,-0.012041301664709958,-0.012114385412414021,-8.0,7.0,DOWN,,,,0,TRAIN
2021-05-18,Grade 1,656.38,https://exagri.info/mkt/2021/18.05.2021.html,2021-05-18,observed_source_value,-0.012041301664709958,-0.013028299784594743,-0.007153392330383479,-0.010666705578497249,7.0,-0.010740997926562726,-0.007669128801731939,0.02101740569189804,0.007180702036021641,0.040550357355465784,-0.03188790560471977,-0.037862241831694066,-0.02243522914792606,0.0049560356614095635,0.6944521021088763,-0.719538934232584,0.49999999999999994,-0.8660254037844387,2021-06-22,747.62,0.13900484475456287,0.13015493797185745,91.24000000000001,35.0,UP,,,,0,TRAIN
2021-06-22,Grade 1,747.62,https://exagri.info/mkt/2021/22.06.2021.html,2021-06-22,observed_source_value,0.13900484475456287,-0.012041301664709958,-0.013028299784594743,-0.007153392330383479,35.0,0.03797841443508606,0.019223029079275488,0.02823818447675174,0.06699701821931235,0.053854584230319,0.11062913169427313,0.0909223563059054,0.09316192576172733,0.11479584989726144,0.16481784665719793,-0.9863240225317866,1.2246467991473532e-16,-1.0,2021-06-29,761.62,0.01872609079478882,0.0185529161390409,14.0,7.0,UP,,,,0,TRAIN
2021-06-29,Grade 1,761.62,https://exagri.info/mkt/2021/29.06.2021.html,2021-06-29,observed_source_value,0.01872609079478882,0.13900484475456287,-0.012041301664709958,-0.013028299784594743,7.0,0.04856321129488058,0.025101588353932704,0.02485857166382436,0.06497781393509196,0.05321799398397745,0.1463620217345496,0.1233333333333333,0.08705022622496905,0.10939714530011635,0.04514101777397193,-0.9989806246941579,1.2246467991473532e-16,-1.0,2021-07-06,752.64,-0.011790656757963314,-0.011860717806403541,-8.980000000000018,7.0,DOWN,,,,0,TRAIN
2021-07-06,Grade 1,752.64,https://exagri.info/mkt/2021/06.07.2021.html,2021-07-06,observed_source_value,-0.011790656757963314,0.01872609079478882,0.13900484475456287,-0.012041301664709958,7.0,0.04864675959712946,0.024174135468416735,0.013880073349795807,0.06558356947687063,0.047467470763864233,0.14665285352996738,0.11808660773973112,0.05039858875019543,0.08200892760873768,-0.07518957641475855,-0.9971692572470178,-0.4999999999999997,-0.8660254037844388,2021-07-13,747.07,-0.007400616496598511,-0.007428136921673876,-5.569999999999936,7.0,DOWN,,,,0,TRAIN
2021-07-13,Grade 1,747.07,https://exagri.info/mkt/2021/13.07.2021.html,2021-07-13,observed_source_value,-0.007400616496598511,-0.011790656757963314,0.01872609079478882,0.13900484475456287,7.0,-0.0001550608199243353,0.02529967212601598,0.01423087683777836,0.06482944537470954,0.047276495548797315,-0.000735667852652333,0.12446190433185844,0.019103327667631564,0.05991731433322278,-0.19443122004766195,-0.9809161537413774,-0.4999999999999997,-0.8660254037844388,2021-07-19,746.38,-0.0009236082294832304,-0.0009240350183747396,-0.6900000000000546,6.0,DOWN,,,,0,TRAIN
2021-07-19,Grade 1,746.38,https://exagri.info/mkt/2021/19.07.2021.html,2021-07-19,observed_source_value,-0.0009236082294832304,-0.007400616496598511,-0.011790656757963314,0.01872609079478882,6.0,-0.006704960494681685,0.027523210813061326,0.009927041005664694,0.06340350825835525,0.04640704123262247,-0.020009978729550126,0.13711569517657463,-0.0062391321135559785,0.04938453859726821,-0.2944616217868012,-0.9556633054034704,-0.4999999999999997,-0.8660254037844388,2021-07-27,747.08,0.0009378600712774965,0.0009374205553023708,0.7000000000000455,8.0,UP,,,,0,TRAIN
2021-07-27,Grade 1,747.08,https://exagri.info/mkt/2021/27.07.2021.html,2021-07-27,observed_source_value,0.0009378600712774965,-0.0009236082294832304,-0.007400616496598511,-0.011790656757963314,8.0,-0.002462121551601415,-9.018612359574796e-05,0.00956642147783987,0.01168489573936261,0.04646749121525161,-0.007387329931972664,-0.0007222920735132643,-0.00516407042737399,0.04132517088727572,-0.4227806579826773,-0.9062320427107697,-0.4999999999999997,-0.8660254037844388,2021-08-03,739.57,-0.010052470953579307,-0.010103338221313544,-7.509999999999991,7.0,DOWN,,,,0,TRAIN
2021-08-03,Grade 1,739.57,https://exagri.info/mkt/2021/03.08.2021.html,2021-08-03,observed_source_value,-0.010052470953579307,0.0009378600712774965,-0.0009236082294832304,-0.007400616496598511,7.0,-0.00334607303726168,-0.005845898473269373,0.009627844940331665,0.005605820021695319,0.0464381708893014,-0.01003921988568679,-0.028951445602793946,-0.009347021223015783,0.022085742044171575,-0.5285813283559292,-0.8488826652214553,-0.8660254037844385,-0.5000000000000004,2021-08-10,727.07,-0.01690171315764566,-0.01704617721849285,-12.5,7.0,DOWN,,,,0,TRAIN
2021-08-10,Grade 1,727.07,https://exagri.info/mkt/2021/10.08.2021.html,2021-08-10,observed_source_value,-0.01690171315764566,-0.010052470953579307,0.0009378600712774965,-0.0009236082294832304,7.0,-0.008672108013315824,-0.006868109753205842,0.008653012857605447,0.007200124655696021,0.04692930616308656,-0.025871539966236923,-0.033973745748299256,-0.019373268557956513,-0.00262146750052461,-0.6267266965083301,-0.7792391467859886,-0.8660254037844385,-0.5000000000000004,2021-08-17,728.54,0.0020218135805354365,0.002019772466163692,1.4699999999999136,7.0,UP,,,,0,TRAIN
2021-08-17,Grade 1,728.54,https://exagri.info/mkt/2021/17.08.2021.html,2021-08-17,observed_source_value,0.0020218135805354365,-0.01690171315764566,-0.010052470953579307,0.0009378600712774965,7.0,-0.00831079017689651,-0.004983623737779053,0.010158024194118464,0.008190816747531804,0.04639501995218343,-0.024816619371419546,-0.024803565930903493,-0.012454454758393463,-0.009324215355787535,-0.7157953492826642,-0.6983101158835584,-0.8660254037844385,-0.5000000000000004,2021-10-05,819.0,0.1241661405001786,0.11704155238130583,90.46000000000004,49.0,UP,,,,0,TRAIN
2021-10-05,Grade 1,819.0,https://exagri.info/mkt/2021/05.10.2021.html,2021-10-05,observed_source_value,0.1241661405001786,0.0020218135805354365,-0.01690171315764566,-0.010052470953579307,49.0,0.03642874697435613,0.020034326008153313,0.02377876841060732,0.058741056224137306,0.05775645675519369,0.10740024608894361,0.09729628339451746,0.0887309040055726,0.08958982730200793,-0.9975590477788613,0.06982797572987089,-0.8660254037844386,0.5000000000000001,2021-10-12,817.21,-0.002185592185592111,-0.0021879840779626524,-1.7899999999999636,7.0,DOWN,,,,0,TRAIN
2021-10-12,Grade 1,817.21,https://exagri.info/mkt/2021/12.10.2021.html,2021-10-12,observed_source_value,-0.002185592185592111,0.1241661405001786,0.0020218135805354365,-0.01690171315764566,7.0,0.041334120631707306,0.01940963555677939,0.009659724716591822,0.05901090006890111,0.04140034899939082,0.12397705860508612,0.09387214220699258,0.06646673922518986,0.07723518292473952,-0.981947190186646,0.18915526872004093,-0.8660254037844386,0.5000000000000001,2021-10-18,829.0,0.014427136231813131,0.014324055360188288,11.789999999999964,6.0,UP,,,,0,TRAIN
2021-10-18,Grade 1,829.0,https://exagri.info/mkt/2021/18.10.2021.html,2021-10-18,observed_source_value,0.014427136231813131,-0.002185592185592111,0.1241661405001786,0.0020218135805354365,6.0,0.045469228182133205,0.02430555699385788,0.009229829260294253,0.05693440228384039,0.04131798262406169,0.13789222280176805,0.12092161661505996,0.057176815053993746,0.08315607377481848,-0.957232443323312,0.28931997761869527,-0.8660254037844386,0.5000000000000001,2021-10-26,882.54,0.06458383594692396,0.06258395842401156,53.539999999999964,8.0,UP,,,,0,TRAIN
2021-10-26,Grade 1,882.54,https://exagri.info/mkt/2021/26.10.2021.html,2021-10-26,observed_source_value,0.06458383594692396,0.014427136231813131,-0.002185592185592111,0.1241661405001786,8.0,0.025608459997714994,0.0406026668147718,0.01686727853078298,0.05376436169336534,0.04397408340694319,0.07758241758241757,0.21383085535092894,0.08252847564819965,0.13386591567246442,-0.9084917035725082,0.41790288888678667,-0.8660254037844386,0.5000000000000001,2021-11-02,938.64,0.06356652389693385,0.06162790555606179,56.10000000000002,7.0,UP,,,,0,TRAIN
2021-11-02,Grade 1,938.64,https://exagri.info/mkt/2021/02.11.2021.html,2021-11-02,observed_source_value,0.06356652389693385,0.06458383594692396,0.014427136231813131,-0.002185592185592111,7.0,0.04752583202522365,0.052911608878051485,0.023963992570136216,0.04960779317658274,0.045328106794878996,0.14859093745793617,0.288384989156395,0.09490736960472557,0.1769736289393269,-0.8517119107469189,0.5240103253675756,-0.5000000000000004,0.8660254037844384,2021-11-09,956.21,0.01871857155032819,0.018545535085116218,17.57000000000005,7.0,UP,138.64,0.8522969402539845,0.33333333333333326,0,TRAIN
2021-11-02,Grade 2,800.0,https://exagri.info/mkt/2021/02.11.2021.html,2021-11-02,observed_source_value,0.33333333333333326,0.13207547169811318,0.06000000000000005,0.0,231.0,0.1751362683438155,0.09555795148247977,0.07705835415927376,0.14896812123227524,0.1154997027005947,0.6000000000000001,0.5238095238095237,0.3651877133105803,0.5037593984962405,-0.8517119107469189,0.5240103253675756,-0.5000000000000004,0.8660254037844384,2022-03-08,1000.0,0.25,0.22314355131420976,200.0,126.0,UP,138.64,0.8522969402539845,0.06356652389693385,1,TRAIN
2021-11-09,Grade 1,956.21,https://exagri.info/mkt/2021/09.11.2021.html,2021-11-09,observed_source_value,0.01871857155032819,0.06356652389693385,0.06458383594692396,0.014427136231813131,7.0,0.04895631046472867,0.031822095088081405,0.025928210548117357,0.03046247749659454,0.04454869450130469,0.1534499396863691,0.16753357753357756,0.0808052265123429,0.16826677548546942,-0.7825970017677834,0.6225286602431057,-0.5000000000000004,0.8660254037844384,2021-11-16,988.43,0.03369552713316093,0.033140271537531546,32.219999999999914,7.0,UP,,,,0,TRAIN
2021-11-16,Grade 1,988.43,https://exagri.info/mkt/2021/16.11.2021.html,2021-11-16,observed_source_value,0.03369552713316093,0.01871857155032819,0.06356652389693385,0.06458383594692396,7.0,0.038660207526807655,0.03899831895183201,0.0292039772543057,0.023986173882741026,0.0437032706006954,0.11998323022185953,0.2095177494156948,0.07559164450402855,0.17304220996153652,-0.7021479494046978,0.7120310787787131,-0.5000000000000004,0.8660254037844384,2021-11-23,1040.5,0.05267950183624537,0.05133882009567286,52.07000000000005,7.0,UP,,,,0,TRAIN
2021-11-23,Grade 1,1040.5,https://exagri.info/mkt/2021/23.11.2021.html,2021-11-23,observed_source_value,0.05267950183624537,0.03369552713316093,0.01871857155032819,0.06356652389693385,7.0,0.03503120017324483,0.04664879207271846,0.03547717453328817,0.019950746853949663,0.041907681924104226,0.10851870791783869,0.2551266586248493,0.08242896852477588,0.1922577155860914,-0.6115298757991053,0.7912213413483807,-0.5000000000000004,0.8660254037844384,2021-11-30,1059.29,0.018058625660740013,0.017897505527846268,18.789999999999964,7.0,UP,,,,0,TRAIN
2021-11-30,Grade 1,1059.29,https://exagri.info/mkt/2021/30.11.2021.html,2021-11-30,observed_source_value,0.018058625660740013,0.05267950183624537,0.03369552713316093,0.01871857155032819,7.0,0.03481121821004877,0.037343750015481667,0.038973208415126734,0.02034048904513943,0.03836074335730226,0.1078005877370034,0.20027420853445732,0.06288894195746808,0.16927685840942397,-0.5120551783114646,0.8589525565270845,-0.5000000000000004,0.8660254037844384,2021-12-07,1073.71,0.013612891653843606,0.01352106862370887,14.420000000000073,7.0,UP,,,,0,TRAIN
2021-12-07,Grade 1,1073.71,https://exagri.info/mkt/2021/07.12.2021.html,2021-12-07,observed_source_value,0.013612891653843606,0.018058625660740013,0.05267950183624537,0.03369552713316093,7.0,0.02811700638360966,0.027353023566863623,0.040132316222457554,0.01605762024763108,0.03728005790297704,0.08627823922786648,0.14389968465013214,0.04892597701508761,0.14169448127657658,-0.4051645224207563,0.9142437912130223,-2.4492935982947064e-16,1.0,2021-12-14,1121.86,0.044844511087723804,0.04386808112847617,48.149999999999864,7.0,UP,,,,0,TRAIN
2021-12-14,Grade 1,1121.86,https://exagri.info/mkt/2021/14.12.2021.html,2021-12-14,observed_source_value,0.044844511087723804,0.013612891653843606,0.018058625660740013,0.05267950183624537,7.0,0.025505342800769142,0.03257821147434274,0.03220015328121208,0.016780003745475964,0.02318896654227453,0.07819317635752032,0.17323600464333144,0.06160540066883802,0.15567624253275092,-0.29240597695107734,0.9562942772197719,-2.4492935982947064e-16,1.0,2021-12-21,1126.93,0.004519280480630439,0.004509099195795807,5.070000000000164,7.0,UP,,,,0,TRAIN
2021-12-21,Grade 1,1126.93,https://exagri.info/mkt/2021/21.12.2021.html,2021-12-21,observed_source_value,0.004519280480630439,0.044844511087723804,0.013612891653843606,0.018058625660740013,7.0,0.020992227740732616,0.026742962143836646,0.032870640547834326,0.020869107810801115,0.022158292201630767,0.06385409094771033,0.14012120231073544,0.03916426454505384,0.125005116246103,-0.17541259380427843,0.9844950085880858,-2.4492935982947064e-16,1.0,2021-12-28,1140.86,0.012361016212186993,0.012285242637870678,13.929999999999836,7.0,UP,,,,0,TRAIN
2021-12-28,Grade 1,1140.86,https://exagri.info/mkt/2021/28.12.2021.html,2021-12-28,observed_source_value,0.012361016212186993,0.004519280480630439,0.044844511087723804,0.013612891653843606,7.0,0.020574935926847077,0.01867926501902497,0.032664028545871714,0.015419945397413723,0.02235810609494759,0.0625401644764414,0.09645362806343094,0.03289181823943177,0.10452445887634476,-0.05587875690537313,0.9984375616565666,-2.4492935982947064e-16,1.0,2022-01-04,1133.43,-0.0065126308223619755,-0.006533930530933236,-7.429999999999836,7.0,DOWN,,,,0,TRAIN
2022-01-04,Grade 1,1133.43,https://exagri.info/mkt/2022/04.01.2022.html,2022-01-04,observed_source_value,-0.0065126308223619755,0.012361016212186993,0.004519280480630439,0.044844511087723804,7.0,0.003455888623485152,0.013765013722404573,0.02555438186894312,0.019135019976965296,0.022384096411423485,0.010313229814772118,0.06999027650596168,0.01257149187301998,0.07130907214273163,0.06875540848113941,0.9976335468520451,0.49999999999999994,0.8660254037844387,2022-01-11,1146.71,0.011716647697696425,0.01164853926650469,13.279999999999973,7.0,UP,,,,0,TRAIN
2022-01-11,Grade 1,1146.71,https://exagri.info/mkt/2022/11.01.2022.html,2022-01-11,observed_source_value,0.011716647697696425,-0.0065126308223619755,0.012361016212186993,0.004519280480630439,7.0,0.005855011029173814,0.013385764931175137,0.02036939424901938,0.019157566860738308,0.018218272050802425,0.017552110601368298,0.06798856301980982,0.011245566414276542,0.06295647079652911,0.18809941761179758,0.9821499931752291,0.49999999999999994,0.8660254037844387,2022-01-18,1141.85,-0.0042382119280377495,-0.004247218605357652,-4.860000000000127,7.0,DOWN,,,,0,TRAIN
2022-01-18,Grade 1,1141.85,https://exagri.info/mkt/2022/18.01.2022.html,2022-01-18,observed_source_value,-0.0042382119280377495,0.011716647697696425,-0.0065126308223619755,0.012361016212186993,7.0,0.00032193498243223334,0.0035692203280228265,0.018073715901182785,0.00876325543046288,0.01982494669761311,0.0008677664218221803,0.017818622644536708,0.00342192492504112,0.040545601841515566,0.3047192331091634,0.9524422234305676,0.49999999999999994,0.8660254037844387,2022-01-25,1138.71,-0.002749923369969709,-0.002753711355280011,-3.1399999999998727,7.0,DOWN,,,,0,TRAIN
2022-01-25,Grade 1,1138.71,https://exagri.info/mkt/2022/25.01.2022.html,2022-01-25,observed_source_value,-0.002749923369969709,-0.0042382119280377495,0.011716647697696425,-0.0065126308223619755,7.0,0.0015761707998963221,0.0021153795579027966,0.014429170850869722,0.009160230357585706,0.019983361090219028,0.004658426193060006,0.010453178103342786,-0.0014048786647865574,0.023665367655982372,0.4169258813287287,0.908940487313808,0.49999999999999994,0.8660254037844387,2022-02-01,1100.57,-0.03349404150310442,-0.034067815327513996,-38.1400000000001,7.0,DOWN,,,,0,TRAIN
2022-02-01,Grade 1,1100.57,https://exagri.info/mkt/2022/01.02.2022.html,2022-02-01,observed_source_value,-0.03349404150310442,-0.002749923369969709,-0.0042382119280377495,0.011716647697696425,7.0,-0.01349405893370396,-0.007055631985155486,0.0058118165169347424,0.016417671995825812,0.02023465396246457,-0.04023685151433243,-0.035315463772943145,-0.027983120395246974,-0.01593537865077732,0.5230943033491326,0.8522748088519838,0.8660254037844386,0.5000000000000001,2022-02-08,1101.57,0.0009086200786865284,0.0009082075333419086,1.0,7.0,UP,,,,0,TRAIN
2022-02-08,Grade 1,1101.57,https://exagri.info/mkt/2022/08.02.2022.html,2022-02-08,observed_source_value,0.0009086200786865284,-0.03349404150310442,-0.002749923369969709,-0.0042382119280377495,7.0,-0.011778448264795868,-0.005571381804945786,0.004096815958729394,0.016809813225735482,0.019803523033336375,-0.035276087051714256,-0.02810936714221446,-0.021593737176720196,-0.018750779426698228,0.6216868902665479,0.7832658619336791,0.8660254037844386,0.5000000000000001,2022-02-14,1170.71,0.06276496273500554,0.06087396741900607,69.1400000000001,6.0,UP,,,,0,TRAIN
2022-02-14,Grade 1,1170.71,https://exagri.info/mkt/2022/14.02.2022.html,2022-02-14,observed_source_value,0.06276496273500554,0.0009086200786865284,-0.03349404150310442,-0.002749923369969709,6.0,0.010059847103529215,0.004638281202516037,0.009012023066845587,0.03528481688384354,0.0271608763996176,0.028101975041933347,0.020929441619938816,0.03540164254847955,0.03390384343648423,0.6990793005655562,0.7150441465537444,0.8660254037844386,0.5000000000000001,2022-02-22,1266.92,0.08218089877083146,0.0789783557018791,96.21000000000004,8.0,UP,,,,0,TRAIN
2022-02-22,Grade 1,1266.92,https://exagri.info/mkt/2022/22.02.2022.html,2022-02-22,observed_source_value,0.08218089877083146,0.06276496273500554,0.0009086200786865284,-0.03349404150310442,8.0,0.048618160528174505,0.02192210334228988,0.012745661835156352,0.048529594270810786,0.03426973956820663,0.15114895008949913,0.10953277575863751,0.09623984161924959,0.10471858852171123,0.7905633969115482,0.612380204990065,0.8660254037844386,0.5000000000000001,2022-03-08,1351.93,0.06709973794714741,0.06494444306556746,85.00999999999999,14.0,UP,,,,0,TRAIN
2022-03-08,Grade 1,1351.93,https://exagri.info/mkt/2022/08.03.2022.html,2022-03-08,observed_source_value,0.06709973794714741,0.08218089877083146,0.06276496273500554,0.0009086200786865284,14.0,0.07068186648432813,0.0358920356057133,0.019003707581808048,0.04969155061359632,0.03810044666518656,0.22727561571212007,0.18724697245128263,0.12816896707111525,0.15616175472024074,0.9138076496466615,0.4061472386305789,1.0,6.123233995736766e-17,2022-03-15,1419.57,0.05003217622214162,0.04882080772100084,67.63999999999987,7.0,UP,351.93000000000006,0.7396832676248031,0.25,0,TRAIN
2022-03-08,Grade 2,1000.0,https://exagri.info/mkt/2022/08.03.2022.html,2022-03-08,observed_source_value,0.25,0.33333333333333326,0.13207547169811318,0.06000000000000005,126.0,0.2384696016771488,0.1550817610062893,0.08955835415927375,0.13638482169153837,0.12741426022384772,0.8867924528301887,1.0,0.4577259475218658,0.7035775127768313,0.9138076496466615,0.4061472386305789,1.0,6.123233995736766e-17,2022-06-07,1500.0,0.5,0.4054651081081644,500.0,91.0,UP,351.93000000000006,0.7396832676248031,0.06709973794714741,1,TRAIN
2022-03-15,Grade 1,1419.57,https://exagri.info/mkt/2022/15.03.2022.html,2022-03-15,observed_source_value,0.05003217622214162,0.06709973794714741,0.08218089877083146,0.06276496273500554,7.0,0.06643760431337349,0.05259727915076251,0.022770823582803513,0.03109337099824873,0.0392166705095098,0.21257185810320234,0.28984980510099323,0.12473259701776329,0.18574470199975424,0.9559793438440766,0.2934339689665273,1.0,6.123233995736766e-17,2022-03-22,1530.86,0.07839697936699142,0.07547566013989011,111.28999999999996,7.0,UP,,,,0,TRAIN
2022-03-22,Grade 1,1530.86,https://exagri.info/mkt/2022/22.03.2022.html,2022-03-22,observed_source_value,0.07839697936699142,0.05003217622214162,0.06709973794714741,0.08218089877083146,7.0,0.06517629784542682,0.06809495100842348,0.031261784601738854,0.012847264005209736,0.041308204092111236,0.20833201780696475,0.38970741759488736,0.13565450393843292,0.23761863954597628,0.984305844499033,0.17647097349152166,1.0,6.123233995736766e-17,2022-03-29,1527.14,-0.002430006662921369,-0.002432963920854671,-3.7199999999998,7.0,DOWN,,,,0,TRAIN
2022-03-29,Grade 1,1527.14,https://exagri.info/mkt/2022/29.03.2022.html,2022-03-29,observed_source_value,-0.002430006662921369,0.07839697936699142,0.05003217622214162,0.06709973794714741,7.0,0.04199971630873722,0.05505595712883811,0.02984711916567707,0.03448004075646199,0.04228267463276634,0.12959990532054166,0.3044562701266753,0.07599324729934254,0.19777283304953874,0.998376906467142,0.056952196034039754,1.0,6.123233995736766e-17,2022-04-05,1584.29,0.03742289508493002,0.03673965237056873,57.149999999999864,7.0,UP,,,,0,TRAIN
2022-04-05,Grade 1,1584.29,https://exagri.info/mkt/2022/05.04.2022.html,2022-04-05,observed_source_value,0.03742289508493002,-0.002430006662921369,0.07839697936699142,0.05003217622214162,7.0,0.03779662259633335,0.046104356391657816,0.034013229866973846,0.031344853969361756,0.04056878790422155,0.11603513740076221,0.25050516212546947,0.0684750984314364,0.20092296473616744,0.9979887423155984,-0.06339140486951038,0.8660254037844387,-0.4999999999999998,2022-04-19,1733.54,0.09420623749439816,0.09002920313801054,149.25,14.0,UP,,,,0,TRAIN
2022-04-19,Grade 1,1733.54,https://exagri.info/mkt/2022/19.04.2022.html,2022-04-19,observed_source_value,0.09420623749439816,0.03742289508493002,-0.002430006662921369,0.07839697936699142,14.0,0.04306637530546894,0.05152565630110797,0.04370884595341064,0.037603297517847446,0.04235308986041025,0.13239616947336796,0.28227053175830097,0.11189932524309221,0.25736376757983903,0.9540665500578387,-0.2995947563972602,0.8660254037844387,-0.4999999999999998,2022-04-26,1902.5,0.09746530221396688,0.0930032501726244,168.96000000000004,7.0,UP,,,,0,TRAIN
2022-04-26,Grade 1,1902.5,https://exagri.info/mkt/2022/26.04.2022.html,2022-04-26,observed_source_value,0.09746530221396688,0.09420623749439816,0.03742289508493002,-0.002430006662921369,7.0,0.07636481159776502,0.06101228149947302,0.056804780325117765,0.04276175929625767,0.03552541152143386,0.24579278913524627,0.34019456596011466,0.14908441678454465,0.30406202468567134,0.9111686353326631,-0.41203363695942635,0.8660254037844387,-0.4999999999999998,2022-05-04,1984.36,0.04302759526938238,0.042127633261527644,81.8599999999999,8.0,UP,,,,0,TRAIN
2022-05-04,Grade 1,1984.36,https://exagri.info/mkt/2022/04.05.2022.html,2022-05-04,observed_source_value,0.04302759526938238,0.09746530221396688,0.09420623749439816,0.03742289508493002,8.0,0.07823304499258248,0.053938404679951216,0.06101667784418735,0.042087096552878865,0.030270122902071914,0.2525232122906791,0.2962387154932522,0.13627956568096256,0.2825640422393745,0.8460288880917339,-0.533137056031809,0.49999999999999994,-0.8660254037844387,2022-05-17,1817.57,-0.0840522888991917,-0.08779599988844017,-166.78999999999996,13.0,DOWN,,,,0,TRAIN
2022-05-17,Grade 1,1817.57,https://exagri.info/mkt/2022/17.05.2022.html,2022-05-17,observed_source_value,-0.0840522888991917,0.04302759526938238,0.09746530221396688,0.09420623749439816,13.0,0.018813536194719187,0.03761394823269715,0.04633495268076763,0.07351341563049486,0.05490693250982782,0.0484730666728197,0.19017902746310078,0.007269797146169488,0.12761714979142202,0.7067265555776158,-0.7074868024503348,0.49999999999999994,-0.8660254037844387,2022-05-24,1802.29,-0.008406828897924101,-0.008442365591410865,-15.279999999999973,7.0,DOWN,,,,0,TRAIN
2022-05-24,Grade 1,1802.29,https://exagri.info/mkt/2022/24.05.2022.html,2022-05-24,observed_source_value,-0.008406828897924101,-0.0840522888991917,0.04302759526938238,0.09746530221396688,7.0,-0.01647717417591114,0.028448003436126322,0.03727617991389207,0.07634574614374345,0.055801292595191586,-0.052672798948751653,0.13760107051108061,-0.024762290238586226,0.08219322026774267,0.6166212130956382,-0.7872599821916922,0.49999999999999994,-0.8660254037844387,2022-05-31,1716.07,-0.04783913798556283,-0.04902128576081045,-86.22000000000003,7.0,DOWN,,,,0,TRAIN
2022-05-31,Grade 1,1716.07,https://exagri.info/mkt/2022/31.05.2022.html,2022-05-31,observed_source_value,-0.04783913798556283,-0.008406828897924101,-0.0840522888991917,0.04302759526938238,7.0,-0.046766085260892876,3.892834013412561e-05,0.02578229232062105,0.07206749731633774,0.06060632209866345,-0.13520228184402028,-0.010077644588529888,-0.06965788009918927,0.008373981016782661,0.5175855102531889,-0.8556314858488706,0.49999999999999994,-0.8660254037844387,2022-06-07,1735.93,0.01157295448320883,0.011506500069966246,19.860000000000127,7.0,UP,,,,0,TRAIN
2022-06-07,Grade 1,1735.93,https://exagri.info/mkt/2022/07.06.2022.html,2022-06-07,observed_source_value,0.01157295448320883,-0.04783913798556283,-0.008406828897924101,-0.0840522888991917,7.0,-0.014891004133426033,-0.017139541206017482,0.02193637014672777,0.04985111089756776,0.060114773321822135,-0.04491711460906589,-0.08755321944809458,-0.04158136617705843,0.0014277843959029646,0.4110537546870351,-0.9116111071930239,1.2246467991473532e-16,-1.0,2022-06-15,1721.86,-0.008105165530868264,-0.00813819095709555,-14.070000000000164,8.0,DOWN,235.93000000000006,0.8640901418836012,0.5,0,TRAIN
2022-06-07,Grade 2,1500.0,https://exagri.info/mkt/2022/07.06.2022.html,2022-06-07,observed_source_value,0.5,0.25,0.33333333333333326,0.13207547169811318,91.0,0.3611111111111111,0.2550817610062893,0.14511390971482932,0.17271473398717432,0.17083118492709884,1.5,2.0,0.693002257336343,1.159827213822894,0.4110537546870351,-0.9116111071930239,1.2246467991473532e-16,-1.0,2022-12-05,1560.0,0.040000000000000036,0.03922071315328133,60.0,181.0,UP,235.93000000000006,0.8640901418836012,0.01157295448320883,1,TRAIN
2022-06-15,Grade 1,1721.86,https://exagri.info/mkt/2022/15.06.2022.html,2022-06-15,observed_source_value,-0.008105165530868264,0.01157295448320883,-0.04783913798556283,-0.008406828897924101,8.0,-0.014790449677740755,-0.02736609336606761,0.0132861556569418,0.038337829938800666,0.057242665817415175,-0.044626558433992325,-0.13228446451248765,-0.02097178440978331,-0.017514428933756654,0.2821076626819194,-0.9593827529490743,1.2246467991473532e-16,-1.0,2022-06-21,1725.43,0.0020733392958778296,0.0020711928942604247,3.5700000000001637,6.0,UP,,,,0,TRAIN
2022-06-21,Grade 1,1725.43,https://exagri.info/mkt/2022/21.06.2022.html,2022-06-21,observed_source_value,0.0020733392958778296,-0.008105165530868264,0.01157295448320883,-0.04783913798556283,6.0,0.0018470427494061321,-0.010140967727053706,0.01373649025282172,0.0226328714633394,0.05712287592857138,0.00545432295885373,-0.05069405855070219,-0.008553618997929058,-0.02649200173325872,0.18175978759137534,-0.9833429613388902,1.2246467991473532e-16,-1.0,2022-06-28,1755.14,0.017218896159218344,0.01707233103427712,29.710000000000036,7.0,UP,,,,0,TRAIN
2022-06-28,Grade 1,1755.14,https://exagri.info/mkt/2022/28.06.2022.html,2022-06-28,observed_source_value,0.017218896159218344,0.0020733392958778296,-0.008105165530868264,0.01157295448320883,7.0,0.0037290233080759703,-0.005015822715625218,0.011716090360250554,0.025803133725189064,0.05654640946350176,0.011066114417056072,-0.026161161633255436,0.014012476847117705,-0.019183903157864002,0.062318379354325076,-0.998056320853012,1.2246467991473532e-16,-1.0,2022-07-05,1781.14,0.014813633100493329,0.014704982925999956,26.0,7.0,UP,,,,0,TRAIN
2022-07-05,Grade 1,1781.14,https://exagri.info/mkt/2022/05.07.2022.html,2022-07-05,observed_source_value,0.014813633100493329,0.017218896159218344,0.0020733392958778296,-0.008105165530868264,7.0,0.011368622851863167,0.007514731501586014,0.00377682992086007,0.010458296735875889,0.04870788168310205,0.03442788612314596,0.037918033646646254,0.02135443546074889,-0.0072950554249205934,-0.05802556932878035,-0.9983150972033183,-0.4999999999999997,-0.8660254037844388,2022-07-12,1789.07,0.004452204767732892,0.004442323023595256,7.929999999999836,7.0,UP,,,,0,TRAIN
2022-07-12,Grade 1,1789.07,https://exagri.info/mkt/2022/12.07.2022.html,2022-07-12,observed_source_value,0.004452204767732892,0.014813633100493329,0.017218896159218344,0.0020733392958778296,7.0,0.012161578009148188,0.006090581558490826,-0.005524479823763329,0.010250277598526694,0.03607076733220853,0.036883559460540116,0.030611833426462898,0.019687346112458926,0.003468533602260626,-0.17752914918703497,-0.984115542601034,-0.4999999999999997,-0.8660254037844388,2022-07-19,1806.21,0.009580396518861889,0.009534795539100756,17.1400000000001,7.0,UP,,,,0,TRAIN
2022-07-19,Grade 1,1806.21,https://exagri.info/mkt/2022/19.07.2022.html,2022-07-19,observed_source_value,0.009580396518861889,0.004452204767732892,0.014813633100493329,0.017218896159218344,7.0,0.009615411462362703,0.009627693968436856,-0.008869199698815378,0.0064879988327881865,0.03243606375361768,0.02909739394008448,0.04898772257907158,0.019652274644094803,0.023307277724238906,-0.2944616217868012,-0.9556633054034704,-0.4999999999999997,-0.8660254037844388,2022-07-26,1832.43,0.014516584450313008,0.014412227562941901,26.220000000000027,7.0,UP,,,,0,TRAIN
2022-07-26,Grade 1,1832.43,https://exagri.info/mkt/2022/26.07.2022.html,2022-07-26,observed_source_value,0.014516584450313008,0.009580396518861889,0.004452204767732892,0.014813633100493329,7.0,0.00951639524563593,0.012116342999323893,0.0009876876361350928,0.005104963786534945,0.019412767292794047,0.02879616425435394,0.06201352706281904,0.0221062272492496,0.03728891850079008,-0.4071294853542516,-0.9133704517637858,-0.4999999999999997,-0.8660254037844388,2022-08-02,1846.21,0.0075200689794425735,0.007491934222882019,13.779999999999973,7.0,UP,,,,0,TRAIN
2022-08-02,Grade 1,1846.21,https://exagri.info/mkt/2022/02.08.2022.html,2022-08-02,observed_source_value,0.0075200689794425735,0.014516584450313008,0.009580396518861889,0.004452204767732892,7.0,0.010539016649539157,0.010176577563368738,0.00258037742387176,0.004486615022235275,0.019208644648767568,0.0319383813936851,0.05188759871007442,0.019435542116783333,0.04249755357155971,-0.5139010013093103,-0.8578494977869301,-0.8660254037844385,-0.5000000000000004,2022-08-09,1838.36,-0.004251954003065772,-0.004261019265332465,-7.850000000000136,7.0,DOWN,,,,0,TRAIN
2022-08-09,Grade 1,1838.36,https://exagri.info/mkt/2022/09.08.2022.html,2022-08-09,observed_source_value,-0.004251954003065772,0.0075200689794425735,0.014516584450313008,0.009580396518861889,7.0,0.005928233142229937,0.006363460142656918,0.006939095822121466,0.006973158793178477,0.008401833272411074,0.017799702138732387,0.03212549266200293,0.008726685308177329,0.030945873042399485,-0.6132298262997502,-0.7899045386224707,-0.8660254037844385,-0.5000000000000004,2022-08-16,1812.14,-0.014262712417589474,-0.0143654024958294,-26.2199999999998,7.0,DOWN,,,,0,TRAIN
2022-08-16,Grade 1,1812.14,https://exagri.info/mkt/2022/16.08.2022.html,2022-08-16,observed_source_value,-0.014262712417589474,-0.004251954003065772,0.0075200689794425735,0.014516584450313008,7.0,-0.0036648658137375576,0.0026204767055924448,0.004355529132041636,0.01168584877689379,0.010523059753376463,-0.011072728562618983,0.012894967776554411,-0.008171553361392858,0.011917026980694079,-0.7036774074790128,-0.7105196029692745,-0.8660254037844385,-0.5000000000000004,2022-08-23,1761.64,-0.027867604048252392,-0.02826327397051333,-50.5,7.0,DOWN,,,,0,TRAIN
2022-08-23,Grade 1,1761.64,https://exagri.info/mkt/2022/23.08.2022.html,2022-08-23,observed_source_value,-0.027867604048252392,-0.014262712417589474,-0.004251954003065772,0.0075200689794425735,7.0,-0.015460756822969213,-0.004869123407830411,0.0023792852803032226,0.016932574239440286,0.014300812261373825,-0.04580735669290059,-0.02467597898361762,-0.031084241396227896,-0.018463017968248896,-0.7839338166829201,-0.620844401650647,-0.8660254037844385,-0.5000000000000004,2022-08-30,1750.93,-0.006079562226107504,-0.006098118010126812,-10.710000000000036,7.0,DOWN,,,,0,TRAIN
2022-08-30,Grade 1,1750.93,https://exagri.info/mkt/2022/30.08.2022.html,2022-08-30,observed_source_value,-0.006079562226107504,-0.027867604048252392,-0.014262712417589474,-0.004251954003065772,7.0,-0.016069959563983122,-0.008988352743114514,0.0015639951281046893,0.013111707772872407,0.014550412746662493,-0.047558693618224845,-0.04447646021948992,-0.02826307984655807,-0.025814445562771793,-0.8528367217694595,-0.522177676659508,-0.8660254037844385,-0.5000000000000004,2022-09-06,1747.93,-0.0017133751777627104,-0.0017148446837959215,-3.0,7.0,DOWN,,,,0,TRAIN
2022-09-06,Grade 1,1747.93,https://exagri.info/mkt/2022/06.09.2022.html,2022-09-06,observed_source_value,-0.0017133751777627104,-0.006079562226107504,-0.027867604048252392,-0.014262712417589474,7.0,-0.011886847150707536,-0.01083504157455557,-0.00032923200559341613,0.010618539629941385,0.013479419456317907,-0.03543324467204523,-0.05323338081800011,-0.01922904275614412,-0.02709330815994171,-0.9093882203647925,-0.4159483918249421,-1.0,-1.8369701987210297e-16,2022-09-13,1746.64,-0.0007380158244323365,-0.0007382882921761451,-1.2899999999999636,7.0,DOWN,,,,0,TRAIN
2022-09-13,Grade 1,1746.64,https://exagri.info/mkt/2022/13.09.2022.html,2022-09-13,observed_source_value,-0.0007380158244323365,-0.0017133751777627104,-0.006079562226107504,-0.027867604048252392,7.0,-0.0028436510761008504,-0.010132253938828883,-0.0018843968980859827,0.011260071827153674,0.012391431188416034,-0.008514793033764012,-0.04989229530668626,-0.009760433958327708,-0.02594085511801547,-0.9527692922168511,-0.30369503751065885,-1.0,-1.8369701987210297e-16,2022-09-20,1773.14,0.015171987358585604,0.01505804381293737,26.5,7.0,UP,,,,0,TRAIN
2022-09-20,Grade 1,1773.14,https://exagri.info/mkt/2022/20.09.2022.html,2022-09-20,observed_source_value,0.015171987358585604,-0.0007380158244323365,-0.0017133751777627104,-0.006079562226107504,7.0,0.004240198785463519,-0.004245313983593868,-0.0008124186390007116,0.015468682073959447,0.013421394411062541,0.012684687566036246,-0.02152151599766028,0.00972861913287515,-0.010283199641876961,-0.9823516608469237,-0.18704334906991657,-1.0,-1.8369701987210297e-16,2022-09-27,1800.36,0.015351297697869137,0.015234658719123632,27.2199999999998,7.0,UP,,,,0,TRAIN
2022-09-27,Grade 1,1800.36,https://exagri.info/mkt/2022/27.09.2022.html,2022-09-27,observed_source_value,0.015351297697869137,0.015171987358585604,-0.0007380158244323365,-0.0017133751777627104,7.0,0.009928423077340801,0.0043984663656304376,-0.0002353285210999867,0.010118799438272577,0.014028262109467188,0.02999548036820676,0.021979519084489363,0.020727973693162483,0.005238478641278688,-0.9977068927101168,-0.06768276175455162,-1.0,-1.8369701987210297e-16,2022-10-11,1807.79,0.004126952387300431,0.004118459876736701,7.430000000000064,14.0,UP,,,,0,TRAIN
2022-10-11,Grade 1,1807.79,https://exagri.info/mkt/2022/11.10.2022.html,2022-10-11,observed_source_value,0.004126952387300431,0.015351297697869137,0.015171987358585604,-0.0007380158244323365,14.0,0.01155007914791839,0.006439769288312025,-0.0012742917274012444,0.00835180305156243,0.013172974663109776,0.03501007648971721,0.03247417086919513,0.01837455750766681,0.010777662349861439,-0.9850556718215013,0.172236243027682,-0.8660254037844386,0.5000000000000001,2022-10-18,1815.07,0.004027016412304407,0.004018929684698427,7.279999999999973,7.0,UP,,,,0,TRAIN
2022-10-18,Grade 1,1815.07,https://exagri.info/mkt/2022/18.10.2022.html,2022-10-18,observed_source_value,0.004027016412304407,0.004126952387300431,0.015351297697869137,0.015171987358585604,7.0,0.007835088832491325,0.007587847606325448,-0.001623596984115061,0.007276119320813895,0.01295843054369,0.0236473149328309,0.038411149187896454,0.014799284356479925,0.01661812478996305,-0.957232443323312,0.28931997761869527,-0.8660254037844386,0.5000000000000001,2022-10-25,1803.07,-0.006611315266077944,-0.006633266816760263,-12.0,7.0,DOWN,,,,0,TRAIN
2022-10-25,Grade 1,1803.07,https://exagri.info/mkt/2022/25.10.2022.html,2022-10-25,observed_source_value,-0.006611315266077944,0.004027016412304407,0.004126952387300431,0.015351297697869137,7.0,0.0005142178445089648,0.006413187717996327,-0.0018595331104162781,0.009181023154121325,0.013032867484790394,0.0015052545046545518,0.032307745156414436,0.0017690009256141614,0.011897045296769493,-0.9155458729775467,0.40221356823680365,-0.8660254037844386,0.5000000000000001,2022-11-01,1796.57,-0.00360496264704091,-0.0036114761836333487,-6.5,7.0,DOWN,,,,0,TRAIN
2022-11-01,Grade 1,1796.57,https://exagri.info/mkt/2022/01.11.2022.html,2022-11-01,observed_source_value,-0.00360496264704091,-0.006611315266077944,0.004027016412304407,0.004126952387300431,7.0,-0.002063087166938149,0.0026577977168710243,-0.0007937581333614218,0.008519048361111083,0.012322290633956503,-0.006206473096985854,0.013213846622376124,-0.004434292452725752,0.009130973524895003,-0.8605996962501181,0.5092820071573356,-0.5000000000000004,0.8660254037844384,2022-11-08,1795.79,-0.00043416065057300113,-0.0004342549255962452,-0.7799999999999727,7.0,DOWN,,,,0,TRAIN
2022-11-08,Grade 1,1795.79,https://exagri.info/mkt/2022/08.11.2022.html,2022-11-08,observed_source_value,-0.00043416065057300113,-0.00360496264704091,-0.006611315266077944,0.004027016412304407,7.0,-0.003550146187897285,-0.0004992939528174034,0.0019495862064065172,0.004714230203334531,0.007877015892034177,-0.010622179860831804,-0.002538381212646379,-0.004362246057733721,0.00676167736242439,-0.7931896839451843,0.6089746507720486,-0.5000000000000004,0.8660254037844384,2022-11-15,1766.29,-0.01642731054299218,-0.016563734929394135,-29.5,7.0,DOWN,,,,0,TRAIN
2022-11-15,Grade 1,1766.29,https://exagri.info/mkt/2022/15.11.2022.html,2022-11-15,observed_source_value,-0.01642731054299218,-0.00043416065057300113,-0.00360496264704091,-0.006611315266077944,7.0,-0.006822144613535364,-0.0046101465388759255,0.0009148113747180497,0.007692526860792169,0.009550811101879077,-0.02039854248587125,-0.02295620619651617,-0.016190642757600515,-0.01062867417442237,-0.7142921172691032,0.699847677146407,-0.5000000000000004,0.8660254037844384,2022-11-22,1725.0,-0.02337668219828004,-0.023654251127513373,-41.289999999999964,7.0,DOWN,,,,0,TRAIN
2022-11-22,Grade 1,1725.0,https://exagri.info/mkt/2022/22.11.2022.html,2022-11-22,observed_source_value,-0.02337668219828004,-0.01642731054299218,-0.00043416065057300113,-0.00360496264704091,7.0,-0.01341271779728174,-0.010090886260992814,-0.0012515193273336834,0.009540566221647066,0.012280071220748215,-0.03983702277116952,-0.04962343050130291,-0.02945068596737599,-0.032514251485721735,-0.6250496486104377,0.7805849965070866,-0.5000000000000004,0.8660254037844384,2022-11-29,1641.57,-0.048365217391304394,-0.049573949509798126,-83.43000000000006,7.0,DOWN,,,,0,TRAIN
2022-11-29,Grade 1,1641.57,https://exagri.info/mkt/2022/29.11.2022.html,2022-11-29,observed_source_value,-0.048365217391304394,-0.02337668219828004,-0.01642731054299218,-0.00043416065057300113,7.0,-0.02938973671085887,-0.018441666686038104,-0.006014239484020889,0.019158737927809994,0.019292494709907262,-0.0858786383708563,-0.08956945653801573,-0.05929592606260925,-0.07384913101245993,-0.5267547528105542,0.8500173118187018,-0.5000000000000004,0.8660254037844384,2022-12-05,1599.79,-0.025451244844874044,-0.025780730341824362,-41.77999999999997,6.0,DOWN,,,,0,TRAIN
2022-12-05,Grade 1,1599.79,https://exagri.info/mkt/2022/05.12.2022.html,2022-12-05,observed_source_value,-0.025451244844874044,-0.048365217391304394,-0.02337668219828004,-0.01642731054299218,6.0,-0.03239771481148616,-0.022810923125604732,-0.010076562704366854,0.0173333734887109,0.018600237272357666,-0.09426538110955729,-0.10953093951251547,-0.06208521136339129,-0.0885062644932284,-0.4363729641045924,0.8997658785476209,-2.4492935982947064e-16,1.0,2022-12-13,1623.79,0.015001969008432425,0.014890552401654673,24.0,8.0,UP,39.789999999999964,0.9751279855481032,0.040000000000000036,0,TRAIN
2022-12-05,Grade 2,1560.0,https://exagri.info/mkt/2022/05.12.2022.html,2022-12-05,observed_source_value,0.040000000000000036,0.5,0.25,0.33333333333333326,181.0,0.26333333333333336,0.2510817610062893,0.1338197920677705,0.1784970502454404,0.17396096007399195,0.95,1.9433962264150941,0.4285714285714286,0.9463505926388023,-0.4363729641045924,0.8997658785476209,-2.4492935982947064e-16,1.0,2022-12-13,1580.0,0.012820512820512775,0.012739025777429712,20.0,8.0,UP,39.789999999999964,0.9751279855481032,-0.025451244844874044,1,TRAIN
2022-12-13,Grade 1,1623.79,https://exagri.info/mkt/2022/13.12.2022.html,2022-12-13,observed_source_value,0.015001969008432425,-0.025451244844874044,-0.048365217391304394,-0.02337668219828004,8.0,-0.019604831075915336,-0.019723697193803645,-0.010111495573310526,0.022821173495807565,0.018547428406574265,-0.05867246376811597,-0.09577957333541232,-0.028419997032229083,-0.06543008150342478,-0.30881248126625377,0.9511229423235357,-2.4492935982947064e-16,1.0,2022-12-20,1664.14,0.024849272381280985,0.024545550441928198,40.350000000000136,7.0,UP,43.789999999999964,0.973032227073698,0.012820512820512775,0,TRAIN
2022-12-13,Grade 2,1580.0,https://exagri.info/mkt/2022/13.12.2022.html,2022-12-13,observed_source_value,0.012820512820512775,0.040000000000000036,0.5,0.25,8.0,0.18427350427350428,0.2272307692307692,0.13306102702329117,0.2044543740263683,0.17452621944236021,0.5800000000000001,1.6333333333333333,0.22670807453416142,0.7372182517866961,-0.30881248126625377,0.9511229423235357,-2.4492935982947064e-16,1.0,2022-12-20,1640.0,0.03797468354430378,0.0372713947972316,60.0,7.0,UP,43.789999999999964,0.973032227073698,0.015001969008432425,1,TRAIN
2022-12-20,Grade 1,1664.14,https://exagri.info/mkt/2022/20.12.2022.html,2022-12-20,observed_source_value,0.024849272381280985,0.015001969008432425,-0.025451244844874044,-0.048365217391304394,7.0,0.004799998848279789,-0.011468380608949013,-0.00803926357391247,0.030489162136371872,0.021272424365641533,0.013749032937980132,-0.05783308516721486,0.008045513302779472,-0.034221882783899815,-0.19232150523909483,0.9813319716704275,-2.4492935982947064e-16,1.0,2022-12-27,1669.29,0.0030946915523932805,0.0030899128510238493,5.149999999999864,7.0,UP,24.1400000000001,0.9854940089175189,0.03797468354430378,0,TRAIN
2022-12-20,Grade 2,1640.0,https://exagri.info/mkt/2022/20.12.2022.html,2022-12-20,observed_source_value,0.03797468354430378,0.012820512820512775,0.040000000000000036,0.5,7.0,0.03026506545493886,0.16815903927296333,0.13185849537772154,0.20875771224869796,0.17520224159462747,0.09333333333333327,1.0499999999999998,0.12637362637362637,0.6062683643486777,-0.19232150523909483,0.9813319716704275,-2.4492935982947064e-16,1.0,2022-12-27,1660.0,0.012195121951219523,0.01212136053234482,20.0,7.0,UP,24.1400000000001,0.9854940089175189,0.024849272381280985,1,TRAIN
2022-12-27,Grade 1,1669.29,https://exagri.info/mkt/2022/27.12.2022.html,2022-12-27,observed_source_value,0.0030946915523932805,0.024849272381280985,0.015001969008432425,-0.025451244844874044,7.0,0.01431531098070223,-0.0061741058588143495,-0.008132496059903582,0.030201344049132647,0.021215631728127644,0.04344320192025197,-0.03229565217391306,0.01803605014526921,-0.02296711207880464,-0.07304518821104743,0.9973286321364752,-2.4492935982947064e-16,1.0,2023-01-03,1667.0,-0.0013718407227024665,-0.001372782557650266,-2.2899999999999636,7.0,DOWN,9.289999999999964,0.9944347596882507,0.012195121951219523,0,TRAIN
2022-12-27,Grade 2,1660.0,https://exagri.info/mkt/2022/27.12.2022.html,2022-12-27,observed_source_value,0.012195121951219523,0.03797468354430378,0.012820512820512775,0.040000000000000036,7.0,0.020996772772012024,0.12059806366320722,0.13783991233474827,0.2125062930492301,0.16931620325085223,0.0641025641025641,0.6599999999999999,0.04534005037783384,0.45998240985048366,-0.07304518821104743,0.9973286321364752,-2.4492935982947064e-16,1.0,2023-01-03,1605.0,-0.033132530120481896,-0.033693845786472644,-55.0,7.0,DOWN,9.289999999999964,0.9944347596882507,0.0030946915523932805,1,TRAIN
2023-01-03,Grade 1,1667.0,https://exagri.info/mkt/2023/03.01.2023.html,2023-01-03,observed_source_value,-0.0013718407227024665,0.0030946915523932805,0.024849272381280985,0.015001969008432425,7.0,0.008857374403657267,0.003224569474906036,-0.0076085486055660345,0.019037995544721867,0.02132180554905049,0.026610583880920524,0.015491267506106965,0.013495849348432065,-0.01647449471155915,0.051584366869408364,0.9986686402879997,0.49999999999999994,0.8660254037844387,2023-01-10,1670.64,0.0021835632873425936,0.002181182777726783,3.6400000000001,7.0,UP,62.0,0.9628074385122976,-0.033132530120481896,0,TRAIN
2023-01-03,Grade 2,1605.0,https://exagri.info/mkt/2023/03.01.2023.html,2023-01-03,observed_source_value,-0.033132530120481896,0.012195121951219523,0.03797468354430378,0.012820512820512775,7.0,0.005679091791680468,0.013971557639110843,0.13452665932270008,0.029482645643436004,0.17260544227965333,0.015822784810126667,0.07000000000000006,-0.0024860161591050423,0.2865731462925851,0.051584366869408364,0.9986686402879997,0.49999999999999994,0.8660254037844387,2023-01-10,1650.0,0.028037383177569986,0.02765153133050995,45.0,7.0,UP,62.0,0.9628074385122976,-0.0013718407227024665,1,TRAIN
2023-01-10,Grade 1,1670.64,https://exagri.info/mkt/2023/10.01.2023.html,2023-01-10,observed_source_value,0.0021835632873425936,-0.0013718407227024665,0.0030946915523932805,0.024849272381280985,7.0,0.001302138039011136,0.008751531101349363,-0.0070296960121276845,0.010906717429210237,0.02152022454031536,0.003905921376807342,0.04428706267697646,0.007033271206506209,-0.006948696153548872,0.17117705961019986,0.985240282501282,0.49999999999999994,0.8660254037844387,2023-01-17,1678.64,0.004788584015706476,0.004777155217918716,8.0,7.0,UP,20.6400000000001,0.9876454532394771,0.028037383177569986,0,TRAIN
2023-01-10,Grade 2,1650.0,https://exagri.info/mkt/2023/10.01.2023.html,2023-01-10,observed_source_value,0.028037383177569986,-0.033132530120481896,0.012195121951219523,0.03797468354430378,7.0,0.0023666583361025375,0.011579034274624833,0.13133039764045706,0.027242670448406146,0.17442519263687253,0.0060975609756097615,0.05769230769230771,0.0141364474492931,0.21368150055167345,0.17117705961019986,0.985240282501282,0.49999999999999994,0.8660254037844387,2023-01-17,1632.0,-0.010909090909090868,-0.010969031370573933,-18.0,7.0,DOWN,20.6400000000001,0.9876454532394771,0.0021835632873425936,1,TRAIN
2023-01-17,Grade 1,1678.64,https://exagri.info/mkt/2023/17.01.2023.html,2023-01-17,observed_source_value,0.004788584015706476,0.0021835632873425936,-0.0013718407227024665,0.0030946915523932805,7.0,0.0018667688601155346,0.006708854102804173,-0.006507421545499737,0.010387495719541001,0.02176011521700551,0.00560118373679841,0.033778998515818115,0.005208564129772109,0.004803620223690075,0.2882906407095177,0.9575429528116719,0.49999999999999994,0.8660254037844387,2023-01-24,1691.21,0.007488204737168047,0.0074603073132630225,12.569999999999936,7.0,UP,46.6400000000001,0.9722156031072773,-0.010909090909090868,0,TRAIN
2023-01-17,Grade 2,1632.0,https://exagri.info/mkt/2023/17.01.2023.html,2023-01-17,observed_source_value,-0.010909090909090868,0.028037383177569986,-0.033132530120481896,0.012195121951219523,7.0,-0.0053347459506675925,0.006833113528704105,0.11703194137973667,0.028983650819503454,0.18012476814412684,-0.016867469879518038,0.032911392405063244,-0.0032979113228289725,0.11574485540438917,0.2882906407095177,0.9575429528116719,0.49999999999999994,0.8660254037844387,2023-01-24,1620.0,-0.007352941176470562,-0.007380107297622534,-12.0,7.0,DOWN,46.6400000000001,0.9722156031072773,0.004788584015706476,1,TRAIN
2023-01-24,Grade 1,1691.21,https://exagri.info/mkt/2023/24.01.2023.html,2023-01-24,observed_source_value,0.007488204737168047,0.004788584015706476,0.0021835632873425936,-0.0013718407227024665,7.0,0.004820117346739039,0.003236640573981586,-0.004115870017483714,0.003273054667983183,0.021862707208918735,0.01452309538092389,0.01626666025694945,0.009463063372799452,0.016897890514561142,0.4012289854475009,0.9159777842484877,0.49999999999999994,0.8660254037844387,2023-01-31,1687.14,-0.002406560982964767,-0.0024094614051434473,-4.069999999999936,7.0,DOWN,71.21000000000004,0.957894052187487,-0.007352941176470562,0,TRAIN
2023-01-24,Grade 2,1620.0,https://exagri.info/mkt/2023/24.01.2023.html,2023-01-24,observed_source_value,-0.007352941176470562,-0.010909090909090868,0.028037383177569986,-0.033132530120481896,7.0,0.0032584503640028517,-0.0022324114154507633,0.08296331392875628,0.02334917617285382,0.16636071316880485,0.009345794392523255,-0.012195121951219523,-0.008203746785845567,0.048747329578558984,0.4012289854475009,0.9159777842484877,0.49999999999999994,0.8660254037844387,2023-01-31,1635.0,0.0092592592592593,0.009216655104924048,15.0,7.0,UP,71.21000000000004,0.957894052187487,0.007488204737168047,1,TRAIN
2023-01-31,Grade 1,1687.14,https://exagri.info/mkt/2023/31.01.2023.html,2023-01-31,observed_source_value,-0.002406560982964767,0.007488204737168047,0.004788584015706476,0.0021835632873425936,7.0,0.003290075923303252,0.002136390066909977,-0.0020188578959521863,0.004141991243184293,0.02078934008802278,0.00987645453239483,0.01069316895206951,0.0048924133642578305,0.01676529134507443,0.5083564379375122,0.8611467540480452,0.49999999999999994,0.8660254037844387,2023-02-07,1673.86,-0.00787130884218279,-0.007902451121606865,-13.2800000000002,7.0,DOWN,52.1400000000001,0.969095629289804,0.0092592592592593,0,TRAIN
2023-01-31,Grade 2,1635.0,https://exagri.info/mkt/2023/31.01.2023.html,2023-01-31,observed_source_value,0.0092592592592593,-0.007352941176470562,-0.010909090909090868,0.028037383177569986,7.0,-0.0030009242754340435,-0.002819583953842808,0.05888923985468221,0.02292878665403087,0.15663772950137778,-0.009090909090909038,-0.015060240963855387,0.004053058216654248,0.016664593955975526,0.5083564379375122,0.8611467540480452,0.49999999999999994,0.8660254037844387,2023-02-07,1585.0,-0.030581039755351647,-0.03105839701997274,-50.0,7.0,DOWN,52.1400000000001,0.969095629289804,-0.002406560982964767,1,TRAIN
2023-02-07,Grade 1,1673.86,https://exagri.info/mkt/2023/07.02.2023.html,2023-02-07,observed_source_value,-0.00787130884218279,-0.002406560982964767,0.007488204737168047,0.004788584015706476,7.0,-0.0009298883626598364,0.0008364964430139122,0.002030532958959974,0.006083216724092307,0.013383490793205674,-0.0028475432492971464,0.004115176964607059,-0.003831463228546439,0.00680280292322033,0.6081214998935418,0.7938439653781019,0.8660254037844386,0.5000000000000001,2023-02-14,1663.29,-0.006314745558170909,-0.006334767899068128,-10.569999999999936,7.0,DOWN,88.8599999999999,0.946913122961299,-0.030581039755351647,0,TRAIN
2023-02-07,Grade 2,1585.0,https://exagri.info/mkt/2023/07.02.2023.html,2023-02-07,observed_source_value,-0.030581039755351647,0.0092592592592593,-0.007352941176470562,-0.010909090909090868,7.0,-0.00955824055752097,-0.0023092858808167584,0.005831135879147043,0.022098861577042578,0.026019242821103152,-0.028799019607843146,-0.012461059190031154,-0.02425510957892152,-0.019607843137254943,0.6081214998935418,0.7938439653781019,0.8660254037844386,0.5000000000000001,2023-05-09,1400.0,-0.11671924290220825,-0.12411217070803106,-185.0,91.0,DOWN,88.8599999999999,0.946913122961299,-0.00787130884218279,1,TRAIN
2023-02-14,Grade 1,1663.29,https://exagri.info/mkt/2023/14.02.2023.html,2023-02-14,observed_source_value,-0.006314745558170909,-0.00787130884218279,-0.002406560982964767,0.007488204737168047,7.0,-0.005530871794439489,-0.0008631653260887884,0.003944182887630288,0.006762091490041734,0.009943369840588768,-0.01650889008461398,-0.004399511564430525,-0.009255266173783139,-0.003361495595901598,0.6990793005655562,0.7150441465537444,0.8660254037844386,0.5000000000000001,2023-02-21,1659.93,-0.0020200927078259934,-0.0020221358471176547,-3.3599999999999,7.0,DOWN,,,,0,TRAIN
2023-02-21,Grade 1,1659.93,https://exagri.info/mkt/2023/21.02.2023.html,2023-02-21,observed_source_value,-0.0020200927078259934,-0.006314745558170909,-0.00787130884218279,-0.002406560982964767,7.0,-0.005402049036059897,-0.0022249006707952823,0.0022419767160044455,0.005979718218231424,0.009274566926448267,-0.016127885059923908,-0.01114592765572131,-0.009047893660385165,-0.007524002788616313,0.7799125224167177,0.6258885343075018,0.8660254037844386,0.5000000000000001,2023-02-28,1670.71,0.006494249757519777,0.0064732529741063785,10.779999999999973,7.0,UP,,,,0,TRAIN
2023-02-28,Grade 1,1670.71,https://exagri.info/mkt/2023/28.02.2023.html,2023-02-28,observed_source_value,0.006494249757519777,-0.0020200927078259934,-0.006314745558170909,-0.00787130884218279,7.0,-0.0006135295028257085,-0.0024236916667249365,0.0004064744536283249,0.005579195688064317,0.005243616735602338,-0.0018818778153488758,-0.012121498808545406,-0.00016517194039933347,-0.0014708598224567604,0.8494504794814806,0.527668345562516,0.8660254037844386,0.5000000000000001,2023-03-07,1460.29,-0.12594645390283177,-0.13461363964585848,-210.42000000000007,7.0,DOWN,,,,0,TRAIN
2023-03-07,Grade 1,1460.29,https://exagri.info/mkt/2023/07.03.2023.html,2023-03-07,observed_source_value,-0.12594645390283177,0.006494249757519777,-0.0020200927078259934,-0.006314745558170909,7.0,-0.040490765617712664,-0.027131670250698337,-0.01249764009189418,0.05552017913909743,0.04019415922089508,-0.12204726776449082,-0.13445831406996467,-0.10170052460113588,-0.11619219849528317,0.9066860720977985,0.4218060770826634,1.0,6.123233995736766e-17,2023-03-14,1322.0,-0.09470036773517587,-0.099489304703383,-138.28999999999996,7.0,DOWN,,,,0,TRAIN
2023-03-14,Grade 1,1322.0,https://exagri.info/mkt/2023/14.03.2023.html,2023-03-14,observed_source_value,-0.09470036773517587,-0.12594645390283177,0.006494249757519777,-0.0020200927078259934,7.0,-0.07138419062682928,-0.04449748202929695,-0.02183049279314152,0.06127126453539113,0.04749575132370874,-0.20358087389227264,-0.21020873908212157,-0.14997260879964813,-0.18282624673084136,0.9507903724625832,0.3098349038318025,1.0,6.123233995736766e-17,2023-03-21,1445.86,0.0936913767019667,0.08955855880932305,123.8599999999999,7.0,UP,,,,0,TRAIN
2023-03-21,Grade 1,1445.86,https://exagri.info/mkt/2023/21.03.2023.html,2023-03-21,observed_source_value,0.0936913767019667,-0.09470036773517587,-0.12594645390283177,0.006494249757519777,7.0,-0.04231848164534698,-0.02449625757726943,-0.01267971145167911,0.08754236952211665,0.059845984730108895,-0.13458350042796186,-0.13072284448292248,-0.043590310089313355,-0.09367119394368317,0.981124629771712,0.19337647441020586,1.0,6.123233995736766e-17,2023-03-28,1408.71,-0.025694050599643026,-0.026029908236366965,-37.149999999999864,7.0,DOWN,,,,0,TRAIN
2023-03-28,Grade 1,1408.71,https://exagri.info/mkt/2023/28.03.2023.html,2023-03-28,observed_source_value,-0.025694050599643026,0.0936913767019667,-0.09470036773517587,-0.12594645390283177,7.0,-0.0089010138776174,-0.02923104915563284,-0.01572797491321406,0.08665857042240631,0.05963331430078036,-0.03532175115901626,-0.15134373136216583,-0.03612965732794904,-0.1017598673723139,0.9972495210773451,0.07411742515094437,1.0,6.123233995736766e-17,2023-04-03,1460.79,0.036969993824137015,0.036302993268611,52.07999999999993,6.0,UP,,,,0,TRAIN
2023-04-03,Grade 1,1460.79,https://exagri.info/mkt/2023/03.04.2023.html,2023-04-03,observed_source_value,0.036969993824137015,-0.025694050599643026,0.0936913767019667,-0.09470036773517587,6.0,0.034989106642153565,-0.02313590034230939,-0.012779796004517164,0.09077356198876556,0.061604794991198225,0.10498487140695922,-0.12564717994146202,0.029065958451036433,-0.05466271651724186,0.9995786855478958,-0.029025013321975237,0.8660254037844387,-0.4999999999999998,2023-04-10,1460.64,-0.00010268416404812797,-0.00010268943642783078,-0.14999999999986358,7.0,DOWN,,,,0,TRAIN
2023-04-10,Grade 1,1460.64,https://exagri.info/mkt/2023/10.04.2023.html,2023-04-10,observed_source_value,-0.00010268416404812797,0.036969993824137015,-0.025694050599643026,0.0936913767019667,7.0,0.003724419686815287,0.002032853605447338,-0.012549408322625499,0.07027187643750685,0.06165218863208145,0.01022228984825646,0.0002396784200400237,0.028909551986475268,-0.04069859083887639,0.9888537064205885,-0.1488903868564548,0.8660254037844387,-0.4999999999999998,2023-04-18,1456.92,-0.0025468287873808837,-0.002550077472886441,-3.7200000000000273,8.0,DOWN,,,,0,TRAIN
2023-04-18,Grade 1,1456.92,https://exagri.info/mkt/2023/18.04.2023.html,2023-04-18,observed_source_value,-0.0025468287873808837,-0.00010268416404812797,0.036969993824137015,-0.025694050599643026,8.0,0.011440160290902668,0.020463561395006335,-0.012016960317145308,0.046684443083209064,0.06172003388235943,0.034222799582596775,0.10205748865355524,0.007145108752758311,-0.02931147287586089,0.9590788900341131,-0.28313898122818354,0.8660254037844387,-0.4999999999999998,2023-05-02,1446.71,-0.007007934546852335,-0.007032605449102348,-10.210000000000036,14.0,DOWN,,,,0,TRAIN
2023-05-02,Grade 1,1446.71,https://exagri.info/mkt/2023/02.05.2023.html,2023-05-02,observed_source_value,-0.007007934546852335,-0.0025468287873808837,-0.00010268416404812797,0.036969993824137015,14.0,-0.003219149166093782,0.0003236991452425286,-0.012086279216013452,0.02281473647345889,0.06171330693606882,-0.009638620198659575,0.0005878854107590481,-3.0412910557053863e-05,-0.022001600804728905,0.8638670987837349,-0.503719798736334,0.49999999999999994,-0.8660254037844387,2023-05-09,1463.21,0.011405188323851956,0.011340639494222522,16.5,7.0,UP,,,,0,TRAIN
2023-05-09,Grade 1,1463.21,https://exagri.info/mkt/2023/09.05.2023.html,2023-05-09,observed_source_value,0.011405188323851956,-0.007007934546852335,-0.0025468287873808837,-0.00010268416404812797,7.0,0.0006168083298729125,0.007743546929941525,-0.010743751112845656,0.01769642757946595,0.062101429037189675,0.001759502683755132,0.03868787756174097,0.0038116041255331634,0.0024842694904849694,0.7971015927871943,-0.6038452208771035,0.49999999999999994,-0.8660254037844387,2023-05-16,1442.43,-0.014201652531078857,-0.01430346104730108,-20.779999999999973,7.0,DOWN,63.210000000000036,0.9568004592642204,-0.11671924290220825,0,TRAIN
2023-05-09,Grade 2,1400.0,https://exagri.info/mkt/2023/09.05.2023.html,2023-05-09,observed_source_value,-0.11671924290220825,-0.030581039755351647,0.0092592592592593,-0.007352941176470562,91.0,-0.0460136744661002,-0.0312606110967724,-0.009840788411073786,0.049827854950575644,0.04408073518167416,-0.13580246913580252,-0.1515151515151515,-0.1107723577235773,-0.12538264509277197,0.7971015927871943,-0.6038452208771035,0.49999999999999994,-0.8660254037844387,2023-05-16,1400.0,0.0,0.0,0.0,7.0,FLAT,63.210000000000036,0.9568004592642204,0.011405188323851956,1,TRAIN
2023-05-16,Grade 1,1442.43,https://exagri.info/mkt/2023/16.05.2023.html,2023-05-16,observed_source_value,-0.014201652531078857,0.011405188323851956,-0.007007934546852335,-0.0025468287873808837,7.0,-0.003268132918026412,-0.0024907823411016495,-0.01281334134170552,0.009438661180024675,0.06180728451063526,-0.009945638744749186,-0.012568541679502165,-0.007945077724483496,0.0039491743900845755,0.7187918772884232,-0.6952253139408722,0.49999999999999994,-0.8660254037844387,2023-05-23,1384.07,-0.04045950236753271,-0.041300757408432254,-58.36000000000013,7.0,DOWN,42.430000000000064,0.9705843611128443,0.0,0,TRAIN
2023-05-16,Grade 2,1400.0,https://exagri.info/mkt/2023/16.05.2023.html,2023-05-16,observed_source_value,0.0,-0.11671924290220825,-0.030581039755351647,0.0092592592592593,7.0,-0.04910009421918663,-0.029078792914954233,-0.011122839693125063,0.05116273129731226,0.04353143297990634,-0.1437308868501529,-0.1421568627450981,-0.08376963350785338,-0.1154356479433879,0.7187918772884232,-0.6952253139408722,0.49999999999999994,-0.8660254037844387,2023-05-30,1350.0,-0.0357142857142857,-0.03636764417087483,-50.0,14.0,DOWN,42.430000000000064,0.9705843611128443,-0.014201652531078857,1,TRAIN
2023-05-23,Grade 1,1384.07,https://exagri.info/mkt/2023/23.05.2023.html,2023-05-23,observed_source_value,-0.04045950236753271,-0.014201652531078857,0.011405188323851956,-0.007007934546852335,7.0,-0.014418655524919869,-0.010562145981798565,-0.0042646461881756135,0.019147711559907497,0.04900756284110666,-0.043298242218551164,-0.0524222258735898,-0.03795038188101785,-0.0315323825477527,0.6300720909843687,-0.7765366444428655,0.49999999999999994,-0.8660254037844387,2023-05-30,1335.71,-0.03494042931354624,-0.035565448267149025,-48.3599999999999,7.0,DOWN,,,,0,TRAIN
2023-05-30,Grade 1,1335.71,https://exagri.info/mkt/2023/30.05.2023.html,2023-05-30,observed_source_value,-0.03494042931354624,-0.04045950236753271,-0.014201652531078857,0.011405188323851956,7.0,-0.029867194737385933,-0.017040866087031637,0.0017113476539873495,0.021134839420916738,0.03947000247056502,-0.08713718468299148,-0.08319605743623537,-0.055652257523546744,-0.06626680787554051,0.5322271388474397,-0.8466016020976267,0.49999999999999994,-0.8660254037844387,2023-06-06,1443.5,0.08069865464808967,0.07760773443686747,107.78999999999996,7.0,UP,-14.289999999999964,1.0106984300484387,-0.0357142857142857,0,TRAIN
2023-05-30,Grade 2,1350.0,https://exagri.info/mkt/2023/30.05.2023.html,2023-05-30,observed_source_value,-0.0357142857142857,0.0,-0.11671924290220825,-0.030581039755351647,14.0,-0.050811176205497986,-0.03475106182251726,-0.01849173661898401,0.04970322990845962,0.04042281661234732,-0.1482649842271293,-0.16666666666666663,-0.08412483039348706,-0.1311063911952115,0.5322271388474397,-0.8466016020976267,0.49999999999999994,-0.8660254037844387,2023-07-11,1200.0,-0.11111111111111116,-0.11778303565638351,-150.0,42.0,DOWN,-14.289999999999964,1.0106984300484387,-0.03494042931354624,1,TRAIN
2023-06-06,Grade 1,1443.5,https://exagri.info/mkt/2023/06.06.2023.html,2023-06-06,observed_source_value,0.08069865464808967,-0.03494042931354624,-0.04045950236753271,-0.014201652531078857,7.0,0.0017662409890035757,0.0005004517519567653,0.00041207544859964693,0.04924578862702617,0.03618274250264465,0.0007418037617077378,-0.0022188275466403784,0.021018769486710775,0.009250707384415024,0.42667408318992467,-0.9044054548343001,1.2246467991473532e-16,-1.0,2023-06-13,1327.43,-0.08040872878420502,-0.08382597807400641,-116.06999999999994,7.0,DOWN,,,,0,TRAIN
2023-06-13,Grade 1,1327.43,https://exagri.info/mkt/2023/13.06.2023.html,2023-06-13,observed_source_value,-0.08040872878420502,0.08069865464808967,-0.03494042931354624,-0.04045950236753271,7.0,-0.011550167816553861,-0.01786233166965463,-0.005059392369856553,0.06008746527017246,0.04388598950541021,-0.04092278569725516,-0.09279597597063982,-0.042692055836172416,-0.06659747521518611,0.31494162072895193,-0.9491110448902284,1.2246467991473532e-16,-1.0,2023-06-20,1339.0,0.008716090490647366,0.008678324662189194,11.569999999999936,7.0,UP,,,,0,TRAIN
2023-06-20,Grade 1,1339.0,https://exagri.info/mkt/2023/20.06.2023.html,2023-06-20,observed_source_value,0.008716090490647366,-0.08040872878420502,0.08069865464808967,-0.03494042931354624,7.0,0.0030020054515106733,-0.013278783065309385,-0.007884782703205518,0.061298412079984536,0.04173632443043022,0.0024631095073031073,-0.07170538604992971,-0.019724117129424235,-0.0503290159592954,0.19864794288017112,-0.9800709131432666,1.2246467991473532e-16,-1.0,2023-06-27,1346.36,0.005496639283046889,0.005481587890868598,7.3599999999999,7.0,UP,,,,0,TRAIN
2023-06-27,Grade 1,1346.36,https://exagri.info/mkt/2023/27.06.2023.html,2023-06-27,observed_source_value,0.005496639283046889,0.008716090490647366,-0.08040872878420502,0.08069865464808967,7.0,-0.02206533300350359,-0.004087554735193466,-0.007324850358496016,0.059626573114681114,0.04188960776328078,-0.06729476965708359,-0.027245731791022187,-0.008863368669022487,-0.037306207786153345,0.07947729992362097,-0.9968366760893436,1.2246467991473532e-16,-1.0,2023-07-04,1327.21,-0.014223536052764385,-0.014325660074758433,-19.149999999999864,7.0,DOWN,,,,0,TRAIN
2023-07-04,Grade 1,1327.21,https://exagri.info/mkt/2023/04.07.2023.html,2023-07-04,observed_source_value,-0.014223536052764385,0.005496639283046889,0.008716090490647366,-0.08040872878420502,7.0,-3.6020930233767365e-06,5.5823916962904896e-05,-0.008492521085034366,0.05763313543407235,0.0419043632996901,-0.00016573378633899516,-0.00636365678178652,-0.021736566669123603,-0.04211501028823672,-0.04084439154329611,-0.9991655196610109,-0.4999999999999997,-0.8660254037844388,2023-07-11,1346.86,0.014805494232261518,0.014696962831862836,19.649999999999864,7.0,UP,,,,0,TRAIN
2023-07-11,Grade 1,1346.86,https://exagri.info/mkt/2023/11.07.2023.html,2023-07-11,observed_source_value,0.014805494232261518,-0.014223536052764385,0.005496639283046889,0.008716090490647366,7.0,0.0020261991541813407,-0.013122808166202727,-0.006311178207122981,0.039154240217414926,0.0425529629794803,0.0058700522778192266,-0.06694838933148606,0.00709451072700773,-0.020877042232428922,-0.16057454459499376,-0.9870237158387383,-0.4999999999999997,-0.8660254037844388,2023-07-18,1394.5,0.03537115958600001,0.034759970728397926,47.6400000000001,7.0,UP,146.8599999999999,0.8909611986397993,-0.11111111111111116,0,TRAIN
2023-07-11,Grade 2,1200.0,https://exagri.info/mkt/2023/11.07.2023.html,2023-07-11,observed_source_value,-0.11111111111111116,-0.0357142857142857,0.0,-0.11671924290220825,42.0,-0.04894179894179895,-0.05882513589659135,-0.03082235992521708,0.05214831686245536,0.04809973372192662,-0.1428571428571429,-0.2660550458715596,-0.13482335976928628,-0.20408569344033967,-0.16057454459499376,-0.9870237158387383,-0.4999999999999997,-0.8660254037844388,2023-07-18,1200.0,0.0,0.0,0.0,7.0,FLAT,146.8599999999999,0.8909611986397993,0.014805494232261518,1,TRAIN
2023-07-18,Grade 1,1394.5,https://exagri.info/mkt/2023/18.07.2023.html,2023-07-18,observed_source_value,0.03537115958600001,0.014805494232261518,-0.014223536052764385,0.005496639283046889,7.0,0.011984372588499048,0.01003316950783828,-0.003914581080908175,0.017857011177323818,0.04430061798914766,0.035755667132119306,0.05052620477162639,0.03236189892403374,0.018844792932307675,-0.2779791393987801,-0.9605871111248129,-0.4999999999999997,-0.8660254037844388,2023-07-25,1565.93,0.12293295087845113,0.11594396861184969,171.43000000000006,7.0,UP,194.5,0.8605234851201148,0.0,0,TRAIN
2023-07-18,Grade 2,1200.0,https://exagri.info/mkt/2023/18.07.2023.html,2023-07-18,observed_source_value,0.0,-0.11111111111111116,-0.0357142857142857,0.0,7.0,-0.04894179894179895,-0.052708927945521025,-0.02750910691316889,0.05777848962689607,0.04905457730017803,-0.1428571428571429,-0.2429022082018928,-0.08396946564885499,-0.18211559432933477,-0.2779791393987801,-0.9605871111248129,-0.4999999999999997,-0.8660254037844388,2023-07-25,1200.0,0.0,0.0,0.0,7.0,FLAT,194.5,0.8605234851201148,0.03537115958600001,1,TRAIN
2023-07-25,Grade 1,1565.93,https://exagri.info/mkt/2023/25.07.2023.html,2023-07-25,observed_source_value,0.12293295087845113,0.03537115958600001,0.014805494232261518,-0.014223536052764385,7.0,0.057703201565570884,0.03287654158539903,0.009798879260044824,0.05341118583633374,0.05941079715554367,0.1798660347646568,0.16947722180731883,0.12158817108493802,0.13386341041680394,-0.3913578365610259,-0.9202385798054075,-0.4999999999999997,-0.8660254037844388,2023-07-31,1659.43,0.059708926963529585,0.05799427321104282,93.5,6.0,UP,365.93000000000006,0.7663177792110758,0.0,0,TRAIN
2023-07-25,Grade 2,1200.0,https://exagri.info/mkt/2023/25.07.2023.html,2023-07-25,observed_source_value,0.0,0.0,-0.11111111111111116,-0.0357142857142857,7.0,-0.037037037037037056,-0.029365079365079372,-0.030312845230925888,0.048243263223584465,0.04624799443472272,-0.11111111111111116,-0.1428571428571429,-0.055118110236220486,-0.1562368162002532,-0.3913578365610259,-0.9202385798054075,-0.4999999999999997,-0.8660254037844388,2023-08-15,1750.0,0.45833333333333326,0.377294231141468,550.0,21.0,UP,365.93000000000006,0.7663177792110758,0.12293295087845113,1,TRAIN
2023-07-31,Grade 1,1659.43,https://exagri.info/mkt/2023/31.07.2023.html,2023-07-31,observed_source_value,0.059708926963529585,0.12293295087845113,0.03537115958600001,0.014805494232261518,6.0,0.07267101247599357,0.04371899912149557,0.01981572219315105,0.05194598761612246,0.05843184242478116,0.23207311821570187,0.23253067530229665,0.137541764179256,0.17807627895353728,-0.48408852163897587,-0.8750190302029955,-0.4999999999999997,-0.8660254037844388,2023-08-08,1947.14,0.17337881079647843,0.1598874593923217,287.71000000000004,8.0,UP,,,,0,TRAIN
2023-08-08,Grade 1,1947.14,https://exagri.info/mkt/2023/08.08.2023.html,2023-08-08,observed_source_value,0.17337881079647843,0.059708926963529585,0.12293295087845113,0.03537115958600001,8.0,0.11867356287948638,0.08123946849134414,0.04064764620415352,0.06559143196744589,0.07224358284147478,0.3962997490139837,0.467092622870533,0.2302087729628779,0.32482296140259215,-0.5995514915196489,-0.8003361849976323,-0.8660254037844385,-0.5000000000000004,2023-08-15,1872.14,-0.03851803157451439,-0.039279467716791826,-75.0,7.0,DOWN,,,,0,TRAIN
2023-08-15,Grade 1,1872.14,https://exagri.info/mkt/2023/15.08.2023.html,2023-08-15,observed_source_value,-0.03851803157451439,0.17337881079647843,0.059708926963529585,0.12293295087845113,7.0,0.06485656872849788,0.07057476332998895,0.028725977581893113,0.08149946318141428,0.07469499223832213,0.19554513931018636,0.3900034153512617,0.10920070054531639,0.23769668121115983,-0.6913512362094071,-0.722518835873311,-0.8660254037844385,-0.5000000000000004,2023-08-22,1903.14,0.016558590703686704,0.01642299207463395,31.0,7.0,UP,122.1400000000001,0.9347591526274744,0.45833333333333326,0,TRAIN
2023-08-15,Grade 2,1750.0,https://exagri.info/mkt/2023/15.08.2023.html,2023-08-15,observed_source_value,0.45833333333333326,0.0,0.0,-0.11111111111111116,21.0,0.15277777777777776,0.06230158730158728,0.016611397193316522,0.22598849238367488,0.16180565495401789,0.45833333333333326,0.25,0.30597014925373145,0.22036262203626222,-0.6913512362094071,-0.722518835873311,-0.8660254037844385,-0.5000000000000004,2023-08-22,1875.0,0.0714285714285714,0.06899287148695142,125.0,7.0,UP,122.1400000000001,0.9347591526274744,-0.03851803157451439,1,TRAIN
2023-08-22,Grade 1,1903.14,https://exagri.info/mkt/2023/22.08.2023.html,2023-08-22,observed_source_value,0.016558590703686704,-0.03851803157451439,0.17337881079647843,0.059708926963529585,7.0,0.05047312330855025,0.0668122495535263,0.03842270953068229,0.08392901857295118,0.0645595950819515,0.1468636821077116,0.36474722122624614,0.06347049212206834,0.21205906872563585,-0.7731383255706026,-0.6342374393978054,-0.8660254037844385,-0.5000000000000004,2023-08-28,1941.21,0.020003783221413052,0.01980633632990227,38.069999999999936,6.0,UP,28.1400000000001,0.9852139096440619,0.0714285714285714,0,TRAIN
2023-08-22,Grade 2,1875.0,https://exagri.info/mkt/2023/22.08.2023.html,2023-08-22,observed_source_value,0.0714285714285714,0.45833333333333326,0.0,0.0,7.0,0.17658730158730154,0.0837301587301587,0.02448954845382072,0.21935329201326606,0.16242591821801616,0.5625,0.38888888888888884,0.2975778546712802,0.2846865364850977,-0.7731383255706026,-0.6342374393978054,-0.8660254037844385,-0.5000000000000004,2023-08-28,1950.0,0.040000000000000036,0.03922071315328133,75.0,6.0,UP,28.1400000000001,0.9852139096440619,0.016558590703686704,1,TRAIN
2023-08-28,Grade 1,1941.21,https://exagri.info/mkt/2023/28.08.2023.html,2023-08-28,observed_source_value,0.020003783221413052,0.016558590703686704,-0.03851803157451439,0.17337881079647843,6.0,-0.0006518858831382109,0.046226416022118674,0.03955147880375885,0.07921322068746507,0.06407938157316018,-0.0030454923631583197,0.23965311348527707,0.04107986004595077,0.19064004239471233,-0.8343701235229538,-0.5512045872199277,-0.8660254037844385,-0.5000000000000004,2023-09-05,1931.21,-0.005151426172335771,-0.005164740513052396,-10.0,8.0,DOWN,-8.789999999999964,1.0045281036054832,0.040000000000000036,0,TRAIN
2023-08-28,Grade 2,1950.0,https://exagri.info/mkt/2023/28.08.2023.html,2023-08-28,observed_source_value,0.040000000000000036,0.0714285714285714,0.45833333333333326,0.0,6.0,0.1899206349206349,0.11395238095238094,0.027563622527894793,0.19483695724707115,0.16239653912047733,0.625,0.625,0.22257053291536044,0.3078470824949697,-0.8343701235229538,-0.5512045872199277,-0.8660254037844385,-0.5000000000000004,2023-09-05,1400.0,-0.28205128205128205,-0.3313571359544425,-550.0,8.0,DOWN,-8.789999999999964,1.0045281036054832,0.020003783221413052,1,TRAIN
2023-09-05,Grade 1,1931.21,https://exagri.info/mkt/2023/05.09.2023.html,2023-09-05,observed_source_value,-0.005151426172335771,0.020003783221413052,0.016558590703686704,-0.03851803157451439,8.0,0.010470315917587994,0.03325434539494561,0.03848667225822059,0.08172433666328431,0.06479264685124729,0.03155212751183134,0.1637791289780226,0.006379470632131401,0.14348765481441217,-0.9020987014301837,-0.43152975897147144,-1.0,-1.8369701987210297e-16,2023-09-12,1944.14,0.006695284303623206,0.006672970430779334,12.930000000000064,7.0,UP,531.21,0.7249341086676229,-0.28205128205128205,0,TRAIN
2023-09-05,Grade 2,1400.0,https://exagri.info/mkt/2023/05.09.2023.html,2023-09-05,observed_source_value,-0.28205128205128205,0.040000000000000036,0.0714285714285714,0.45833333333333326,8.0,-0.05687423687423687,0.057542124542124526,0.002416598298301753,0.2644659384889838,0.18959330226516183,-0.19999999999999996,0.16666666666666674,-0.1437308868501529,-0.04923599320882854,-0.9020987014301837,-0.43152975897147144,-1.0,-1.8369701987210297e-16,2023-09-12,1850.0,0.3214285714285714,0.2787134024690205,450.0,7.0,UP,531.21,0.7249341086676229,-0.005151426172335771,1,TRAIN
2023-09-12,Grade 1,1944.14,https://exagri.info/mkt/2023/12.09.2023.html,2023-09-12,observed_source_value,0.006695284303623206,-0.005151426172335771,0.020003783221413052,0.016558590703686704,7.0,0.007182547117566829,-8.235990362543965e-05,0.04057855429385935,0.023607769554659857,0.06322038204856267,0.021543344157550104,-0.001540721262980549,0.013434335852141155,0.11057541257990255,-0.9474042892438845,-0.32003923622313857,-1.0,-1.8369701987210297e-16,2023-09-19,1936.57,-0.0038937525075355417,-0.0039013528976042013,-7.570000000000164,7.0,DOWN,94.1400000000001,0.9515775612867385,0.3214285714285714,0,TRAIN
2023-09-12,Grade 2,1850.0,https://exagri.info/mkt/2023/12.09.2023.html,2023-09-12,observed_source_value,0.3214285714285714,-0.28205128205128205,0.040000000000000036,0.0714285714285714,7.0,0.02645909645909646,0.1218278388278388,0.04623137973137972,0.28523263572514174,0.20867000050476084,-0.013333333333333308,0.5416666666666667,0.04815864022662897,0.21911037891268537,-0.9474042892438845,-0.32003923622313857,-1.0,-1.8369701987210297e-16,2023-09-26,1600.0,-0.1351351351351351,-0.14518200984449783,-250.0,14.0,DOWN,94.1400000000001,0.9515775612867385,0.006695284303623206,1,VALIDATION
2023-09-19,Grade 1,1936.57,https://exagri.info/mkt/2023/19.09.2023.html,2023-09-19,observed_source_value,-0.0038937525075355417,0.006695284303623206,-0.005151426172335771,0.020003783221413052,7.0,-0.0007832981254160357,0.00684249590977033,0.03870862961987964,0.011475679173700975,0.06433412747500446,-0.0023902617439638396,0.03441516125930755,0.0027526156580128802,0.07019956994619081,-0.9789888737409319,-0.20391367068311472,-1.0,-1.8369701987210297e-16,2023-09-26,1889.07,-0.024527902425422243,-0.02483372253196883,-47.5,7.0,DOWN,,,,0,VALIDATION
2023-09-26,Grade 1,1889.07,https://exagri.info/mkt/2023/26.09.2023.html,2023-09-26,observed_source_value,-0.024527902425422243,-0.0038937525075355417,0.006695284303623206,-0.005151426172335771,7.0,-0.007242123543111527,-0.0013748027160514597,0.03271872341873742,0.01642288236063846,0.06739506257684834,-0.021820516670895462,-0.007393045177969126,-0.02041546535023131,0.016176456349065393,-0.9963950238187231,-0.08483487790576538,-1.0,-1.8369701987210297e-16,2023-10-03,1902.71,0.007220484153578344,0.007194541263171782,13.6400000000001,7.0,UP,289.06999999999994,0.8469776133229578,-0.1351351351351351,0,VALIDATION
2023-09-26,Grade 2,1600.0,https://exagri.info/mkt/2023/26.09.2023.html,2023-09-26,observed_source_value,-0.1351351351351351,0.3214285714285714,-0.28205128205128205,0.040000000000000036,14.0,-0.031919281919281915,0.0031341451341451386,0.03271786621786621,0.22791647783403704,0.2162351712999508,-0.17948717948717952,-0.08571428571428574,-0.0778097982708934,0.04065040650406515,-0.9963950238187231,-0.08483487790576538,-1.0,-1.8369701987210297e-16,2023-10-10,1700.0,0.0625,0.06062462181643484,100.0,14.0,UP,289.06999999999994,0.8469776133229578,-0.024527902425422243,1,VALIDATION
2023-10-03,Grade 1,1902.71,https://exagri.info/mkt/2023/03.10.2023.html,2023-10-03,observed_source_value,0.007220484153578344,-0.024527902425422243,-0.0038937525075355417,0.006695284303623206,7.0,-0.007067056926459814,-0.003931462529618401,0.021147476746250136,0.012874361467657478,0.059676410760730235,-0.021310193710329495,-0.019832990763492875,-0.009387007091016919,0.0053014884745195,-0.9993706508539969,0.03547255575312556,-0.8660254037844386,0.5000000000000001,2023-10-10,1926.36,0.01242963982950629,0.012353026057495624,23.649999999999864,7.0,UP,,,,0,VALIDATION
2023-10-10,Grade 1,1926.36,https://exagri.info/mkt/2023/10.10.2023.html,2023-10-10,observed_source_value,0.01242963982950629,0.007220484153578344,-0.024527902425422243,-0.0038937525075355417,7.0,-0.0016259261474458702,-0.0004152493292499893,0.016419548032847807,0.014725618115749774,0.05813485104097548,-0.0052722080792328985,-0.0025113788764558054,0.00343270287586539,0.0036423428741425568,-0.9878726596350429,0.15526624985999563,-0.8660254037844386,0.5000000000000001,2023-10-17,1932.0,0.00292780165701112,0.002923523993140019,5.6400000000001,7.0,UP,226.3599999999999,0.882493407255134,0.0625,0,VALIDATION
2023-10-10,Grade 2,1700.0,https://exagri.info/mkt/2023/10.10.2023.html,2023-10-10,observed_source_value,0.0625,-0.1351351351351351,0.3214285714285714,-0.28205128205128205,14.0,0.08293114543114544,0.0013484308484308593,0.04253929478929478,0.2272817170697031,0.21500859291530824,0.2142857142857142,-0.09333333333333338,0.0,0.08108108108108114,-0.9878726596350429,0.15526624985999563,-0.8660254037844386,0.5000000000000001,2023-10-24,1400.0,-0.17647058823529416,-0.1941560144409575,-300.0,14.0,DOWN,226.3599999999999,0.882493407255134,0.01242963982950629,1,VALIDATION
2023-10-17,Grade 1,1932.0,https://exagri.info/mkt/2023/17.10.2023.html,2023-10-17,observed_source_value,0.00292780165701112,0.01242963982950629,0.007220484153578344,-0.024527902425422243,7.0,0.007525975213365251,-0.0011687458585724064,-0.000625552881098923,0.01436273678497249,0.018431285453781074,0.022725468087471556,-0.0062444062670384826,0.007644958489408937,0.007375427235114307,-0.9620675724981452,0.27281126433401914,-0.8660254037844386,0.5000000000000001,2023-10-24,1949.71,0.009166666666666767,0.009124907777000674,17.710000000000036,7.0,UP,,,,0,VALIDATION
2023-10-24,Grade 1,1949.71,https://exagri.info/mkt/2023/24.10.2023.html,2023-10-24,observed_source_value,0.009166666666666767,0.00292780165701112,0.01242963982950629,0.007220484153578344,7.0,0.008174702717728058,0.0014433379762680554,0.004142916943019192,0.01492006210481721,0.012867163759025893,0.024701609809167024,0.006785192376211668,0.015489825361854725,0.012514462934381188,-0.9223291176290545,0.3864052261209853,-0.8660254037844386,0.5000000000000001,2023-10-31,1965.79,0.008247380379646119,0.008213556582640233,16.079999999999927,7.0,UP,549.71,0.7180555056905898,-0.17647058823529416,0,VALIDATION
2023-10-24,Grade 2,1400.0,https://exagri.info/mkt/2023/24.10.2023.html,2023-10-24,observed_source_value,-0.17647058823529416,0.0625,-0.1351351351351351,0.3214285714285714,14.0,-0.08303524112347642,-0.04194568679862798,0.03600334707687648,0.23842277171677786,0.22110529184854608,-0.2432432432432432,-0.28205128205128205,-0.11949685534591192,-0.1208791208791209,-0.9223291176290545,0.3864052261209853,-0.8660254037844386,0.5000000000000001,2023-11-14,1700.0,0.2142857142857142,0.1941560144409574,300.0,21.0,UP,549.71,0.7180555056905898,0.009166666666666767,1,VALIDATION
2023-10-31,Grade 1,1965.79,https://exagri.info/mkt/2023/31.10.2023.html,2023-10-31,observed_source_value,0.008247380379646119,0.009166666666666767,0.00292780165701112,0.01242963982950629,7.0,0.006780616234441335,0.007998394537281728,0.003311795910615134,0.003441614638528812,0.012228678370855853,0.02046865591062952,0.04061257655883588,0.015747315422717012,0.017554430225112716,-0.8692328164574792,0.49440298420761813,-0.8660254037844386,0.5000000000000001,2023-11-07,1950.0,-0.008032394101099238,-0.008064827574311647,-15.789999999999964,7.0,DOWN,,,,0,VALIDATION
2023-11-07,Grade 1,1950.0,https://exagri.info/mkt/2023/07.11.2023.html,2023-11-07,observed_source_value,-0.008032394101099238,0.008247380379646119,0.009166666666666767,0.00292780165701112,7.0,0.003127217648404549,0.004947818886346211,0.000508178178363905,0.008019193009173545,0.011142165434025063,0.009316770186335477,0.02485402399735115,0.0026882328622583884,0.00892197463104516,-0.8035476485339116,0.5952404359043674,-0.5000000000000004,0.8660254037844384,2023-11-14,1933.86,-0.008276923076923182,-0.008311366996188299,-16.1400000000001,7.0,DOWN,,,,0,VALIDATION
2023-11-14,Grade 1,1933.86,https://exagri.info/mkt/2023/14.11.2023.html,2023-11-14,observed_source_value,-0.008276923076923182,-0.008032394101099238,0.008247380379646119,0.009166666666666767,7.0,-0.0026873122661254336,0.0008065063050603172,0.00019562848790516396,0.008520469939555532,0.011360265375430159,-0.008129414117997058,0.003893353267302002,-0.0063773203334376305,0.00043403563644672793,-0.7262249146041543,0.6874571793269664,-0.5000000000000004,0.8660254037844384,2023-11-21,1930.93,-0.0015151045060137758,-0.0015162534374933304,-2.9299999999998363,7.0,DOWN,233.8599999999999,0.8790708737964485,0.2142857142857142,0,VALIDATION
2023-11-14,Grade 2,1700.0,https://exagri.info/mkt/2023/14.11.2023.html,2023-11-14,observed_source_value,0.2142857142857142,-0.17647058823529416,0.0625,-0.1351351351351351,21.0,0.033438375350140014,0.05732171246877127,0.0574319185054479,0.2157054841304982,0.22751910187767913,0.0625,0.2142857142857142,0.030303030303030276,0.035007610350076046,-0.7262249146041543,0.6874571793269664,-0.5000000000000004,0.8660254037844384,2023-11-21,1741.0,0.024117647058823577,0.02383140972388164,41.0,7.0,UP,233.8599999999999,0.8790708737964485,-0.008276923076923182,1,VALIDATION
2023-11-21,Grade 1,1930.93,https://exagri.info/mkt/2023/21.11.2023.html,2023-11-21,observed_source_value,-0.0015151045060137758,-0.008276923076923182,-0.008032394101099238,0.008247380379646119,7.0,-0.005941473894678732,-8.207492754466194e-05,-0.0006254103930585341,0.008475490129141162,0.011132737997131206,-0.017733328585454178,-0.0005538302277432461,-0.0077736634776559566,-0.00039861262100737704,-0.6383844591746642,0.7697176640069211,-0.5000000000000004,0.8660254037844384,2023-11-28,1920.14,-0.005587980921110569,-0.005603652093907893,-10.789999999999964,7.0,DOWN,189.93000000000006,0.9016380707741865,0.024117647058823577,0,VALIDATION
2023-11-21,Grade 2,1741.0,https://exagri.info/mkt/2023/21.11.2023.html,2023-11-21,observed_source_value,0.024117647058823577,0.2142857142857142,-0.17647058823529416,0.0625,7.0,0.020644257703081204,-0.0021404724051782955,0.059843683211330254,0.15794519887931702,0.22696982785331454,0.024117647058823577,-0.05891891891891887,0.06927895835892395,0.026169987032889308,-0.6383844591746642,0.7697176640069211,-0.5000000000000004,0.8660254037844384,2023-11-28,1700.0,-0.023549684089603673,-0.02383140972388159,-41.0,7.0,DOWN,189.93000000000006,0.9016380707741865,-0.0015151045060137758,1,VALIDATION
2023-11-28,Grade 1,1920.14,https://exagri.info/mkt/2023/28.11.2023.html,2023-11-28,observed_source_value,-0.005587980921110569,-0.0015151045060137758,-0.008276923076923182,-0.008032394101099238,7.0,-0.005126669501349175,-0.0030330044451001292,-0.0007948332344160369,0.006866068495912808,0.011200687989245275,-0.015312820512820458,-0.015166358073764763,-0.01031057488516296,-0.0051381902192525475,-0.5412984521036173,0.8408305333122887,-0.5000000000000004,0.8660254037844384,2023-12-05,1887.43,-0.017035216182153423,-0.017181984687444623,-32.710000000000036,7.0,DOWN,220.1400000000001,0.885352109741998,-0.023549684089603673,0,VALIDATION
2023-11-28,Grade 2,1700.0,https://exagri.info/mkt/2023/28.11.2023.html,2023-11-28,observed_source_value,-0.023549684089603673,0.024117647058823577,0.2142857142857142,-0.17647058823529416,7.0,0.07161789241831136,0.020176617803927988,0.011655381469036562,0.14148078919891796,0.1790645609857697,0.2142857142857142,0.0625,0.03142822473000839,0.004965712934499988,-0.5412984521036173,0.8408305333122887,-0.5000000000000004,0.8660254037844384,2023-12-05,1600.0,-0.05882352941176472,-0.060624621816434854,-100.0,7.0,DOWN,220.1400000000001,0.885352109741998,-0.005587980921110569,1,VALIDATION
2023-12-05,Grade 1,1887.43,https://exagri.info/mkt/2023/05.12.2023.html,2023-12-05,observed_source_value,-0.017035216182153423,-0.005587980921110569,-0.0015151045060137758,-0.008276923076923182,7.0,-0.008046100536425923,-0.008089523757460037,-4.556461008915491e-05,0.005690880870213119,0.009568328155615358,-0.02400897686492287,-0.03986183671704502,-0.01924787682023965,-0.022002774247069645,-0.4363729641045924,0.8997658785476209,-2.4492935982947064e-16,1.0,2023-12-12,1903.71,0.008625485448466863,0.008588498483695603,16.279999999999973,7.0,UP,287.43000000000006,0.8477135575888907,-0.05882352941176472,0,VALIDATION
2023-12-05,Grade 2,1600.0,https://exagri.info/mkt/2023/05.12.2023.html,2023-12-05,observed_source_value,-0.05882352941176472,-0.023549684089603673,0.024117647058823577,0.2142857142857142,7.0,-0.01941852214751494,-0.004088088078424956,-0.0013698286149970485,0.1428050503931807,0.17897080291765502,-0.05882352941176472,-0.05882352941176472,-0.017319739589730987,-0.038519319752418624,-0.4363729641045924,0.8997658785476209,-2.4492935982947064e-16,1.0,2023-12-12,1700.0,0.0625,0.06062462181643484,100.0,7.0,UP,287.43000000000006,0.8477135575888907,-0.017035216182153423,1,VALIDATION
2023-12-12,Grade 1,1903.71,https://exagri.info/mkt/2023/12.12.2023.html,2023-12-12,observed_source_value,0.008625485448466863,-0.017035216182153423,-0.005587980921110569,-0.0015151045060137758,7.0,-0.004665903884932376,-0.004757947847546818,9.493551939969702e-05,0.009399943870242584,0.009696335933743225,-0.014096834167991568,-0.023738461538461486,-0.006006639466921149,-0.013618184107403453,-0.3251276029999093,0.9456701548465688,-2.4492935982947064e-16,1.0,2023-12-19,1887.86,-0.008325847949530174,-0.008360701412816718,-15.850000000000136,7.0,DOWN,203.71000000000004,0.8929931554701084,0.0625,0,VALIDATION
2023-12-12,Grade 2,1700.0,https://exagri.info/mkt/2023/12.12.2023.html,2023-12-12,observed_source_value,0.0625,-0.05882352941176472,-0.023549684089603673,0.024117647058823577,7.0,-0.006624404500456131,0.043706029568633877,0.000880171385002948,0.10591268618123383,0.17968868200324997,-0.023549684089603673,0.2142857142857142,0.006989693164316968,0.037154536025867824,-0.3251276029999093,0.9456701548465688,-2.4492935982947064e-16,1.0,2023-12-19,1687.5,-0.007352941176470562,-0.007380107297622534,-12.5,7.0,DOWN,203.71000000000004,0.8929931554701084,0.008625485448466863,1,VALIDATION
2023-12-19,Grade 1,1887.86,https://exagri.info/mkt/2023/19.12.2023.html,2023-12-19,observed_source_value,-0.008325847949530174,0.008625485448466863,-0.017035216182153423,-0.005587980921110569,7.0,-0.005578526227738911,-0.004767732822068216,-0.001980613258503949,0.009404547102319454,0.008955792733559339,-0.016811274177924607,-0.023786623643903937,-0.009524589011413398,-0.019875471343508866,-0.20917350564635637,0.9778785428342386,-2.4492935982947064e-16,1.0,2023-12-27,1876.07,-0.006245166484802889,-0.006264749110760431,-11.789999999999964,8.0,DOWN,200.3599999999999,0.8938692487790408,-0.007352941176470562,0,VALIDATION
2023-12-19,Grade 2,1687.5,https://exagri.info/mkt/2023/19.12.2023.html,2023-12-19,observed_source_value,-0.007352941176470562,0.0625,-0.05882352941176472,-0.023549684089603673,7.0,-0.001225490196078427,-0.0006217015238030755,0.028350005472484098,0.046246187174868794,0.1502086921998597,-0.007352941176470562,-0.007352941176470562,0.0010678056593700358,0.011781635039122218,-0.20917350564635637,0.9778785428342386,-2.4492935982947064e-16,1.0,2023-12-27,1687.5,0.0,0.0,0.0,8.0,FLAT,200.3599999999999,0.8938692487790408,-0.008325847949530174,1,VALIDATION
2023-12-27,Grade 1,1876.07,https://exagri.info/mkt/2023/27.12.2023.html,2023-12-27,observed_source_value,-0.006245166484802889,-0.008325847949530174,0.008625485448466863,-0.017035216182153423,8.0,-0.001981842995288733,-0.0057137452178260386,-0.00289791007268535,0.0092318815362813,0.008866513495934395,-0.006018766258881203,-0.028411180104923606,-0.010011387610406541,-0.02316003228241914,-0.07304518821104743,0.9973286321364752,-2.4492935982947064e-16,1.0,2024-01-02,1881.14,0.0027024577974170683,0.0026988127239716123,5.070000000000164,6.0,UP,188.56999999999994,0.8994866929272363,0.0,0,VALIDATION
2023-12-27,Grade 2,1687.5,https://exagri.info/mkt/2023/27.12.2023.html,2023-12-27,observed_source_value,0.0,-0.007352941176470562,0.0625,-0.05882352941176472,8.0,0.018382352941176478,-0.0054452309355677905,-0.003792851670373043,0.04423476652310145,0.10936224477796597,0.0546875,-0.030729465824238966,0.00746268656716409,0.02173649794139032,-0.07304518821104743,0.9973286321364752,-2.4492935982947064e-16,1.0,2024-01-02,1725.0,0.022222222222222143,0.021978906718775167,37.5,6.0,UP,188.56999999999994,0.8994866929272363,-0.006245166484802889,1,VALIDATION
2024-01-02,Grade 1,1881.14,https://exagri.info/mkt/2024/02.01.2024.html,2024-01-02,observed_source_value,0.0027024577974170683,-0.006245166484802889,-0.008325847949530174,0.008625485448466863,6.0,-0.0039561855456386645,-0.004055657474120511,-0.00354433095961032,0.009974729676864086,0.008090921269563749,-0.011855797364094256,-0.02031101898819876,-0.0032332896364110075,-0.017010565435521707,0.03439806061360801,0.9994082116062598,0.49999999999999994,0.8660254037844387,2024-01-09,1899.29,0.00964840469077255,0.00960215607981376,18.149999999999864,7.0,UP,156.1400000000001,0.9169971400321082,0.022222222222222143,0,VALIDATION
2024-01-02,Grade 2,1725.0,https://exagri.info/mkt/2024/02.01.2024.html,2024-01-02,observed_source_value,0.022222222222222143,0.0,-0.007352941176470562,0.0625,6.0,0.004956427015250527,0.0037091503267973726,0.01194288406536268,0.04428758724564168,0.0992139999632287,0.014705882352941124,0.014705882352941124,0.02678571428571419,0.036596358391923545,0.03439806061360801,0.9994082116062598,0.49999999999999994,0.8660254037844387,2024-01-09,1750.0,0.01449275362318847,0.01438873745209967,25.0,7.0,UP,156.1400000000001,0.9169971400321082,0.0027024577974170683,1,VALIDATION
2024-01-09,Grade 1,1899.29,https://exagri.info/mkt/2024/09.01.2024.html,2024-01-09,observed_source_value,0.00964840469077255,0.0027024577974170683,-0.006245166484802889,-0.008325847949530174,7.0,0.0020352320011289096,0.0012810667004646836,-0.003404228528497677,0.008290207770195231,0.008326494484695687,0.00605447437839679,0.0062836767456275755,0.005120622518673068,-0.004065456311158289,0.1542040475626894,0.988039023376751,0.49999999999999994,0.8660254037844387,2024-01-16,1906.07,0.003569755013715703,0.0035633985611142373,6.779999999999973,7.0,UP,149.28999999999996,0.9213969430681992,0.01449275362318847,0,VALIDATION
2024-01-09,Grade 2,1750.0,https://exagri.info/mkt/2024/09.01.2024.html,2024-01-09,observed_source_value,0.01449275362318847,0.022222222222222143,0.0,-0.007352941176470562,7.0,0.012238325281803538,0.01837240693378801,0.007142159427681527,0.027278453627897315,0.0976449181649722,0.03703703703703698,0.09375,0.023391812865497075,0.048469234917021264,0.1542040475626894,0.988039023376751,0.49999999999999994,0.8660254037844387,2024-01-16,1765.0,0.008571428571428674,0.008534902449837506,15.0,7.0,UP,149.28999999999996,0.9213969430681992,0.00964840469077255,1,VALIDATION
2024-01-16,Grade 1,1906.07,https://exagri.info/mkt/2024/16.01.2024.html,2024-01-16,observed_source_value,0.003569755013715703,0.00964840469077255,0.0027024577974170683,-0.006245166484802889,7.0,0.005306872500635107,0.00026992061351445163,-0.002244013617016183,0.0074346436514377365,0.008417773109481693,0.015990874540928735,0.0012396846158291286,0.008456758052278968,0.0017974929703308273,0.2717767384711357,0.9623603298276545,0.49999999999999994,0.8660254037844387,2024-01-24,1900.93,-0.0026966480769331502,-0.002700290582202124,-5.139999999999873,8.0,DOWN,141.06999999999994,0.9259890770013693,0.008571428571428674,0,VALIDATION
2024-01-16,Grade 2,1765.0,https://exagri.info/mkt/2024/16.01.2024.html,2024-01-16,observed_source_value,0.008571428571428674,0.01449275362318847,0.022222222222222143,0.0,7.0,0.01509546813894643,0.007586692648073745,0.02564636110835381,0.011657751424420501,0.07354146018746825,0.045925925925925926,0.038235294117647145,0.024376088218224012,0.03482645403377127,0.2717767384711357,0.9623603298276545,0.49999999999999994,0.8660254037844387,2024-01-24,1825.0,0.03399433427762033,0.033429296649194674,60.0,8.0,UP,141.06999999999994,0.9259890770013693,0.003569755013715703,1,VALIDATION
2024-01-24,Grade 1,1900.93,https://exagri.info/mkt/2024/24.01.2024.html,2024-01-24,observed_source_value,-0.0026966480769331502,0.003569755013715703,0.00964840469077255,0.0027024577974170683,8.0,0.0035071705425183675,0.0013957605880338564,-0.0016859861170171798,0.006117013553606899,0.00815424273750744,0.0105202164644842,0.006923182863136201,0.004348285518043005,0.0008281750087004713,0.4012289854475009,0.9159777842484877,0.49999999999999994,0.8660254037844387,2024-01-30,1870.79,-0.015855397095106083,-0.015982438554950015,-30.1400000000001,6.0,DOWN,75.93000000000006,0.9600563934495221,0.03399433427762033,0,VALIDATION
2024-01-24,Grade 2,1825.0,https://exagri.info/mkt/2024/24.01.2024.html,2024-01-24,observed_source_value,0.03399433427762033,0.008571428571428674,0.01449275362318847,0.022222222222222143,8.0,0.019019505490745825,0.015856147738891924,0.007617223107544424,0.012998693330697794,0.03318216089823031,0.05797101449275366,0.08148148148148149,0.042559268780348436,0.062219894069029724,0.4012289854475009,0.9159777842484877,0.49999999999999994,0.8660254037844387,2024-01-30,1794.0,-0.01698630136986301,-0.01713222339785045,-31.0,6.0,DOWN,75.93000000000006,0.9600563934495221,-0.0026966480769331502,1,VALIDATION
2024-01-30,Grade 1,1870.79,https://exagri.info/mkt/2024/30.01.2024.html,2024-01-30,observed_source_value,-0.015855397095106083,-0.0026966480769331502,0.003569755013715703,0.00964840469077255,6.0,-0.004994096719441177,-0.0005262855340267825,-0.0031200153759264105,0.009623133424975845,0.009301156913623793,-0.015005607358539286,-0.0028143939192034617,-0.011024273066179369,-0.011911734957691267,0.49346814167723735,0.8697638720650646,0.49999999999999994,0.8660254037844387,2024-02-06,1860.0,-0.005767616889121641,-0.005784313823377333,-10.789999999999964,7.0,DOWN,76.78999999999996,0.9589531695166214,-0.01698630136986301,0,VALIDATION
2024-01-30,Grade 2,1794.0,https://exagri.info/mkt/2024/30.01.2024.html,2024-01-30,observed_source_value,-0.01698630136986301,0.03399433427762033,0.008571428571428674,0.01449275362318847,6.0,0.008526487159728665,0.012458887464919322,0.0035068282646757653,0.01900898648481909,0.033455805318160704,0.025142857142857133,0.06311111111111112,0.012529630883846954,0.04096553324823016,0.49346814167723735,0.8697638720650646,0.49999999999999994,0.8660254037844387,2024-02-06,1675.0,-0.06633221850613158,-0.06863459835957465,-119.0,7.0,DOWN,76.78999999999996,0.9589531695166214,-0.015855397095106083,1,VALIDATION
2024-02-06,Grade 1,1860.0,https://exagri.info/mkt/2024/06.02.2024.html,2024-02-06,observed_source_value,-0.005767616889121641,-0.015855397095106083,-0.0026966480769331502,0.003569755013715703,7.0,-0.008106554020386958,-0.002220300471334524,-0.0031379789727275175,0.009658119970962237,0.009306624834666148,-0.024170151148698582,-0.011237866400161667,-0.0145256795534211,-0.014480252250667625,0.5943761565849831,0.804187157621448,0.8660254037844386,0.5000000000000001,2024-02-13,1814.64,-0.024387096774193484,-0.024689386789122726,-45.3599999999999,7.0,DOWN,185.0,0.9005376344086021,-0.06633221850613158,0,VALIDATION
2024-02-06,Grade 2,1675.0,https://exagri.info/mkt/2024/06.02.2024.html,2024-02-06,observed_source_value,-0.06633221850613158,-0.01698630136986301,0.03399433427762033,0.008571428571428674,7.0,-0.016441395199458086,-0.005252000680751423,-0.0007714251769770253,0.03869658947742055,0.03949123848448699,-0.05099150141643061,-0.02898550724637683,-0.04926779430128281,-0.026672090185368202,0.5943761565849831,0.804187157621448,0.8660254037844386,0.5000000000000001,2024-02-13,1700.0,0.014925373134328401,0.014815085785140682,25.0,7.0,UP,185.0,0.9005376344086021,-0.005767616889121641,1,VALIDATION
2024-02-13,Grade 1,1814.64,https://exagri.info/mkt/2024/13.02.2024.html,2024-02-13,observed_source_value,-0.024387096774193484,-0.005767616889121641,-0.015855397095106083,-0.0026966480769331502,7.0,-0.015336703586140402,-0.009027400764327731,-0.0038731670319315237,0.011089801053299755,0.010710878077816169,-0.04539357051548454,-0.044569286417555976,-0.02985641164916497,-0.03479162788223711,0.6866759803451553,0.726963615332308,0.8660254037844386,0.5000000000000001,2024-02-20,1781.79,-0.018102764184631748,-0.018268623949496198,-32.850000000000136,7.0,DOWN,114.6400000000001,0.936824934973328,0.014925373134328401,0,VALIDATION
2024-02-13,Grade 2,1700.0,https://exagri.info/mkt/2024/13.02.2024.html,2024-02-13,observed_source_value,0.014925373134328401,-0.06633221850613158,-0.01698630136986301,0.03399433427762033,7.0,-0.022797715580555395,-0.005165476778523437,0.006603465077632287,0.03875221867312339,0.03394190111517598,-0.06849315068493156,-0.02857142857142858,-0.02956958556912892,-0.017851984516725428,0.6866759803451553,0.726963615332308,0.8660254037844386,0.5000000000000001,2024-02-20,1712.5,0.007352941176470562,0.007326040092072881,12.5,7.0,UP,114.6400000000001,0.936824934973328,-0.024387096774193484,1,VALIDATION
2024-02-20,Grade 1,1781.79,https://exagri.info/mkt/2024/20.02.2024.html,2024-02-20,observed_source_value,-0.018102764184631748,-0.024387096774193484,-0.005767616889121641,-0.015855397095106083,7.0,-0.016085825949315624,-0.013361904603997221,-0.006545991995241385,0.00896756683054029,0.010579494690926243,-0.04757348499831626,-0.06520222237378481,-0.03458981485996648,-0.046078449218302286,0.7690308592589181,0.6392116531380588,0.8660254037844386,0.5000000000000001,2024-02-27,1782.0,0.00011785900695371332,0.00011785206212662152,0.21000000000003638,7.0,UP,69.28999999999996,0.9611121400389496,0.007352941176470562,0,VALIDATION
2024-02-20,Grade 2,1712.5,https://exagri.info/mkt/2024/20.02.2024.html,2024-02-20,observed_source_value,0.007352941176470562,0.014925373134328401,-0.06633221850613158,-0.01698630136986301,7.0,-0.014684634731777538,-0.005409174257515059,0.001088759195279343,0.03864792712925989,0.027769874064888973,-0.04542920847268672,-0.029745042492917873,-0.016539367139493444,-0.011344283116358378,0.7690308592589181,0.6392116531380588,0.8660254037844386,0.5000000000000001,2024-02-27,1720.0,0.004379562043795637,0.004369999671118388,7.5,7.0,UP,69.28999999999996,0.9611121400389496,-0.018102764184631748,1,VALIDATION
2024-02-27,Grade 1,1782.0,https://exagri.info/mkt/2024/27.02.2024.html,2024-02-27,observed_source_value,0.00011785900695371332,-0.018102764184631748,-0.024387096774193484,-0.005767616889121641,7.0,-0.014124000650623839,-0.012799003187219849,-0.005701621299592996,0.009849378909794388,0.010757120512493473,-0.041935483870967794,-0.06256411335504208,-0.021870149145590823,-0.040528258650321614,0.8402480696078469,0.5422021592729844,0.8660254037844386,0.5000000000000001,2024-03-05,1764.57,-0.00978114478114478,-0.009829294407330456,-17.430000000000064,7.0,DOWN,62.0,0.9652076318742986,0.004379562043795637,0,VALIDATION
2024-02-27,Grade 2,1720.0,https://exagri.info/mkt/2024/27.02.2024.html,2024-02-27,observed_source_value,0.004379562043795637,0.007352941176470562,0.014925373134328401,-0.06633221850613158,7.0,0.008885958784864867,-0.011332128704279998,0.002262009517305963,0.03294853946747936,0.027621036800192275,0.02686567164179099,-0.05753424657534245,-0.00017438818810666668,-0.008874034804655984,0.8402480696078469,0.5422021592729844,0.8660254037844386,0.5000000000000001,2024-03-05,1500.0,-0.12790697674418605,-0.1368591827171973,-220.0,7.0,DOWN,62.0,0.9652076318742986,0.00011785900695371332,1,VALIDATION
2024-03-05,Grade 1,1764.57,https://exagri.info/mkt/2024/05.03.2024.html,2024-03-05,observed_source_value,-0.00978114478114478,0.00011785900695371332,-0.018102764184631748,-0.024387096774193484,7.0,-0.009255349986274272,-0.011584152724427588,-0.006055219129227185,0.009752277644722676,0.010834807754535677,-0.027592249702420357,-0.05677815254518148,-0.020009996667777363,-0.044174762014644875,0.8992961915530253,0.4373400963303323,1.0,6.123233995736766e-17,2024-03-12,1719.5,-0.025541633372436312,-0.02587348375110323,-45.069999999999936,7.0,DOWN,264.56999999999994,0.8500654550400382,-0.12790697674418605,0,VALIDATION
2024-03-05,Grade 2,1500.0,https://exagri.info/mkt/2024/05.03.2024.html,2024-03-05,observed_source_value,-0.12790697674418605,0.004379562043795637,0.007352941176470562,0.014925373134328401,7.0,-0.038724824507973286,-0.03351626377914461,-0.010528688157112642,0.062127834531021525,0.04963099825776732,-0.11764705882352944,-0.16387959866220736,-0.0972013241047246,-0.12620510878746405,0.8992961915530253,0.4373400963303323,1.0,6.123233995736766e-17,2024-03-12,1500.0,0.0,0.0,0.0,7.0,FLAT,264.56999999999994,0.8500654550400382,-0.00978114478114478,1,VALIDATION
2024-03-12,Grade 1,1719.5,https://exagri.info/mkt/2024/12.03.2024.html,2024-03-12,observed_source_value,-0.025541633372436312,-0.00978114478114478,0.00011785900695371332,-0.018102764184631748,7.0,-0.011734973048875793,-0.015538956021090521,-0.008879628246212523,0.01076109321094622,0.011924708699004796,-0.034959226395927634,-0.07553763440860217,-0.02990126939351201,-0.06036094817476678,0.945320046913132,0.3261441535642696,1.0,6.123233995736766e-17,2024-03-19,1693.14,-0.015330037801686514,-0.015448757714508626,-26.3599999999999,7.0,DOWN,219.5,0.8723466123873219,0.0,0,VALIDATION
2024-03-12,Grade 2,1500.0,https://exagri.info/mkt/2024/12.03.2024.html,2024-03-12,observed_source_value,0.0,-0.12790697674418605,0.004379562043795637,0.007352941176470562,7.0,-0.04117580490013014,-0.02024982007791829,-0.012750910379334856,0.060427501406099156,0.04848593418043772,-0.12408759124087587,-0.10447761194029848,-0.07777436212726718,-0.11460024200926722,0.945320046913132,0.3261441535642696,1.0,6.123233995736766e-17,2024-03-26,1200.0,-0.19999999999999996,-0.2231435513142097,-300.0,14.0,DOWN,219.5,0.8723466123873219,-0.025541633372436312,1,VALIDATION
2024-03-19,Grade 1,1693.14,https://exagri.info/mkt/2024/19.03.2024.html,2024-03-19,observed_source_value,-0.015330037801686514,-0.025541633372436312,-0.00978114478114478,0.00011785900695371332,7.0,-0.0168842719850892,-0.013727544226589127,-0.011377472495458429,0.009598860569985306,0.010086931137695637,-0.049865319865319835,-0.06695542917603492,-0.03149525225946681,-0.06422386468458441,0.9776530844816641,0.2102247521189836,1.0,6.123233995736766e-17,2024-03-26,1639.86,-0.03146815975052286,-0.031973920837098706,-53.2800000000002,7.0,DOWN,,,,0,VALIDATION
2024-03-26,Grade 1,1639.86,https://exagri.info/mkt/2024/26.03.2024.html,2024-03-26,observed_source_value,-0.03146815975052286,-0.015330037801686514,-0.025541633372436312,-0.00978114478114478,7.0,-0.024113276974881897,-0.01640062333976735,-0.014881263971882285,0.012534079809945272,0.01039853715703809,-0.07067444193202876,-0.07965585169969525,-0.04648991111829537,-0.08013700397482071,0.9958270335100595,0.09126072172931188,1.0,6.123233995736766e-17,2024-04-02,1586.71,-0.03241130340394904,-0.032948182211924394,-53.149999999999864,7.0,DOWN,439.8599999999999,0.7317697852255681,-0.19999999999999996,0,VALIDATION
2024-03-26,Grade 2,1200.0,https://exagri.info/mkt/2024/26.03.2024.html,2024-03-26,observed_source_value,-0.19999999999999996,0.0,-0.12790697674418605,0.004379562043795637,14.0,-0.10930232558139534,-0.06323489470478397,-0.0342001857416537,0.0954465576459574,0.07518662892351964,-0.3023255813953488,-0.2941176470588235,-0.21388797903701273,-0.2679132477198548,0.9958270335100595,0.09126072172931188,1.0,6.123233995736766e-17,2024-04-02,1200.0,0.0,0.0,0.0,7.0,FLAT,439.8599999999999,0.7317697852255681,-0.03146815975052286,1,VALIDATION
2024-04-02,Grade 1,1586.71,https://exagri.info/mkt/2024/02.04.2024.html,2024-04-02,observed_source_value,-0.03241130340394904,-0.03146815975052286,-0.015330037801686514,-0.025541633372436312,7.0,-0.02640316698538614,-0.0229064558219479,-0.017852729504583876,0.010003311481404348,0.010768820831552697,-0.07722593777260833,-0.10959034792368127,-0.05595458234270756,-0.09398161365842517,0.9995786855478958,-0.029025013321975237,0.8660254037844387,-0.4999999999999998,2024-04-08,1582.71,-0.002520939554171875,-0.0025241224727118837,-4.0,6.0,DOWN,386.71000000000004,0.7562818662515519,0.0,0,VALIDATION
2024-04-02,Grade 2,1200.0,https://exagri.info/mkt/2024/02.04.2024.html,2024-04-02,observed_source_value,0.0,-0.19999999999999996,0.0,-0.12790697674418605,7.0,-0.06666666666666665,-0.06470548294007808,-0.03505732859879657,0.09413471417467302,0.07469207699689319,-0.19999999999999996,-0.2992700729927007,-0.1573033707865169,-0.24177803051843427,0.9995786855478958,-0.029025013321975237,0.8660254037844387,-0.4999999999999998,2024-04-08,1275.0,0.0625,0.06062462181643484,75.0,6.0,UP,386.71000000000004,0.7562818662515519,-0.03241130340394904,1,VALIDATION
2024-04-08,Grade 1,1582.71,https://exagri.info/mkt/2024/08.04.2024.html,2024-04-08,observed_source_value,-0.002520939554171875,-0.03241130340394904,-0.03146815975052286,-0.015330037801686514,6.0,-0.022133467569547927,-0.02145441477655332,-0.016519283750490454,0.012579927761859004,0.011818070859010111,-0.06522201353697865,-0.1030619357690542,-0.03750583805242569,-0.08115103001929769,0.9912685467787256,-0.13185851571739118,0.8660254037844387,-0.4999999999999998,2024-04-16,1574.54,-0.00516203221057554,-0.005175401527255416,-8.170000000000073,8.0,DOWN,307.71000000000004,0.8055803021400003,0.0625,0,VALIDATION
2024-04-08,Grade 2,1275.0,https://exagri.info/mkt/2024/08.04.2024.html,2024-04-08,observed_source_value,0.0625,0.0,-0.19999999999999996,0.0,6.0,-0.045833333333333316,-0.0530813953488372,-0.0322067620265586,0.10744565142310317,0.07808698868320298,-0.15000000000000002,-0.25872093023255816,-0.0449438202247191,-0.16538474126926983,0.9912685467787256,-0.13185851571739118,0.8660254037844387,-0.4999999999999998,2024-04-16,1300.0,0.019607843137254832,0.019418085857101516,25.0,8.0,UP,307.71000000000004,0.8055803021400003,-0.002520939554171875,1,VALIDATION
2024-04-16,Grade 1,1574.54,https://exagri.info/mkt/2024/16.04.2024.html,2024-04-16,observed_source_value,-0.00516203221057554,-0.002520939554171875,-0.03241130340394904,-0.03146815975052286,8.0,-0.013364758389565487,-0.017378494544181167,-0.016458725282635846,0.01413054382443139,0.011880672158407397,-0.03983266864244506,-0.08430357662111077,-0.025289217725480984,-0.07048985032580724,0.9638074231367307,-0.26659942067929354,0.8660254037844387,-0.4999999999999998,2024-04-24,1527.64,-0.029786477320360105,-0.03023910523513036,-46.899999999999864,8.0,DOWN,274.53999999999996,0.8256379641038017,0.019607843137254832,0,VALIDATION
2024-04-16,Grade 2,1300.0,https://exagri.info/mkt/2024/16.04.2024.html,2024-04-16,observed_source_value,0.019607843137254832,0.0625,0.0,-0.19999999999999996,8.0,0.02736928104575161,-0.023578431372549023,-0.028547347575846815,0.10187124886657808,0.07971991104900755,0.08333333333333326,-0.1333333333333333,0.0038610038610038533,-0.12058176898359552,0.9638074231367307,-0.26659942067929354,0.8660254037844387,-0.4999999999999998,2024-04-24,1300.0,0.0,0.0,0.0,8.0,FLAT,274.53999999999996,0.8256379641038017,-0.00516203221057554,1,VALIDATION
2024-04-24,Grade 1,1527.64,https://exagri.info/mkt/2024/24.04.2024.html,2024-04-24,observed_source_value,-0.029786477320360105,-0.00516203221057554,-0.002520939554171875,-0.03241130340394904,8.0,-0.012489816361702507,-0.020269782447915885,-0.016998663337252508,0.01505534131075557,0.012392685599276771,-0.03722797486623264,-0.09774738060644717,-0.03453976889221444,-0.08263403725335461,0.9181214482844364,-0.39629913726891813,0.8660254037844387,-0.4999999999999998,2024-04-30,1535.36,0.00505354664711577,0.005040820337583526,7.7199999999998,6.0,UP,227.6400000000001,0.8509858343588803,0.0,0,VALIDATION
2024-04-24,Grade 2,1300.0,https://exagri.info/mkt/2024/24.04.2024.html,2024-04-24,observed_source_value,0.0,0.019607843137254832,0.0625,0.0,8.0,0.02736928104575161,-0.023578431372549023,-0.021914125725233657,0.10187124886657808,0.07898286468184694,0.08333333333333326,-0.1333333333333333,0.03585657370517925,-0.09769217421481868,0.9181214482844364,-0.39629913726891813,0.8660254037844387,-0.4999999999999998,2024-04-30,1487.5,0.14423076923076916,0.13473259397015666,187.5,6.0,UP,227.6400000000001,0.8509858343588803,-0.029786477320360105,1,VALIDATION
2024-04-30,Grade 1,1535.36,https://exagri.info/mkt/2024/30.04.2024.html,2024-04-30,observed_source_value,0.00505354664711577,-0.029786477320360105,-0.00516203221057554,-0.002520939554171875,6.0,-0.009964987627939959,-0.012965441168388159,-0.014683032254077754,0.01699818771618052,0.014195724554489928,-0.029917041024571822,-0.06372495213005991,-0.016672302663264693,-0.06414897449291512,0.8724040568049612,-0.48878539428899265,0.8660254037844387,-0.4999999999999998,2024-05-07,1550.14,0.009626406836181767,0.009580368203823747,14.7800000000002,7.0,UP,47.8599999999999,0.9688281575656524,0.14423076923076916,0,VALIDATION
2024-04-30,Grade 2,1487.5,https://exagri.info/mkt/2024/30.04.2024.html,2024-04-30,observed_source_value,0.14423076923076916,0.0,0.019607843137254832,0.0625,6.0,0.05461287078934133,0.0452677224736048,-0.008983586115589581,0.06092495140674719,0.09470399799017656,0.16666666666666674,0.23958333333333326,0.1333333333333333,0.0479041916167664,0.8724040568049612,-0.48878539428899265,0.8660254037844387,-0.4999999999999998,2024-05-07,1407.5,-0.05378151260504205,-0.05528177740593941,-80.0,7.0,DOWN,47.8599999999999,0.9688281575656524,0.00505354664711577,1,VALIDATION
2024-05-07,Grade 1,1550.14,https://exagri.info/mkt/2024/07.05.2024.html,2024-05-07,observed_source_value,0.009626406836181767,0.00505354664711577,-0.029786477320360105,-0.00516203221057554,7.0,-0.005035507945687523,-0.004557899120361997,-0.01373217747115495,0.015285366893442374,0.01555102197149979,-0.015496589480102019,-0.023047689874015953,-0.0025339783460031073,-0.041595333794562483,0.8073707443023492,-0.5900444739548627,0.49999999999999994,-0.8660254037844387,2024-05-14,1571.57,0.013824557781877633,0.01372987026033836,21.429999999999836,7.0,UP,142.6400000000001,0.9079825048060175,-0.05378151260504205,0,VALIDATION
2024-05-07,Grade 2,1407.5,https://exagri.info/mkt/2024/07.05.2024.html,2024-05-07,observed_source_value,-0.05378151260504205,0.14423076923076916,0.0,0.019607843137254832,7.0,0.030149752208575704,0.03451141995259639,-0.015097031493740842,0.07421336279228713,0.09550209716591107,0.08269230769230762,0.1729166666666666,0.039512555391432835,0.01331893448524113,0.8073707443023492,-0.5900444739548627,0.49999999999999994,-0.8660254037844387,2024-05-14,1362.5,-0.03197158081705154,-0.032493833476446334,-45.0,7.0,DOWN,142.6400000000001,0.9079825048060175,0.009626406836181767,1,VALIDATION
2024-05-14,Grade 1,1571.57,https://exagri.info/mkt/2024/14.05.2024.html,2024-05-14,observed_source_value,0.013824557781877633,0.009626406836181767,0.00505354664711577,-0.029786477320360105,7.0,0.00950150375505839,-0.001288799653152095,-0.011371607214852707,0.017427709438738784,0.017840492763378468,0.028756775156450365,-0.007038560443795805,0.012707413731997352,-0.01661142457029119,0.7306444969184916,-0.6827580970759147,0.49999999999999994,-0.8660254037844387,2024-05-21,1578.86,0.004638673428482232,0.004627947938135882,7.289999999999964,7.0,UP,209.06999999999994,0.8669674274769816,-0.03197158081705154,0,VALIDATION
2024-05-14,Grade 2,1362.5,https://exagri.info/mkt/2024/14.05.2024.html,2024-05-14,observed_source_value,-0.03197158081705154,-0.05378151260504205,0.14423076923076916,0.0,7.0,0.019492558602891858,0.015617103789186081,-0.01873214577982556,0.07726924635586119,0.09537011366722428,0.04807692307692313,0.06862745098039214,-0.006562158220925984,0.0068353962682430325,0.7306444969184916,-0.6827580970759147,0.49999999999999994,-0.8660254037844387,2024-05-21,1300.0,-0.04587155963302747,-0.04695698308777098,-62.5,7.0,DOWN,209.06999999999994,0.8669674274769816,0.013824557781877633,1,VALIDATION
2024-05-21,Grade 1,1578.86,https://exagri.info/mkt/2024/21.05.2024.html,2024-05-21,observed_source_value,0.004638673428482232,0.013824557781877633,0.009626406836181767,0.00505354664711577,7.0,0.009363212682180544,0.0006713414746594593,-0.008353576534760853,0.017434322940749248,0.017729457569798036,0.028332117548978797,0.002743658465329535,0.01683890272129962,-0.00327829940033586,0.6433365204044917,-0.765583517007675,0.49999999999999994,-0.8660254037844387,2024-05-28,1607.07,0.017867321991816842,0.017709577602759635,28.210000000000036,7.0,UP,278.8599999999999,0.8233788936321144,-0.04587155963302747,0,VALIDATION
2024-05-21,Grade 2,1300.0,https://exagri.info/mkt/2024/21.05.2024.html,2024-05-21,observed_source_value,-0.04587155963302747,-0.03197158081705154,-0.05378151260504205,0.14423076923076916,7.0,-0.04387488435170702,0.0025212232351296215,-0.010528604068709702,0.0818375907225502,0.08819394683828743,-0.12605042016806722,0.0,-0.05213270142180093,-0.024939058691168192,0.6433365204044917,-0.765583517007675,0.49999999999999994,-0.8660254037844387,2024-05-28,1425.0,0.09615384615384626,0.09180754925312289,125.0,7.0,UP,278.8599999999999,0.8233788936321144,0.004638673428482232,1,VALIDATION
2024-05-28,Grade 1,1607.07,https://exagri.info/mkt/2024/28.05.2024.html,2024-05-28,observed_source_value,0.017867321991816842,0.004638673428482232,0.013824557781877633,0.009626406836181767,7.0,0.012110184400725569,0.010202101337094848,-0.005033840555410518,0.005693605361027884,0.01931510931162343,0.03672571509670086,0.05199523447932752,0.024525054188448303,0.02007304598189985,0.5467112728685939,-0.8373211953118121,0.49999999999999994,-0.8660254037844387,2024-06-04,1641.07,0.021156514650886304,0.020935822880491797,34.0,7.0,UP,182.06999999999994,0.8867068640445034,0.09615384615384626,0,VALIDATION
2024-05-28,Grade 2,1425.0,https://exagri.info/mkt/2024/28.05.2024.html,2024-05-28,observed_source_value,0.09615384615384626,-0.04587155963302747,-0.03197158081705154,-0.05378151260504205,7.0,0.006103568567922417,0.021751992465898873,-0.0009132194533250759,0.09178938405813639,0.09448649979939332,0.01243339253996445,0.09615384615384626,0.020408163265306145,0.07486328493305683,0.5467112728685939,-0.8373211953118121,0.49999999999999994,-0.8660254037844387,2024-06-04,1400.0,-0.01754385964912286,-0.017699577099400975,-25.0,7.0,DOWN,182.06999999999994,0.8867068640445034,0.017867321991816842,1,VALIDATION
2024-06-04,Grade 1,1641.07,https://exagri.info/mkt/2024/04.06.2024.html,2024-06-04,observed_source_value,0.021156514650886304,0.017867321991816842,0.004638673428482232,0.013824557781877633,7.0,0.01455417002372846,0.013422694937848955,0.00022862688473039848,0.006544062346434276,0.01846283615030517,0.04422329263093605,0.06885030220925392,0.0322870000289357,0.041574239622942155,0.44216815196707204,-0.8969321743510065,1.2246467991473532e-16,-1.0,2024-06-11,1771.29,0.07935066755226772,0.0763596265747405,130.22000000000003,7.0,UP,241.06999999999994,0.8531019395881956,-0.01754385964912286,0,VALIDATION
2024-06-04,Grade 2,1400.0,https://exagri.info/mkt/2024/04.06.2024.html,2024-06-04,observed_source_value,-0.01754385964912286,0.09615384615384626,-0.04587155963302747,-0.03197158081705154,7.0,0.010912808957231976,-0.010602933310079532,0.017332394581762632,0.06125779792987508,0.06468839453597279,0.02752293577981657,-0.05882352941176472,0.015228426395939021,0.04031209362808852,0.44216815196707204,-0.8969321743510065,1.2246467991473532e-16,-1.0,2024-06-11,1500.0,0.0714285714285714,0.06899287148695142,100.0,7.0,UP,241.06999999999994,0.8531019395881956,0.021156514650886304,1,VALIDATION
2024-06-11,Grade 1,1771.29,https://exagri.info/mkt/2024/11.06.2024.html,2024-06-11,observed_source_value,0.07935066755226772,0.021156514650886304,0.017867321991816842,0.004638673428482232,7.0,0.039458168064990286,0.027367547081066146,0.011404823980352075,0.02971148881826615,0.027916035462239044,0.12187907730894443,0.14266453352600394,0.08403938378381004,0.11120590956854493,0.3312212278016865,-0.9435531242349544,1.2246467991473532e-16,-1.0,2024-06-18,1756.93,-0.008107085796227542,-0.008140126915577564,-14.3599999999999,7.0,DOWN,271.28999999999996,0.8468404383246109,0.0714285714285714,0,VALIDATION
2024-06-11,Grade 2,1500.0,https://exagri.info/mkt/2024/11.06.2024.html,2024-06-11,observed_source_value,0.0714285714285714,-0.01754385964912286,0.09615384615384626,-0.04587155963302747,7.0,0.050012852644431595,0.014439083496643157,0.024475251724619774,0.06469029343704637,0.06648063699274123,0.15384615384615374,0.06571936056838368,0.07334525939177095,0.09031437397783026,0.3312212278016865,-0.9435531242349544,1.2246467991473532e-16,-1.0,2024-07-02,1600.0,0.06666666666666665,0.06453852113757116,100.0,21.0,UP,271.28999999999996,0.8468404383246109,0.07935066755226772,1,VALIDATION
2024-06-18,Grade 1,1756.93,https://exagri.info/mkt/2024/18.06.2024.html,2024-06-18,observed_source_value,-0.008107085796227542,0.07935066755226772,0.021156514650886304,0.017867321991816842,7.0,0.03080003213564216,0.02298121836544511,0.010846209356146507,0.03357799834640699,0.02827918856585181,0.09325044957593631,0.11794574851899697,0.05139661193840506,0.09028097107754696,0.21547731504673012,-0.976508846196619,1.2246467991473532e-16,-1.0,2024-06-25,1783.69,0.015231113362512927,0.015116284468621,26.75999999999999,7.0,UP,,,,0,VALIDATION
2024-06-25,Grade 1,1783.69,https://exagri.info/mkt/2024/25.06.2024.html,2024-06-25,observed_source_value,0.015231113362512927,-0.008107085796227542,0.07935066755226772,0.021156514650886304,7.0,0.028824898372851033,0.02509970635225125,0.012885523913455354,0.03244650639069638,0.027726417607154687,0.086906713302906,0.12973284521743556,0.04186891431708939,0.09270492697085597,0.0966127018812031,-0.9953220513156602,1.2246467991473532e-16,-1.0,2024-07-02,1792.79,0.005101783381641356,0.005088813379528354,9.099999999999909,7.0,UP,,,,0,VALIDATION
2024-07-02,Grade 1,1792.79,https://exagri.info/mkt/2024/02.07.2024.html,2024-07-02,observed_source_value,0.005101783381641356,0.015231113362512927,-0.008107085796227542,0.07935066755226772,7.0,0.0040752703159755805,0.02254659863021615,0.0163743499836555,0.03363822547432392,0.02365670201919253,0.012138046282652803,0.11556435002831233,0.024946917195398433,0.08072509293938013,-0.023651127245231586,-0.9997202729664083,-0.4999999999999997,-0.8660254037844388,2024-07-16,1754.14,-0.02155857629727953,-0.021794357297397524,-38.649999999999864,14.0,DOWN,192.78999999999996,0.8924637018278773,0.06666666666666665,0,VALIDATION
2024-07-02,Grade 2,1600.0,https://exagri.info/mkt/2024/02.07.2024.html,2024-07-02,observed_source_value,0.06666666666666665,0.0714285714285714,-0.01754385964912286,0.09615384615384626,21.0,0.04018379281537173,0.034166732993386795,0.02489191839128644,0.061982267964910874,0.06675791568291153,0.12280701754385959,0.17431192660550465,0.10726643598615926,0.13616190307118758,-0.023651127245231586,-0.9997202729664083,-0.4999999999999997,-0.8660254037844388,2024-07-16,1600.0,0.0,0.0,0.0,14.0,FLAT,192.78999999999996,0.8924637018278773,0.005101783381641356,1,VALIDATION
2024-07-16,Grade 1,1754.14,https://exagri.info/mkt/2024/16.07.2024.html,2024-07-16,observed_source_value,-0.02155857629727953,0.005101783381641356,0.015231113362512927,-0.008107085796227542,14.0,-0.00040855985104174913,0.014003580440582985,0.013713137689215971,0.03906577522339474,0.026408504003052783,-0.001587997245194761,0.06890016879231253,-0.009949383892247754,0.043661925741705465,-0.2614143985111562,-0.965226663665613,-0.4999999999999997,-0.8660254037844388,2024-07-23,1721.43,-0.018647314353472333,-0.01882336756807748,-32.710000000000036,7.0,DOWN,154.1400000000001,0.9121278803288221,0.0,0,VALIDATION
2024-07-16,Grade 2,1600.0,https://exagri.info/mkt/2024/16.07.2024.html,2024-07-16,observed_source_value,0.0,0.06666666666666665,0.0714285714285714,-0.01754385964912286,14.0,0.046031746031746014,0.043341044919992286,0.022931134077560957,0.04926358576208357,0.06721674159480014,0.1428571428571428,0.23076923076923084,0.06312292358803995,0.11246306274986972,-0.2614143985111562,-0.965226663665613,-0.4999999999999997,-0.8660254037844388,2024-07-23,1400.0,-0.125,-0.13353139262452263,-200.0,7.0,DOWN,154.1400000000001,0.9121278803288221,-0.02155857629727953,1,VALIDATION
2024-07-23,Grade 1,1721.43,https://exagri.info/mkt/2024/23.07.2024.html,2024-07-23,observed_source_value,-0.018647314353472333,-0.02155857629727953,0.005101783381641356,0.015231113362512927,7.0,-0.011701369089703503,-0.0055960159405650245,0.01088576557025056,0.015649739778747264,0.02833772301184462,-0.034905168499010486,-0.028148976169909967,-0.022911846774541278,0.01386784962930343,-0.3754703786876202,-0.9268343944460494,-0.4999999999999997,-0.8660254037844388,2024-07-30,1727.46,0.003502901657342905,0.003496780787038828,6.029999999999973,7.0,UP,321.43000000000006,0.8132773333798063,-0.125,0,VALIDATION
2024-07-23,Grade 2,1400.0,https://exagri.info/mkt/2024/23.07.2024.html,2024-07-23,observed_source_value,-0.125,0.0,0.06666666666666665,0.0714285714285714,7.0,-0.019444444444444448,-0.0008897243107769626,0.010431134077560956,0.0798049406763346,0.08196076071646145,-0.06666666666666665,-0.01754385964912286,-0.06666666666666665,-0.03331607112031765,-0.3754703786876202,-0.9268343944460494,-0.4999999999999997,-0.8660254037844388,2024-07-30,1500.0,0.0714285714285714,0.06899287148695142,100.0,7.0,UP,321.43000000000006,0.8132773333798063,-0.018647314353472333,1,VALIDATION
2024-07-30,Grade 1,1727.46,https://exagri.info/mkt/2024/30.07.2024.html,2024-07-30,observed_source_value,0.003502901657342905,-0.018647314353472333,-0.02155857629727953,0.005101783381641356,7.0,-0.012234329664469653,-0.003274018449850935,0.009853599957797088,0.01604044800238686,0.02840668041703949,-0.03644040852525943,-0.01677357663651935,-0.016197942709786806,0.008162953253421534,-0.48408852163897587,-0.8750190302029955,-0.4999999999999997,-0.8660254037844388,2024-08-06,1752.64,0.014576314357495956,0.014471101069655462,25.180000000000064,7.0,UP,227.46000000000004,0.8683269077142163,0.0714285714285714,0,VALIDATION
2024-07-30,Grade 2,1500.0,https://exagri.info/mkt/2024/30.07.2024.html,2024-07-30,observed_source_value,0.0714285714285714,-0.125,0.0,0.06666666666666665,7.0,-0.017857142857142867,0.016904761904761888,0.0031509142973411785,0.08491859513942461,0.07129471358832001,-0.0625,0.0714285714285714,-0.013157894736842146,0.03483959986202145,-0.48408852163897587,-0.8750190302029955,-0.4999999999999997,-0.8660254037844388,2024-08-06,1616.5,0.07766666666666677,0.07479821007518644,116.5,7.0,UP,227.46000000000004,0.8683269077142163,0.003502901657342905,1,VALIDATION
2024-08-06,Grade 1,1752.64,https://exagri.info/mkt/2024/06.08.2024.html,2024-08-06,observed_source_value,0.014576314357495956,0.003502901657342905,-0.018647314353472333,-0.02155857629727953,7.0,-0.00018936611287782382,-0.003404978250854329,0.010847364050698461,0.015853174871786693,0.028377785389893943,-0.0008551198878082866,-0.01740773340658963,0.001684867965333403,0.012588605258338381,-0.5856957398073508,-0.8105309990194823,-0.8660254037844385,-0.5000000000000004,2024-08-13,1736.43,-0.009248904509768119,-0.009291941194079433,-16.210000000000036,7.0,DOWN,136.1400000000001,0.9223228957458462,0.07766666666666677,0,VALIDATION
2024-08-06,Grade 2,1616.5,https://exagri.info/mkt/2024/06.08.2024.html,2024-08-06,observed_source_value,0.07766666666666677,0.0714285714285714,-0.125,0.0,7.0,0.008031746031746057,0.018152380952380965,0.016295732224512062,0.08595936787325781,0.0717479069811269,0.010312499999999947,0.07766666666666677,0.04743083003952564,0.09936071817192604,-0.5856957398073508,-0.8105309990194823,-0.8660254037844385,-0.5000000000000004,2024-08-13,1600.0,-0.010207237859573115,-0.01025968893761513,-16.5,7.0,DOWN,136.1400000000001,0.9223228957458462,0.014576314357495956,1,VALIDATION
2024-08-13,Grade 1,1736.43,https://exagri.info/mkt/2024/13.08.2024.html,2024-08-13,observed_source_value,-0.009248904509768119,0.014576314357495956,0.003502901657342905,-0.018647314353472333,7.0,0.002943437168356914,-0.0062751158291362245,0.008135741400539964,0.015214225630294075,0.028922769882923086,0.008713685714783592,-0.0314370338968869,-0.001144717617146629,-0.00421897857937914,-0.6788204829862355,-0.734304263829602,-0.8660254037844385,-0.5000000000000004,2024-08-20,1737.07,0.00036857230063969126,0.0003685043945543142,0.6399999999998727,7.0,UP,136.43000000000006,0.9214307515995461,-0.010207237859573115,0,VALIDATION
2024-08-13,Grade 2,1600.0,https://exagri.info/mkt/2024/13.08.2024.html,2024-08-13,observed_source_value,-0.010207237859573115,0.07766666666666677,0.0714285714285714,-0.125,7.0,0.04629600007855502,0.002777600047133011,0.018472166520259903,0.08189133702970415,0.07043922885733213,0.1428571428571428,0.0,0.03673945441586213,0.0708429541879998,-0.6788204829862355,-0.734304263829602,-0.8660254037844385,-0.5000000000000004,2024-08-20,1700.0,0.0625,0.06062462181643484,100.0,7.0,UP,136.43000000000006,0.9214307515995461,-0.009248904509768119,1,VALIDATION
2024-08-20,Grade 1,1737.07,https://exagri.info/mkt/2024/20.08.2024.html,2024-08-20,observed_source_value,0.00036857230063969126,-0.009248904509768119,0.014576314357495956,0.003502901657342905,7.0,0.0018986607161225095,-0.0018896861095523798,0.006056947165515303,0.012651927768875458,0.02862849024695213,0.005563081055422359,-0.009731264323258215,0.0011896212462665368,-0.009305988923152708,-0.7621140503891487,-0.6474427960827475,-0.8660254037844385,-0.5000000000000004,2024-08-27,1729.57,-0.004317615294720412,-0.004326963112193619,-7.5,7.0,DOWN,37.069999999999936,0.9786594668032952,0.0625,0,VALIDATION
2024-08-20,Grade 2,1700.0,https://exagri.info/mkt/2024/20.08.2024.html,2024-08-20,observed_source_value,0.0625,-0.010207237859573115,0.07766666666666677,0.0714285714285714,7.0,0.043319809602364555,0.015277600047133012,0.02930932248356265,0.08602697878595811,0.06772416292090988,0.1333333333333333,0.0625,0.08744322906671798,0.1081054655672522,-0.7621140503891487,-0.6474427960827475,-0.8660254037844385,-0.5000000000000004,2024-08-27,1750.0,0.02941176470588225,0.028987536873252187,50.0,7.0,UP,37.069999999999936,0.9786594668032952,0.00036857230063969126,1,VALIDATION
2024-08-27,Grade 1,1729.57,https://exagri.info/mkt/2024/27.08.2024.html,2024-08-27,observed_source_value,-0.004317615294720412,0.00036857230063969126,-0.009248904509768119,0.014576314357495956,7.0,-0.00439931583461628,0.0009762537021980044,-0.00230988111918351,0.009004079434057304,0.01252525460833264,-0.01316299981741842,0.004728626781222545,-0.004067638892247927,-0.011230752080218953,-0.8343701235229538,-0.5512045872199277,-0.8660254037844385,-0.5000000000000004,2024-09-03,1737.14,0.004376810421087507,0.004367260043012312,7.570000000000164,7.0,UP,-20.430000000000064,1.0118121845314154,0.02941176470588225,0,VALIDATION
2024-08-27,Grade 2,1750.0,https://exagri.info/mkt/2024/27.08.2024.html,2024-08-27,observed_source_value,0.02941176470588225,0.0625,-0.010207237859573115,0.07766666666666677,7.0,0.027234842282103044,0.04615995298830946,0.02263511433876625,0.036592127691140786,0.0635657400702809,0.08258583359109184,0.25,0.07145043776403592,0.11703315992723318,-0.8343701235229538,-0.5512045872199277,-0.8660254037844385,-0.5000000000000004,2024-09-03,1650.0,-0.05714285714285716,-0.058840500022933465,-100.0,7.0,DOWN,-20.430000000000064,1.0118121845314154,-0.004317615294720412,1,VALIDATION
2024-09-03,Grade 1,1737.14,https://exagri.info/mkt/2024/03.09.2024.html,2024-09-03,observed_source_value,0.004376810421087507,-0.004317615294720412,0.00036857230063969126,-0.009248904509768119,7.0,0.00014258914233559553,0.0011510354549469249,-0.001061491497452005,0.009073600148548144,0.01250536561393079,0.0004088848960224212,0.005603602977782396,-0.0008225150554767025,-0.005778269220643395,-0.8945422369764496,-0.4469834295196741,-1.0,-1.8369701987210297e-16,2024-09-10,1774.57,0.02154691043899737,0.0213180573136152,37.429999999999836,7.0,UP,87.1400000000001,0.949837088547843,-0.05714285714285716,0,VALIDATION
2024-09-03,Grade 2,1650.0,https://exagri.info/mkt/2024/03.09.2024.html,2024-09-03,observed_source_value,-0.05714285714285716,0.02941176470588225,0.0625,-0.010207237859573115,7.0,0.011589635854341696,0.02044566727402375,0.01867521458939282,0.05496085036186154,0.06746093233115248,0.03125,0.10000000000000009,-0.007996152227499498,0.036660069738950085,-0.8945422369764496,-0.4469834295196741,-1.0,-1.8369701987210297e-16,2024-09-10,1600.0,-0.030303030303030276,-0.03077165866675366,-50.0,7.0,DOWN,87.1400000000001,0.949837088547843,0.004376810421087507,1,VALIDATION
2024-09-10,Grade 1,1774.57,https://exagri.info/mkt/2024/10.09.2024.html,2024-09-10,observed_source_value,0.02154691043899737,0.004376810421087507,-0.004317615294720412,0.00036857230063969126,7.0,0.007202035188454821,0.002545154671247207,-0.00042991178980356093,0.011783003006772395,0.013536614782666332,0.021588076473602058,0.012512552492240259,0.018138151508127365,0.016174547220332514,-0.9417589340994617,-0.33628873017668287,-1.0,-1.8369701987210297e-16,2024-09-18,1806.21,0.017829671413356563,0.017672587246545968,31.6400000000001,8.0,UP,174.56999999999994,0.9016268729889495,-0.030303030303030276,0,VALIDATION
2024-09-10,Grade 2,1600.0,https://exagri.info/mkt/2024/10.09.2024.html,2024-09-10,observed_source_value,-0.030303030303030276,-0.05714285714285716,0.02941176470588225,0.0625,7.0,-0.01934470758000173,-0.0011482721199156608,0.008502054416232651,0.047572252236793844,0.06628207102540186,-0.05882352941176472,-0.010207237859573115,-0.03614457831325302,-0.0010301876190179637,-0.9417589340994617,-0.33628873017668287,-1.0,-1.8369701987210297e-16,2024-09-18,1600.0,0.0,0.0,0.0,8.0,FLAT,174.56999999999994,0.9016268729889495,0.02154691043899737,1,VALIDATION
2024-09-18,Grade 1,1806.21,https://exagri.info/mkt/2024/18.09.2024.html,2024-09-18,observed_source_value,0.017829671413356563,0.02154691043899737,0.004376810421087507,-0.004317615294720412,8.0,0.014584464091147145,0.007960869855872143,0.0008428770133679597,0.011216320750362748,0.014665804034772932,0.04431159189856437,0.040185898654135244,0.028059458868742615,0.03349839156909851,-0.9789888737409319,-0.20391367068311472,-1.0,-1.8369701987210297e-16,2024-09-24,1795.14,-0.006128855448701898,-0.006147713976869802,-11.069999999999936,6.0,DOWN,206.21000000000004,0.8858327658467177,0.0,0,VALIDATION
2024-09-18,Grade 2,1600.0,https://exagri.info/mkt/2024/18.09.2024.html,2024-09-18,observed_source_value,0.0,-0.030303030303030276,-0.05714285714285716,0.02941176470588225,8.0,-0.029148629148629146,0.0008931754519989621,0.0018353877495659865,0.04730457921588896,0.06305600228840369,-0.08571428571428574,0.0,-0.03614457831325302,-0.0010301876190179637,-0.9789888737409319,-0.20391367068311472,-1.0,-1.8369701987210297e-16,2024-09-24,1675.0,0.046875,0.0458095360312942,75.0,6.0,UP,206.21000000000004,0.8858327658467177,0.017829671413356563,1,VALIDATION
2024-09-24,Grade 1,1795.14,https://exagri.info/mkt/2024/24.09.2024.html,2024-09-24,observed_source_value,-0.006128855448701898,0.017829671413356563,0.02154691043899737,0.004376810421087507,6.0,0.011082575467884012,0.006661384306003826,0.002385849098225723,0.01260612418846148,0.012731171659549791,0.03338821280956061,0.033429856021922166,0.015048690265226483,0.024760156322248594,-0.994788305609327,-0.10196189005174576,-1.0,-1.8369701987210297e-16,2024-10-01,1780.64,-0.008077364439542323,-0.008110163084826287,-14.5,7.0,DOWN,120.1400000000001,0.933074857671268,0.046875,0,VALIDATION
2024-09-24,Grade 2,1675.0,https://exagri.info/mkt/2024/24.09.2024.html,2024-09-24,observed_source_value,0.046875,0.0,-0.030303030303030276,-0.05714285714285716,6.0,0.005523989898989908,-0.002231824548001038,0.006522887749565986,0.042488210400192856,0.06462714108409763,0.015151515151515138,-0.014705882352941124,0.012084592145015005,0.04092222601994844,-0.994788305609327,-0.10196189005174576,-1.0,-1.8369701987210297e-16,2024-10-01,1575.0,-0.05970149253731338,-0.06155789299943332,-100.0,7.0,DOWN,120.1400000000001,0.933074857671268,-0.006128855448701898,1,VALIDATION
2024-10-01,Grade 1,1780.64,https://exagri.info/mkt/2024/01.10.2024.html,2024-10-01,observed_source_value,-0.008077364439542323,-0.006128855448701898,0.017829671413356563,0.02154691043899737,7.0,0.0012078171750374473,0.005909434477039443,0.003442844089618724,0.013504838094594952,0.011128826807775185,0.0034205469494019702,0.029527570436582495,0.0010681718519849337,0.013058638995452565,-0.999832969770105,0.018276557681691223,-0.8660254037844386,0.5000000000000001,2024-10-15,1744.79,-0.02013321053104511,-0.020338645670029968,-35.850000000000136,14.0,DOWN,205.6400000000001,0.8845134333722706,-0.05970149253731338,0,VALIDATION
2024-10-01,Grade 2,1575.0,https://exagri.info/mkt/2024/01.10.2024.html,2024-10-01,observed_source_value,-0.05970149253731338,0.046875,0.0,-0.030303030303030276,7.0,-0.004275497512437794,-0.020054475996640165,0.013052738495834649,0.044537073227478574,0.05190912499213898,-0.015625,-0.09999999999999998,-0.02777777777777779,-0.03175237451203394,-0.999832969770105,0.018276557681691223,-0.8660254037844386,0.5000000000000001,2024-10-15,1625.0,0.031746031746031855,0.03125254350410453,50.0,14.0,UP,205.6400000000001,0.8845134333722706,-0.008077364439542323,1,VALIDATION
2024-10-15,Grade 1,1744.79,https://exagri.info/mkt/2024/15.10.2024.html,2024-10-15,observed_source_value,-0.02013321053104511,-0.008077364439542323,-0.006128855448701898,0.017829671413356563,14.0,-0.011446476806429776,0.0010074302866129204,0.0010792328707799226,0.017925155542911794,0.013394100026520705,-0.03400490529894096,0.004403790137812669,-0.01992956124632783,-0.00831524024962782,-0.9666180104000972,0.2562218218071163,-0.8660254037844386,0.5000000000000001,2024-10-22,1745.5,0.0004069257618395383,0.00040684299000561376,0.7100000000000364,7.0,UP,119.78999999999996,0.9313441732242849,0.031746031746031855,0,VALIDATION
2024-10-15,Grade 2,1625.0,https://exagri.info/mkt/2024/15.10.2024.html,2024-10-15,observed_source_value,0.031746031746031855,-0.05970149253731338,0.046875,0.0,14.0,0.006306513069572824,-0.0022766982188623607,0.009084484527580695,0.04376557219850569,0.048345109213086115,0.015625,-0.015151515151515138,0.006191950464396356,-0.008632522953970101,-0.9666180104000972,0.2562218218071163,-0.8660254037844386,0.5000000000000001,2024-10-22,1600.0,-0.01538461538461533,-0.015504186535965199,-25.0,7.0,DOWN,119.78999999999996,0.9313441732242849,-0.02013321053104511,1,VALIDATION
2024-10-22,Grade 1,1745.5,https://exagri.info/mkt/2024/22.10.2024.html,2024-10-22,observed_source_value,0.0004069257618395383,-0.02013321053104511,-0.008077364439542323,-0.006128855448701898,7.0,-0.00926788306958263,-0.0032205666488186457,-0.0003377059887857192,0.013913620801882517,0.012529169833970047,-0.02765243936406081,-0.01638143324861796,-0.016318240632622105,-0.007508929860931879,-0.9288394302558068,0.3704825404820963,-0.8660254037844386,0.5000000000000001,2024-10-29,1759.5,0.008020624462904635,0.007988630216549143,14.0,7.0,UP,145.5,0.9166427957605271,-0.01538461538461533,0,VALIDATION
2024-10-22,Grade 2,1600.0,https://exagri.info/mkt/2024/22.10.2024.html,2024-10-22,observed_source_value,-0.01538461538461533,0.031746031746031855,-0.05970149253731338,0.046875,7.0,-0.014446692058632285,0.0007069847648206284,-0.00022064367754751624,0.041843552732311814,0.042248751852494014,-0.04477611940298509,0.0,-0.009287925696594423,-0.022900763358778664,-0.9288394302558068,0.3704825404820963,-0.8660254037844386,0.5000000000000001,2024-10-29,1575.0,-0.015625,-0.015748356968139168,-25.0,7.0,DOWN,145.5,0.9166427957605271,0.0004069257618395383,1,VALIDATION
2024-10-29,Grade 1,1759.5,https://exagri.info/mkt/2024/29.10.2024.html,2024-10-29,observed_source_value,0.008020624462904635,0.0004069257618395383,-0.02013321053104511,-0.008077364439542323,7.0,-0.0039018867687669787,-0.005182376038909031,0.0013892469084815563,0.010468569028228196,0.012353359580479771,-0.011872135861263455,-0.025860780307937592,-0.0031805311158372707,-0.000859164583112193,-0.8776087166898392,0.4793776594606945,-0.8660254037844386,0.5000000000000001,2024-11-05,1788.86,0.01668655868144353,0.016548867675974487,29.3599999999999,7.0,UP,184.5,0.8951406649616368,-0.015625,0,VALIDATION
2024-10-29,Grade 2,1575.0,https://exagri.info/mkt/2024/29.10.2024.html,2024-10-29,observed_source_value,-0.015625,-0.01538461538461533,0.031746031746031855,-0.05970149253731338,7.0,0.0002454721204721751,-0.0024180152351793716,-0.0007624198915902047,0.042488049481435614,0.042425411951819286,0.0,-0.015625,-0.021739130434782594,-0.03669724770642202,-0.8776087166898392,0.4793776594606945,-0.8660254037844386,0.5000000000000001,2024-11-05,1500.0,-0.04761904761904767,-0.048790164169432056,-75.0,7.0,DOWN,184.5,0.8951406649616368,0.008020624462904635,1,VALIDATION
2024-11-05,Grade 1,1788.86,https://exagri.info/mkt/2024/05.11.2024.html,2024-11-05,observed_source_value,0.01668655868144353,0.008020624462904635,0.0004069257618395383,-0.02013321053104511,7.0,0.0083713696353959,-0.0006192932128799456,0.0030210455465619402,0.014244381419870306,0.013248847912988006,0.025258053977842643,-0.003498334391746738,0.014174610427823309,0.012834391730910388,-0.8136678304455991,0.5813300798152042,-0.5000000000000004,0.8660254037844384,2024-11-12,1796.0,0.003991368804713735,0.003983424424530638,7.1400000000001,7.0,UP,288.8599999999999,0.8385228581331128,-0.04761904761904767,0,VALIDATION
2024-11-05,Grade 2,1500.0,https://exagri.info/mkt/2024/05.11.2024.html,2024-11-05,observed_source_value,-0.04761904761904767,-0.015625,-0.01538461538461533,0.031746031746031855,7.0,-0.026209554334554335,-0.021316824758988905,-0.011774324653494973,0.03552620288411572,0.03826810325429318,-0.07692307692307687,-0.10447761194029848,-0.04761904761904767,-0.07120743034055732,-0.8136678304455991,0.5813300798152042,-0.5000000000000004,0.8660254037844384,2024-11-12,1600.0,0.06666666666666665,0.06453852113757116,100.0,7.0,UP,288.8599999999999,0.8385228581331128,0.01668655868144353,1,VALIDATION
2024-11-12,Grade 1,1796.0,https://exagri.info/mkt/2024/12.11.2024.html,2024-11-12,observed_source_value,0.003991368804713735,0.01668655868144353,0.008020624462904635,0.0004069257618395383,7.0,0.009566183983020634,0.0017944534359712661,0.003851943956505355,0.013675837465520115,0.012995594987870373,0.028931538241191657,0.008626111959744831,0.01645226466243721,0.013066641847662153,-0.7379428103031386,0.6748632518680403,-0.5000000000000004,0.8660254037844384,2024-11-19,1814.93,0.01054008908685966,0.010484929599948381,18.930000000000064,7.0,UP,196.0,0.89086859688196,0.06666666666666665,0,VALIDATION
2024-11-12,Grade 2,1600.0,https://exagri.info/mkt/2024/12.11.2024.html,2024-11-12,observed_source_value,0.06666666666666665,-0.04761904761904767,-0.015625,-0.01538461538461533,7.0,0.0011408730158729934,0.003956807081807101,-0.008048834457416531,0.04506210735287735,0.04409324958500702,0.0,0.015873015873015817,0.012658227848101333,0.0,-0.7379428103031386,0.6748632518680403,-0.5000000000000004,0.8660254037844384,2024-11-19,1650.0,0.03125,0.030771658666753687,50.0,7.0,UP,196.0,0.89086859688196,0.003991368804713735,1,VALIDATION
2024-11-19,Grade 1,1814.93,https://exagri.info/mkt/2024/19.11.2024.html,2024-11-19,observed_source_value,0.01054008908685966,0.003991368804713735,0.01668655868144353,0.008020624462904635,7.0,0.010406005524338976,0.00792911335955222,0.00446827182308257,0.00623713787588193,0.013168255608287247,0.031503267973856275,0.040199680190739384,0.019075126982219803,0.019272003926735337,-0.6515303615068021,0.75862255966641,-0.5000000000000004,0.8660254037844384,2024-11-26,1804.5,-0.00574677811265456,-0.00576335437925014,-10.430000000000064,7.0,DOWN,164.93000000000006,0.9091259718005653,0.03125,0,VALIDATION
2024-11-19,Grade 2,1650.0,https://exagri.info/mkt/2024/19.11.2024.html,2024-11-19,observed_source_value,0.03125,0.06666666666666665,-0.04761904761904767,-0.015625,7.0,0.016765873015872994,0.00385760073260073,0.0007904512568691846,0.04498611518863708,0.04196662369282498,0.04761904761904767,0.01538461538461533,0.04100946372239744,0.03125,-0.6515303615068021,0.75862255966641,-0.5000000000000004,0.8660254037844384,2024-11-26,1550.0,-0.06060606060606055,-0.06252035698133393,-100.0,7.0,DOWN,164.93000000000006,0.9091259718005653,0.01054008908685966,1,VALIDATION
2024-11-26,Grade 1,1804.5,https://exagri.info/mkt/2024/26.11.2024.html,2024-11-26,observed_source_value,-0.00574677811265456,0.01054008908685966,0.003991368804713735,0.01668655868144353,7.0,0.0029282265929729454,0.0066983725846534005,0.0017389029679173774,0.008343869644242517,0.012012953224784887,0.008742998334134722,0.03380120309366941,0.0065496848989099465,0.011713903343057108,-0.5556819724760489,0.8313949395234058,-0.5000000000000004,0.8660254037844384,2024-12-03,1823.36,0.010451648656137458,0.010397407786645546,18.8599999999999,7.0,UP,254.5,0.85896370185647,-0.06060606060606055,0,VALIDATION
2024-11-26,Grade 2,1550.0,https://exagri.info/mkt/2024/26.11.2024.html,2024-11-26,observed_source_value,-0.06060606060606055,0.03125,0.06666666666666665,-0.04761904761904767,7.0,0.0124368686868687,-0.005186688311688314,-0.002239851773433843,0.05355209419238904,0.04541374883158065,0.03333333333333344,-0.03125,-0.015873015873015928,-0.028213166144200663,-0.5556819724760489,0.8313949395234058,-0.5000000000000004,0.8660254037844384,2024-12-03,1600.0,0.032258064516129004,0.03174869831458027,50.0,7.0,UP,254.5,0.85896370185647,-0.00574677811265456,1,VALIDATION
2024-12-03,Grade 1,1823.36,https://exagri.info/mkt/2024/03.12.2024.html,2024-12-03,observed_source_value,0.010451648656137458,-0.00574677811265456,0.01054008908685966,0.003991368804713735,7.0,0.005081653210114186,0.007184577423299965,0.0010011006921954667,0.008509368338397187,0.011107329876707936,0.015233853006681564,0.03629440181869836,0.009875216695374833,0.021305960493401166,-0.451785789832884,0.8921264484954345,-2.4492935982947064e-16,1.0,2024-12-10,1815.43,-0.004349113724113618,-0.004358598629818766,-7.929999999999836,7.0,DOWN,223.3599999999999,0.8775008775008776,0.032258064516129004,0,VALIDATION
2024-12-03,Grade 2,1600.0,https://exagri.info/mkt/2024/03.12.2024.html,2024-12-03,observed_source_value,0.032258064516129004,-0.06060606060606055,0.03125,0.06666666666666665,7.0,0.0009673346366894838,0.0043899245915374864,0.0009859546781790574,0.055465982276312525,0.04671748217407256,0.0,0.015873015873015817,0.012658227848101333,0.0031347962382444194,-0.451785789832884,0.8921264484954345,-2.4492935982947064e-16,1.0,2024-12-10,1600.0,0.0,0.0,0.0,7.0,FLAT,223.3599999999999,0.8775008775008776,0.010451648656137458,1,VALIDATION
2024-12-10,Grade 1,1815.43,https://exagri.info/mkt/2024/10.12.2024.html,2024-12-10,observed_source_value,-0.004349113724113618,0.010451648656137458,-0.00574677811265456,0.01054008908685966,7.0,0.0001185856064564265,0.002977442942188535,0.0011790748646542948,0.00780826291528881,0.01099407297177699,0.0002754927187273992,0.014853034893731243,0.002532520747231759,0.015709840988143986,-0.34134651424503615,0.9399375283564133,-2.4492935982947064e-16,1.0,2024-12-17,1823.0,0.004169811008962077,0.004161141438993141,7.569999999999936,7.0,UP,215.43000000000006,0.8813338988559184,0.0,0,VALIDATION
2024-12-10,Grade 2,1600.0,https://exagri.info/mkt/2024/10.12.2024.html,2024-12-10,observed_source_value,0.0,0.032258064516129004,-0.06060606060606055,0.03125,7.0,-0.009449332029977183,0.01391373411534702,-0.003701545321820943,0.0478715057936185,0.04386614656447292,-0.030303030303030276,0.06666666666666665,0.0,0.007874015748031482,-0.34134651424503615,0.9399375283564133,-2.4492935982947064e-16,1.0,2024-12-17,1800.0,0.125,0.11778303565638346,200.0,7.0,UP,215.43000000000006,0.8813338988559184,-0.004349113724113618,1,VALIDATION
2024-12-17,Grade 1,1823.0,https://exagri.info/mkt/2024/17.12.2024.html,2024-12-17,observed_source_value,0.004169811008962077,-0.004349113724113618,0.010451648656137458,-0.00574677811265456,7.0,0.003424115313661972,0.003013131383038203,0.002403792409504735,0.007814461060191713,0.010520299256541896,0.01025214740925473,0.015033407572383028,0.0037197645250308664,0.017533616843613986,-0.22596360824801906,0.974135744004672,-2.4492935982947064e-16,1.0,2024-12-24,1806.71,-0.008935820076796497,-0.00897598396086971,-16.289999999999964,7.0,DOWN,23.0,0.9873834339001646,0.125,0,VALIDATION
2024-12-17,Grade 2,1800.0,https://exagri.info/mkt/2024/17.12.2024.html,2024-12-17,observed_source_value,0.125,0.0,0.032258064516129004,-0.06060606060606055,7.0,0.052419354838709666,0.02558040078201369,0.014768603931910396,0.0671629646599783,0.05511077619493915,0.16129032258064524,0.125,0.09756097560975618,0.11801242236024834,-0.22596360824801906,0.974135744004672,-2.4492935982947064e-16,1.0,2024-12-24,1700.0,-0.05555555555555558,-0.05715841383994864,-100.0,7.0,DOWN,23.0,0.9873834339001646,0.004169811008962077,1,VALIDATION
2024-12-24,Grade 1,1806.71,https://exagri.info/mkt/2024/24.12.2024.html,2024-12-24,observed_source_value,-0.008935820076796497,0.004169811008962077,-0.004349113724113618,0.010451648656137458,7.0,-0.0030383742639826794,-0.0008820504496930281,0.003523531454929596,0.007976893941396968,0.008193645386811797,-0.009131493506493449,-0.004529100295879163,-0.004348065689408043,0.0049677963754166665,-0.10730813165636247,0.9942258118156161,-2.4492935982947064e-16,1.0,2024-12-31,1800.64,-0.0033596980146232136,-0.0033653544728791227,-6.069999999999936,7.0,DOWN,106.71000000000004,0.9409368409982786,-0.05555555555555558,0,VALIDATION
2024-12-24,Grade 2,1700.0,https://exagri.info/mkt/2024/24.12.2024.html,2024-12-24,observed_source_value,-0.05555555555555558,0.125,0.0,0.032258064516129004,7.0,0.02314814814814814,0.008219289670902574,0.006038445201751652,0.07597255005613476,0.05890658943820879,0.0625,0.030303030303030276,0.030303030303030276,0.051004636785162205,-0.10730813165636247,0.9942258118156161,-2.4492935982947064e-16,1.0,2024-12-31,1575.0,-0.07352941176470584,-0.07637297878457397,-125.0,7.0,DOWN,106.71000000000004,0.9409368409982786,-0.008935820076796497,1,VALIDATION
2024-12-31,Grade 1,1800.64,https://exagri.info/mkt/2024/31.12.2024.html,2024-12-31,observed_source_value,-0.0033596980146232136,-0.008935820076796497,0.004169811008962077,-0.004349113724113618,7.0,-0.002708569027485878,-0.0004046344300867588,0.003146869077283321,0.007678816310987005,0.008435831605850378,-0.008146830227549362,-0.0021390967026876373,-0.0072708106832620745,-0.0014711974149513862,0.012901459949419653,0.9999167727021953,-2.4492935982947064e-16,1.0,2025-01-07,1792.14,-0.004720543806646549,-0.004731720761637279,-8.5,7.0,DOWN,225.6400000000001,0.8746889994668562,-0.07352941176470584,0,VALIDATION
2024-12-31,Grade 2,1575.0,https://exagri.info/mkt/2024/31.12.2024.html,2024-12-31,observed_source_value,-0.07352941176470584,-0.05555555555555558,0.125,0.0,7.0,-0.0013616557734204744,0.005634619439173516,0.0002239655637426008,0.07905667617721361,0.06391304084971365,-0.015625,0.016129032258064502,-0.048338368580060465,-0.024767801857585092,0.012901459949419653,0.9999167727021953,-2.4492935982947064e-16,1.0,2025-01-07,1700.0,0.0793650793650793,0.07637297878457396,125.0,7.0,UP,225.6400000000001,0.8746889994668562,-0.0033596980146232136,1,VALIDATION
2025-01-07,Grade 1,1792.14,https://exagri.info/mkt/2025/07.01.2025.html,2025-01-07,observed_source_value,-0.004720543806646549,-0.0033596980146232136,-0.008935820076796497,0.004169811008962077,7.0,-0.005672020632688753,-0.00343907292264356,0.0018727522503282023,0.004758833528933526,0.008578903393923367,-0.016928140427866056,-0.017122235872235714,-0.008544001274629509,-0.007980373716411915,0.1201261651823505,0.9927586335250793,0.49999999999999994,0.8660254037844387,2025-01-15,1805.86,0.007655651902195082,0.007626496109026393,13.7199999999998,8.0,UP,92.1400000000001,0.9485866059571239,0.0793650793650793,0,VALIDATION
2025-01-07,Grade 2,1700.0,https://exagri.info/mkt/2025/07.01.2025.html,2025-01-07,observed_source_value,0.0793650793650793,-0.07352941176470584,-0.05555555555555558,0.125,7.0,-0.016573295985060705,0.015056022408963577,0.009722973500250531,0.08556195257864231,0.06821021899850124,-0.05555555555555558,0.0625,0.014925373134328401,0.044546850998463894,0.1201261651823505,0.9927586335250793,0.49999999999999994,0.8660254037844387,2025-01-15,1750.0,0.02941176470588225,0.028987536873252187,50.0,8.0,UP,92.1400000000001,0.9485866059571239,-0.004720543806646549,1,VALIDATION
2025-01-15,Grade 1,1805.86,https://exagri.info/mkt/2025/15.01.2025.html,2025-01-15,observed_source_value,0.007655651902195082,-0.004720543806646549,-0.0033596980146232136,-0.008935820076796497,8.0,-0.00014152997302489348,-0.0010381197973818202,0.0009696615724033575,0.006782843270974887,0.007212763306650614,-0.0004704684204992482,-0.005271478382532058,0.00010522409964153212,-0.0013255859095251399,0.2551824131233728,0.9668929289391521,0.49999999999999994,0.8660254037844387,2025-01-21,1837.86,0.017720089043447462,0.017564918672538354,32.0,6.0,UP,55.8599999999999,0.9690673695635321,0.02941176470588225,0,VALIDATION
2025-01-15,Grade 2,1750.0,https://exagri.info/mkt/2025/15.01.2025.html,2025-01-15,observed_source_value,0.02941176470588225,0.0793650793650793,-0.07352941176470584,-0.05555555555555558,8.0,0.011749144102085237,0.020938375350140027,0.017426054732743522,0.08527863750930362,0.06530260526601486,0.02941176470588225,0.09375,0.02639296187683282,0.059001512859303995,0.2551824131233728,0.9668929289391521,0.49999999999999994,0.8660254037844387,2025-01-21,1800.0,0.02857142857142847,0.028170876966696224,50.0,6.0,UP,55.8599999999999,0.9690673695635321,0.007655651902195082,1,VALIDATION
2025-01-21,Grade 1,1837.86,https://exagri.info/mkt/2025/21.01.2025.html,2025-01-21,observed_source_value,0.017720089043447462,0.007655651902195082,-0.004720543806646549,-0.0033596980146232136,6.0,0.006885065712998665,0.001671935809515257,0.00234253359627673,0.010863398409620322,0.008949325986944864,0.02067042829216259,0.00815139879319804,0.016154661895499522,0.014023613432256887,0.3534446712740877,0.9354554315134164,0.49999999999999994,0.8660254037844387,2025-01-28,1871.86,0.018499776914454813,0.018330737651272678,34.0,7.0,UP,37.8599999999999,0.9793999542946689,0.02857142857142847,0,VALIDATION
2025-01-21,Grade 2,1800.0,https://exagri.info/mkt/2025/21.01.2025.html,2025-01-21,observed_source_value,0.02857142857142847,0.02941176470588225,0.0793650793650793,-0.07352941176470584,6.0,0.04578275754746334,0.0016526610644257201,0.013616530923219705,0.06414735372743853,0.0631878408385876,0.1428571428571428,0.0,0.055718475073313734,0.07623318385650224,0.3534446712740877,0.9354554315134164,0.49999999999999994,0.8660254037844387,2025-01-28,1850.0,0.02777777777777768,0.027398974188114347,50.0,7.0,UP,37.8599999999999,0.9793999542946689,0.017720089043447462,1,VALIDATION
2025-01-28,Grade 1,1871.86,https://exagri.info/mkt/2025/28.01.2025.html,2025-01-28,observed_source_value,0.018499776914454813,0.017720089043447462,0.007655651902195082,-0.004720543806646549,7.0,0.014625172620032453,0.007159055207765519,0.0031385023790362456,0.011092374124604754,0.01004619802698075,0.04448313189817754,0.03606002070061032,0.027550514033261697,0.02954894463340474,0.4632579225674917,0.88622350294858,0.49999999999999994,0.8660254037844387,2025-02-05,1887.77,0.008499567275330522,0.008463649334526719,15.910000000000082,8.0,UP,21.8599999999999,0.9883217762012116,0.02777777777777768,0,VALIDATION
2025-01-28,Grade 2,1850.0,https://exagri.info/mkt/2025/28.01.2025.html,2025-01-28,observed_source_value,0.02777777777777768,0.02857142857142847,0.02941176470588225,0.0793650793650793,7.0,0.028586990351696134,0.01831932773109237,0.013269308700997472,0.05585782117683062,0.0630896409146559,0.08823529411764697,0.08823529411764697,0.06628242074927959,0.09305760709010347,0.4632579225674917,0.88622350294858,0.49999999999999994,0.8660254037844387,2025-02-05,1850.0,0.0,0.0,0.0,8.0,FLAT,21.8599999999999,0.9883217762012116,0.018499776914454813,1,VALIDATION
2025-02-05,Grade 1,1887.77,https://exagri.info/mkt/2025/05.02.2025.html,2025-02-05,observed_source_value,0.008499567275330522,0.018499776914454813,0.017720089043447462,0.007655651902195082,8.0,0.014906477744410932,0.009530908265756265,0.004563136917834753,0.009423208364021746,0.009648441583377819,0.04535789042339933,0.04838835080860138,0.026465147588654814,0.03356596876038531,0.580454927809098,0.8142923779467267,0.8660254037844386,0.5000000000000001,2025-02-11,1880.36,-0.003925266319519949,-0.00393299039669174,-7.410000000000082,6.0,DOWN,37.76999999999998,0.9799922660069817,0.0,0,VALIDATION
2025-02-05,Grade 2,1850.0,https://exagri.info/mkt/2025/05.02.2025.html,2025-02-05,observed_source_value,0.0,0.02777777777777768,0.02857142857142847,0.02941176470588225,8.0,0.018783068783068717,0.03302521008403354,0.019329914761603527,0.028716183107920946,0.05790213968565278,0.05714285714285716,0.17460317460317465,0.033519553072625774,0.07402031930333819,0.580454927809098,0.8142923779467267,0.8660254037844386,0.5000000000000001,2025-02-11,1700.0,-0.08108108108108103,-0.084557388028063,-150.0,6.0,DOWN,37.76999999999998,0.9799922660069817,0.008499567275330522,1,VALIDATION
2025-02-11,Grade 1,1880.36,https://exagri.info/mkt/2025/11.02.2025.html,2025-02-11,observed_source_value,-0.003925266319519949,0.008499567275330522,0.018499776914454813,0.017720089043447462,6.0,0.007691359290088462,0.009689963763181587,0.003125445420269013,0.009124495582335093,0.009744175898663008,0.023124721143068516,0.049226064927963,0.01272013020656626,0.026306065562943903,0.6612634749656386,0.7501537286959042,0.8660254037844386,0.5000000000000001,2025-02-18,1891.64,0.005998851283796736,0.00598092981188235,11.2800000000002,7.0,UP,180.3599999999999,0.9040821970261015,-0.08108108108108103,0,VALIDATION
2025-02-11,Grade 2,1700.0,https://exagri.info/mkt/2025/11.02.2025.html,2025-02-11,observed_source_value,-0.08108108108108103,0.0,0.02777777777777768,0.02857142857142847,6.0,-0.017767767767767784,0.0009359779948014735,0.007996000201882524,0.04749406491142098,0.0656629227859691,-0.05555555555555558,0.0,-0.05027932960893855,-0.018759018759018753,0.6612634749656386,0.7501537286959042,0.8660254037844386,0.5000000000000001,2025-02-18,1800.0,0.05882352941176472,0.05715841383994862,100.0,7.0,UP,180.3599999999999,0.9040821970261015,-0.003925266319519949,1,VALIDATION
2025-02-18,Grade 1,1891.64,https://exagri.info/mkt/2025/18.02.2025.html,2025-02-18,observed_source_value,0.005998851283796736,-0.003925266319519949,0.008499567275330522,0.018499776914454813,7.0,0.003524384079869103,0.009358603639501917,0.004160241921060048,0.009246114960594338,0.009405790559070827,0.010567029585546006,0.04750091369209142,0.009467964638416815,0.028185917477269173,0.746588114532413,0.6652865452111116,0.8660254037844386,0.5000000000000001,2025-02-25,1912.57,0.011064473155568688,0.011003709672237206,20.929999999999836,7.0,UP,91.6400000000001,0.9515552642151783,0.05882352941176472,0,VALIDATION
2025-02-18,Grade 2,1800.0,https://exagri.info/mkt/2025/18.02.2025.html,2025-02-18,observed_source_value,0.05882352941176472,-0.08108108108108103,0.0,0.02777777777777768,7.0,-0.007419183889772103,0.006818330935977968,0.013878353143058996,0.05336157935925163,0.06747679091054815,-0.027027027027026973,0.02857142857142847,0.0,0.02710413694721825,0.746588114532413,0.6652865452111116,0.8660254037844386,0.5000000000000001,2025-02-25,1650.0,-0.08333333333333337,-0.08701137698962981,-150.0,7.0,DOWN,91.6400000000001,0.9515552642151783,0.005998851283796736,1,VALIDATION
2025-02-25,Grade 1,1912.57,https://exagri.info/mkt/2025/25.02.2025.html,2025-02-25,observed_source_value,0.011064473155568688,0.005998851283796736,-0.003925266319519949,0.008499567275330522,7.0,0.004379352706615158,0.008027480461926162,0.004849708135720709,0.008156265621198231,0.009655940860599121,0.013137193619985554,0.0406505392140859,0.012563266343364354,0.03452565827230525,0.8211001178128892,0.5707841943569036,0.8660254037844386,0.5000000000000001,2025-03-04,1921.29,0.00455931024746814,0.0045489480767980095,8.720000000000027,7.0,UP,262.56999999999994,0.8627135215965952,-0.08333333333333337,0,TEST
2025-02-25,Grade 2,1650.0,https://exagri.info/mkt/2025/25.02.2025.html,2025-02-25,observed_source_value,-0.08333333333333337,0.05882352941176472,-0.08108108108108103,0.0,7.0,-0.035196961667549896,-0.0155626214449744,-0.00695498019027434,0.06430284358652372,0.06122805240690143,-0.10810810810810811,-0.08333333333333337,-0.06779661016949157,-0.05035971223021585,0.8211001178128892,0.5707841943569036,0.8660254037844386,0.5000000000000001,2025-03-04,1800.0,0.09090909090909083,0.08701137698962969,150.0,7.0,UP,262.56999999999994,0.8627135215965952,0.011064473155568688,1,TEST
2025-03-04,Grade 1,1921.29,https://exagri.info/mkt/2025/04.03.2025.html,2025-03-04,observed_source_value,0.00455931024746814,0.011064473155568688,0.005998851283796736,-0.003925266319519949,7.0,0.007207544895611188,0.005239387128528827,0.006199221168147173,0.0056918925895148775,0.008373015079667102,0.02176710842604601,0.026406889404122058,0.011883757846050447,0.03284111001027323,0.8837203473619977,0.4680153284438345,1.0,6.123233995736766e-17,2025-03-11,1934.79,0.007026529050794039,0.007001958027737111,13.5,7.0,UP,121.28999999999996,0.9368705401058663,0.09090909090909083,0,TEST
2025-03-04,Grade 2,1800.0,https://exagri.info/mkt/2025/04.03.2025.html,2025-03-04,observed_source_value,0.09090909090909083,-0.08333333333333337,0.05882352941176472,-0.08108108108108103,7.0,0.02213309566250739,-0.0029363588187117707,0.007691484456190301,0.0793727685679009,0.06566754723080008,0.05882352941176472,-0.027027027027026973,0.022727272727272707,0.030042918454935563,0.8837203473619977,0.4680153284438345,1.0,6.123233995736766e-17,2025-03-11,1700.0,-0.05555555555555558,-0.05715841383994864,-100.0,7.0,DOWN,121.28999999999996,0.9368705401058663,0.00455931024746814,1,TEST
2025-03-11,Grade 1,1934.79,https://exagri.info/mkt/2025/11.03.2025.html,2025-03-11,observed_source_value,0.007026529050794039,0.00455931024746814,0.011064473155568688,0.005998851283796736,7.0,0.0075501041512769556,0.004944779483621531,0.0072378438746888984,0.005516377850112026,0.007670220660620655,0.022810894250491653,0.024907695323053147,0.013971794374597168,0.03265133586747315,0.9335418911179212,0.35846832151248087,1.0,6.123233995736766e-17,2025-03-18,1954.64,0.010259511368158947,0.010207239797911088,19.850000000000136,7.0,UP,234.78999999999996,0.8786483287591935,-0.05555555555555558,0,TEST
2025-03-11,Grade 2,1700.0,https://exagri.info/mkt/2025/11.03.2025.html,2025-03-11,observed_source_value,-0.05555555555555558,0.09090909090909083,-0.08333333333333337,0.05882352941176472,7.0,-0.015993265993266042,-0.014047469929822887,0.009488870077105327,0.08267862370654733,0.0634044241099269,-0.05555555555555558,-0.08108108108108103,-0.017341040462427793,-0.03409090909090906,0.9335418911179212,0.35846832151248087,1.0,6.123233995736766e-17,2025-03-18,1800.0,0.05882352941176472,0.05715841383994862,100.0,7.0,UP,234.78999999999996,0.8786483287591935,0.007026529050794039,1,TEST
2025-03-18,Grade 1,1954.64,https://exagri.info/mkt/2025/18.03.2025.html,2025-03-18,observed_source_value,0.010259511368158947,0.007026529050794039,0.00455931024746814,0.011064473155568688,7.0,0.007281783555473709,0.00778173502115731,0.008735849392169448,0.0027860714808553466,0.006439270128097369,0.021996580517314568,0.03950307387946994,0.01646085826937904,0.03427548225692445,0.969843196967294,0.24372971360968387,1.0,6.123233995736766e-17,2025-03-25,1980.0,0.012974256129005823,0.012890811448065979,25.3599999999999,7.0,UP,154.6400000000001,0.9208856873900053,0.05882352941176472,0,TEST
2025-03-18,Grade 2,1800.0,https://exagri.info/mkt/2025/18.03.2025.html,2025-03-18,observed_source_value,0.05882352941176472,-0.05555555555555558,0.09090909090909083,-0.08333333333333337,7.0,0.03139235492176665,0.013933452168746262,0.007434715081773869,0.07785408914384008,0.061182892879704916,0.09090909090909083,0.05882352941176472,0.02857142857142847,0.016949152542372836,0.969843196967294,0.24372971360968387,1.0,6.123233995736766e-17,2025-03-25,1925.0,0.06944444444444442,0.06713930283762852,125.0,7.0,UP,154.6400000000001,0.9208856873900053,0.010259511368158947,1,TEST
2025-03-25,Grade 1,1980.0,https://exagri.info/mkt/2025/25.03.2025.html,2025-03-25,observed_source_value,0.012974256129005823,0.010259511368158947,0.007026529050794039,0.00455931024746814,7.0,0.01008676551598627,0.009176815990199127,0.009267709814850523,0.003357868508047032,0.006558677949445063,0.03055759411645309,0.04671079063669614,0.020272505511017336,0.038128683914982586,0.992098522791769,0.12546123335273648,1.0,6.123233995736766e-17,2025-04-01,2015.46,0.017909090909090875,0.01775061247968934,35.460000000000036,7.0,UP,55.0,0.9722222222222222,0.06944444444444442,0,TEST
2025-03-25,Grade 2,1925.0,https://exagri.info/mkt/2025/25.03.2025.html,2025-03-25,observed_source_value,0.06944444444444442,0.05882352941176472,-0.05555555555555558,0.09090909090909083,7.0,0.02423747276688452,0.016057635175282203,0.011437983055630086,0.0795123060396788,0.06402436316739217,0.06944444444444442,0.06944444444444442,0.08450704225352124,0.07692307692307687,0.992098522791769,0.12546123335273648,1.0,6.123233995736766e-17,2025-04-01,1840.0,-0.04415584415584417,-0.04516039611885331,-85.0,7.0,DOWN,55.0,0.9722222222222222,0.012974256129005823,1,TEST
2025-04-01,Grade 1,2015.46,https://exagri.info/mkt/2025/01.04.2025.html,2025-04-01,observed_source_value,0.017909090909090875,0.012974256129005823,0.010259511368158947,0.007026529050794039,7.0,0.013714286135418549,0.010545739540903565,0.009286610001414864,0.0052062640375826206,0.006585957185323161,0.04169444745941431,0.05379672378004474,0.027647871036428073,0.04697154030206163,0.9999855506507186,0.005375731557583884,0.8660254037844387,-0.4999999999999998,2025-04-08,2048.79,0.016537167693727373,0.01640191779923729,33.32999999999993,7.0,UP,175.46000000000004,0.9129429509888561,-0.04415584415584417,0,TEST
2025-04-01,Grade 2,1840.0,https://exagri.info/mkt/2025/01.04.2025.html,2025-04-01,observed_source_value,-0.04415584415584417,0.06944444444444442,0.05882352941176472,-0.05555555555555558,7.0,0.028037376566788324,0.023893133010780044,0.004165255782902821,0.06842687810250275,0.06596317555176173,0.08235294117647052,0.11515151515151523,0.014892443463871974,0.027072285794027318,0.9999855506507186,0.005375731557583884,0.8660254037844387,-0.4999999999999998,2025-04-08,1875.0,0.01902173913043481,0.018843087801479915,35.0,7.0,UP,175.46000000000004,0.9129429509888561,0.017909090909090875,1,TEST
2025-04-08,Grade 1,2048.79,https://exagri.info/mkt/2025/08.04.2025.html,2025-04-08,observed_source_value,0.016537167693727373,0.017909090909090875,0.012974256129005823,0.010259511368158947,7.0,0.015806838243941357,0.012941311030155412,0.009090349079342119,0.004466172934982205,0.006304111949168818,0.04816743748209373,0.06636166325749882,0.03123414484863618,0.0545927356901188,0.9933900548258936,-0.11478762552212701,0.8660254037844387,-0.4999999999999998,2025-04-22,2068.5,0.009620312477120585,0.009574331933958445,19.710000000000036,14.0,UP,173.78999999999996,0.9151743224049317,0.01902173913043481,0,TEST
2025-04-08,Grade 2,1875.0,https://exagri.info/mkt/2025/08.04.2025.html,2025-04-08,observed_source_value,0.01902173913043481,-0.04415584415584417,0.06944444444444442,0.05882352941176472,7.0,0.014770113139678354,0.00951566265504884,0.0032896519181685345,0.05750648698968391,0.06567238709522907,0.04166666666666674,0.04166666666666674,0.025711159737418,0.045150501672240884,0.9933900548258936,-0.11478762552212701,0.8660254037844387,-0.4999999999999998,2025-04-22,1990.0,0.06133333333333324,0.059525979314026804,115.0,14.0,UP,173.78999999999996,0.9151743224049317,0.016537167693727373,1,TEST
2025-04-22,Grade 1,2068.5,https://exagri.info/mkt/2025/22.04.2025.html,2025-04-22,observed_source_value,0.009620312477120585,0.016537167693727373,0.017909090909090875,0.012974256129005823,14.0,0.014688857026646277,0.01346006771542072,0.009202423599521125,0.003690719637618601,0.006302404111758356,0.04469696969696968,0.06910827531670116,0.027326844395618055,0.05492440855893821,0.9373419384643772,-0.3484108069446808,0.8660254037844387,-0.4999999999999998,2025-04-29,2119.71,0.024757070340826637,0.024455579954820814,51.210000000000036,7.0,UP,78.5,0.9620497945371042,0.06133333333333324,0,TEST
2025-04-22,Grade 2,1990.0,https://exagri.info/mkt/2025/22.04.2025.html,2025-04-22,observed_source_value,0.06133333333333324,0.01902173913043481,-0.04415584415584417,0.06944444444444442,14.0,0.012066409435974626,0.032893440432826604,0.00942298525150186,0.0472921485808003,0.06814839299138573,0.033766233766233666,0.1705882352941177,0.0551431601272534,0.10066371681415931,0.9373419384643772,-0.3484108069446808,0.8660254037844387,-0.4999999999999998,2025-04-29,2000.0,0.005025125628140614,0.0050125418235441935,10.0,7.0,UP,78.5,0.9620497945371042,0.009620312477120585,1,TEST
2025-04-29,Grade 1,2119.71,https://exagri.info/mkt/2025/29.04.2025.html,2025-04-29,observed_source_value,0.024757070340826637,0.009620312477120585,0.016537167693727373,0.017909090909090875,7.0,0.016971516837224865,0.01635957950995426,0.012070657265555784,0.005697115716027909,0.0061898288191888275,0.051725164478580554,0.08445033356526,0.035777320409754676,0.06800440763243931,0.8887010478292915,-0.45848712914008766,0.8660254037844387,-0.4999999999999998,2025-05-07,2111.69,-0.0037835364271527894,-0.003790712106448182,-8.019999999999982,8.0,DOWN,119.71000000000004,0.9435252935543069,0.005025125628140614,0,TEST
2025-04-29,Grade 2,2000.0,https://exagri.info/mkt/2025/29.04.2025.html,2025-04-29,observed_source_value,0.005025125628140614,0.06133333333333324,0.01902173913043481,-0.04415584415584417,7.0,0.028460066030636222,0.02213375967610178,0.018033605922424024,0.046020672189838324,0.06044718398819498,0.08695652173913038,0.11111111111111116,0.03842159916926269,0.08813928182807396,0.8887010478292915,-0.45848712914008766,0.8660254037844387,-0.4999999999999998,2025-05-07,2025.0,0.012499999999999956,0.01242251999855711,25.0,8.0,UP,119.71000000000004,0.9435252935543069,0.024757070340826637,1,TEST
2025-05-07,Grade 1,2111.69,https://exagri.info/mkt/2025/07.05.2025.html,2025-05-07,observed_source_value,-0.0037835364271527894,0.024757070340826637,0.009620312477120585,0.016537167693727373,8.0,0.010197948796931477,0.013008020998722536,0.011092418494460831,0.010816058581090669,0.007815546800596351,0.030701047935610903,0.06651010101010102,0.01874731647071859,0.05229665567705699,0.8174009818249189,-0.5760691233798758,0.49999999999999994,-0.8660254037844387,2025-05-14,2108.07,-0.0017142667721113947,-0.0017157378088009728,-3.619999999999891,7.0,DOWN,86.69000000000005,0.9589475727971435,0.012499999999999956,0,TEST
2025-05-07,Grade 2,2025.0,https://exagri.info/mkt/2025/07.05.2025.html,2025-05-07,observed_source_value,0.012499999999999956,0.005025125628140614,0.06133333333333324,0.01902173913043481,8.0,0.026286152987157935,0.01074487078721289,0.013401252981247547,0.03767487079224145,0.058724379252616685,0.08000000000000007,0.051948051948051965,0.04059609455292912,0.08841709217952154,0.8174009818249189,-0.5760691233798758,0.49999999999999994,-0.8660254037844387,2025-05-14,1800.0,-0.11111111111111116,-0.11778303565638351,-225.0,7.0,DOWN,86.69000000000005,0.9589475727971435,-0.0037835364271527894,1,TEST
2025-05-14,Grade 1,2108.07,https://exagri.info/mkt/2025/14.05.2025.html,2025-05-14,observed_source_value,-0.0017142667721113947,-0.0037835364271527894,0.024757070340826637,0.009620312477120585,7.0,0.006419755713854151,0.009083349462482081,0.009814544501692824,0.012079512930188756,0.008802939744400735,0.019129804205946455,0.0459498079842815,0.007993871906785799,0.04035742098629336,0.742280907086982,-0.6700888411055113,0.49999999999999994,-0.8660254037844387,2025-05-20,2110.14,0.0009819408273916697,0.00098145903886351,2.069999999999709,6.0,UP,308.07000000000016,0.8538615890364172,-0.11111111111111116,0,TEST
2025-05-14,Grade 2,1800.0,https://exagri.info/mkt/2025/14.05.2025.html,2025-05-14,observed_source_value,-0.11111111111111116,0.012499999999999956,0.005025125628140614,0.06133333333333324,7.0,-0.03119532849432353,-0.002646182603840508,0.010623475203469767,0.06445109352327548,0.064209347360398,-0.09547738693467334,-0.021739130434782594,-0.07120743034055732,-0.04025593175153297,0.742280907086982,-0.6700888411055113,0.49999999999999994,-0.8660254037844387,2025-05-20,2000.0,0.11111111111111116,0.10536051565782635,200.0,6.0,UP,308.07000000000016,0.8538615890364172,-0.0017142667721113947,1,TEST
2025-05-20,Grade 1,2110.14,https://exagri.info/mkt/2025/20.05.2025.html,2025-05-20,observed_source_value,0.0009819408273916697,-0.0017142667721113947,-0.0037835364271527894,0.024757070340826637,6.0,-0.0015052874572908381,0.005972304089214941,0.009456807559685176,0.011676246503029437,0.009107648657985115,-0.004514768529657487,0.02994450382908931,0.0030984654087091723,0.03176298993877791,0.6692903895412567,-0.7430009249440493,0.49999999999999994,-0.8660254037844387,2025-05-27,2088.43,-0.010288416882292206,-0.010341708482516927,-21.710000000000036,7.0,DOWN,110.13999999999987,0.9478044110817292,0.11111111111111116,0,TEST
2025-05-20,Grade 2,2000.0,https://exagri.info/mkt/2025/20.05.2025.html,2025-05-20,observed_source_value,0.11111111111111116,-0.11111111111111116,0.012499999999999956,0.005025125628140614,6.0,0.004166666666666652,0.015771691792294762,0.0126436772236718,0.08275099150477296,0.06726129423134988,0.0,0.06666666666666665,0.018848700967906362,0.05513057240833552,0.6692903895412567,-0.7430009249440493,0.49999999999999994,-0.8660254037844387,2025-05-27,1900.0,-0.050000000000000044,-0.05129329438755058,-100.0,7.0,DOWN,110.13999999999987,0.9478044110817292,0.0009819408273916697,1,TEST
2025-05-27,Grade 1,2088.43,https://exagri.info/mkt/2025/27.05.2025.html,2025-05-27,observed_source_value,-0.010288416882292206,0.0009819408273916697,-0.0017142667721113947,-0.0037835364271527894,7.0,-0.0036735809423373103,0.0019905582173323833,0.0077253129663765515,0.013390019697257198,0.011058080384257957,-0.011014874342351488,0.009635001208605276,-0.009099415071493477,0.013533811233252369,0.5751899607119775,-0.8180198708443174,0.49999999999999994,-0.8660254037844387,2025-06-03,2030.43,-0.02777205843624142,-0.028164994232705097,-57.99999999999977,7.0,DOWN,188.42999999999984,0.9097743280837759,-0.050000000000000044,0,TEST
2025-05-27,Grade 2,1900.0,https://exagri.info/mkt/2025/27.05.2025.html,2025-05-27,observed_source_value,-0.050000000000000044,0.11111111111111116,-0.11111111111111116,0.012499999999999956,7.0,-0.01666666666666668,-0.006494974874371895,0.013199232779227354,0.08240439372262919,0.06665561895107756,-0.06172839506172845,-0.045226130653266305,-0.023136246786632397,-0.008091882015139662,0.5751899607119775,-0.8180198708443174,0.49999999999999994,-0.8660254037844387,2025-06-03,1850.0,-0.02631578947368418,-0.026668247082161294,-50.0,7.0,DOWN,188.42999999999984,0.9097743280837759,-0.010288416882292206,1,TEST
2025-06-03,Grade 1,2030.43,https://exagri.info/mkt/2025/03.06.2025.html,2025-06-03,observed_source_value,-0.02777205843624142,-0.010288416882292206,0.0009819408273916697,-0.0017142667721113947,7.0,-0.012359511497047318,-0.008515267538081229,0.003922155985936515,0.011541316126795974,0.015668551166232107,-0.03682989654043756,-0.04211896910426427,-0.028387100478908467,-0.01822523042644497,0.47275920928627757,-0.881191653407483,1.2246467991473532e-16,-1.0,2025-06-11,2005.29,-0.01238161374684188,-0.01245890457914538,-25.1400000000001,8.0,DOWN,180.43000000000006,0.9111370497874834,-0.02631578947368418,0,TEST
2025-06-03,Grade 2,1850.0,https://exagri.info/mkt/2025/03.06.2025.html,2025-06-03,observed_source_value,-0.02631578947368418,-0.050000000000000044,0.11111111111111116,-0.11111111111111116,7.0,0.011598440545808978,-0.012763157894736855,0.004685300890682464,0.08250096636265045,0.06560973337188433,0.02777777777777768,-0.07499999999999996,-0.03394255874673624,-0.03670919031502218,0.47275920928627757,-0.881191653407483,1.2246467991473532e-16,-1.0,2025-06-11,1825.0,-0.013513513513513487,-0.013605652055778598,-25.0,8.0,DOWN,180.43000000000006,0.9111370497874834,-0.02777205843624142,1,TEST
2025-06-11,Grade 1,2005.29,https://exagri.info/mkt/2025/11.06.2025.html,2025-06-11,observed_source_value,-0.01238161374684188,-0.02777205843624142,-0.010288416882292206,0.0009819408273916697,8.0,-0.016814029688458503,-0.010234883002019047,0.001386568998351745,0.011298029460212997,0.016086957579987016,-0.04968864625095959,-0.050386183578082,-0.03054525272761721,-0.031565435218199656,0.3474028211842774,-0.9377159910299093,1.2246467991473532e-16,-1.0,2025-06-17,1984.43,-0.010402485426048047,-0.010456969453140622,-20.8599999999999,6.0,DOWN,180.28999999999996,0.9100928045320128,-0.013513513513513487,0,TEST
2025-06-11,Grade 2,1825.0,https://exagri.info/mkt/2025/11.06.2025.html,2025-06-11,observed_source_value,-0.013513513513513487,-0.02631578947368418,-0.050000000000000044,0.11111111111111116,8.0,-0.02994310099573257,-0.017965860597439542,-0.003610494905113326,0.08132132732678649,0.061636012120633535,-0.08750000000000002,-0.09876543209876543,-0.026666666666666616,-0.044752682543836686,0.3474028211842774,-0.9377159910299093,1.2246467991473532e-16,-1.0,2025-06-17,1865.0,0.021917808219177992,0.021681066061323948,40.0,6.0,UP,180.28999999999996,0.9100928045320128,-0.01238161374684188,1,TEST
2025-06-17,Grade 1,1984.43,https://exagri.info/mkt/2025/17.06.2025.html,2025-06-17,observed_source_value,-0.010402485426048047,-0.01238161374684188,-0.02777205843624142,-0.010288416882292206,6.0,-0.016852052536377116,-0.011972526732806377,-0.0014445886351621474,0.010282412650915344,0.015329511755997106,-0.049798173747743424,-0.05865080381581256,-0.029022225875647734,-0.04020124321176566,0.24893980855376657,-0.9685189578512204,1.2246467991473532e-16,-1.0,2025-06-24,1999.0,0.007342158705522461,0.007315336268006564,14.569999999999936,7.0,UP,119.43000000000006,0.939816471228514,0.021917808219177992,0,TEST
2025-06-17,Grade 2,1865.0,https://exagri.info/mkt/2025/17.06.2025.html,2025-06-17,observed_source_value,0.021917808219177992,-0.013513513513513487,-0.02631578947368418,-0.050000000000000044,6.0,-0.005970498256006558,0.008639923268618288,0.0029968703323888903,0.06290461783951846,0.06033441810437186,-0.018421052631578894,0.036111111111111205,-0.01218220338983056,-0.025091479351803447,0.24893980855376657,-0.9685189578512204,1.2246467991473532e-16,-1.0,2025-06-24,1800.0,-0.034852546916890104,-0.03547438819365988,-65.0,7.0,DOWN,119.43000000000006,0.939816471228514,-0.010402485426048047,1,TEST
2025-06-24,Grade 1,1999.0,https://exagri.info/mkt/2025/24.06.2025.html,2025-06-24,observed_source_value,0.007342158705522461,-0.010402485426048047,-0.01238161374684188,-0.02777205843624142,7.0,-0.005147313489122489,-0.010700483157180219,-0.0023640895339826383,0.012450506106346891,0.014377273444276306,-0.015479479716119293,-0.052669491123811585,-0.011138175507886205,-0.030820302254130794,0.13079267585675922,-0.9914097417023038,1.2246467991473532e-16,-1.0,2025-07-01,1979.57,-0.009719859929965047,-0.009767406114183048,-19.430000000000064,7.0,DOWN,199.0,0.9004502251125562,-0.034852546916890104,0,TEST
2025-06-24,Grade 2,1800.0,https://exagri.info/mkt/2025/24.06.2025.html,2025-06-24,observed_source_value,-0.034852546916890104,0.021917808219177992,-0.013513513513513487,-0.02631578947368418,7.0,-0.008816084070408533,-0.020552808336981965,-0.0023905582723436013,0.02719437678154388,0.06114437938041305,-0.027027027027026973,-0.09999999999999998,-0.025974025974025983,-0.05536604565730774,0.13079267585675922,-0.9914097417023038,1.2246467991473532e-16,-1.0,2025-07-01,1800.0,0.0,0.0,0.0,7.0,FLAT,199.0,0.9004502251125562,0.007342158705522461,1,TEST
2025-07-01,Grade 1,1979.57,https://exagri.info/mkt/2025/01.07.2025.html,2025-07-01,observed_source_value,-0.009719859929965047,0.007342158705522461,-0.010402485426048047,-0.01238161374684188,7.0,-0.004260062216830211,-0.010586771766714787,-0.004298106774691201,0.012457804593044984,0.013878164963970202,-0.01282607503154154,-0.052125280713263056,-0.010088291301286523,-0.036084562511321416,0.01075130776352193,-0.9999422030204416,-0.4999999999999997,-0.8660254037844388,2025-07-08,1993.64,0.0071076041766646725,0.007082464211090955,14.070000000000164,7.0,UP,179.56999999999994,0.9092883808099739,0.0,0,TEST
2025-07-01,Grade 2,1800.0,https://exagri.info/mkt/2025/01.07.2025.html,2025-07-01,observed_source_value,0.0,-0.034852546916890104,0.021917808219177992,-0.013513513513513487,7.0,-0.0043115795659040375,-0.010552808336981957,-0.008523891605676926,0.022435559653396664,0.05697613418309124,-0.013698630136986356,-0.052631578947368474,-0.015317286652078765,-0.045852107076596926,0.01075130776352193,-0.9999422030204416,-0.4999999999999997,-0.8660254037844388,2025-07-08,1850.0,0.02777777777777768,0.027398974188114347,50.0,7.0,UP,179.56999999999994,0.9092883808099739,-0.009719859929965047,1,TEST
2025-07-08,Grade 1,1993.64,https://exagri.info/mkt/2025/08.07.2025.html,2025-07-08,observed_source_value,0.0071076041766646725,-0.009719859929965047,0.007342158705522461,-0.010402485426048047,7.0,0.0015766343174073623,-0.0036108392441335678,-0.006063053391107398,0.009940149274882312,0.010478378396638736,0.004641131206442273,-0.018119314627935923,0.0006293961109946622,-0.023237332985803105,-0.10944576864891556,-0.993992768446958,-0.4999999999999997,-0.8660254037844388,2025-07-15,2010.21,0.00831143034850812,0.008277080610348021,16.569999999999936,7.0,UP,143.6400000000001,0.9279508838105174,0.02777777777777768,0,TEST
2025-07-08,Grade 2,1850.0,https://exagri.info/mkt/2025/08.07.2025.html,2025-07-08,observed_source_value,0.02777777777777768,0.0,-0.034852546916890104,0.021917808219177992,7.0,-0.0023582563797041414,0.0002659051133104162,-0.006248626390713219,0.02573400863561566,0.05802201288408247,-0.008042895442359255,0.0,0.012035010940919078,-0.011488111140796176,-0.10944576864891556,-0.993992768446958,-0.4999999999999997,-0.8660254037844388,2025-07-15,1825.0,-0.013513513513513487,-0.013605652055778598,-25.0,7.0,DOWN,143.6400000000001,0.9279508838105174,0.0071076041766646725,1,TEST
2025-07-15,Grade 1,2010.21,https://exagri.info/mkt/2025/15.07.2025.html,2025-07-15,observed_source_value,0.00831143034850812,0.0071076041766646725,-0.009719859929965047,0.007342158705522461,7.0,0.0018997248650692484,0.000527769574936432,-0.004853556713541307,0.009679874514987565,0.011425937780474096,0.005607803901950925,0.002453510464820674,0.008448005137029257,-0.010197836351093836,-0.2280577712215198,-0.9736476020539838,-0.4999999999999997,-0.8660254037844388,2025-07-22,2014.93,0.002348013391635817,0.0023452611156042206,4.720000000000027,7.0,UP,185.21000000000004,0.9078653474015153,-0.013513513513513487,0,TEST
2025-07-15,Grade 2,1825.0,https://exagri.info/mkt/2025/15.07.2025.html,2025-07-15,observed_source_value,-0.013513513513513487,0.02777777777777768,0.0,-0.034852546916890104,7.0,0.004754754754754731,0.0002659051133104162,-0.008849977742064563,0.02573400863561566,0.05767011850644086,0.01388888888888884,0.0,-0.001641137855579844,-0.014312719416689212,-0.2280577712215198,-0.9736476020539838,-0.4999999999999997,-0.8660254037844388,2025-07-22,1865.0,0.021917808219177992,0.021681066061323948,40.0,7.0,UP,185.21000000000004,0.9078653474015153,0.00831143034850812,1,TEST
2025-07-22,Grade 1,2014.93,https://exagri.info/mkt/2025/22.07.2025.html,2025-07-22,observed_source_value,0.002348013391635817,0.00831143034850812,0.0071076041766646725,-0.009719859929965047,7.0,0.00592234930560287,0.0030778693384732048,-0.004447328697166586,0.007518770704865209,0.011620507476487555,0.01786246508080036,0.01536965274663249,0.007732048992983076,-0.0033028180056756673,-0.34336687399638804,-0.939201357453208,-0.4999999999999997,-0.8660254037844388,2025-07-29,2027.93,0.006451837036522301,0.006431113026810223,13.0,7.0,UP,149.93000000000006,0.9255904671626309,0.021917808219177992,0,TEST
2025-07-22,Grade 2,1865.0,https://exagri.info/mkt/2025/22.07.2025.html,2025-07-22,observed_source_value,0.021917808219177992,-0.013513513513513487,0.02777777777777768,0.0,7.0,0.012060690827814061,0.0002659051133104162,0.0044529141909643525,0.02573400863561566,0.04552439032984753,0.036111111111111205,0.0,0.020240700218818297,0.003767491926802924,-0.34336687399638804,-0.939201357453208,-0.4999999999999997,-0.8660254037844388,2025-07-29,1875.0,0.00536193029490617,0.005347606326595277,10.0,7.0,UP,149.93000000000006,0.9255904671626309,0.002348013391635817,1,TEST
2025-07-29,Grade 1,2027.93,https://exagri.info/mkt/2025/29.07.2025.html,2025-07-29,observed_source_value,0.006451837036522301,0.002348013391635817,0.00831143034850812,0.0071076041766646725,7.0,0.005703760258888746,0.0028998050046731725,-0.0039003390762535227,0.007402172169979029,0.012026122566065106,0.017199695030196027,0.014472236118059145,0.011307284456448352,0.007223652096518096,-0.45370308603134424,-0.8911529104063088,-0.4999999999999997,-0.8660254037844388,2025-08-05,2029.07,0.0005621495810999022,0.0005619916342145484,1.1399999999998727,7.0,UP,152.93000000000006,0.9245881268091107,0.00536193029490617,0,TEST
2025-07-29,Grade 2,1875.0,https://exagri.info/mkt/2025/29.07.2025.html,2025-07-29,observed_source_value,0.00536193029490617,0.021917808219177992,-0.013513513513513487,0.02777777777777768,7.0,0.004588741666856892,0.008308800555669672,-0.006122003890656147,0.016719597528066496,0.026159335384501322,0.013513513513513598,0.04166666666666674,0.01736299511665762,0.015984827959902415,-0.45370308603134424,-0.8911529104063088,-0.4999999999999997,-0.8660254037844388,2025-08-05,1865.0,-0.005333333333333301,-0.005347606326595242,-10.0,7.0,DOWN,152.93000000000006,0.9245881268091107,0.006451837036522301,1,TEST
2025-08-05,Grade 1,2029.07,https://exagri.info/mkt/2025/05.08.2025.html,2025-08-05,observed_source_value,0.0005621495810999022,0.006451837036522301,0.002348013391635817,0.00831143034850812,7.0,0.0031206666697526733,0.004956206906886163,-0.002815282429914312,0.0033254081417077898,0.011874255080586638,0.009382104357256171,0.025005430472274215,0.006904676362524675,0.010769882188846447,-0.5574684374327892,-0.8301981337405212,-0.8660254037844385,-0.5000000000000004,2025-08-12,2022.0,-0.003484354901506559,-0.0034904394038683525,-7.069999999999936,7.0,DOWN,164.06999999999994,0.9191402958005392,-0.005333333333333301,0,TEST
2025-08-05,Grade 2,1865.0,https://exagri.info/mkt/2025/05.08.2025.html,2025-08-05,observed_source_value,-0.005333333333333301,0.00536193029490617,0.021917808219177992,-0.013513513513513487,7.0,0.00731546839358362,0.0072421338890030105,-0.0016553372239894726,0.017532559193432138,0.02117291193271536,0.021917808219177992,0.036111111111111205,0.004849137931034475,0.012486427795874055,-0.5574684374327892,-0.8301981337405212,-0.8660254037844385,-0.5000000000000004,2025-08-12,1950.0,0.04557640750670244,0.0445683194798766,85.0,7.0,UP,164.06999999999994,0.9191402958005392,0.0005621495810999022,1,TEST
2025-08-12,Grade 1,2022.0,https://exagri.info/mkt/2025/12.08.2025.html,2025-08-12,observed_source_value,-0.003484354901506559,0.0005621495810999022,0.006451837036522301,0.002348013391635817,7.0,0.0011765439053718814,0.0028378150912519162,-0.0003865120764408259,0.0047013298980688135,0.00808014809072677,0.0035088067575548276,0.014225236251278917,0.0005799602935034898,0.00767115832846188,-0.65316012232693,-0.7572198192083127,-0.8660254037844385,-0.5000000000000004,2025-08-19,2015.64,-0.003145400593471792,-0.0031503577635047866,-6.3599999999999,7.0,DOWN,72.0,0.9643916913946587,0.04557640750670244,0,TEST
2025-08-12,Grade 2,1950.0,https://exagri.info/mkt/2025/12.08.2025.html,2025-08-12,observed_source_value,0.04557640750670244,-0.005333333333333301,0.00536193029490617,0.021917808219177992,7.0,0.015201668156091771,0.010801859834787963,0.00553388247404919,0.023526623999786982,0.02389904880458119,0.04557640750670244,0.054054054054053946,0.03944562899786774,0.05291576673866083,-0.65316012232693,-0.7572198192083127,-0.8660254037844385,-0.5000000000000004,2025-08-19,1875.0,-0.038461538461538436,-0.03922071315328127,-75.0,7.0,DOWN,72.0,0.9643916913946587,-0.003484354901506559,1,TEST
2025-08-19,Grade 1,2015.64,https://exagri.info/mkt/2025/19.08.2025.html,2025-08-19,observed_source_value,-0.003145400593471792,-0.003484354901506559,0.0005621495810999022,0.006451837036522301,7.0,-0.0020225353046261496,0.0005464489028559338,0.0005371092388961829,0.0041230032179449495,0.007014250391067995,-0.006060366975191411,0.002701210321309766,-0.0031030004243502995,0.0039837779843221455,-0.7393922635959241,-0.673274892250183,-0.8660254037844385,-0.5000000000000004,2025-08-26,2020.21,0.002267269948998729,0.002264703570870553,4.569999999999936,7.0,UP,140.6400000000001,0.9302256355301541,-0.038461538461538436,0,TEST
2025-08-19,Grade 2,1875.0,https://exagri.info/mkt/2025/19.08.2025.html,2025-08-19,observed_source_value,-0.038461538461538436,0.04557640750670244,-0.005333333333333301,0.00536193029490617,7.0,0.0005938452372769021,0.005812254845182973,0.003039079979246695,0.03132559811154116,0.027184624286504266,0.0,0.027397260273972712,-0.005832449628844105,0.009693053311793154,-0.7393922635959241,-0.673274892250183,-0.8660254037844385,-0.5000000000000004,2025-08-26,1865.0,-0.005333333333333301,-0.005347606326595242,-10.0,7.0,DOWN,140.6400000000001,0.9302256355301541,-0.003145400593471792,1,TEST
2025-08-26,Grade 1,2020.21,https://exagri.info/mkt/2025/26.08.2025.html,2025-08-26,observed_source_value,0.002267269948998729,-0.003145400593471792,-0.003484354901506559,0.0005621495810999022,7.0,-0.001454161848659874,0.0005303002143285162,0.0018040847764008606,0.0041143319234611805,0.0058695431533423385,-0.0043665324508271874,0.002620438427141325,-0.001364330662342983,0.004469923727886682,-0.8149159841660791,-0.5795791048257612,-0.8660254037844385,-0.5000000000000004,2025-09-02,2023.21,0.0014849941342731654,0.0014838926208428998,3.0,7.0,UP,155.21000000000004,0.9231713534731537,-0.005333333333333301,0,TEST
2025-08-26,Grade 2,1865.0,https://exagri.info/mkt/2025/26.08.2025.html,2025-08-26,observed_source_value,-0.005333333333333301,-0.038461538461538436,0.04557640750670244,-0.005333333333333301,7.0,0.0005938452372769021,0.000362026534680715,0.0003139658239955656,0.030172349640700195,0.02643747893408893,0.0,0.0,-0.011134676564156898,0.004308023694130414,-0.8149159841660791,-0.5795791048257612,-0.8660254037844385,-0.5000000000000004,2025-09-02,1925.0,0.03217158176943702,0.0316649146439687,60.0,7.0,UP,155.21000000000004,0.9231713534731537,0.002267269948998729,1,TEST
2025-09-02,Grade 1,2023.21,https://exagri.info/mkt/2025/02.09.2025.html,2025-09-02,observed_source_value,0.0014849941342731654,0.002267269948998729,-0.003145400593471792,-0.003484354901506559,7.0,0.00020228782993336747,-0.00046306836612131086,0.0012183683192759308,0.0026750628575187363,0.005538398783568914,0.0005984174085065241,-0.0023274965112207724,0.0005855513232768672,0.004752088381196007,-0.8786374941610001,-0.4774894280028391,-1.0,-1.8369701987210297e-16,2025-09-09,2031.93,0.004309982651331312,0.0043007212774752186,8.720000000000027,7.0,UP,98.21000000000004,0.9514583261253157,0.03217158176943702,0,TEST
2025-09-02,Grade 2,1925.0,https://exagri.info/mkt/2025/02.09.2025.html,2025-09-02,observed_source_value,0.03217158176943702,-0.005333333333333301,-0.038461538461538436,0.04557640750670244,7.0,-0.0038744300084782393,0.005723956829586885,0.007016378692628278,0.033483503458968326,0.02498769324703174,-0.012820512820512775,0.026666666666666616,0.015295358649789037,0.029687082107515472,-0.8786374941610001,-0.4774894280028391,-1.0,-1.8369701987210297e-16,2025-09-09,1925.0,0.0,0.0,0.0,7.0,FLAT,98.21000000000004,0.9514583261253157,0.0014849941342731654,1,TEST
2025-09-09,Grade 1,2031.93,https://exagri.info/mkt/2025/09.09.2025.html,2025-09-09,observed_source_value,0.004309982651331312,0.0014849941342731654,0.002267269948998729,-0.003145400593471792,7.0,0.002687415578201069,0.00028649824792497113,0.002621352577405567,0.00344766365812205,0.004031739952932093,0.008081800321485977,0.0014095127324340595,0.004613867906524183,0.00646547560846944,-0.9296339319682695,-0.3684843993077793,-1.0,-1.8369701987210297e-16,2025-09-16,2017.14,-0.007278794052944737,-0.007305413725778958,-14.789999999999964,7.0,DOWN,106.93000000000006,0.9473751556402041,0.0,0,TEST
2025-09-09,Grade 2,1925.0,https://exagri.info/mkt/2025/09.09.2025.html,2025-09-09,observed_source_value,0.0,0.03217158176943702,-0.005333333333333301,-0.038461538461538436,7.0,0.008946082812034573,0.006790623496253545,0.007016378692628278,0.0331262401379105,0.02498769324703174,0.026666666666666616,0.03217158176943702,0.008909853249475796,0.02284803400637614,-0.9296339319682695,-0.3684843993077793,-1.0,-1.8369701987210297e-16,2025-09-16,1925.0,0.0,0.0,0.0,7.0,FLAT,106.93000000000006,0.9473751556402041,0.004309982651331312,1,TEST
2025-09-16,Grade 1,2017.14,https://exagri.info/mkt/2025/16.09.2025.html,2025-09-16,observed_source_value,-0.007278794052944737,0.004309982651331312,0.0014849941342731654,0.002267269948998729,7.0,-0.0004946057557800865,-0.0004723895823626645,0.001182712754444626,0.004681887953229168,0.004754926660505928,-0.0015196439974062281,-0.002403560830860463,-0.0022190058893188924,-0.002022039088138028,-0.9671667297977312,-0.2541427094613622,-1.0,-1.8369701987210297e-16,2025-09-23,2018.57,0.000708924516890086,0.0007086733486039892,1.4299999999998363,7.0,UP,92.1400000000001,0.954321465044568,0.0,0,TEST
2025-09-16,Grade 2,1925.0,https://exagri.info/mkt/2025/16.09.2025.html,2025-09-16,observed_source_value,0.0,0.0,0.03217158176943702,-0.005333333333333301,7.0,0.01072386058981234,-0.0023246580050869437,0.00423860091485051,0.025078501174399005,0.02394553242587613,0.03217158176943702,-0.012820512820512775,0.011560693641618602,0.018788039163800008,-0.9671667297977312,-0.2541427094613622,-1.0,-1.8369701987210297e-16,2025-09-23,1890.0,-0.018181818181818188,-0.01834913866819654,-35.0,7.0,DOWN,92.1400000000001,0.954321465044568,-0.007278794052944737,1,TEST
2025-09-23,Grade 1,2018.57,https://exagri.info/mkt/2025/23.09.2025.html,2025-09-23,observed_source_value,0.000708924516890086,-0.007278794052944737,0.004309982651331312,0.0014849941342731654,7.0,-0.000753295628241113,0.0002984754397097111,0.0004224621712828225,0.00444296212989372,0.004042963698235719,-0.0022933852640112384,0.001453632593121812,-0.0018009981149356147,-0.001727443704770848,-0.9906923101615609,-0.13612033862266704,-1.0,-1.8369701987210297e-16,2025-09-30,2016.29,-0.0011295124766542708,-0.0011301508566224298,-2.2799999999999727,7.0,DOWN,128.56999999999994,0.9363063951212988,-0.018181818181818188,0,TEST
2025-09-23,Grade 2,1890.0,https://exagri.info/mkt/2025/23.09.2025.html,2025-09-23,observed_source_value,-0.018181818181818188,0.0,0.0,0.03217158176943702,7.0,-0.006060606060606062,0.001731286050857106,0.0037717704480200397,0.01856776018694254,0.024371784750615695,-0.018181818181818188,0.008000000000000007,-0.008394543546694666,-0.0031645569620253333,-0.9906923101615609,-0.13612033862266704,-1.0,-1.8369701987210297e-16,2025-09-30,1880.0,-0.005291005291005346,-0.005305052229693229,-10.0,7.0,DOWN,128.56999999999994,0.9363063951212988,0.000708924516890086,1,TEST
2025-09-30,Grade 1,2016.29,https://exagri.info/mkt/2025/30.09.2025.html,2025-09-30,observed_source_value,-0.0011295124766542708,0.000708924516890086,-0.007278794052944737,0.004309982651331312,7.0,-0.002566460670902974,-0.00038088104542088885,7.470958445381371e-05,0.004324783851555736,0.004008346269922859,-0.007697115550240441,-0.0019403923354502917,-0.00254176750297308,-0.0029220665226320497,-0.9998699583618592,-0.016126573270657762,-1.0,-1.8369701987210297e-16,2025-10-07,2005.21,-0.005495241259937722,-0.005510395641677894,-11.079999999999927,7.0,DOWN,136.28999999999996,0.9324055567403499,-0.005291005291005346,0,TEST
2025-09-30,Grade 2,1880.0,https://exagri.info/mkt/2025/30.09.2025.html,2025-09-30,observed_source_value,-0.005291005291005346,-0.018181818181818188,0.0,0.0,7.0,-0.007824274490941177,0.001739751659322697,0.0010508890970017059,0.018563743182297032,0.023628321733352768,-0.023376623376623384,0.008042895442359255,-0.015191199580932402,-0.00922266139657446,-0.9998699583618592,-0.016126573270657762,-1.0,-1.8369701987210297e-16,2025-10-07,1925.0,0.02393617021276606,0.02365419089788981,45.0,7.0,UP,136.28999999999996,0.9324055567403499,-0.0011295124766542708,1,TEST
2025-10-07,Grade 1,2005.21,https://exagri.info/mkt/2025/07.10.2025.html,2025-10-07,observed_source_value,-0.005495241259937722,-0.0011295124766542708,0.000708924516890086,-0.007278794052944737,7.0,-0.001971943073233969,-0.0017769281242630663,-0.0011199982451921887,0.004683627718890156,0.0036618891339379933,-0.005914314326224246,-0.008896753179353567,-0.006253258454139932,-0.007285906866931424,-0.9945667569706337,0.1041007489354256,-0.8660254037844386,0.5000000000000001,2025-10-14,2000.14,-0.0025284134828770233,-0.0025316153184287054,-5.069999999999936,7.0,DOWN,80.21000000000004,0.9599992020785852,0.02393617021276606,0,TEST
2025-10-07,Grade 2,1925.0,https://exagri.info/mkt/2025/07.10.2025.html,2025-10-07,observed_source_value,0.02393617021276606,-0.005291005291005346,-0.018181818181818188,0.0,7.0,0.00015444891331417576,9.266934798850546e-05,0.002908313088787695,0.015260001276215159,0.024710162255185585,0.0,0.0,0.00838135149292829,0.01182654402102501,-0.9945667569706337,0.1041007489354256,-0.8660254037844386,0.5000000000000001,2025-10-14,1930.0,0.0025974025974024872,0.002594035177046528,5.0,7.0,UP,80.21000000000004,0.9599992020785852,-0.005495241259937722,1,TEST
2025-10-14,Grade 1,2000.14,https://exagri.info/mkt/2025/14.10.2025.html,2025-10-14,observed_source_value,-0.0025284134828770233,-0.005495241259937722,-0.0011295124766542708,0.000708924516890086,7.0,-0.0030510557398230054,-0.0031446073511047336,-0.001429054551589881,0.0032367804047045818,0.0036344607185214654,-0.009130225852955198,-0.01564522399885826,-0.005632696485654787,-0.008375664465745225,-0.9748595108374125,0.22282040779479959,-0.8660254037844386,0.5000000000000001,2025-10-21,1999.36,-0.00038997270191099,-0.0003900487610397399,-0.7800000000002001,7.0,DOWN,70.1400000000001,0.964932454728169,0.0025974025974024872,0,TEST
2025-10-14,Grade 2,1930.0,https://exagri.info/mkt/2025/14.10.2025.html,2025-10-14,observed_source_value,0.0025974025974024872,0.02393617021276606,-0.005291005291005346,-0.018181818181818188,7.0,0.0070808558397210675,0.0006121498674690029,0.003701386681861274,0.015300215331756099,0.02454295857481207,0.021164021164021163,0.0025974025974024872,0.010471204188481575,0.011000523834468368,-0.9748595108374125,0.22282040779479959,-0.8660254037844386,0.5000000000000001,2025-10-21,1930.0,0.0,0.0,0.0,7.0,FLAT,70.1400000000001,0.964932454728169,-0.0025284134828770233,1,TEST
2025-10-21,Grade 1,1999.36,https://exagri.info/mkt/2025/21.10.2025.html,2025-10-21,observed_source_value,-0.00038997270191099,-0.0025284134828770233,-0.005495241259937722,-0.0011295124766542708,7.0,-0.002804542481575245,-0.001766843080897984,-0.0011196163316303243,0.002393341283472451,0.0035712066723934456,-0.008396609614688355,-0.008814460077139041,-0.004260142615669871,-0.007648515711470849,-0.9410336347451197,0.3383130181923076,-0.8660254037844386,0.5000000000000001,2025-10-28,1982.86,-0.00825264084507038,-0.008286882404522765,-16.5,7.0,DOWN,69.3599999999999,0.9653088988476313,0.0,0,TEST
2025-10-21,Grade 2,1930.0,https://exagri.info/mkt/2025/21.10.2025.html,2025-10-21,observed_source_value,0.0,0.0025974025974024872,0.02393617021276606,-0.005291005291005346,7.0,0.008844524270056183,0.0006121498674690029,-0.0008562540688089703,0.015300215331756099,0.019645958992487632,0.02659574468085113,0.0025974025974024872,0.009942438513867113,0.012060828526481382,-0.9410336347451197,0.3383130181923076,-0.8660254037844386,0.5000000000000001,2025-10-28,1875.0,-0.02849740932642486,-0.028911343494420035,-55.0,7.0,DOWN,69.3599999999999,0.9653088988476313,-0.00038997270191099,1,TEST
2025-10-28,Grade 1,1982.86,https://exagri.info/mkt/2025/28.10.2025.html,2025-10-28,observed_source_value,-0.00825264084507038,-0.00038997270191099,-0.0025284134828770233,-0.005495241259937722,7.0,-0.0037236756766194645,-0.003559156153290077,-0.001630340356790183,0.003270571306700217,0.004202505871601219,-0.011145964761795635,-0.017690741465492876,-0.008952544317893385,-0.014234210228029842,-0.8935790198239952,0.4489059314938798,-0.8660254037844386,0.5000000000000001,2025-11-04,1994.86,0.006051864478581415,0.006033625496321755,12.0,7.0,UP,107.8599999999999,0.9456038247783505,-0.02849740932642486,0,TEST
2025-10-28,Grade 2,1875.0,https://exagri.info/mkt/2025/28.10.2025.html,2025-10-28,observed_source_value,-0.02849740932642486,0.0,0.0025974025974024872,0.02393617021276606,7.0,-0.008633335576340792,-0.0014509683614523316,0.00014015884470238715,0.018770037786889668,0.017681192158731807,-0.025974025974025983,-0.007936507936507908,-0.01729559748427678,-0.01678028316727842,-0.8935790198239952,0.4489059314938798,-0.8660254037844386,0.5000000000000001,2025-11-04,1925.0,0.026666666666666616,0.026317308317373358,50.0,7.0,UP,107.8599999999999,0.9456038247783505,-0.00825264084507038,1,TEST
2025-11-04,Grade 1,1994.86,https://exagri.info/mkt/2025/04.11.2025.html,2025-11-04,observed_source_value,0.006051864478581415,-0.00825264084507038,-0.00038997270191099,-0.0025284134828770233,7.0,-0.0008635830227999852,-0.0021228807622429404,-0.0012518809038319146,0.005452995985810182,0.004729835443097884,-0.002639815212935215,-0.010628431426034979,-0.0008144309551884055,-0.00701707403393903,-0.8331829385891785,0.5529974600700271,-0.5000000000000004,0.8660254037844384,2025-11-11,1990.07,-0.0024011710094943295,-0.00240405844367765,-4.789999999999964,7.0,DOWN,69.8599999999999,0.9649799985963928,0.026666666666666616,0,TEST
2025-11-04,Grade 2,1925.0,https://exagri.info/mkt/2025/04.11.2025.html,2025-11-04,observed_source_value,0.026666666666666616,-0.02849740932642486,0.0,0.0025974025974024872,7.0,-0.0006102475532527482,0.0049405660300820605,0.003340158844702379,0.022253394295300197,0.019393347960323645,-0.002590673575129543,0.02393617021276606,0.004173187271778733,0.006272869837950834,-0.8331829385891785,0.5529974600700271,-0.5000000000000004,0.8660254037844384,2025-11-11,1850.0,-0.038961038961038974,-0.03974032864951411,-75.0,7.0,DOWN,69.8599999999999,0.9649799985963928,0.006051864478581415,1,TEST
2025-11-11,Grade 1,1990.07,https://exagri.info/mkt/2025/11.11.2025.html,2025-11-11,observed_source_value,-0.0024011710094943295,0.006051864478581415,-0.00825264084507038,-0.00038997270191099,7.0,-0.0015339824586610984,-0.0015040667121542616,-0.001640497418208664,0.005141270195132108,0.004638752762080343,-0.004646486875800271,-0.007550331386737552,-0.0016995592583340935,-0.007764592203098997,-0.7607200913564104,0.6490800741100398,-0.5000000000000004,0.8660254037844384,2025-11-18,1995.43,0.0026933725949338516,0.002689751966643219,5.360000000000127,7.0,UP,140.06999999999994,0.9296155411618687,-0.038961038961038974,0,TEST
2025-11-11,Grade 2,1850.0,https://exagri.info/mkt/2025/11.11.2025.html,2025-11-11,observed_source_value,-0.038961038961038974,0.026666666666666616,-0.02849740932642486,0.0,7.0,-0.01359726054026574,-0.007638875804678947,-0.00377310322834522,0.02624957327657417,0.020648037089188873,-0.041450777202072575,-0.038961038961038974,-0.02733964248159837,-0.029126213592232997,-0.7607200913564104,0.6490800741100398,-0.5000000000000004,0.8660254037844384,2025-11-18,1865.0,0.008108108108108025,0.008075414005545331,15.0,7.0,UP,140.06999999999994,0.9296155411618687,-0.0024011710094943295,1,TEST
2025-11-18,Grade 1,1995.43,https://exagri.info/mkt/2025/18.11.2025.html,2025-11-18,observed_source_value,0.0026933725949338516,-0.0024011710094943295,0.006051864478581415,-0.00825264084507038,7.0,0.002114688688006979,-0.0004597094965920867,-0.00180215842384841,0.005404776529583093,0.004431893476893131,0.006339328041314207,-0.002354835161538671,0.0014624725723657583,-0.0032782332405757453,-0.6772399381909491,0.7357622347736527,-0.5000000000000004,0.8660254037844384,2025-11-25,1990.64,-0.002400485108472794,-0.002403370891962665,-4.789999999999964,7.0,DOWN,130.43000000000006,0.9346356424429821,0.008108108108108025,0,TEST
2025-11-18,Grade 2,1865.0,https://exagri.info/mkt/2025/18.11.2025.html,2025-11-18,observed_source_value,0.008108108108108025,-0.038961038961038974,0.026666666666666616,-0.02849740932642486,7.0,-0.001395421395421444,-0.0065367347025378384,-0.0029622924175344177,0.02689457622174244,0.02096935768069715,-0.005333333333333301,-0.033678756476683946,-0.012705134992059275,-0.01816267438799679,-0.6772399381909491,0.7357622347736527,-0.5000000000000004,0.8660254037844384,2025-11-25,1725.0,-0.07506702412868638,-0.07803400261245584,-140.0,7.0,DOWN,130.43000000000006,0.9346356424429821,0.0026933725949338516,1,TEST
2025-11-25,Grade 1,1990.64,https://exagri.info/mkt/2025/25.11.2025.html,2025-11-25,observed_source_value,-0.002400485108472794,0.0026933725949338516,-0.0024011710094943295,0.006051864478581415,7.0,-0.000702761174344424,-0.0008618119779044475,-0.0013143275294012157,0.005472653654002779,0.004010538690702919,-0.0021154366722475615,-0.004361395646606869,-6.630593558687448e-05,-0.004352929937484484,-0.5839514998576998,0.8117885474764613,-0.5000000000000004,0.8660254037844384,2025-12-02,1989.75,-0.00044709239239648646,-0.00044719236800015423,-0.8900000000001,7.0,DOWN,265.6400000000001,0.8665554796447373,-0.07506702412868638,0,TEST
2025-11-25,Grade 2,1725.0,https://exagri.info/mkt/2025/25.11.2025.html,2025-11-25,observed_source_value,-0.07506702412868638,0.008108108108108025,-0.038961038961038974,0.026666666666666616,7.0,-0.03530665166053911,-0.021550139528275114,-0.010468994830403056,0.04006224209446293,0.03088371919436168,-0.10389610389610393,-0.10621761658031093,-0.0665584415584416,-0.08220271348762964,-0.5839514998576998,0.8117885474764613,-0.5000000000000004,0.8660254037844384,2025-12-02,1800.0,0.04347826086956519,0.0425596144187959,75.0,7.0,UP,265.6400000000001,0.8665554796447373,-0.002400485108472794,1,TEST
2025-12-02,Grade 1,1989.75,https://exagri.info/mkt/2025/02.12.2025.html,2025-12-02,observed_source_value,-0.00044709239239648646,-0.002400485108472794,0.0026933725949338516,-0.0024011710094943295,7.0,-5.1401635311809635e-05,0.0006992977126303312,-0.001429929220329873,0.003645616399463272,0.003962107965004989,-0.00016079836387661306,0.003474778854785532,-0.001204728559596413,-0.0033614480823818127,-0.4822058478963526,0.8760579434344281,-2.4492935982947064e-16,1.0,2025-12-09,1988.57,-0.0005930393265486389,-0.0005932152439241084,-1.1800000000000637,7.0,DOWN,189.75,0.9046362608367885,0.04347826086956519,0,TEST
2025-12-02,Grade 2,1800.0,https://exagri.info/mkt/2025/02.12.2025.html,2025-12-02,observed_source_value,0.04347826086956519,-0.07506702412868638,0.008108108108108025,-0.038961038961038974,7.0,-0.00782688505033772,-0.007155005489077104,-0.004302986925264718,0.04889852208186509,0.03504736354029595,-0.027027027027026973,-0.040000000000000036,-0.018003273322422242,-0.03769045709703289,-0.4822058478963526,0.8760579434344281,-2.4492935982947064e-16,1.0,2025-12-09,1875.0,0.04166666666666674,0.0408219945202552,75.0,7.0,UP,189.75,0.9046362608367885,-0.00044709239239648646,1,TEST
2025-12-09,Grade 1,1988.57,https://exagri.info/mkt/2025/09.12.2025.html,2025-12-09,observed_source_value,-0.0005930393265486389,-0.00044709239239648646,-0.002400485108472794,0.0026933725949338516,7.0,-0.001146872275805973,-0.0006296830483956794,-0.0013762819053193098,0.0020827440103818543,0.003970251179677257,-0.003437855499817122,-0.0031531034759331167,-0.0011663113820337134,-0.0025676020683265133,-0.37347653741307074,0.9276396261490467,-2.4492935982947064e-16,1.0,2025-12-16,1994.43,0.002946841197443373,0.002942507772112099,5.860000000000127,7.0,UP,113.56999999999994,0.9428886083969888,0.04166666666666674,0,TEST
2025-12-09,Grade 2,1875.0,https://exagri.info/mkt/2025/09.12.2025.html,2025-12-09,observed_source_value,0.04166666666666674,0.04347826086956519,-0.07506702412868638,0.008108108108108025,7.0,0.003359301135848517,-0.004155005489077079,0.00039278027050249076,0.05186258770017871,0.037927694067694556,0.00536193029490617,-0.025974025974025983,0.02852441031267139,0.002673796791443861,-0.37347653741307074,0.9276396261490467,-2.4492935982947064e-16,1.0,2025-12-16,1860.0,-0.008000000000000007,-0.008032171697264267,-15.0,7.0,DOWN,113.56999999999994,0.9428886083969888,-0.0005930393265486389,1,TEST
2025-12-16,Grade 1,1994.43,https://exagri.info/mkt/2025/16.12.2025.html,2025-12-16,observed_source_value,0.002946841197443373,-0.0005930393265486389,-0.00044709239239648646,-0.002400485108472794,7.0,0.0006355698261660825,0.000439919392991861,-0.0005320736595812003,0.0023067509414093634,0.0038939089392205813,0.0019039103002049806,0.0021908777078194497,0.0013385119923847721,0.0009128726078497795,-0.2593382659754056,0.9657865518844574,-2.4492935982947064e-16,1.0,2025-12-23,2007.31,0.006457985489588536,0.006437222046695215,12.879999999999882,7.0,UP,134.43000000000006,0.9325972834343647,-0.008000000000000007,0,TEST
2025-12-16,Grade 2,1860.0,https://exagri.info/mkt/2025/16.12.2025.html,2025-12-16,observed_source_value,-0.008000000000000007,0.04166666666666674,0.04347826086956519,-0.07506702412868638,7.0,0.025714975845410642,0.002037202303130714,-0.002800836750774116,0.048400720144082594,0.037059629801987556,0.07826086956521738,0.00540540540540535,0.019178082191780854,-0.0018781862087470236,-0.2593382659754056,0.9657865518844574,-2.4492935982947064e-16,1.0,2025-12-23,1725.0,-0.07258064516129037,-0.07534943724178685,-135.0,7.0,DOWN,134.43000000000006,0.9325972834343647,0.002946841197443373,1,TEST
2025-12-23,Grade 1,2007.31,https://exagri.info/mkt/2025/23.12.2025.html,2025-12-23,observed_source_value,0.006457985489588536,0.002946841197443373,-0.0005930393265486389,-0.00044709239239648646,7.0,0.0029372624534944234,0.001192841971922798,0.0003665662376653556,0.0035209730822286698,0.004387643748984937,0.008825229300163384,0.005953603985105804,0.006604350747690724,0.007014400038528601,-0.14144406768794202,0.9899462489023779,-2.4492935982947064e-16,1.0,2025-12-30,1990.5,-0.008374391598706676,-0.00840965382047005,-16.809999999999945,7.0,DOWN,282.30999999999995,0.8593590426989354,-0.07258064516129037,0,TEST
2025-12-23,Grade 2,1725.0,https://exagri.info/mkt/2025/23.12.2025.html,2025-12-23,observed_source_value,-0.07258064516129037,-0.008000000000000007,0.04166666666666674,0.04347826086956519,7.0,-0.012971326164874545,-0.014100548350748966,-0.010318641526643402,0.05830812791532573,0.04299309019005341,-0.04166666666666663,-0.07506702412868638,-0.04006677796327207,-0.06402604449267502,-0.14144406768794202,0.9899462489023779,-2.4492935982947064e-16,1.0,2025-12-30,1840.0,0.06666666666666665,0.06453852113757116,115.0,7.0,UP,282.30999999999995,0.8593590426989354,0.006457985489588536,1,TEST
2025-12-30,Grade 1,1990.5,https://exagri.info/mkt/2025/30.12.2025.html,2025-12-30,observed_source_value,-0.008374391598706676,0.006457985489588536,0.002946841197443373,-0.0005930393265486389,7.0,0.00034347836277507743,-1.939326123978624e-06,-0.0004318756520142131,0.005501623685799022,0.005193154224877282,0.0009705466742433444,-7.032914037696791e-05,-0.0018113325630658705,-0.000974683328297532,-0.021501372740813793,0.999768818762748,-2.4492935982947064e-16,1.0,2026-01-06,1989.43,-0.0005375533785481057,-0.0005376979121641766,-1.0699999999999363,7.0,DOWN,150.5,0.9243908565687013,0.06666666666666665,0,TEST
2025-12-30,Grade 2,1840.0,https://exagri.info/mkt/2025/30.12.2025.html,2025-12-30,observed_source_value,0.06666666666666665,-0.07258064516129037,-0.008000000000000007,0.04166666666666674,7.0,-0.004637992831541242,0.014246189808321642,-0.0036519748599767366,0.055650910045463346,0.04945421126549478,-0.01866666666666672,0.06666666666666665,0.01098901098901095,0.0032715376226826187,-0.021501372740813793,0.999768818762748,-2.4492935982947064e-16,1.0,2026-01-06,1865.0,0.013586956521739024,0.013495481474884509,25.0,7.0,UP,150.5,0.9243908565687013,-0.008374391598706676,1,TEST
2026-01-06,Grade 1,1989.43,https://exagri.info/mkt/2026/06.01.2026.html,2026-01-06,observed_source_value,-0.0005375533785481057,-0.008374391598706676,0.006457985489588536,0.002946841197443373,7.0,-0.0008179864958887487,-2.0031523354302473e-05,0.0003396330946380144,0.005503601939714539,0.004417316925032465,-0.0025069819447159913,-0.00016082422414875897,-0.002315892094874261,-0.0018408518593404644,0.10303137904317879,0.9946781061893646,0.49999999999999994,0.8660254037844387,2026-01-13,1978.5,-0.0054940359801551875,-0.005509183702728805,-10.930000000000064,7.0,DOWN,124.43000000000006,0.9374544467510795,0.013586956521739024,0,TEST
2026-01-06,Grade 2,1865.0,https://exagri.info/mkt/2026/06.01.2026.html,2026-01-06,observed_source_value,0.013586956521739024,0.06666666666666665,-0.07258064516129037,-0.008000000000000007,7.0,0.002557659342371769,0.008267928938756408,0.0005564617248396519,0.053280666640036244,0.04889245211402772,0.0026881720430107503,0.036111111111111205,0.017457719585379117,0.017457719585379117,0.10303137904317879,0.9946781061893646,0.49999999999999994,0.8660254037844387,2026-01-13,1900.0,0.018766756032171594,0.018592833076615925,35.0,7.0,UP,124.43000000000006,0.9374544467510795,-0.0005375533785481057,1,TEST
2026-01-13,Grade 1,1978.5,https://exagri.info/mkt/2026/13.01.2026.html,2026-01-13,observed_source_value,-0.0054940359801551875,-0.0005375533785481057,-0.008374391598706676,0.006457985489588536,7.0,-0.0048019936524699896,-0.0010002308540756123,-0.0008149569512356458,0.006041336161275513,0.004264654800355927,-0.014352541460960211,-0.005063940419497426,-0.0067940607439431755,-0.006509284882520894,0.22177215755648186,0.975098513039961,0.49999999999999994,0.8660254037844387,2026-01-20,1997.93,0.009820571139752321,0.00977266273424362,19.430000000000064,7.0,UP,78.5,0.960323477381855,0.018766756032171594,0,TEST
2026-01-13,Grade 2,1900.0,https://exagri.info/mkt/2026/13.01.2026.html,2026-01-13,observed_source_value,0.018766756032171594,0.013586956521739024,0.06666666666666665,-0.07258064516129037,7.0,0.033006793073525754,0.0036879468118573787,-0.00023352933860985026,0.05060925374260324,0.048485826132036405,0.10144927536231885,0.01333333333333342,0.0337323177366704,0.03796776836929805,0.22177215755648186,0.975098513039961,0.49999999999999994,0.8660254037844387,2026-01-20,1930.0,0.015789473684210575,0.015666116744399456,30.0,7.0,UP,78.5,0.960323477381855,-0.0054940359801551875,1,TEST
2026-01-20,Grade 1,1997.93,https://exagri.info/mkt/2026/20.01.2026.html,2026-01-20,observed_source_value,0.009820571139752321,-0.0054940359801551875,-0.0005375533785481057,-0.008374391598706676,7.0,0.0012629939270163426,0.00037451513438617744,0.0004072172636890192,0.007714462324101559,0.00536808272948234,0.003732730469731216,0.0017548873613011384,0.0026074729492246984,0.0028515511866238352,0.3373010691361842,0.9413968285264122,0.49999999999999994,0.8660254037844387,2026-01-27,1964.07,-0.016947540704629338,-0.017092793732594837,-33.86000000000013,7.0,DOWN,67.93000000000006,0.9659998098031463,0.015789473684210575,0,TEST
2026-01-20,Grade 2,1930.0,https://exagri.info/mkt/2026/20.01.2026.html,2026-01-20,observed_source_value,0.015789473684210575,0.018766756032171594,0.013586956521739024,0.06666666666666665,7.0,0.016047728746040397,0.008445841548699495,0.005241521925915105,0.050353344719750066,0.04668455940574497,0.048913043478260976,0.037634408602150504,0.04211663066954641,0.04976883328800663,0.3373010691361842,0.9413968285264122,0.49999999999999994,0.8660254037844387,2026-01-27,1930.0,0.0,0.0,0.0,7.0,FLAT,67.93000000000006,0.9659998098031463,0.009820571139752321,1,TEST
2026-01-27,Grade 1,1964.07,https://exagri.info/mkt/2026/27.01.2026.html,2026-01-27,observed_source_value,-0.016947540704629338,0.009820571139752321,-0.0054940359801551875,-0.0005375533785481057,7.0,-0.004207001848344068,-0.0043065901044573975,-0.0015568740662672998,0.009893596305712505,0.00757724209672427,-0.012747369849655521,-0.02154126667031997,-0.010088272383354413,-0.012590033849258386,0.44794493940789115,0.8940611451454876,0.49999999999999994,0.8660254037844387,2026-02-03,1973.0,0.004546681126436525,0.00453637619548761,8.930000000000064,7.0,UP,34.069999999999936,0.9826533677516586,0.0,0,TEST
2026-01-27,Grade 2,1930.0,https://exagri.info/mkt/2026/27.01.2026.html,2026-01-27,observed_source_value,0.0,0.015789473684210575,0.018766756032171594,0.013586956521739024,7.0,0.011518743238794057,0.02296197058095757,0.004430711115104302,0.025467076679311217,0.04669964891163223,0.034852546916890104,0.11884057971014483,0.01954569466455358,0.046070460704606964,0.44794493940789115,0.8940611451454876,0.49999999999999994,0.8660254037844387,2026-02-03,1850.0,-0.041450777202072575,-0.04233436382656077,-80.0,7.0,DOWN,34.069999999999936,0.9826533677516586,-0.016947540704629338,1,TEST
2026-02-03,Grade 1,1973.0,https://exagri.info/mkt/2026/03.02.2026.html,2026-02-03,observed_source_value,0.004546681126436525,-0.016947540704629338,0.009820571139752321,-0.0054940359801551875,7.0,-0.0008600961461468307,-0.0017223755594287572,-0.0008621574427763679,0.010246652744422217,0.007806313503694287,-0.0027798837503159035,-0.008791760864104492,-0.0038301795529201987,-0.007220171192880431,0.5521013427459208,0.8337770129585915,0.8660254037844386,0.5000000000000001,2026-02-10,1983.86,0.00550430816016223,0.005489214816281168,10.8599999999999,7.0,UP,123.0,0.937658388241257,-0.041450777202072575,0,TEST
2026-02-03,Grade 2,1850.0,https://exagri.info/mkt/2026/03.02.2026.html,2026-02-03,observed_source_value,-0.041450777202072575,0.0,0.015789473684210575,0.018766756032171594,7.0,-0.008553767839287333,0.0013384818072097238,0.0077923358077656825,0.024976555315103705,0.04123096292269212,-0.02631578947368418,0.005434782608695565,-0.0237467018469657,-0.004037685060565233,0.5521013427459208,0.8337770129585915,0.8660254037844386,0.5000000000000001,2026-02-10,1770.0,-0.043243243243243246,-0.04420609250449568,-80.0,7.0,DOWN,123.0,0.937658388241257,0.004546681126436525,1,TEST
2026-02-10,Grade 1,1983.86,https://exagri.info/mkt/2026/10.02.2026.html,2026-02-10,observed_source_value,0.00550430816016223,0.004546681126436525,-0.016947540704629338,0.009820571139752321,7.0,-0.002298850472676861,-0.0005140032516866899,-0.0002670173875204962,0.010764477526466464,0.008064079909528095,-0.007042288768875915,-0.0027997969267580247,0.002216752750228146,-0.0014596629688536922,0.6482618097757122,0.7614175109532997,0.8660254037844386,0.5000000000000001,2026-02-17,1994.93,0.00558003084895109,0.005564520150180744,11.070000000000164,7.0,UP,213.8599999999999,0.8922000544393254,-0.043243243243243246,0,TEST
2026-02-10,Grade 2,1770.0,https://exagri.info/mkt/2026/10.02.2026.html,2026-02-10,observed_source_value,-0.043243243243243246,-0.041450777202072575,0.0,0.015789473684210575,7.0,-0.028231340148438606,-0.01002755814578673,-0.000879814603515161,0.030359858432681748,0.042003986432226935,-0.08290155440414504,-0.05093833780160861,-0.05650319829424311,-0.045564842275546025,0.6482618097757122,0.7614175109532997,0.8660254037844386,0.5000000000000001,2026-02-17,1865.0,0.053672316384180796,0.0522815065100411,95.0,7.0,UP,213.8599999999999,0.8922000544393254,0.00550430816016223,1,TEST
2026-02-17,Grade 1,1994.93,https://exagri.info/mkt/2026/17.02.2026.html,2026-02-17,observed_source_value,0.00558003084895109,0.00550430816016223,0.004546681126436525,-0.016947540704629338,7.0,0.0052103400451832815,0.0017008101141345656,0.00035028963002947666,0.010621975335209808,0.008269995743120127,0.015712270947573215,0.008304270912307343,0.006138923660880646,0.0037908901899772474,0.7350336741329413,0.6780306024735382,0.8660254037844386,0.5000000000000001,2026-02-24,2008.36,0.006732065786769326,0.00670950662181554,13.429999999999836,7.0,UP,129.93000000000006,0.9348698951842922,0.053672316384180796,0,TEST
2026-02-17,Grade 2,1865.0,https://exagri.info/mkt/2026/17.02.2026.html,2026-02-17,observed_source_value,0.053672316384180796,-0.043243243243243246,-0.041450777202072575,0.0,7.0,-0.010340568020378341,-0.0030464460753848897,0.00032075036823624447,0.0408404391310469,0.0435001050446997,-0.033678756476683946,-0.018421052631578894,-0.0021401819154628354,0.0062044780145671385,0.7350336741329413,0.6780306024735382,0.8660254037844386,0.5000000000000001,2026-02-24,1650.0,-0.11528150134048254,-0.12248576518328959,-215.0,7.0,DOWN,129.93000000000006,0.9348698951842922,0.00558003084895109,1,TEST
2026-02-24,Grade 1,2008.36,https://exagri.info/mkt/2026/24.02.2026.html,2026-02-24,observed_source_value,0.006732065786769326,0.00558003084895109,0.00550430816016223,0.004546681126436525,7.0,0.005938801598627548,0.0010831090435379665,0.000728812088962072,0.010109162694734166,0.00848585529424868,0.017921946274708445,0.005220403117226269,0.011847782495752801,0.00984066182988741,0.8111602420785621,0.5848239578463322,0.8660254037844386,0.5000000000000001,2026-03-03,2017.36,0.004481268298512253,0.004471257312531194,9.0,7.0,UP,358.3599999999999,0.8215658547272402,-0.11528150134048254,0,TEST
2026-02-24,Grade 2,1650.0,https://exagri.info/mkt/2026/24.02.2026.html,2026-02-24,observed_source_value,-0.11528150134048254,0.053672316384180796,-0.043243243243243246,-0.041450777202072575,7.0,-0.03495080939984833,-0.029260641080323512,-0.010407399765812009,0.062204826042783566,0.056934705204537056,-0.10810810810810811,-0.14507772020725385,-0.08990623276337562,-0.09959072305593453,0.8111602420785621,0.5848239578463322,0.8660254037844386,0.5000000000000001,2026-03-03,1900.0,0.1515151515151516,0.1410785982599056,250.0,7.0,UP,358.3599999999999,0.8215658547272402,0.006732065786769326,1,TEST
2026-03-03,Grade 1,2017.36,https://exagri.info/mkt/2026/03.03.2026.html,2026-03-03,observed_source_value,0.004481268298512253,0.006732065786769326,0.00558003084895109,0.00550430816016223,7.0,0.0055977883114108895,0.005368870844166285,0.0005311403698544437,0.0009199275075890606,0.008359654560507678,0.01688627221678951,0.027132434180044518,0.010953634724495398,0.013853695407665123,0.8755389928586302,0.4831474640149687,1.0,6.123233995736766e-17,2026-03-10,2015.07,-0.0011351469246936308,-0.0011357916919471794,-2.2899999999999636,7.0,DOWN,117.3599999999999,0.9418249593528176,0.1515151515151516,0,TEST
2026-03-03,Grade 2,1900.0,https://exagri.info/mkt/2026/03.03.2026.html,2026-03-03,observed_source_value,0.1515151515151516,-0.11528150134048254,0.053672316384180796,-0.043243243243243246,7.0,0.02996865551961662,0.0010423892227068078,0.012002179901832189,0.10333210461469695,0.07188382098302236,0.07344632768361592,-0.015544041450777257,0.051466519092418395,0.027027027027026973,0.8755389928586302,0.4831474640149687,1.0,6.123233995736766e-17,2026-03-10,1880.0,-0.010526315789473717,-0.010582109330536972,-20.0,7.0,DOWN,117.3599999999999,0.9418249593528176,0.004481268298512253,1,TEST
2026-03-10,Grade 1,2015.07,https://exagri.info/mkt/2026/10.03.2026.html,2026-03-10,observed_source_value,-0.0011351469246936308,0.004481268298512253,0.006732065786769326,0.00558003084895109,7.0,0.0033593957201959825,0.004232505233940254,0.0012550648372557482,0.0031046208980348715,0.007797305565236672,0.010095592326547775,0.021322858590978155,0.005566101573119875,0.01145387805050646,0.9272375462179537,0.374473674486883,1.0,6.123233995736766e-17,2026-03-17,2033.0,0.00889795391723358,0.008858600396869781,17.930000000000064,7.0,UP,135.06999999999994,0.9329700705186421,-0.010526315789473717,0,TEST
2026-03-10,Grade 2,1880.0,https://exagri.info/mkt/2026/10.03.2026.html,2026-03-10,observed_source_value,-0.010526315789473717,0.1515151515151516,-0.11528150134048254,0.053672316384180796,7.0,0.008569111461731782,0.00722728150522658,0.0042828816562181515,0.101053199672912,0.06946542291183104,0.008042895442359255,0.016216216216216273,0.03695532266960844,0.014023732470334505,0.9272375462179537,0.374473674486883,1.0,6.123233995736766e-17,2026-03-17,1865.0,-0.007978723404255317,-0.008010723746078972,-15.0,7.0,DOWN,135.06999999999994,0.9329700705186421,-0.0011351469246936308,1,TEST
2026-03-17,Grade 1,2033.0,https://exagri.info/mkt/2026/17.03.2026.html,2026-03-17,observed_source_value,0.00889795391723358,-0.0011351469246936308,0.004481268298512253,0.006732065786769326,7.0,0.004081358430350734,0.004911234385354524,0.0021986155668339167,0.003755004863860307,0.008120475905097178,0.012268716763926824,0.02476989303680699,0.00956228795715841,0.01822691284418365,0.9655071658143364,0.2603764827344581,1.0,6.123233995736766e-17,2026-03-24,2015.57,-0.008573536645351765,-0.00861050083820691,-17.430000000000064,7.0,DOWN,168.0,0.9173635022134776,-0.007978723404255317,0,TEST
2026-03-17,Grade 2,1865.0,https://exagri.info/mkt/2026/17.03.2026.html,2026-03-17,observed_source_value,-0.007978723404255317,-0.010526315789473717,0.1515151515151516,-0.11528150134048254,7.0,0.044336704107140856,0.014280185473024166,0.0021263136636187176,0.09782922377996271,0.06947923600085668,0.13030303030303036,0.053672316384180796,0.01801310043668125,0.0059331175836030425,0.9655071658143364,0.2603764827344581,1.0,6.123233995736766e-17,2026-03-24,1775.0,-0.04825737265415553,-0.04946063016839978,-90.0,7.0,DOWN,168.0,0.9173635022134776,0.00889795391723358,1,TEST
2026-03-24,Grade 1,2015.57,https://exagri.info/mkt/2026/24.03.2026.html,2026-03-24,observed_source_value,-0.008573536645351765,0.00889795391723358,-0.0011351469246936308,0.004481268298512253,7.0,-0.0002702432176039382,0.0020805208864939527,0.0018906655003142591,0.007030777207893838,0.008494398175999306,-0.0008872982511797245,0.010346227687186849,-0.0011408057597309673,0.00762629885792987,0.9897936029670716,0.14250832791617088,1.0,6.123233995736766e-17,2026-03-31,2029.14,0.006732586811671215,0.006710024162464905,13.570000000000164,7.0,UP,240.56999999999994,0.8806441850196223,-0.04825737265415553,0,TEST
2026-03-24,Grade 2,1775.0,https://exagri.info/mkt/2026/24.03.2026.html,2026-03-24,observed_source_value,-0.04825737265415553,-0.007978723404255317,-0.010526315789473717,0.1515151515151516,7.0,-0.02225413728262819,-0.0061057523346431,-0.004576099205013995,0.0981879600547572,0.07091361431699468,-0.06578947368421051,-0.04825737265415553,-0.02149944873208376,-0.036111865327178916,0.9897936029670716,0.14250832791617088,1.0,6.123233995736766e-17,2026-03-31,1785.0,0.005633802816901401,0.005617992304223274,10.0,7.0,UP,240.56999999999994,0.8806441850196223,-0.008573536645351765,1,TEST
2026-03-31,Grade 1,2029.14,https://exagri.info/mkt/2026/31.03.2026.html,2026-03-31,observed_source_value,0.006732586811671215,-0.008573536645351765,0.00889795391723358,-0.0011351469246936308,7.0,0.002352334694517677,0.0020806250914743307,0.0015818670675061485,0.00703086338842503,0.008225978071976316,0.0069823877086157005,0.010346750582564956,0.0035172608885734036,0.012829958131929331,0.9997451236925734,0.022576263041545485,1.0,6.123233995736766e-17,2026-04-07,2026.86,-0.001123628729412518,-0.0011242604734481353,-2.2800000000002,7.0,DOWN,244.1400000000001,0.8796830184215972,0.005633802816901401,0,TEST
2026-03-31,Grade 2,1785.0,https://exagri.info/mkt/2026/31.03.2026.html,2026-03-31,observed_source_value,0.005633802816901401,-0.04825737265415553,-0.007978723404255317,-0.010526315789473717,7.0,-0.016867431080503148,0.01807730849683369,-0.005591666291744912,0.07722996961532153,0.07066182218819873,-0.05053191489361697,0.08181818181818179,-0.03041825095057038,-0.02298850574712641,0.9997451236925734,0.022576263041545485,1.0,6.123233995736766e-17,2026-04-07,1775.0,-0.0056022408963585235,-0.005617992304223261,-10.0,7.0,DOWN,244.1400000000001,0.8796830184215972,0.006732586811671215,1,TEST
2026-04-07,Grade 1,2026.86,https://exagri.info/mkt/2026/07.04.2026.html,2026-04-07,observed_source_value,-0.001123628729412518,0.006732586811671215,-0.008573536645351765,0.00889795391723358,7.0,-0.0009881928543643559,0.0009596456858893765,0.0031642582650278305,0.006999166745928135,0.005248720196039806,-0.003020167240531335,0.004709124796764108,0.001448668134439668,0.008531060374232124,0.9952176027737294,-0.09768276782171598,0.8660254037844387,-0.4999999999999998,2026-04-21,2026.64,-0.00010854227721690535,-0.0001085481683561727,-0.2199999999997999,14.0,DOWN,251.8599999999999,0.8757388275460565,-0.0056022408963585235,0,TEST
2026-04-07,Grade 2,1775.0,https://exagri.info/mkt/2026/07.04.2026.html,2026-04-07,observed_source_value,-0.0056022408963585235,0.005633802816901401,-0.04825737265415553,-0.007978723404255317,7.0,-0.01607527024453755,-0.013346169985468337,-0.006151890381380765,0.020468029567955733,0.0706347670958836,-0.04825737265415553,-0.06578947368421051,-0.022577092511013253,-0.020149047750482985,0.9952176027737294,-0.09768276782171598,0.8660254037844387,-0.4999999999999998,2026-04-21,1915.0,0.07887323943661961,0.0759171997052301,140.0,14.0,UP,251.8599999999999,0.8757388275460565,-0.001123628729412518,1,TEST
2026-04-21,Grade 1,2026.64,https://exagri.info/mkt/2026/21.04.2026.html,2026-04-21,observed_source_value,-0.00010854227721690535,-0.001123628729412518,0.006732586811671215,-0.008573536645351765,14.0,0.0018334719350139306,0.0011649666153847216,0.0026987359246624875,0.006937136054813123,0.005318464619654238,0.005492242889108434,0.005741736019096111,0.00019642273726439008,0.005737244048496404,0.9431964659565866,-0.33223549871590435,0.8660254037844387,-0.4999999999999998,2026-04-28,2030.55,0.0019293017013382041,0.0019274429891046273,3.9099999999998545,7.0,UP,111.6400000000001,0.9449137488651166,0.07887323943661961,0,TEST
2026-04-21,Grade 2,1915.0,https://exagri.info/mkt/2026/21.04.2026.html,2026-04-21,observed_source_value,0.07887323943661961,-0.0056022408963585235,0.005633802816901401,-0.04825737265415553,14.0,0.026301600452387497,0.004533741059750329,0.005880511282488454,0.04629733453214717,0.07411620552737772,0.07887323943661961,0.018617021276595702,0.050466264399341654,0.05335533553355343,0.9431964659565866,-0.33223549871590435,0.8660254037844387,-0.4999999999999998,2026-04-28,1940.0,0.01305483028720622,0.012970350442627405,25.0,7.0,UP,111.6400000000001,0.9449137488651166,-0.00010854227721690535,1,TEST
2026-04-28,Grade 1,2030.55,https://exagri.info/mkt/2026/28.04.2026.html,2026-04-28,observed_source_value,0.0019293017013382041,-0.00010854227721690535,-0.001123628729412518,0.006732586811671215,7.0,0.00023237689823626026,-0.00022876382779435378,0.002341235278780085,0.005558059898557142,0.0052283130860513,0.0006948756616103058,-0.001205115592720185,0.0023685031533968726,0.0053481919526594535,0.8964562582905575,-0.44313223418263453,0.8660254037844387,-0.4999999999999998,2026-05-05,2008.88,-0.010671985422668673,-0.010729339478507153,-21.669999999999845,7.0,DOWN,90.54999999999995,0.9554061707419172,0.01305483028720622,0,TEST
2026-04-28,Grade 2,1940.0,https://exagri.info/mkt/2026/28.04.2026.html,2026-04-28,observed_source_value,0.01305483028720622,0.07887323943661961,-0.0056022408963585235,0.005633802816901401,7.0,0.028775276275822437,0.008740451798042637,0.0115103186355334,0.04582940611007066,0.07208042389669224,0.08683473389355734,0.04021447721179627,0.055495103373231824,0.05722070844686655,0.8964562582905575,-0.44313223418263453,0.8660254037844387,-0.4999999999999998,2026-05-05,1930.0,-0.005154639175257714,-0.005167970158442561,-10.0,7.0,DOWN,90.54999999999995,0.9554061707419172,0.0019293017013382041,1,TEST
2026-05-05,Grade 1,2008.88,https://exagri.info/mkt/2026/05.05.2026.html,2026-05-05,observed_source_value,-0.010671985422668673,0.0019293017013382041,-0.00010854227721690535,-0.001123628729412518,7.0,-0.002950408666182458,-0.0006484535832577354,0.0007160336516181087,0.006366181465223009,0.006484671091821365,-0.008870864292550906,-0.0033191603367781486,-0.0076733316406624175,-0.006067358915227583,0.8367329140344921,-0.5476112038402312,0.49999999999999994,-0.8660254037844387,2026-05-12,2012.45,0.001777109633228413,0.0017755324421886256,3.5699999999999363,7.0,UP,78.88000000000011,0.9607343395324758,-0.005154639175257714,0,TEST
2026-05-05,Grade 2,1930.0,https://exagri.info/mkt/2026/05.05.2026.html,2026-05-05,observed_source_value,-0.005154639175257714,0.01305483028720622,0.07887323943661961,-0.0056022408963585235,7.0,0.028924476849522707,0.0173609984938222,0.00562762307958955,0.03526361542655985,0.07064332419256367,0.08732394366197194,0.08732394366197194,0.032637774210807935,0.048058647841433544,0.8367329140344921,-0.5476112038402312,0.49999999999999994,-0.8660254037844387,2026-05-12,1930.0,0.0,0.0,0.0,7.0,FLAT,78.88000000000011,0.9607343395324758,-0.010671985422668673,1,TEST
2026-05-12,Grade 1,2012.45,https://exagri.info/mkt/2026/12.05.2026.html,2026-05-12,observed_source_value,0.001777109633228413,-0.010671985422668673,0.0019293017013382041,-0.00010854227721690535,7.0,-0.002321858029367352,-0.0016395490189462958,0.00022053803626401747,0.005210693681866656,0.006154823881054239,-0.007001736864958752,-0.008225159427146522,-0.004268023567644219,-0.004502481261921543,0.7648913904341225,-0.6441592666722685,0.49999999999999994,-0.8660254037844387,2026-05-19,1998.07,-0.007145519143332835,-0.007171170633765086,-14.38000000000011,7.0,DOWN,82.45000000000005,0.9590300380133667,0.0,0,TEST
2026-05-12,Grade 2,1930.0,https://exagri.info/mkt/2026/12.05.2026.html,2026-05-12,observed_source_value,0.0,-0.005154639175257714,0.01305483028720622,0.07887323943661961,7.0,0.002633397037316169,0.01623423793044192,0.017155773213637805,0.0358176614787698,0.05676264870801607,0.007832898172323688,0.08123249299719881,0.01685985247629085,0.03236159400909333,0.7648913904341225,-0.6441592666722685,0.49999999999999994,-0.8660254037844387,2026-05-19,1950.0,0.010362694300518172,0.010309369658861287,20.0,7.0,UP,82.45000000000005,0.9590300380133667,0.001777109633228413,1,TEST
2026-05-19,Grade 1,1998.07,https://exagri.info/mkt/2026/19.05.2026.html,2026-05-19,observed_source_value,-0.007145519143332835,0.001777109633228413,-0.010671985422668673,0.0019293017013382041,7.0,-0.005346798310924365,-0.002843927101730359,-0.0009421407079204913,0.0057315402602400875,0.006355430490225818,-0.015995666198813097,-0.014204237095803318,-0.008558450825130404,-0.010671793696150234,0.6819721490904629,-0.7313781428679254,0.49999999999999994,-0.8660254037844387,2026-05-26,1978.43,-0.009829485453462516,-0.00987811376888163,-19.639999999999873,7.0,DOWN,48.069999999999936,0.9759417838213876,0.010362694300518172,0,TEST
2026-05-19,Grade 2,1950.0,https://exagri.info/mkt/2026/19.05.2026.html,2026-05-19,observed_source_value,0.010362694300518172,0.0,-0.005154639175257714,0.01305483028720622,7.0,0.0017360183750868192,0.019427224969817258,0.003040527492174461,0.03405248478858665,0.031621522840770674,0.005154639175257714,0.09859154929577474,0.008794619762027889,0.04027740730861562,0.6819721490904629,-0.7313781428679254,0.49999999999999994,-0.8660254037844387,2026-05-26,1950.0,0.0,0.0,0.0,7.0,FLAT,48.069999999999936,0.9759417838213876,-0.007145519143332835,1,TEST
2026-05-26,Grade 1,1978.43,https://exagri.info/mkt/2026/26.05.2026.html,2026-05-26,observed_source_value,-0.009829485453462516,-0.007145519143332835,0.001777109633228413,-0.010671985422668673,7.0,-0.005065964987855646,-0.004788115736979482,-0.00181157456079738,0.006201180595643253,0.006951514330832645,-0.015157699812831105,-0.023788141949236175,-0.013584447338453542,-0.01861595399509608,0.5891760872322963,-0.8080046647350754,0.49999999999999994,-0.8660254037844387,2026-06-02,1929.71,-0.024625586955313028,-0.024933868319390533,-48.72000000000003,7.0,DOWN,28.430000000000064,0.9856300197631455,0.0,0,TEST
2026-05-26,Grade 2,1950.0,https://exagri.info/mkt/2026/26.05.2026.html,2026-05-26,observed_source_value,0.0,0.010362694300518172,0.0,-0.005154639175257714,7.0,0.0034542314335060573,0.0036525770824933357,0.004093159071121832,0.007708400211831502,0.031293221842075794,0.010362694300518172,0.018276762402088753,0.005154639175257714,0.036407121977145795,0.5891760872322963,-0.8080046647350754,0.49999999999999994,-0.8660254037844387,2026-06-09,1900.0,-0.02564102564102566,-0.025975486403260677,-50.0,14.0,DOWN,28.430000000000064,0.9856300197631455,-0.009829485453462516,1,TEST
2026-06-02,Grade 1,1929.71,https://exagri.info/mkt/2026/02.06.2026.html,2026-06-02,observed_source_value,-0.024625586955313028,-0.009829485453462516,-0.007145519143332835,0.001777109633228413,7.0,-0.013866863850702793,-0.010099093468309728,-0.005163928648052041,0.009502469522488606,0.008995766569015623,-0.0411140649457129,-0.04966142178227573,-0.02810263166907423,-0.03785344255919576,0.4878471454423119,-0.8729290708206411,1.2246467991473532e-16,-1.0,2026-06-09,1909.07,-0.010695907675246641,-0.010753520075289836,-20.6400000000001,7.0,DOWN,,,,0,TEST
2026-06-09,Grade 1,1909.07,https://exagri.info/mkt/2026/09.06.2026.html,2026-06-09,observed_source_value,-0.010695907675246641,-0.024625586955313028,-0.009829485453462516,-0.007145519143332835,7.0,-0.015050326694674062,-0.010103877918825322,-0.005376165751041528,0.009502836098432643,0.009109465558547017,-0.04454298397954026,-0.04968440125841278,-0.028732983099861276,-0.04306308835176298,0.37945284372454435,-0.925211078289358,1.2246467991473532e-16,-1.0,2026-06-16,1843.21,-0.03449847307851461,-0.035107595632182124,-65.8599999999999,7.0,DOWN,9.069999999999936,0.9952489955842374,-0.02564102564102566,0,TEST
2026-06-09,Grade 2,1900.0,https://exagri.info/mkt/2026/09.06.2026.html,2026-06-09,observed_source_value,-0.02564102564102566,0.0,0.010362694300518172,0.0,14.0,-0.005092777113502496,-0.004086594103153041,0.002326928847444798,0.013303351807882747,0.03252449897347948,-0.015544041450777257,-0.020618556701030966,-0.0165631469979296,0.007957559681697646,0.37945284372454435,-0.925211078289358,1.2246467991473532e-16,-1.0,2026-06-16,1800.0,-0.052631578947368474,-0.05406722127027582,-100.0,7.0,DOWN,9.069999999999936,0.9952489955842374,-0.010695907675246641,1,TEST
2026-06-16,Grade 1,1843.21,https://exagri.info/mkt/2026/16.06.2026.html,2026-06-16,observed_source_value,-0.03449847307851461,-0.010695907675246641,-0.024625586955313028,-0.009829485453462516,7.0,-0.02327332256969143,-0.017358994461173928,-0.00949927174006011,0.011747025189728658,0.011917904972235728,-0.06834712372942187,-0.08409649929190788,-0.045808402762750666,-0.06738407002272329,0.26556302780405594,-0.9640935007889755,1.2246467991473532e-16,-1.0,2026-06-30,1809.0,-0.018560012152711858,-0.01873441043878206,-34.210000000000036,14.0,DOWN,43.210000000000036,0.9765572018380977,-0.052631578947368474,0,TEST
2026-06-16,Grade 2,1800.0,https://exagri.info/mkt/2026/16.06.2026.html,2026-06-16,observed_source_value,-0.052631578947368474,-0.02564102564102566,0.0,0.010362694300518172,7.0,-0.026090868196131378,-0.013581982057575192,0.0018895082181235034,0.025556699456900357,0.03330055046899208,-0.07692307692307687,-0.06735751295336789,-0.05561385099685201,-0.04635761589403975,0.26556302780405594,-0.9640935007889755,1.2246467991473532e-16,-1.0,2026-06-30,1800.0,0.0,0.0,0.0,14.0,FLAT,43.210000000000036,0.9765572018380977,-0.03449847307851461,1,TEST
2026-06-30,Grade 1,1809.0,https://exagri.info/mkt/2026/30.06.2026.html,2026-06-30,observed_source_value,-0.018560012152711858,-0.03449847307851461,-0.010695907675246641,-0.024625586955313028,14.0,-0.021251464302157703,-0.019641893063049733,-0.011242910082390044,0.01028396371210396,0.011831553878602147,-0.06255344067243263,-0.09462631439338964,-0.04482006289719964,-0.07449141794156444,0.02795029824021032,-0.999609314096404,1.2246467991473532e-16,-1.0,2026-07-07,1795.71,-0.007346600331674891,-0.00737371950400815,-13.289999999999964,7.0,DOWN,9.0,0.9950248756218906,0.0,0,TEST
2026-06-30,Grade 2,1800.0,https://exagri.info/mkt/2026/30.06.2026.html,2026-06-30,observed_source_value,0.0,-0.052631578947368474,-0.02564102564102566,0.0,14.0,-0.026090868196131378,-0.013581982057575192,0.0013261279364333634,0.025556699456900357,0.033277814564472805,-0.07692307692307687,-0.06735751295336789,-0.04255319148936165,-0.04711487559555316,0.02795029824021032,-0.999609314096404,1.2246467991473532e-16,-1.0,2026-07-07,1800.0,0.0,0.0,0.0,7.0,FLAT,9.0,0.9950248756218906,-0.018560012152711858,1,TEST
2026-07-07,Grade 1,1795.71,https://exagri.info/mkt/2026/07.07.2026.html,2026-07-07,observed_source_value,-0.007346600331674891,-0.018560012152711858,-0.03449847307851461,-0.010695907675246641,7.0,-0.02013502852096712,-0.019145316038692205,-0.011966715887835844,0.010916702513527141,0.011283415260426649,-0.05937969796812059,-0.09235606010826769,-0.033181862233085835,-0.07030672407258998,-0.09233133369539122,-0.9957283388645872,-0.4999999999999997,-0.8660254037844388,2026-07-14,1856.11,0.03363572068986631,0.03308241294000463,60.399999999999864,7.0,UP,-4.289999999999964,1.002389027181449,0.0,0,TEST
2026-07-07,Grade 2,1800.0,https://exagri.info/mkt/2026/07.07.2026.html,2026-07-07,observed_source_value,0.0,0.0,-0.052631578947368474,-0.02564102564102566,7.0,-0.017543859649122823,-0.015654520917678827,0.0018863520260692158,0.02346393601149744,0.03319527123284856,-0.052631578947368474,-0.07692307692307687,-0.027027027027026973,-0.04837430610626492,-0.09233133369539122,-0.9957283388645872,-0.4999999999999997,-0.8660254037844388,2026-07-14,1800.0,0.0,0.0,0.0,7.0,FLAT,-4.289999999999964,1.002389027181449,-0.007346600331674891,1,TEST
2026-07-14,Grade 1,1856.11,https://exagri.info/mkt/2026/14.07.2026.html,2026-07-14,observed_source_value,0.03363572068986631,-0.007346600331674891,-0.018560012152711858,-0.03449847307851461,7.0,0.0025763694018265206,-0.007493054509656339,-0.008796073988983032,0.025266707592165788,0.01804867602386565,0.0069986599465063914,-0.03814044597374744,0.007321097133429433,-0.030277984435212124,-0.2112757555821793,-0.9774264960104055,-0.4999999999999997,-0.8660254037844388,2026-07-21,1837.5,-0.010026345421338068,-0.010076947744299784,-18.6099999999999,7.0,DOWN,56.1099999999999,0.9697701106076688,0.0,0,TEST
2026-07-14,Grade 2,1800.0,https://exagri.info/mkt/2026/14.07.2026.html,2026-07-14,observed_source_value,0.0,0.0,0.0,-0.052631578947368474,7.0,0.0,-0.015654520917678827,-0.006000971917592746,0.02346393601149744,0.019355771435817022,0.0,-0.07692307692307687,-0.01098901098901095,-0.04255319148936165,-0.2112757555821793,-0.9774264960104055,-0.4999999999999997,-0.8660254037844388,2026-07-21,1800.0,0.0,0.0,0.0,7.0,FLAT,56.1099999999999,0.9697701106076688,0.03363572068986631,1,TEST
2026-07-21,Grade 1,1837.5,https://exagri.info/mkt/2026/21.07.2026.html,2026-07-21,observed_source_value,-0.010026345421338068,0.03363572068986631,-0.007346600331674891,-0.018560012152711858,7.0,0.005420924978951118,-0.007359142058874624,-0.008731509988849973,0.025247255701920053,0.018042373565579414,0.015754560530679917,-0.03748945821787564,0.005028698697045364,-0.031327526745903556,-0.3271603271220951,-0.9449688462364056,-0.4999999999999997,-0.8660254037844388,2026-07-28,1833.86,-0.0019809523809524165,-0.001982917062175621,-3.6400000000001,7.0,DOWN,37.5,0.9795918367346939,0.0,0,TEST
2026-07-21,Grade 2,1800.0,https://exagri.info/mkt/2026/21.07.2026.html,2026-07-21,observed_source_value,0.0,0.0,0.0,0.0,7.0,0.0,-0.010526315789473694,-0.0073064549463133675,0.02353755765789248,0.01834138670931233,0.0,-0.052631578947368474,0.0,-0.03536977491961413,-0.3271603271220951,-0.9449688462364056,-0.4999999999999997,-0.8660254037844388,2026-07-28,1800.0,0.0,0.0,0.0,7.0,FLAT,37.5,0.9795918367346939,-0.010026345421338068,1,TEST
2026-07-28,Grade 1,1833.86,https://exagri.info/mkt/2026/28.07.2026.html,2026-07-28,observed_source_value,-0.0019809523809524165,-0.010026345421338068,0.03363572068986631,-0.007346600331674891,7.0,0.007209474295858609,-0.0008556379193621844,-0.009107316190268056,0.02019034105375251,0.017837139262302744,0.02124507854831781,-0.005072672131770206,0.0040647468621948235,-0.02405821612534298,-0.4383067230125192,-0.898825465016444,-0.4999999999999997,-0.8660254037844388,2026-08-04,1845.21,0.006189131122332103,0.006170057110888494,11.350000000000136,7.0,UP,33.8599999999999,0.9815362132332894,0.0,0,TEST
2026-07-28,Grade 2,1800.0,https://exagri.info/mkt/2026/28.07.2026.html,2026-07-28,observed_source_value,0.0,0.0,0.0,0.0,7.0,0.0,0.0,-0.006790991028787596,0.0,0.01848048562388651,0.0,0.0,0.0,-0.028602266594711323,-0.4383067230125192,-0.898825465016444,-0.4999999999999997,-0.8660254037844388,2026-08-04,1800.0,0.0,0.0,0.0,7.0,FLAT,33.8599999999999,0.9815362132332894,-0.0019809523809524165,1,TEST
2026-08-04,Grade 1,1845.21,https://exagri.info/mkt/2026/04.08.2026.html,2026-08-04,observed_source_value,0.006189131122332103,-0.0019809523809524165,-0.010026345421338068,0.03363572068986631,7.0,-0.0019393888933194603,0.004094190735646608,-0.007773851163701562,0.01763717219932069,0.018486701516159207,-0.005872496780901959,0.02001658374792714,0.006288999486278479,-0.009964153513744245,-0.5431052396834317,-0.8396646346181327,-0.8660254037844385,-0.5000000000000004,2026-08-11,1856.21,0.005961381089415241,0.005943682361577004,11.0,7.0,UP,45.210000000000036,0.9754987237225031,0.0,0,TEST
2026-08-04,Grade 2,1800.0,https://exagri.info/mkt/2026/04.08.2026.html,2026-08-04,observed_source_value,0.0,0.0,0.0,0.0,7.0,0.0,0.0,-0.006790991028787596,0.0,0.01848048562388651,0.0,0.0,0.0,-0.021739130434782594,-0.5431052396834317,-0.8396646346181327,-0.8660254037844385,-0.5000000000000004,2026-08-11,1800.0,0.0,0.0,0.0,7.0,FLAT,45.210000000000036,0.9754987237225031,0.006189131122332103,1,TEST
2026-08-11,Grade 1,1856.21,https://exagri.info/mkt/2026/11.08.2026.html,2026-08-11,observed_source_value,0.005961381089415241,0.006189131122332103,-0.0019809523809524165,-0.010026345421338068,7.0,0.0033898532769316425,0.006755787019864634,-0.006194764509413786,0.016442730904751263,0.018959954942001048,0.010182312925170134,0.033691408969154235,0.005651817282468663,0.002511937237754891,-0.6400381082043503,-0.7683431655492202,-0.8660254037844385,-0.5000000000000004,2026-08-18,1886.14,0.016124253182560278,0.01599563811821807,29.930000000000064,7.0,UP,56.210000000000036,0.9697178659742163,0.0,0,TEST
2026-08-11,Grade 2,1800.0,https://exagri.info/mkt/2026/11.08.2026.html,2026-08-11,observed_source_value,0.0,0.0,0.0,0.0,7.0,0.0,0.0,-0.007827260458839413,0.0,0.017685164013035583,0.0,0.0,0.0,-0.013698630136986356,-0.6400381082043503,-0.7683431655492202,-0.8660254037844385,-0.5000000000000004,2026-08-18,1800.0,0.0,0.0,0.0,7.0,FLAT,56.210000000000036,0.9697178659742163,0.005961381089415241,1,TEST
2026-08-18,Grade 1,1886.14,https://exagri.info/mkt/2026/18.08.2026.html,2026-08-18,observed_source_value,0.016124253182560278,0.005961381089415241,0.006189131122332103,-0.0019809523809524165,7.0,0.00942492179810254,0.0032534935184034275,-0.0021197804956264556,0.009815302131241887,0.01893763862494346,0.028508174015464682,0.016178998011971313,0.01855291977898066,0.021079448809605106,-0.7277014757264236,-0.6858939875998223,-0.8660254037844385,-0.5000000000000004,2026-08-25,1892.43,0.003334853192233922,0.0033293049010628168,6.289999999999964,7.0,UP,86.1400000000001,0.9543300073165301,0.0,0,EXTERNAL_NEWEST
2026-08-18,Grade 2,1800.0,https://exagri.info/mkt/2026/18.08.2026.html,2026-08-18,observed_source_value,0.0,0.0,0.0,0.0,7.0,0.0,0.0,-0.007827260458839413,0.0,0.017685164013035583,0.0,0.0,0.0,-0.0055248618784530246,-0.7277014757264236,-0.6858939875998223,-0.8660254037844385,-0.5000000000000004,2026-08-25,1800.0,0.0,0.0,0.0,7.0,FLAT,86.1400000000001,0.9543300073165301,0.016124253182560278,1,EXTERNAL_NEWEST
2026-08-25,Grade 1,1892.43,https://exagri.info/mkt/2026/25.08.2026.html,2026-08-25,observed_source_value,0.003334853192233922,0.016124253182560278,0.005961381089415241,0.006189131122332103,7.0,0.008473495821403146,0.005925733241117825,-0.0007167044088783991,0.006582339917594526,0.01875047927214494,0.02559058318565377,0.029893877551020465,0.015922523983100456,0.02540830912178449,-0.8048257371083452,-0.593511190196115,-0.8660254037844385,-0.5000000000000004,2026-09-01,1918.57,0.013812928351378817,0.013718399343492053,26.139999999999873,7.0,UP,92.43000000000006,0.9511580349074998,0.0,0,EXTERNAL_NEWEST
2026-08-25,Grade 2,1800.0,https://exagri.info/mkt/2026/25.08.2026.html,2026-08-25,observed_source_value,0.0,0.0,0.0,0.0,7.0,0.0,0.0,-0.005263157894736847,0.0,0.016643566632465214,0.0,0.0,0.0,0.0,-0.8048257371083452,-0.593511190196115,-0.8660254037844385,-0.5000000000000004,2026-09-01,1740.0,-0.033333333333333326,-0.03390155167568134,-60.0,7.0,DOWN,92.43000000000006,0.9511580349074998,0.003334853192233922,1,EXTERNAL_NEWEST
2026-09-01,Grade 1,1918.57,https://exagri.info/mkt/2026/01.09.2026.html,2026-09-01,observed_source_value,0.013812928351378817,0.003334853192233922,0.016124253182560278,0.005961381089415241,7.0,0.011090678242057672,0.009084509387584072,0.0041144357341109435,0.005547784031184983,0.014909830609751432,0.03359533673452897,0.046192184790551094,0.02067231575900963,0.03534451403451766,-0.8702939222685674,-0.49253272872205434,-1.0,-1.8369701987210297e-16,2026-09-08,1957.5,0.02029115434933315,0.020088032004903607,38.930000000000064,7.0,UP,178.56999999999994,0.9069254705327405,-0.033333333333333326,0,EXTERNAL_NEWEST
2026-09-01,Grade 2,1740.0,https://exagri.info/mkt/2026/01.09.2026.html,2026-09-01,observed_source_value,-0.033333333333333326,0.0,0.0,0.0,7.0,-0.011111111111111108,-0.006666666666666665,-0.0033333333333333327,0.014907119849998594,0.010540925533894595,-0.033333333333333326,-0.033333333333333326,-0.02684563758389258,-0.030100334448160515,-0.8702939222685674,-0.49253272872205434,-1.0,-1.8369701987210297e-16,2026-09-08,1887.5,0.08477011494252884,0.08136808891460515,147.5,7.0,UP,178.56999999999994,0.9069254705327405,0.013812928351378817,1,EXTERNAL_NEWEST
2026-09-08,Grade 1,1957.5,https://exagri.info/mkt/2026/08.09.2026.html,2026-09-08,observed_source_value,0.02029115434933315,0.013812928351378817,0.003334853192233922,0.016124253182560278,7.0,0.01247964529764863,0.011904914032984281,0.007999552384315444,0.007080676076610038,0.013322252744229603,0.037833882956726406,0.0608548620482221,0.029087831266395803,0.04795484184581378,-0.9231578729647039,-0.38442104726885545,-1.0,-1.8369701987210297e-16,2026-09-15,1987.5,0.015325670498084198,0.015209418663528708,30.0,7.0,UP,70.0,0.9642401021711366,0.08477011494252884,0,EXTERNAL_NEWEST
2026-09-08,Grade 2,1887.5,https://exagri.info/mkt/2026/08.09.2026.html,2026-09-08,observed_source_value,0.08477011494252884,-0.033333333333333326,0.0,0.0,7.0,0.01714559386973184,0.010287356321839103,0.005143678160919552,0.04406794469344539,0.029874755690771308,0.04861111111111116,0.04861111111111116,0.04541678205483235,0.04701151019276106,-0.9231578729647039,-0.38442104726885545,-1.0,-1.8369701987210297e-16,2026-09-15,1940.0,0.027814569536423805,0.02743477093419401,52.5,7.0,UP,70.0,0.9642401021711366,0.02029115434933315,1,EXTERNAL_NEWEST
2026-09-15,Grade 1,1987.5,https://exagri.info/mkt/2026/15.09.2026.html,2026-09-15,observed_source_value,0.015325670498084198,0.02029115434933315,0.013812928351378817,0.003334853192233922,7.0,0.01647658439959872,0.013777771914718073,0.010266779467291353,0.006312327275337539,0.012311269365940916,0.05023699687703109,0.07073014367986374,0.030632204054286793,0.053201653539844074,-0.9626519747161487,-0.2707418984477642,-1.0,-1.8369701987210297e-16,2026-09-29,1999.43,0.006002515723270374,0.005984572393377305,11.930000000000064,14.0,UP,47.5,0.9761006289308176,0.027814569536423805,0,EXTERNAL_NEWEST
2026-09-15,Grade 2,1940.0,https://exagri.info/mkt/2026/15.09.2026.html,2026-09-15,observed_source_value,0.027814569536423805,0.08477011494252884,-0.033333333333333326,0.0,7.0,0.026417117048539773,0.015850270229123865,0.007925135114561933,0.04420005216426776,0.03062797579399264,0.07777777777777772,0.07777777777777772,0.05808562857922017,0.06784092472822345,-0.9626519747161487,-0.2707418984477642,-1.0,-1.8369701987210297e-16,2026-09-29,1890.0,-0.02577319587628868,-0.026111144003685773,-50.0,14.0,DOWN,47.5,0.9761006289308176,0.015325670498084198,1,EXTERNAL_NEWEST
2026-09-29,Grade 1,1999.43,https://exagri.info/mkt/2026/29.09.2026.html,2026-09-29,observed_source_value,0.006002515723270374,0.015325670498084198,0.02029115434933315,0.013812928351378817,14.0,0.013873113523562575,0.011753424422860093,0.00750345897063176,0.006961332903748289,0.009188297571419708,0.04214597330303316,0.060064470293827554,0.024777995434337674,0.051537391496422336,-0.9994446170919858,-0.033323525711631344,-1.0,-1.8369701987210297e-16,,,,,,,,109.43000000000006,0.9452694017795071,-0.02577319587628868,0,NO_TARGET
2026-09-29,Grade 2,1890.0,https://exagri.info/mkt/2026/29.09.2026.html,2026-09-29,observed_source_value,-0.02577319587628868,0.027814569536423805,0.08477011494252884,-0.033333333333333326,14.0,0.028937162867554655,0.010695631053866127,0.005347815526933064,0.04786180310135795,0.032401989125418584,0.0862068965517242,0.050000000000000044,0.020793950850661602,0.035191017390113544,-0.9994446170919858,-0.033323525711631344,-1.0,-1.8369701987210297e-16,,,,,,,,109.43000000000006,0.9452694017795071,0.006002515723270374,1,NO_TARGET
