date,market,commodity,grade,price_type,price_lkr_per_kg,source,source_url,source_date,retrieval_date,country,currency,unit,market_level,source_frequency_label,source_page_sha256,observation_status,observation_id
2016-10-04,National,black_pepper,Grade 1,average,1299.86,"Department of Export Agriculture, Sri Lanka - Economic Research Unit",https://exagri.info/mkt/2016/04.10.2016.html,2016-10-04,2026-10-07,Sri Lanka,LKR,kg,farm_gate,weekly,89222ec8a35c568cb4ef5f109423a433bb6dc13ffd365eb5e807a50c7d7e760f,observed_source_value,d9555d09392d7d067d58
2016-10-11,National,black_pepper,Grade 1,average,1320.38,"Department of Export Agriculture, Sri Lanka - Economic Research Unit",https://exagri.info/mkt/2016/11.10.2016.html,2016-10-11,2026-10-07,Sri Lanka,LKR,kg,farm_gate,weekly,968cc0dfd95b6c172c67e3f4943c12b7bb1ab592a551e5376b79b4b56ab7504c,observed_source_value,3f8452eee15b0763b774
2016-10-18,National,black_pepper,Grade 1,average,1326.86,"Department of Export Agriculture, Sri Lanka - Economic Research Unit",https://exagri.info/mkt/2016/18.10.2016.html,2016-10-18,2026-10-07,Sri Lanka,LKR,kg,farm_gate,weekly,68971a965c303bb0837afa3b8d1b725d923c4acd7c49095b7791ef27371abd81,observed_source_value,6f39e5c6854903ec2bc7
2016-10-25,National,black_pepper,Grade 1,average,1323.14,"Department of Export Agriculture, Sri Lanka - Economic Research Unit",https://exagri.info/mkt/2016/25.10.2016.html,2016-10-25,2026-10-07,Sri Lanka,LKR,kg,farm_gate,weekly,3e45e8ce172dcaa0fcdd3d630e7f7857c95847dccd161b2c1d0c24ba53a347a9,observed_source_value,c600736a2e1a78db2d06
2016-11-01,National,black_pepper,Grade 1,average,1323.46,"Department of Export Agriculture, Sri Lanka - Economic Research Unit",https://exagri.info/mkt/2016/01.11.2016.html,2016-11-01,2026-10-07,Sri Lanka,LKR,kg,farm_gate,weekly,0a566b42a5e25756e090d2e7b2e154cdd630de6951da215dbb07739af114dd41,observed_source_value,67940bc75105f7e9e2a9
2016-11-08,National,black_pepper,Grade 1,average,1334.21,"Department of Export Agriculture, Sri Lanka - Economic Research Unit",https://exagri.info/mkt/2016/08.11.2016.html,2016-11-08,2026-10-07,Sri Lanka,LKR,kg,farm_gate,weekly,8a49437fa0821d34d38791fe19b8ad74c1bb4c164a836d7a8ce188dd3dc5bfa5,observed_source_value,3190f97514cdefb5305d
2016-11-15,National,black_pepper,Grade 1,average,1329.21,"Department of Export Agriculture, Sri Lanka - Economic Research Unit",https://exagri.info/mkt/2016/15.11.2016.html,2016-11-15,2026-10-07,Sri Lanka,LKR,kg,farm_gate,weekly,f98ce675c0a9aaa06a486b2a9003977c24ed98394647552e3e390aa4a73bf82b,observed_source_value,a9d5ee932a652c120205
2016-11-22,National,black_pepper,Grade 1,average,1335.57,"Department of Export Agriculture, Sri Lanka - Economic Research Unit",https://exagri.info/mkt/2016/22.11.2016.html,2016-11-22,2026-10-07,Sri Lanka,LKR,kg,farm_gate,weekly,5360b589494a9e412ff806fd870c13061accabf6feaf6f4eb06bf3ce408fe931,observed_source_value,ee05765fe11135ad7f0d
2016-11-29,National,black_pepper,Grade 1,average,1328.46,"Department of Export Agriculture, Sri Lanka - Economic Research Unit",https://exagri.info/mkt/2016/29.11.2016.html,2016-11-29,2026-10-07,Sri Lanka,LKR,kg,farm_gate,weekly,b0996e770173a4a43b3b3f5b1ca8c40102966b5e78c0ad519eff3df7a3c596ce,observed_source_value,4a6d38a27e6a7c6448d9
2016-12-06,National,black_pepper,Grade 1,average,1288.5,"Department of Export Agriculture, Sri Lanka - Economic Research Unit",https://exagri.info/mkt/2016/06.12.2016.html,2016-12-06,2026-10-07,Sri Lanka,LKR,kg,farm_gate,weekly,e5d7e2bf33f1ae42189a797ed0c22b4f068e578a6dc16fc25f8083ae225e4270,observed_source_value,91e66a9ecccb48d045e2
2016-12-14,National,black_pepper,Grade 1,average,1221.85,"Department of Export Agriculture, Sri Lanka - Economic Research Unit",https://exagri.info/mkt/2016/14.12.2016.html,2016-12-14,2026-10-07,Sri Lanka,LKR,kg,farm_gate,weekly,bc4b6004d7ce7a051518881e114c62e4203ae2bc2f97390812060ba8c78bed6f,observed_source_value,d74c33d3c2a033e31ab8
2016-12-20,National,black_pepper,Grade 1,average,1154.86,"Department of Export Agriculture, Sri Lanka - Economic Research Unit",https://exagri.info/mkt/2016/20.12.2016.html,2016-12-20,2026-10-07,Sri Lanka,LKR,kg,farm_gate,weekly,6e443448297f8591c711685c40657165f8df91b19db0ead9484dfd1d1c0bf395,observed_source_value,624448f26ba02276bf31
2016-12-24,National,black_pepper,Grade 1,average,597.42,"Department of Export Agriculture, Sri Lanka - Economic Research Unit",https://exagri.info/mkt/2018/24.12.2016.html,2016-12-24,2026-10-07,Sri Lanka,LKR,kg,farm_gate,weekly,e3e5783de0d58fcd92073a30c010094b33908f7f9c7f78de55ab5671b758d661,observed_source_value,51bb705e3b06ab8d9a7a
2016-12-27,National,black_pepper,Grade 1,average,1138.77,"Department of Export Agriculture, Sri Lanka - Economic Research Unit",https://exagri.info/mkt/2016/27.12.2016.html,2016-12-27,2026-10-07,Sri Lanka,LKR,kg,farm_gate,weekly,a336c1ae5340b3990796924a85ca090e964572395783a32f975f154191feb6c6,observed_source_value,4794e78f26dfc0ad94f3
2017-01-03,National,black_pepper,Grade 1,average,1115.5,"Department of Export Agriculture, Sri Lanka - Economic Research Unit",https://exagri.info/mkt/2017/03.01.2017.html,2017-01-03,2026-10-07,Sri Lanka,LKR,kg,farm_gate,weekly,7390de1604686fdadefa5f339b3ab4bedb52fd3812d9542b8e1037dd5837206f,observed_source_value,5973f33966ac4647a601
2017-01-10,National,black_pepper,Grade 1,average,1109.86,"Department of Export Agriculture, Sri Lanka - Economic Research Unit",https://exagri.info/mkt/2017/10.01.2017.html,2017-01-10,2026-10-07,Sri Lanka,LKR,kg,farm_gate,weekly,ba4112f76f13b684dbec67a9b4179cb40a600dea6d37466d127f3d191f22e90f,observed_source_value,0f86312bad04975008f9
2017-01-17,National,black_pepper,Grade 1,average,1111.38,"Department of Export Agriculture, Sri Lanka - Economic Research Unit",https://exagri.info/mkt/2017/17.01.2017.html,2017-01-17,2026-10-07,Sri Lanka,LKR,kg,farm_gate,weekly,4158dbd17b04d9ac6880399511c9f0d8ead3c489c617a942ad28688b6dc0d6ef,observed_source_value,3a673513ed5187a382dd
2017-01-24,National,black_pepper,Grade 1,average,1104.43,"Department of Export Agriculture, Sri Lanka - Economic Research Unit",https://exagri.info/mkt/2017/24.01.2017.html,2017-01-24,2026-10-07,Sri Lanka,LKR,kg,farm_gate,weekly,a3532b5a16dad19062fa05e542d922c4408b474d69f340fadc957669b4ed75e5,observed_source_value,ac1038710c41c996c735
2017-01-31,National,black_pepper,Grade 1,average,1106.86,"Department of Export Agriculture, Sri Lanka - Economic Research Unit",https://exagri.info/mkt/2017/31.01.2017.html,2017-01-31,2026-10-07,Sri Lanka,LKR,kg,farm_gate,weekly,acd9ca8b40a1ebf72bd6af49f451bef3dc679492dc8642d19c464197de6bf541,observed_source_value,7945733b83d859823c4a
2017-02-07,National,black_pepper,Grade 1,average,1113.86,"Department of Export Agriculture, Sri Lanka - Economic Research Unit",https://exagri.info/mkt/2017/07.02.2017.html,2017-02-07,2026-10-07,Sri Lanka,LKR,kg,farm_gate,weekly,6c443dcab9f78e08e99a843e5e3000f2dc4a5e28c406089db55f093ab0952d3c,observed_source_value,e9e882575da59c4d3a5e
2017-02-14,National,black_pepper,Grade 1,average,1125.07,"Department of Export Agriculture, Sri Lanka - Economic Research Unit",https://exagri.info/mkt/2017/14.02.2017.html,2017-02-14,2026-10-07,Sri Lanka,LKR,kg,farm_gate,weekly,5f3be1bb24e7f45216b8b42841823b8bac822e3eb33d5531d71883199bcaf118,observed_source_value,cc24061a71d2df4663d3
2017-02-21,National,black_pepper,Grade 1,average,1133.21,"Department of Export Agriculture, Sri Lanka - Economic Research Unit",https://exagri.info/mkt/2017/21.02.2017.html,2017-02-21,2026-10-07,Sri Lanka,LKR,kg,farm_gate,weekly,b7993a64bc2482eeb68d9e2ea7e50c5949a92785eedcf05d8a74958ef1ba7841,observed_source_value,d6fdd67434f49850002b
2017-02-28,National,black_pepper,Grade 1,average,1127.15,"Department of Export Agriculture, Sri Lanka - Economic Research Unit",https://exagri.info/mkt/2017/28.02.2017.html,2017-02-28,2026-10-07,Sri Lanka,LKR,kg,farm_gate,weekly,c8081a4695874ee2dd91ad6cc6a14748d1f2c6710c643d578a929d1223ef384a,observed_source_value,8439a70b4f539ed6f81f
2017-03-07,National,black_pepper,Grade 1,average,1097.17,"Department of Export Agriculture, Sri Lanka - Economic Research Unit",https://exagri.info/mkt/2017/07.03.2017.html,2017-03-07,2026-10-07,Sri Lanka,LKR,kg,farm_gate,weekly,86019e871d0d9109f5501ae841ab3c7f8b556ef17476fe4d5f6802288aac6b2f,observed_source_value,9be35011b0c5b3b84fa6
2017-03-14,National,black_pepper,Grade 1,average,1065.15,"Department of Export Agriculture, Sri Lanka - Economic Research Unit",https://exagri.info/mkt/2017/14.03.2017.html,2017-03-14,2026-10-07,Sri Lanka,LKR,kg,farm_gate,weekly,2dfcab85642b2fbe97042ec7ca7b84378d729c035d77a9b91f30554272b9fb7f,observed_source_value,f337b6ec3fc81be6f399
2017-03-21,National,black_pepper,Grade 1,average,1070.71,"Department of Export Agriculture, Sri Lanka - Economic Research Unit",https://exagri.info/mkt/2017/21.03.2017.html,2017-03-21,2026-10-07,Sri Lanka,LKR,kg,farm_gate,weekly,c88c704185d2b19564db4be5b636a637599995350beec8a4d6446661dd3207f8,observed_source_value,cade4a5d08715f1b192f
2017-03-28,National,black_pepper,Grade 1,average,1072.0,"Department of Export Agriculture, Sri Lanka - Economic Research Unit",https://exagri.info/mkt/2017/28.03.2017.html,2017-03-28,2026-10-07,Sri Lanka,LKR,kg,farm_gate,weekly,b91fe8b1f5617167373a375d3eef57a36f885f39b1ee17c4f4763e9130a56a88,observed_source_value,2d3112db846ccc726977
2017-04-04,National,black_pepper,Grade 1,average,1054.85,"Department of Export Agriculture, Sri Lanka - Economic Research Unit",https://exagri.info/mkt/2017/04.04.2017.html,2017-04-04,2026-10-07,Sri Lanka,LKR,kg,farm_gate,weekly,d965029accc0bea211092fe5c0c7a19d842d07a9ab4b89c0724f021313b4c02f,observed_source_value,45604d932e9cdb4c72ad
2017-04-18,National,black_pepper,Grade 1,average,1034.62,"Department of Export Agriculture, Sri Lanka - Economic Research Unit",https://exagri.info/mkt/2017/18.04.2017.html,2017-04-18,2026-10-07,Sri Lanka,LKR,kg,farm_gate,weekly,58b81e4d1abc6bd5fe22830880fa5fc2c85096b18b937609c4dfcd802932ae08,observed_source_value,b91986653d8bfe3bb17e
2017-04-25,National,black_pepper,Grade 1,average,1017.31,"Department of Export Agriculture, Sri Lanka - Economic Research Unit",https://exagri.info/mkt/2017/25.04.2017.html,2017-04-25,2026-10-07,Sri Lanka,LKR,kg,farm_gate,weekly,207373e314ddd0a03f8a5ab840ca711dad5447f2483d541467b7d1e3aa068873,observed_source_value,323602133edd341e4873
2017-05-02,National,black_pepper,Grade 1,average,1052.17,"Department of Export Agriculture, Sri Lanka - Economic Research Unit",https://exagri.info/mkt/2017/02.05.2017.html,2017-05-02,2026-10-07,Sri Lanka,LKR,kg,farm_gate,weekly,248c7c35f075db9c7152e4fc5bec7145664d5da4201a68d51a5d08d904759ed2,observed_source_value,08bc4d8bd6af6a420698
2017-05-08,National,black_pepper,Grade 1,average,1038.21,"Department of Export Agriculture, Sri Lanka - Economic Research Unit",https://exagri.info/mkt/2017/08.05.2017.html,2017-05-08,2026-10-07,Sri Lanka,LKR,kg,farm_gate,weekly,10f685a7516356c6aed54aa5898f46020dd788b27495d1991cbd4c9826b4d5f5,observed_source_value,15a9a7a767ea4e204a39
2017-05-16,National,black_pepper,Grade 1,average,1021.71,"Department of Export Agriculture, Sri Lanka - Economic Research Unit",https://exagri.info/mkt/2017/16.05.2017.html,2017-05-16,2026-10-07,Sri Lanka,LKR,kg,farm_gate,weekly,2ea5462b9306e7fb352ed85b9136dd3d6de9ef6839cbeb50589b46d9e972ec99,observed_source_value,5afc5b9f4fc7fcc4ac43
2017-05-23,National,black_pepper,Grade 1,average,990.71,"Department of Export Agriculture, Sri Lanka - Economic Research Unit",https://exagri.info/mkt/2017/23.05.2017.html,2017-05-23,2026-10-07,Sri Lanka,LKR,kg,farm_gate,weekly,5d7daf63f65c0780f272273607665a81330099999616320dbc55beb624f59e9d,observed_source_value,2792b5bfbdff4ccedcb6
2017-05-30,National,black_pepper,Grade 1,average,995.27,"Department of Export Agriculture, Sri Lanka - Economic Research Unit",https://exagri.info/mkt/2017/30.05.2017.html,2017-05-30,2026-10-07,Sri Lanka,LKR,kg,farm_gate,weekly,2895b1408db8be5c0e5729802ffb645b56f8f91e09dd8e2bf12ea58e8c0263fc,observed_source_value,92c5070d17e6f32decb9
2017-06-06,National,black_pepper,Grade 1,average,982.14,"Department of Export Agriculture, Sri Lanka - Economic Research Unit",https://exagri.info/mkt/2017/06.06.2017.html,2017-06-06,2026-10-07,Sri Lanka,LKR,kg,farm_gate,weekly,7792e338f51954600593f0cbec8721a6975237e8323444ec645337dc9e54f561,observed_source_value,a1c78037a3a8d0f6fbd2
2017-06-13,National,black_pepper,Grade 1,average,957.54,"Department of Export Agriculture, Sri Lanka - Economic Research Unit",https://exagri.info/mkt/2017/13.06.2017.html,2017-06-13,2026-10-07,Sri Lanka,LKR,kg,farm_gate,weekly,cf488c38f7a278674a4967978f43d13ca7036ca599eb89ff1677831a3e3eb3d0,observed_source_value,5f0c1e302686e5302d85
2017-06-20,National,black_pepper,Grade 1,average,919.0,"Department of Export Agriculture, Sri Lanka - Economic Research Unit",https://exagri.info/mkt/2017/20.06.2017.html,2017-06-20,2026-10-07,Sri Lanka,LKR,kg,farm_gate,weekly,9526c23881da06f4c259bfa787e70cbbf6a01c8c1f95fff6d3b889c443ce2205,observed_source_value,7ec28d4a9cb15dee6426
2017-06-27,National,black_pepper,Grade 1,average,882.23,"Department of Export Agriculture, Sri Lanka - Economic Research Unit",https://exagri.info/mkt/2017/27.06.2017.html,2017-06-27,2026-10-07,Sri Lanka,LKR,kg,farm_gate,weekly,2bab501b3274df96e9cee4f6a46e659a849c49d02a406673537ced3b4d736f87,observed_source_value,db9aa5a078e73955b419
2017-07-04,National,black_pepper,Grade 1,average,824.58,"Department of Export Agriculture, Sri Lanka - Economic Research Unit",https://exagri.info/mkt/2017/04.07.2017.html,2017-07-04,2026-10-07,Sri Lanka,LKR,kg,farm_gate,weekly,cbd436e4b4ba5dff9abb8886974127347377cfeea03bd358eb406f11cab1e93b,observed_source_value,ce504aa96230772f8cc5
2017-07-11,National,black_pepper,Grade 1,average,721.71,"Department of Export Agriculture, Sri Lanka - Economic Research Unit",https://exagri.info/mkt/2017/11.07.2017.html,2017-07-11,2026-10-07,Sri Lanka,LKR,kg,farm_gate,weekly,7d5c81affd4d62aed3c79d9169d54fc147ae060a1fbe187b1f3581de9f1716fc,observed_source_value,46351f49fb5dfbec9291
2017-07-18,National,black_pepper,Grade 1,average,704.23,"Department of Export Agriculture, Sri Lanka - Economic Research Unit",https://exagri.info/mkt/2017/18.07.2017.html,2017-07-18,2026-10-07,Sri Lanka,LKR,kg,farm_gate,weekly,d04fd4eac9c19b8b41c0ea0f507868a48ea9050232d709384df81625397dd9af,observed_source_value,c897479b75182c418d61
2017-07-25,National,black_pepper,Grade 1,average,724.57,"Department of Export Agriculture, Sri Lanka - Economic Research Unit",https://exagri.info/mkt/2017/25.07.2017.html,2017-07-25,2026-10-07,Sri Lanka,LKR,kg,farm_gate,weekly,9a1b535638529ed4c17a735570b6f8b489f78f3e7530e752d20cc2d3733c6d0d,observed_source_value,d91786c81ea292d94294
2017-08-01,National,black_pepper,Grade 1,average,714.36,"Department of Export Agriculture, Sri Lanka - Economic Research Unit",https://exagri.info/mkt/2017/01.08.2017.html,2017-08-01,2026-10-07,Sri Lanka,LKR,kg,farm_gate,weekly,1b36514c285986865fc5529a6d94ba79a1e12619bdc291458aa2b6d91ce56cba,observed_source_value,653d7d03a89a24f5366e
2017-08-08,National,black_pepper,Grade 1,average,675.79,"Department of Export Agriculture, Sri Lanka - Economic Research Unit",https://exagri.info/mkt/2017/08.08.2017.html,2017-08-08,2026-10-07,Sri Lanka,LKR,kg,farm_gate,weekly,7fe105211c329049e92e4565a077e034b724b97ed77dc2734005b3c84a9eb295,observed_source_value,0b2eccf08cb600ca9e72
2017-08-15,National,black_pepper,Grade 1,average,681.62,"Department of Export Agriculture, Sri Lanka - Economic Research Unit",https://exagri.info/mkt/2017/15.08.2017.html,2017-08-15,2026-10-07,Sri Lanka,LKR,kg,farm_gate,weekly,d234760789d26dc9e6ec638071be2c7031719157cda78b9d5b6071d031fbf8fc,observed_source_value,f6085f2193539bb28ff0
2017-08-22,National,black_pepper,Grade 1,average,673.0,"Department of Export Agriculture, Sri Lanka - Economic Research Unit",https://exagri.info/mkt/2017/22.08.2017.html,2017-08-22,2026-10-07,Sri Lanka,LKR,kg,farm_gate,weekly,044f4b1f17b441388649fa03e76a8ebc955e4b26d1287794168869f36d2eae53,observed_source_value,c58b38a39079687de87d
2017-08-29,National,black_pepper,Grade 1,average,684.79,"Department of Export Agriculture, Sri Lanka - Economic Research Unit",https://exagri.info/mkt/2017/29.08.2017.html,2017-08-29,2026-10-07,Sri Lanka,LKR,kg,farm_gate,weekly,8da0dde990876bcebc6b307864fa9595c2bbaf599206e39b0301824ee4bd43e2,observed_source_value,56c5ec36b3dc8cb34195
2017-09-04,National,black_pepper,Grade 1,average,696.07,"Department of Export Agriculture, Sri Lanka - Economic Research Unit",https://exagri.info/mkt/2017/04.09.2017.html,2017-09-04,2026-10-07,Sri Lanka,LKR,kg,farm_gate,weekly,452c8af9e6b5815c2b18e5689ada73c05d34d90fef18d9b37cc2dad8f8b7fb4d,observed_source_value,35be9de316682511575f
2017-09-12,National,black_pepper,Grade 1,average,706.64,"Department of Export Agriculture, Sri Lanka - Economic Research Unit",https://exagri.info/mkt/2017/12.09.2017.html,2017-09-12,2026-10-07,Sri Lanka,LKR,kg,farm_gate,weekly,8b38e9bc59475d533b0958ca1e0f3960033bd45de902997eabeb65baabc1857a,observed_source_value,58b0a03ffc8ed6fcb436
2017-09-19,National,black_pepper,Grade 1,average,715.21,"Department of Export Agriculture, Sri Lanka - Economic Research Unit",https://exagri.info/mkt/2017/19.09.2017.html,2017-09-19,2026-10-07,Sri Lanka,LKR,kg,farm_gate,weekly,bf893f0c0e03f434d39d27d8e03b369bdf8062d832e8cabd1fb72d1cc725b9d1,observed_source_value,a2e1ea189631ca5ad1e3
2017-09-26,National,black_pepper,Grade 1,average,701.07,"Department of Export Agriculture, Sri Lanka - Economic Research Unit",https://exagri.info/mkt/2017/26.09.2017.html,2017-09-26,2026-10-07,Sri Lanka,LKR,kg,farm_gate,weekly,f6125e5c99066f560020c7daa1358c248a819bf70385399ed9b335da5f2132ab,observed_source_value,c4613d272cb122f908cc
2017-10-03,National,black_pepper,Grade 1,average,684.15,"Department of Export Agriculture, Sri Lanka - Economic Research Unit",https://exagri.info/mkt/2017/03.10.2017.html,2017-10-03,2026-10-07,Sri Lanka,LKR,kg,farm_gate,weekly,39491cbc47ea2126a8f1abe48c7d6a17cac73e743f89b9e9e787c1b1b2496a43,observed_source_value,50cbabe03a5e27b35e5e
2017-10-10,National,black_pepper,Grade 1,average,657.23,"Department of Export Agriculture, Sri Lanka - Economic Research Unit",https://exagri.info/mkt/2017/10.10.2017.html,2017-10-10,2026-10-07,Sri Lanka,LKR,kg,farm_gate,weekly,0fbee0e9f185eb9724a8d1a76b76ff96c2d43b154c47229ea3e8d91ba7018810,observed_source_value,d5a73c3e620ce534100c
2017-10-16,National,black_pepper,Grade 1,average,662.57,"Department of Export Agriculture, Sri Lanka - Economic Research Unit",https://exagri.info/mkt/2017/16.10.2017.html,2017-10-16,2026-10-07,Sri Lanka,LKR,kg,farm_gate,weekly,7d7c0936fcadbfc4ce7282536d9f56fbdf9536a3ab53226b94799dcf030b893c,observed_source_value,8de8ddeb6b46b0ca0b1c
2017-10-24,National,black_pepper,Grade 1,average,676.85,"Department of Export Agriculture, Sri Lanka - Economic Research Unit",https://exagri.info/mkt/2017/24.10.2017.html,2017-10-24,2026-10-07,Sri Lanka,LKR,kg,farm_gate,weekly,b153dc0ec8a5007a42f11e3b54c625339e4e41d6e36278baaa92f1bf5ead9c97,observed_source_value,cb78c3cef32d721ed17b
2017-10-31,National,black_pepper,Grade 1,average,666.31,"Department of Export Agriculture, Sri Lanka - Economic Research Unit",https://exagri.info/mkt/2017/31.10.2017.html,2017-10-31,2026-10-07,Sri Lanka,LKR,kg,farm_gate,weekly,d9012a8fc32227a10648f6b36a8fe25ea73a8f3e80af725eee8e3552a6bb7f7b,observed_source_value,e79c9333200fc4e0c6ae
2017-11-07,National,black_pepper,Grade 1,average,660.31,"Department of Export Agriculture, Sri Lanka - Economic Research Unit",https://exagri.info/mkt/2017/07.11.2017.html,2017-11-07,2026-10-07,Sri Lanka,LKR,kg,farm_gate,weekly,e91e1565902a7ddd52ddfb410e76c97944d075758cd67eb5b230fcf87ff90dfe,observed_source_value,ce730e3c7c8600abf656
2017-11-14,National,black_pepper,Grade 1,average,657.31,"Department of Export Agriculture, Sri Lanka - Economic Research Unit",https://exagri.info/mkt/2017/14.11.2017.html,2017-11-14,2026-10-07,Sri Lanka,LKR,kg,farm_gate,weekly,3a86719fa4d66b3822b6e03a32e6d6fcfbb8c486818456ed84558a2886caab48,observed_source_value,673e0ee3932a85742593
2017-11-21,National,black_pepper,Grade 1,average,640.0,"Department of Export Agriculture, Sri Lanka - Economic Research Unit",https://exagri.info/mkt/2017/21.11.2017.html,2017-11-21,2026-10-07,Sri Lanka,LKR,kg,farm_gate,weekly,acdf6156f03fa35443c0df8668229fe223a6f54977e888561ac76f368aef7187,observed_source_value,bf0f52097d56474b1f28
2017-11-28,National,black_pepper,Grade 1,average,612.46,"Department of Export Agriculture, Sri Lanka - Economic Research Unit",https://exagri.info/mkt/2017/28.11.2017.html,2017-11-28,2026-10-07,Sri Lanka,LKR,kg,farm_gate,weekly,85618f3ad6c78b01ded7a375ef70d273707182bd323094c3e6037e095239ad64,observed_source_value,0e8c844bdcd1a384522a
2017-12-05,National,black_pepper,Grade 1,average,603.5,"Department of Export Agriculture, Sri Lanka - Economic Research Unit",https://exagri.info/mkt/2017/05.12.2017.html,2017-12-05,2026-10-07,Sri Lanka,LKR,kg,farm_gate,weekly,9b4cec2b0546bc0bac4f62e8d43ce9bd5be4ccd219b8ba99b7c1aca1b7ee81ef,observed_source_value,d32f297cea9a25db6178
2017-12-12,National,black_pepper,Grade 1,average,598.31,"Department of Export Agriculture, Sri Lanka - Economic Research Unit",https://exagri.info/mkt/2017/12.12.2017.html,2017-12-12,2026-10-07,Sri Lanka,LKR,kg,farm_gate,weekly,2a4559a7914aead9ff2bf837e5fd4b343200541c418b88068d592739ba9f28da,observed_source_value,13cb5e03b4082d756866
2017-12-19,National,black_pepper,Grade 1,average,582.07,"Department of Export Agriculture, Sri Lanka - Economic Research Unit",https://exagri.info/mkt/2017/19.12.2017.html,2017-12-19,2026-10-07,Sri Lanka,LKR,kg,farm_gate,weekly,5bcbc0c67c2be0b2cecefb862307e105b88eeaef5b52a45b852ff38b98b3e347,observed_source_value,168e2626bd130bf898d5
2017-12-26,National,black_pepper,Grade 1,average,581.42,"Department of Export Agriculture, Sri Lanka - Economic Research Unit",https://exagri.info/mkt/2017/26.12.2017.html,2017-12-26,2026-10-07,Sri Lanka,LKR,kg,farm_gate,weekly,57c3925370493d04af64e031b1ffbe14f6448f067e1250151257381689fd84ff,observed_source_value,0c44f7c9f0198afd6037
2018-01-03,National,black_pepper,Grade 1,average,606.5,"Department of Export Agriculture, Sri Lanka - Economic Research Unit",https://exagri.info/mkt/2018/03.01.2018.html,2018-01-03,2026-10-07,Sri Lanka,LKR,kg,farm_gate,weekly,e8a0f00458acc36da034fefd03b4bec2dbf1902aeacb48f567f72a55a3a4b071,observed_source_value,1ee351411937d136c420
2018-01-09,National,black_pepper,Grade 1,average,614.58,"Department of Export Agriculture, Sri Lanka - Economic Research Unit",https://exagri.info/mkt/2018/09.01.2018.html,2018-01-09,2026-10-07,Sri Lanka,LKR,kg,farm_gate,weekly,4a4af60b20156b3a87fa5bac0d208a0ebea9c0781ddcf2c66bb6909da01c344c,observed_source_value,22fac4f6aa97fcb77735
2018-01-16,National,black_pepper,Grade 1,average,615.71,"Department of Export Agriculture, Sri Lanka - Economic Research Unit",https://exagri.info/mkt/2018/16.01.2018.html,2018-01-16,2026-10-07,Sri Lanka,LKR,kg,farm_gate,weekly,131de9bb87f3ffc12c3a4cb88a2b1d2b88542bac29ed2d5602fbd437ef71c755,observed_source_value,cf1fd7d26430137facc1
2018-01-23,National,black_pepper,Grade 1,average,621.69,"Department of Export Agriculture, Sri Lanka - Economic Research Unit",https://exagri.info/mkt/2018/23.01.2018.html,2018-01-23,2026-10-07,Sri Lanka,LKR,kg,farm_gate,weekly,688132cc78dd87ac4fce4ace0c65f3681c630d57f6af0c9e09ba4f0c13782691,observed_source_value,88c8b8fb4a4413b041d2
2018-01-29,National,black_pepper,Grade 1,average,623.21,"Department of Export Agriculture, Sri Lanka - Economic Research Unit",https://exagri.info/mkt/2018/29.01.2018.html,2018-01-29,2026-10-07,Sri Lanka,LKR,kg,farm_gate,weekly,adab24f34da94233d195de0a300b4357688dcbfb42a234dd18817100af101410,observed_source_value,aa9d6e08381bfe082f67
2018-02-06,National,black_pepper,Grade 1,average,620.86,"Department of Export Agriculture, Sri Lanka - Economic Research Unit",https://exagri.info/mkt/2018/06.02.2018.html,2018-02-06,2026-10-07,Sri Lanka,LKR,kg,farm_gate,weekly,b8504dba473645461d0075e508dc03d9313da50833f982353182976a19eedaec,observed_source_value,ec69637740aee62682f3
2018-02-12,National,black_pepper,Grade 1,average,627.57,"Department of Export Agriculture, Sri Lanka - Economic Research Unit",https://exagri.info/mkt/2018/12.02.2018.html,2018-02-12,2026-10-07,Sri Lanka,LKR,kg,farm_gate,weekly,65120c889286d26d1721163b19a1a2b6e92782790891f2a78528ff5cc9cb86be,observed_source_value,b8cc860e6a73c11bd995
2018-02-20,National,black_pepper,Grade 1,average,637.69,"Department of Export Agriculture, Sri Lanka - Economic Research Unit",https://exagri.info/mkt/2018/20.02.2018.html,2018-02-20,2026-10-07,Sri Lanka,LKR,kg,farm_gate,weekly,b3a944a7eabdbd6ff957e18b6b0a9b5c0f7e8e31646a25cf71d6815e6748951f,observed_source_value,d453fd820bdbb59918ed
2018-02-27,National,black_pepper,Grade 1,average,640.85,"Department of Export Agriculture, Sri Lanka - Economic Research Unit",https://exagri.info/mkt/2018/27.02.2018.html,2018-02-27,2026-10-07,Sri Lanka,LKR,kg,farm_gate,weekly,1401206cbf051d6b5b5f208563502eb87f9e7ddef44dd9f40cf07603d49a477b,observed_source_value,ec5a86a700054b0d4503
2018-03-06,National,black_pepper,Grade 1,average,629.64,"Department of Export Agriculture, Sri Lanka - Economic Research Unit",https://exagri.info/mkt/2018/06.03.2018.html,2018-03-06,2026-10-07,Sri Lanka,LKR,kg,farm_gate,weekly,3c3ca385f3e4fbab91094f69c79e78acd652f34c4c7c13df00666c6073cbd91e,observed_source_value,29f5e8f8c49239da4d07
2018-03-13,National,black_pepper,Grade 1,average,642.69,"Department of Export Agriculture, Sri Lanka - Economic Research Unit",https://exagri.info/mkt/2018/13.03.2018.html,2018-03-13,2026-10-07,Sri Lanka,LKR,kg,farm_gate,weekly,8d5e8a2032274746e1f39e72687eb0a909a28862c213ad21032640cef2fc82e5,observed_source_value,fcfb5d4f1a27b7b3ce83
2018-03-20,National,black_pepper,Grade 1,average,638.07,"Department of Export Agriculture, Sri Lanka - Economic Research Unit",https://exagri.info/mkt/2018/20.03.2018.html,2018-03-20,2026-10-07,Sri Lanka,LKR,kg,farm_gate,weekly,9e55656ac2bd1eca42007add9df0592abc3b7d7ede56b78d49761e5d72bdaf7f,observed_source_value,c9995522691f288c80f1
2018-03-27,National,black_pepper,Grade 1,average,628.29,"Department of Export Agriculture, Sri Lanka - Economic Research Unit",https://exagri.info/mkt/2018/27.03.2018.html,2018-03-27,2026-10-07,Sri Lanka,LKR,kg,farm_gate,weekly,9fc5d753c2f692e771d99bef75b68226f5250841ce7690ca76dbd2fdc805b8b2,observed_source_value,e3c22f32b09867883ca0
2018-04-03,National,black_pepper,Grade 1,average,627.64,"Department of Export Agriculture, Sri Lanka - Economic Research Unit",https://exagri.info/mkt/2018/03.04.2018.html,2018-04-03,2026-10-07,Sri Lanka,LKR,kg,farm_gate,weekly,80d9e4cef771ec6c64f8c1e694191d0caef44296a79ac402dc97f18bcfa72558,observed_source_value,8e1267ce198162f930f4
2018-04-09,National,black_pepper,Grade 1,average,624.57,"Department of Export Agriculture, Sri Lanka - Economic Research Unit",https://exagri.info/mkt/2018/09.04.2018.html,2018-04-09,2026-10-07,Sri Lanka,LKR,kg,farm_gate,weekly,a4fca52f226325ab324b0a032407afdd52e75e8cacb03e6ccb8e617c5cc1652b,observed_source_value,b0afed30ac09f73436f0
2018-04-17,National,black_pepper,Grade 1,average,624.54,"Department of Export Agriculture, Sri Lanka - Economic Research Unit",https://exagri.info/mkt/2018/17.04.2018.html,2018-04-17,2026-10-07,Sri Lanka,LKR,kg,farm_gate,weekly,24b7635d15943ce1dd2ee6aa87a00f94c922d7d041f21fd4d465549dc3732041,observed_source_value,45749f702778cb320f2b
2018-04-24,National,black_pepper,Grade 1,average,625.07,"Department of Export Agriculture, Sri Lanka - Economic Research Unit",https://exagri.info/mkt/2018/24.04.2018.html,2018-04-24,2026-10-07,Sri Lanka,LKR,kg,farm_gate,weekly,81f5dc00356abf82a53cfc74d0609933de2735096f3ac73f9c823b68a592aa52,observed_source_value,4aa77a6488199701275f
2018-05-01,National,black_pepper,Grade 1,average,627.85,"Department of Export Agriculture, Sri Lanka - Economic Research Unit",https://exagri.info/mkt/2018/01.05.2018.html,2018-05-01,2026-10-07,Sri Lanka,LKR,kg,farm_gate,weekly,265d09eb9e0ff3abe1d3924f1079b575591d2a8e690995d2eb551ef6dde2d48d,observed_source_value,659aee70293aa2aff30b
2018-05-08,National,black_pepper,Grade 1,average,629.71,"Department of Export Agriculture, Sri Lanka - Economic Research Unit",https://exagri.info/mkt/2018/08.05.2018.html,2018-05-08,2026-10-07,Sri Lanka,LKR,kg,farm_gate,weekly,09d27c2fecc0a886cac1858fc22c240d12a6fe48fb22e0fe83acaad94eb85422,observed_source_value,ce06d21fbd5d839de1a5
2018-05-15,National,black_pepper,Grade 1,average,625.77,"Department of Export Agriculture, Sri Lanka - Economic Research Unit",https://exagri.info/mkt/2018/15.05.2018.html,2018-05-15,2026-10-07,Sri Lanka,LKR,kg,farm_gate,weekly,7382507b2d94f9e8611e23ab525be8656384039f33cc1f87f249fd71e8c55512,observed_source_value,4d856c5580dd924a57a9
2018-05-22,National,black_pepper,Grade 1,average,616.43,"Department of Export Agriculture, Sri Lanka - Economic Research Unit",https://exagri.info/mkt/2018/22.05.2018.html,2018-05-22,2026-10-07,Sri Lanka,LKR,kg,farm_gate,weekly,5a38ca2a40b811d0255758068a9b2170286f15b8f28539a1f05a681f2e0001c6,observed_source_value,ea8783719f29fccaeeb6
2018-05-28,National,black_pepper,Grade 1,average,614.29,"Department of Export Agriculture, Sri Lanka - Economic Research Unit",https://exagri.info/mkt/2018/28.05.2018.html,2018-05-28,2026-10-07,Sri Lanka,LKR,kg,farm_gate,weekly,d47009494aa1b58200e734e5d1f30ff2823797c44a3e6316b54bbcbe9f38567c,observed_source_value,e6c4a0513f9762e825d0
2018-06-05,National,black_pepper,Grade 1,average,613.93,"Department of Export Agriculture, Sri Lanka - Economic Research Unit",https://exagri.info/mkt/2018/05.06.2018.html,2018-06-05,2026-10-07,Sri Lanka,LKR,kg,farm_gate,weekly,3f1f75b824120fb50c794986f8914d65bbd039f9c85f67906f656a656844df5e,observed_source_value,789105562b73b565fcac
2018-06-12,National,black_pepper,Grade 1,average,610.5,"Department of Export Agriculture, Sri Lanka - Economic Research Unit",https://exagri.info/mkt/2018/12.06.2018.html,2018-06-12,2026-10-07,Sri Lanka,LKR,kg,farm_gate,weekly,9c4e7ed80b592e3149de7854588102c18dc7b2b7d92c7a84d544b3fd6965b0de,observed_source_value,d21420ec9e251e375048
2018-06-19,National,black_pepper,Grade 1,average,607.64,"Department of Export Agriculture, Sri Lanka - Economic Research Unit",https://exagri.info/mkt/2018/19.06.2018.html,2018-06-19,2026-10-07,Sri Lanka,LKR,kg,farm_gate,weekly,e1b57887cec83a83dbe874d9ec09e45ab0774b6cc60802231e6691b900069514,observed_source_value,a16132a8b69edbcfdd5a
2018-06-25,National,black_pepper,Grade 1,average,602.0,"Department of Export Agriculture, Sri Lanka - Economic Research Unit",https://exagri.info/mkt/2018/25.06.2018.html,2018-06-25,2026-10-07,Sri Lanka,LKR,kg,farm_gate,weekly,941119ce18842189fb0d3981c133f93876efbf0afb0245dbecb1d9c7b13e4598,observed_source_value,2e3c150c528de5b3509f
2018-07-03,National,black_pepper,Grade 1,average,580.79,"Department of Export Agriculture, Sri Lanka - Economic Research Unit",https://exagri.info/mkt/2018/03.07.2018.html,2018-07-03,2026-10-07,Sri Lanka,LKR,kg,farm_gate,weekly,7eb2647426bbc47c68c8493ee63e589167a1e2c01a04c88e970dc3da256c404a,observed_source_value,eda89251dbe1b7c6be15
2018-07-10,National,black_pepper,Grade 1,average,543.29,"Department of Export Agriculture, Sri Lanka - Economic Research Unit",https://exagri.info/mkt/2018/10.07.2018.html,2018-07-10,2026-10-07,Sri Lanka,LKR,kg,farm_gate,weekly,53c9c72559b69aa67752826df6705968c4e751c1735b5f946d8dc819f1a80396,observed_source_value,647fe597723549277fae
2018-07-17,National,black_pepper,Grade 1,average,502.79,"Department of Export Agriculture, Sri Lanka - Economic Research Unit",https://exagri.info/mkt/2018/17.07.2018.html,2018-07-17,2026-10-07,Sri Lanka,LKR,kg,farm_gate,weekly,6a493d37370a838fe523da4993acade0a10a0c1c4dd6c04d0ad556f740414ca3,observed_source_value,a43d8e4b1d7626cbf4ff
2018-07-24,National,black_pepper,Grade 1,average,508.07,"Department of Export Agriculture, Sri Lanka - Economic Research Unit",https://exagri.info/mkt/2018/24.07.2018.html,2018-07-24,2026-10-07,Sri Lanka,LKR,kg,farm_gate,weekly,4a57b2c53fdd0bb6d451efa0f1a842f68a35cd0d6eec14aa4589dcfffbc159a2,observed_source_value,669ca12796200644dc1a
2018-07-31,National,black_pepper,Grade 1,average,529.5,"Department of Export Agriculture, Sri Lanka - Economic Research Unit",https://exagri.info/mkt/2018/31.07.2018.html,2018-07-31,2026-10-07,Sri Lanka,LKR,kg,farm_gate,weekly,f7e5d67707d79a2bbabb1a83cf49fecff8854e1a47c0ac3b591c80b627ecc046,observed_source_value,7d70ab14ebb1630b4a34
2018-08-07,National,black_pepper,Grade 1,average,528.43,"Department of Export Agriculture, Sri Lanka - Economic Research Unit",https://exagri.info/mkt/2018/07.08.2018.html,2018-08-07,2026-10-07,Sri Lanka,LKR,kg,farm_gate,weekly,4283106f7d2f634987f5f2f7c4731c902ff0c5fef453171e96a4769bc0ed63c2,observed_source_value,20ae848558dc32fd8200
2018-08-14,National,black_pepper,Grade 1,average,541.43,"Department of Export Agriculture, Sri Lanka - Economic Research Unit",https://exagri.info/mkt/2018/14.08.2018.html,2018-08-14,2026-10-07,Sri Lanka,LKR,kg,farm_gate,weekly,02ebc0a4ed1eb7d94e47c0a0592c2bddd8b7474608ef8183a0f5c67c25b95e7d,observed_source_value,25232ef8faa5aae3c48f
2018-08-20,National,black_pepper,Grade 1,average,547.5,"Department of Export Agriculture, Sri Lanka - Economic Research Unit",https://exagri.info/mkt/2018/20.08.2018.html,2018-08-20,2026-10-07,Sri Lanka,LKR,kg,farm_gate,weekly,9622c9aa1066f3f2a922c7bde31ac0c7ae17970f984212080b42bfa49764f961,observed_source_value,83e3114404a9400dc63f
2018-08-28,National,black_pepper,Grade 1,average,573.0,"Department of Export Agriculture, Sri Lanka - Economic Research Unit",https://exagri.info/mkt/2018/28.08.2018.html,2018-08-28,2026-10-07,Sri Lanka,LKR,kg,farm_gate,weekly,2005d5da77f15b797f251582d32e18d7609ab3738b4804199b074f0b5ba39128,observed_source_value,8ae3fcec64204de34462
2018-09-04,National,black_pepper,Grade 1,average,598.64,"Department of Export Agriculture, Sri Lanka - Economic Research Unit",https://exagri.info/mkt/2018/04.09.2018.html,2018-09-04,2026-10-07,Sri Lanka,LKR,kg,farm_gate,weekly,ac2724e685c6bdcb2aaddd5e748607a4a1c2cfa5cddf50432585cc3f83377784,observed_source_value,2890f61ceb2c333dfd67
2018-09-11,National,black_pepper,Grade 1,average,603.5,"Department of Export Agriculture, Sri Lanka - Economic Research Unit",https://exagri.info/mkt/2018/11.09.2018.html,2018-09-11,2026-10-07,Sri Lanka,LKR,kg,farm_gate,weekly,3926cd540d8c38cfdf7bdf839ce919cea5eefd25d562b316efc9f1d3957a943f,observed_source_value,e85e7b2e9d083c4d9c42
2018-09-18,National,black_pepper,Grade 1,average,599.21,"Department of Export Agriculture, Sri Lanka - Economic Research Unit",https://exagri.info/mkt/2018/18.09.2018.html,2018-09-18,2026-10-07,Sri Lanka,LKR,kg,farm_gate,weekly,f7fe3f54438dbbefb50d821ffe5cb9f1b061897acea3aa19dbe57d076f541539,observed_source_value,0f25a6651fdd022454cd
2018-09-25,National,black_pepper,Grade 1,average,600.14,"Department of Export Agriculture, Sri Lanka - Economic Research Unit",https://exagri.info/mkt/2018/25.09.2018.html,2018-09-25,2026-10-07,Sri Lanka,LKR,kg,farm_gate,weekly,9043d2e979c5d713254787e90243376a3e2f72e6f055a94599ae41e3f1384e08,observed_source_value,8fb1223796ac6c4d7054
2018-10-02,National,black_pepper,Grade 1,average,599.14,"Department of Export Agriculture, Sri Lanka - Economic Research Unit",https://exagri.info/mkt/2018/02.10.2018.html,2018-10-02,2026-10-07,Sri Lanka,LKR,kg,farm_gate,weekly,8b59fa9abace29e45e483141d6b69825e0d703bb2d0d04ace0a174f439d63c25,observed_source_value,0eb01190d35cf83e20cb
2018-10-09,National,black_pepper,Grade 1,average,605.0,"Department of Export Agriculture, Sri Lanka - Economic Research Unit",https://exagri.info/mkt/2018/09.10.2018.html,2018-10-09,2026-10-07,Sri Lanka,LKR,kg,farm_gate,weekly,ddef4d731b012b4084df501e9656d0e3d2de1fb03071aac5036a5d744378c719,observed_source_value,63875b5ac4317b49764b
2018-10-16,National,black_pepper,Grade 1,average,601.36,"Department of Export Agriculture, Sri Lanka - Economic Research Unit",https://exagri.info/mkt/2018/16.10.2018.html,2018-10-16,2026-10-07,Sri Lanka,LKR,kg,farm_gate,weekly,a8161bb84a427c387ccdf5ea1632c58a142e426f86f3c289ae442aac79d34332,observed_source_value,61f3e7441ccb1c9612b1
2018-10-22,National,black_pepper,Grade 1,average,597.31,"Department of Export Agriculture, Sri Lanka - Economic Research Unit",https://exagri.info/mkt/2018/22.10.2018.html,2018-10-22,2026-10-07,Sri Lanka,LKR,kg,farm_gate,weekly,4a344ed6c8bc210f3175c542d186d0f39da8bc1e1d1b0e266e84c7d9e1f38204,observed_source_value,7f6efccae7ddf3b13b52
2018-10-30,National,black_pepper,Grade 1,average,600.57,"Department of Export Agriculture, Sri Lanka - Economic Research Unit",https://exagri.info/mkt/2018/30.10.2018.html,2018-10-30,2026-10-07,Sri Lanka,LKR,kg,farm_gate,weekly,9eacbffa3d253c138d71f60bf68018abc997ad550198a344f0e66c35284cd917,observed_source_value,1ee3a1ba9eb06a5680ed
2018-11-05,National,black_pepper,Grade 1,average,600.64,"Department of Export Agriculture, Sri Lanka - Economic Research Unit",https://exagri.info/mkt/2018/05.11.2018.html,2018-11-05,2026-10-07,Sri Lanka,LKR,kg,farm_gate,weekly,f885c3695168f34d47556e9b90204bdb760bf3548cd5ed91e5cd56e6ad93049f,observed_source_value,1096589b8c9456479536
2018-11-13,National,black_pepper,Grade 1,average,604.93,"Department of Export Agriculture, Sri Lanka - Economic Research Unit",https://exagri.info/mkt/2018/13.11.2018.html,2018-11-13,2026-10-07,Sri Lanka,LKR,kg,farm_gate,weekly,dcf91b61016e344c101708271ab9bd64cf4083d3d9b66898d56cd845039e13c6,observed_source_value,8096431de6c8422d42fe
2018-11-19,National,black_pepper,Grade 1,average,610.79,"Department of Export Agriculture, Sri Lanka - Economic Research Unit",https://exagri.info/mkt/2018/19.11.2018.html,2018-11-19,2026-10-07,Sri Lanka,LKR,kg,farm_gate,weekly,421f53d7e7aebcb8ff167226183992bd1838f94c944d81296b15aa58e9ab2a5f,observed_source_value,f4f9d3b46ba61a49238a
2018-11-27,National,black_pepper,Grade 1,average,618.64,"Department of Export Agriculture, Sri Lanka - Economic Research Unit",https://exagri.info/mkt/2018/27.11.2018.html,2018-11-27,2026-10-07,Sri Lanka,LKR,kg,farm_gate,weekly,3422203c1eb7876714ddcf7e92e921681b10f533fadb1ad506afa06c5c61c7aa,observed_source_value,1271bf04b952f165e1df
2018-12-04,National,black_pepper,Grade 1,average,635.43,"Department of Export Agriculture, Sri Lanka - Economic Research Unit",https://exagri.info/mkt/2018/04.12.2018.html,2018-12-04,2026-10-07,Sri Lanka,LKR,kg,farm_gate,weekly,da72221144f76a3601814d4abde44740fa8514a553c4b86879b279112b429521,observed_source_value,9db8b7e79aca6b5aafce
2018-12-11,National,black_pepper,Grade 1,average,631.43,"Department of Export Agriculture, Sri Lanka - Economic Research Unit",https://exagri.info/mkt/2018/11.12.2018.html,2018-12-11,2026-10-07,Sri Lanka,LKR,kg,farm_gate,weekly,b0ed7a8261b1fb0101d8a87aae4d49fc09cc92f554a8bca24f39e1a23a585db0,observed_source_value,457f5bb5e38806828248
2018-12-18,National,black_pepper,Grade 1,average,615.36,"Department of Export Agriculture, Sri Lanka - Economic Research Unit",https://exagri.info/mkt/2018/18.12.2018.html,2018-12-18,2026-10-07,Sri Lanka,LKR,kg,farm_gate,weekly,47fc1e026bb562ce94ec41aee798becf99ecc0bea9178241a3554c8b22febc98,observed_source_value,6cbcebd6a27010b02d34
2018-12-31,National,black_pepper,Grade 1,average,589.31,"Department of Export Agriculture, Sri Lanka - Economic Research Unit",https://exagri.info/mkt/2018/31.12.2018.html,2018-12-31,2026-10-07,Sri Lanka,LKR,kg,farm_gate,weekly,15b62e746a6a92179025c5ed504bdc44809cda454ad131ed7b00ff592181377f,observed_source_value,19eb5410a7525a62334e
2019-01-08,National,black_pepper,Grade 1,average,579.86,"Department of Export Agriculture, Sri Lanka - Economic Research Unit",https://exagri.info/mkt/2019/08.01.2019.html,2019-01-08,2026-10-07,Sri Lanka,LKR,kg,farm_gate,weekly,add87776c3d373d76f9f3e746ab662645de0ae081410172306c3d6b430b781e1,observed_source_value,339643e63f08577daf02
2019-01-14,National,black_pepper,Grade 1,average,573.71,"Department of Export Agriculture, Sri Lanka - Economic Research Unit",https://exagri.info/mkt/2019/14.01.2019.html,2019-01-14,2026-10-07,Sri Lanka,LKR,kg,farm_gate,weekly,e63e3d00afaf3f78f77a7abd1211363255bb0652dbd39c4c8b89d2966bb8cebc,observed_source_value,335ed555ecb1b4c4548a
2019-01-22,National,black_pepper,Grade 1,average,569.79,"Department of Export Agriculture, Sri Lanka - Economic Research Unit",https://exagri.info/mkt/2019/22.01.2019.html,2019-01-22,2026-10-07,Sri Lanka,LKR,kg,farm_gate,weekly,04ec9541432637762cd63811637f5cb9ff7b1a4dc593f250c5e591cf5e7fa45d,observed_source_value,14921342581051ab2ff0
2019-01-29,National,black_pepper,Grade 1,average,570.36,"Department of Export Agriculture, Sri Lanka - Economic Research Unit",https://exagri.info/mkt/2019/29.01.2019.html,2019-01-29,2026-10-07,Sri Lanka,LKR,kg,farm_gate,weekly,205004214fdfca2d5b7c2f95ed3fc0e51ec49d210576c0ab5cc7fed9e9dc5373,observed_source_value,40eeb7b045e36f4705cd
2019-02-05,National,black_pepper,Grade 1,average,568.36,"Department of Export Agriculture, Sri Lanka - Economic Research Unit",https://exagri.info/mkt/2019/05.02.2019.html,2019-02-05,2026-10-07,Sri Lanka,LKR,kg,farm_gate,weekly,b73b91fa05182c58b0039789090cd542f00ca392504f1f05f157039aec387210,observed_source_value,ac4b644df525f40ff082
2019-02-12,National,black_pepper,Grade 1,average,580.71,"Department of Export Agriculture, Sri Lanka - Economic Research Unit",https://exagri.info/mkt/2019/12.02.2019.html,2019-02-12,2026-10-07,Sri Lanka,LKR,kg,farm_gate,weekly,70ec92cae1db67b998a7c8e1d391e3684df952f04ff3badab41f4a1ed2f0ef31,observed_source_value,8a4d0f42ca7cd7172892
2019-02-18,National,black_pepper,Grade 1,average,597.64,"Department of Export Agriculture, Sri Lanka - Economic Research Unit",https://exagri.info/mkt/2019/18.02.2019.html,2019-02-18,2026-10-07,Sri Lanka,LKR,kg,farm_gate,weekly,e01412d7b2e7dc78a0d3b31ce72395e086fa9a224b9e2a9a03597ab8d4d1e098,observed_source_value,5323f22187b7919537c5
2019-02-26,National,black_pepper,Grade 1,average,612.07,"Department of Export Agriculture, Sri Lanka - Economic Research Unit",https://exagri.info/mkt/2019/26.02.2019.html,2019-02-26,2026-10-07,Sri Lanka,LKR,kg,farm_gate,weekly,e42dc42703af821a0c1eaae9561a37704477b4edc7fb99ef4af7bd2fc34d574b,observed_source_value,59fae833f15f6e2b5808
2019-03-05,National,black_pepper,Grade 1,average,611.93,"Department of Export Agriculture, Sri Lanka - Economic Research Unit",https://exagri.info/mkt/2019/05.03.2019.html,2019-03-05,2026-10-07,Sri Lanka,LKR,kg,farm_gate,weekly,8dc9a114826fda0a39277f48b8f6a6fae78e2959d041a16d66f0e17bf794d17c,observed_source_value,ec6eb7de9feefabb9a10
2019-03-12,National,black_pepper,Grade 1,average,605.21,"Department of Export Agriculture, Sri Lanka - Economic Research Unit",https://exagri.info/mkt/2019/12.03.2019.html,2019-03-12,2026-10-07,Sri Lanka,LKR,kg,farm_gate,weekly,3bde1408990b68d052b9c99bc14e2d99fe861dd7f43e1c3ce7a4523ff4c4408e,observed_source_value,3be36f09f7d709bad23e
2019-03-18,National,black_pepper,Grade 1,average,604.14,"Department of Export Agriculture, Sri Lanka - Economic Research Unit",https://exagri.info/mkt/2019/18.03.2019.html,2019-03-18,2026-10-07,Sri Lanka,LKR,kg,farm_gate,weekly,246fa31fad95d969eb67d71c1ad89fd1aaed62fe62f316259db2a94b4e53e6b3,observed_source_value,54fd2b7a2a757faeae8d
2019-03-26,National,black_pepper,Grade 1,average,605.71,"Department of Export Agriculture, Sri Lanka - Economic Research Unit",https://exagri.info/mkt/2019/26.03.2019.html,2019-03-26,2026-10-07,Sri Lanka,LKR,kg,farm_gate,weekly,6f877e462b8e6d288815dcf422ccabf8bd04b7d3ea3d3e9472f268afc42f89cc,observed_source_value,6dfa190f00e4dbaa4cf6
2019-04-02,National,black_pepper,Grade 1,average,604.0,"Department of Export Agriculture, Sri Lanka - Economic Research Unit",https://exagri.info/mkt/2019/02.04.2019.html,2019-04-02,2026-10-07,Sri Lanka,LKR,kg,farm_gate,weekly,f4968a76156db1bcbe24dfd507faf512db454f7d4aeddefaa7c7c1d7cc500de8,observed_source_value,c26f791acefa1e54069d
2019-04-09,National,black_pepper,Grade 1,average,596.79,"Department of Export Agriculture, Sri Lanka - Economic Research Unit",https://exagri.info/mkt/2019/09.04.2019.html,2019-04-09,2026-10-07,Sri Lanka,LKR,kg,farm_gate,weekly,c9fe3b31b206f03ed4b827de462619076b584c2212803a0c7ee77fe0532e7a6a,observed_source_value,fa0e9bbecc0086b47422
2019-04-23,National,black_pepper,Grade 1,average,594.38,"Department of Export Agriculture, Sri Lanka - Economic Research Unit",https://exagri.info/mkt/2019/23.04.2019.html,2019-04-23,2026-10-07,Sri Lanka,LKR,kg,farm_gate,weekly,0d0130c1b7e0db089ef93278cd061f10918cbc327f10d24dc9adee89160de85b,observed_source_value,ea32eccc7040f2816b6b
2019-04-29,National,black_pepper,Grade 1,average,584.57,"Department of Export Agriculture, Sri Lanka - Economic Research Unit",https://exagri.info/mkt/2019/29.04.2019.html,2019-04-29,2026-10-07,Sri Lanka,LKR,kg,farm_gate,weekly,b738bfb1d24fb5c5b391d72c6f2da89f4d8e98ee9730a5fa5af31bedbb6994cd,observed_source_value,b8d0ab4d16019be12a76
2019-05-07,National,black_pepper,Grade 1,average,586.86,"Department of Export Agriculture, Sri Lanka - Economic Research Unit",https://exagri.info/mkt/2019/07.05.2019.html,2019-05-07,2026-10-07,Sri Lanka,LKR,kg,farm_gate,weekly,3057f9db524eb9d7ae85703ab522c9bed328c069a7acdc4ed3b945038380b437,observed_source_value,c80148f4a6096124f1df
2019-05-14,National,black_pepper,Grade 1,average,582.92,"Department of Export Agriculture, Sri Lanka - Economic Research Unit",https://exagri.info/mkt/2019/14.05.2019.html,2019-05-14,2026-10-07,Sri Lanka,LKR,kg,farm_gate,weekly,7144ea321047c57092637c7177e4c6a8b3edfdcf57965d6f75bda01a03318683,observed_source_value,c351b3f538ad2ed0235a
2019-05-21,National,black_pepper,Grade 1,average,584.71,"Department of Export Agriculture, Sri Lanka - Economic Research Unit",https://exagri.info/mkt/2019/21.05.2019.html,2019-05-21,2026-10-07,Sri Lanka,LKR,kg,farm_gate,weekly,c0b38c19cb92b19b80671de72298e73151baececbbdf85915b643ba52d84f9bd,observed_source_value,6f5050cdcc5a1715c4fb
2019-05-28,National,black_pepper,Grade 1,average,578.77,"Department of Export Agriculture, Sri Lanka - Economic Research Unit",https://exagri.info/mkt/2019/28.05.2019.html,2019-05-28,2026-10-07,Sri Lanka,LKR,kg,farm_gate,weekly,faee245537b329a9dab98f91a33edf9ef3ef37741f381c7112884ec1683b15a6,observed_source_value,acde33fce6815f297aac
2019-06-03,National,black_pepper,Grade 1,average,568.79,"Department of Export Agriculture, Sri Lanka - Economic Research Unit",https://exagri.info/mkt/2019/03.06.2019.html,2019-06-03,2026-10-07,Sri Lanka,LKR,kg,farm_gate,weekly,b8014009fa33ca93f0fcc055cb009d114d1c892456991a4cd46b464da7d5686a,observed_source_value,00b36d893f4005d8d559
2019-06-11,National,black_pepper,Grade 1,average,541.79,"Department of Export Agriculture, Sri Lanka - Economic Research Unit",https://exagri.info/mkt/2019/11.06.2019.html,2019-06-11,2026-10-07,Sri Lanka,LKR,kg,farm_gate,weekly,2a564380809cf8ae3c23f20db36245776f3c365e02b985426e78b5e668e5bca3,observed_source_value,ac28c80301077ead3666
2019-06-18,National,black_pepper,Grade 1,average,521.07,"Department of Export Agriculture, Sri Lanka - Economic Research Unit",https://exagri.info/mkt/2019/18.06.2019.html,2019-06-18,2026-10-07,Sri Lanka,LKR,kg,farm_gate,weekly,fea8297efc535ffefc532c53f06ae7733ccb9147db81e350ca393fc47f2fffce,observed_source_value,4f27310b803f5428b794
2019-06-25,National,black_pepper,Grade 1,average,500.93,"Department of Export Agriculture, Sri Lanka - Economic Research Unit",https://exagri.info/mkt/2019/25.06.2019.html,2019-06-25,2026-10-07,Sri Lanka,LKR,kg,farm_gate,weekly,a24c40250da8b3c70c20a175fe1d0fecd52be73999bfb572c69b393183da8262,observed_source_value,62ae3edf834b4c40d69f
2019-07-02,National,black_pepper,Grade 1,average,472.57,"Department of Export Agriculture, Sri Lanka - Economic Research Unit",https://exagri.info/mkt/2019/02.07.2019.html,2019-07-02,2026-10-07,Sri Lanka,LKR,kg,farm_gate,weekly,49cf58175b92f2211aaf208c13695509daf86ce6ef7740e3d27df54d75fbe1f0,observed_source_value,9351dda45fb1018755ec
2019-07-09,National,black_pepper,Grade 1,average,458.85,"Department of Export Agriculture, Sri Lanka - Economic Research Unit",https://exagri.info/mkt/2019/09.07.2019.html,2019-07-09,2026-10-07,Sri Lanka,LKR,kg,farm_gate,weekly,11f0c19bf802492899143851308cd0a20bbc4bcf61a27099c9178e8041ba82a7,observed_source_value,89b74f0b85844d130520
2019-07-15,National,black_pepper,Grade 1,average,455.14,"Department of Export Agriculture, Sri Lanka - Economic Research Unit",https://exagri.info/mkt/2019/15.07.2019.html,2019-07-15,2026-10-07,Sri Lanka,LKR,kg,farm_gate,weekly,19a06c0099463ece1af1e81c43faa84c2e284a5f15cc82bab5e6d0bb2c31fe33,observed_source_value,002216f0d6e0490bd08a
2019-07-23,National,black_pepper,Grade 1,average,444.29,"Department of Export Agriculture, Sri Lanka - Economic Research Unit",https://exagri.info/mkt/2019/23.07.2019.html,2019-07-23,2026-10-07,Sri Lanka,LKR,kg,farm_gate,weekly,c371976ef1f7ae643bc1c7718e861a2eea44c9dfd6eab661e181db776ab384a3,observed_source_value,b70ef396ef93b2dfc0d6
2019-07-30,National,black_pepper,Grade 1,average,447.29,"Department of Export Agriculture, Sri Lanka - Economic Research Unit",https://exagri.info/mkt/2019/30.07.2019.html,2019-07-30,2026-10-07,Sri Lanka,LKR,kg,farm_gate,weekly,88d7c0a40f6536ad4c5eb00f7a94dc9f89c4b087439f46234a745fe74f7ec7d6,observed_source_value,244acc29c4b7f4ae91d6
2019-08-06,National,black_pepper,Grade 1,average,450.64,"Department of Export Agriculture, Sri Lanka - Economic Research Unit",https://exagri.info/mkt/2019/06.08.2019.html,2019-08-06,2026-10-07,Sri Lanka,LKR,kg,farm_gate,weekly,66dc45ebbebbcd08de0815d8bd34c03428ceb25ed49c6dbd7095d8f5bb71a2a2,observed_source_value,7bf5fa2bddfe077884d4
2019-08-13,National,black_pepper,Grade 1,average,441.14,"Department of Export Agriculture, Sri Lanka - Economic Research Unit",https://exagri.info/mkt/2019/13.08.2019.html,2019-08-13,2026-10-07,Sri Lanka,LKR,kg,farm_gate,weekly,66fc195a3b62aba8bf7d5ec051600d36ad223ed004e874596ae59a28892b1c80,observed_source_value,c9cf79b3f600367513cb
2019-08-20,National,black_pepper,Grade 1,average,446.57,"Department of Export Agriculture, Sri Lanka - Economic Research Unit",https://exagri.info/mkt/2019/20.08.2019.html,2019-08-20,2026-10-07,Sri Lanka,LKR,kg,farm_gate,weekly,520b676cfc058e1cd4a4407829832a36ecd36c9a4e34d64bd97530881ef6f5d1,observed_source_value,40908087858cbe284f7c
2019-08-27,National,black_pepper,Grade 1,average,443.5,"Department of Export Agriculture, Sri Lanka - Economic Research Unit",https://exagri.info/mkt/2019/27.08.2019.html,2019-08-27,2026-10-07,Sri Lanka,LKR,kg,farm_gate,weekly,ef6b14dbd62bea9478dc68ec78cb717864ac7a21df52125219805e1160c749bc,observed_source_value,de4ef89e018dee1ba01b
2019-09-03,National,black_pepper,Grade 1,average,441.71,"Department of Export Agriculture, Sri Lanka - Economic Research Unit",https://exagri.info/mkt/2019/03.09.2019.html,2019-09-03,2026-10-07,Sri Lanka,LKR,kg,farm_gate,weekly,64503949e556ffc20181b54b609539aa62fc96214532e3ca69ccf5a376dd7a7d,observed_source_value,70de4dc23b9444042b9e
2019-09-10,National,black_pepper,Grade 1,average,434.57,"Department of Export Agriculture, Sri Lanka - Economic Research Unit",https://exagri.info/mkt/2019/10.09.2019.html,2019-09-10,2026-10-07,Sri Lanka,LKR,kg,farm_gate,weekly,2f813223777d0952c35d23385ad4c81246820dadd4a13f395c117e4744975c80,observed_source_value,64199303ee7210661cdc
2019-09-17,National,black_pepper,Grade 1,average,433.86,"Department of Export Agriculture, Sri Lanka - Economic Research Unit",https://exagri.info/mkt/2019/17.09.2019.html,2019-09-17,2026-10-07,Sri Lanka,LKR,kg,farm_gate,weekly,ba6adc83f3a3acdde818fed7654ec0f14e0b512a82f349145774af0b4e6868eb,observed_source_value,2b0923332cbd33ec1689
2019-09-24,National,black_pepper,Grade 1,average,431.21,"Department of Export Agriculture, Sri Lanka - Economic Research Unit",https://exagri.info/mkt/2019/24.09.2019.html,2019-09-24,2026-10-07,Sri Lanka,LKR,kg,farm_gate,weekly,f4043875245c77982c7a85bce6f4c34950dd08ecb6507ff22bf5a1b399755fbb,observed_source_value,0eed34cc323784a360ea
2019-10-01,National,black_pepper,Grade 1,average,436.5,"Department of Export Agriculture, Sri Lanka - Economic Research Unit",https://exagri.info/mkt/2019/01.10.2019.html,2019-10-01,2026-10-07,Sri Lanka,LKR,kg,farm_gate,weekly,79fc7f25b886fee4d3f0d5a9b328039b008d65889f19f3c332105b2221d37e8f,observed_source_value,981adb09e3719f97e021
2019-10-08,National,black_pepper,Grade 1,average,464.71,"Department of Export Agriculture, Sri Lanka - Economic Research Unit",https://exagri.info/mkt/2019/08.10.2019.html,2019-10-08,2026-10-07,Sri Lanka,LKR,kg,farm_gate,weekly,49b29a81ab59dbf2691535a4e1cf084ca0e4f7c623a79562d9ecfe452e11efe6,observed_source_value,651150a26fd49c711fe7
2019-10-15,National,black_pepper,Grade 1,average,473.14,"Department of Export Agriculture, Sri Lanka - Economic Research Unit",https://exagri.info/mkt/2019/15.10.2019.html,2019-10-15,2026-10-07,Sri Lanka,LKR,kg,farm_gate,weekly,c29747d04be6593e7a26e6da6bbf697ce1ac90377c59f93022ab8fff4731786d,observed_source_value,165a51a3f4cc5a3f79e2
2019-10-22,National,black_pepper,Grade 1,average,482.0,"Department of Export Agriculture, Sri Lanka - Economic Research Unit",https://exagri.info/mkt/2019/22.10.2019.html,2019-10-22,2026-10-07,Sri Lanka,LKR,kg,farm_gate,weekly,9e6d374c38b9e899a56b9599ec45f72298365c0785a666b684416db4d482fafe,observed_source_value,43c8e0c57f31c398b0b8
2019-10-29,National,black_pepper,Grade 1,average,491.43,"Department of Export Agriculture, Sri Lanka - Economic Research Unit",https://exagri.info/mkt/2019/29.10.2019.html,2019-10-29,2026-10-07,Sri Lanka,LKR,kg,farm_gate,weekly,6712fac8af4321c0463f35d1e5321c510e27a6802a5f79c201c2d1ce8027920c,observed_source_value,7c6eb911cdd9177d3de0
2019-11-05,National,black_pepper,Grade 1,average,494.43,"Department of Export Agriculture, Sri Lanka - Economic Research Unit",https://exagri.info/mkt/2019/05.11.2019.html,2019-11-05,2026-10-07,Sri Lanka,LKR,kg,farm_gate,weekly,d30327e5fc5f4f7d6bd3191c7bb554e1b04c87e6fd8f8fc5c2a7bb49d380cd8e,observed_source_value,5c5c943f3e2e4d4aba75
2019-11-11,National,black_pepper,Grade 1,average,521.14,"Department of Export Agriculture, Sri Lanka - Economic Research Unit",https://exagri.info/mkt/2019/11.11.2019.html,2019-11-11,2026-10-07,Sri Lanka,LKR,kg,farm_gate,weekly,49a8945bf7ad52e1310a057822a19ba2a395081dd3dd56554383f9da9f966349,observed_source_value,c16805dbc7611fd529be
2019-11-19,National,black_pepper,Grade 1,average,555.5,"Department of Export Agriculture, Sri Lanka - Economic Research Unit",https://exagri.info/mkt/2019/19.11.2019.html,2019-11-19,2026-10-07,Sri Lanka,LKR,kg,farm_gate,weekly,844cfd23c408f138be60f72a8477945d4dd1343f21537cfb77901ab6617241c0,observed_source_value,5f2969d090864678851b
2019-11-26,National,black_pepper,Grade 1,average,638.62,"Department of Export Agriculture, Sri Lanka - Economic Research Unit",https://exagri.info/mkt/2019/26.11.2019.html,2019-11-26,2026-10-07,Sri Lanka,LKR,kg,farm_gate,weekly,2e9eeb787a800d18941d9960e5c16894ce98b83c0f7df6f92f6b8e1e7e6aea4f,observed_source_value,da274078a8af52088702
2019-12-03,National,black_pepper,Grade 1,average,693.07,"Department of Export Agriculture, Sri Lanka - Economic Research Unit",https://exagri.info/mkt/2019/03.12.2019.html,2019-12-03,2026-10-07,Sri Lanka,LKR,kg,farm_gate,weekly,a3d4ebff85a451b5d5d1c4ce76d3c746b1f89be541abfa8ed48d76a5dd67146d,observed_source_value,0c1ce4bc1e4100c7104c
2019-12-09,National,black_pepper,Grade 1,average,698.93,"Department of Export Agriculture, Sri Lanka - Economic Research Unit",https://exagri.info/mkt/2019/09.12.2019.html,2019-12-09,2026-10-07,Sri Lanka,LKR,kg,farm_gate,weekly,7e8fe02025fd52055cb6a0b15d46b6a12d744360c55114813bf0c7a938682fbb,observed_source_value,bf1010be18701b6e16d5
2019-12-17,National,black_pepper,Grade 1,average,692.5,"Department of Export Agriculture, Sri Lanka - Economic Research Unit",https://exagri.info/mkt/2019/17.12.2019.html,2019-12-17,2026-10-07,Sri Lanka,LKR,kg,farm_gate,weekly,8cf5c707b553cb7f05ba39f487afb385e1f0dce7f64fcd624d137dc3c5f38ddd,observed_source_value,4cd46d23902e1b21d97f
2019-12-23,National,black_pepper,Grade 1,average,673.36,"Department of Export Agriculture, Sri Lanka - Economic Research Unit",https://exagri.info/mkt/2019/23.12.2019.html,2019-12-23,2026-10-07,Sri Lanka,LKR,kg,farm_gate,weekly,d23250d325c19ff8193308ea7d94470ea53799838406311230e2809d938367c4,observed_source_value,032835534fa87fb43197
2019-12-31,National,black_pepper,Grade 1,average,654.29,"Department of Export Agriculture, Sri Lanka - Economic Research Unit",https://exagri.info/mkt/2019/31.12.2019.html,2019-12-31,2026-10-07,Sri Lanka,LKR,kg,farm_gate,weekly,86c00bba084305d54f04703da9d6a5c560316a8be52e2eeb983c70dda0ea89de,observed_source_value,6796d412cc5fc45f60a1
2020-01-07,National,black_pepper,Grade 1,average,627.21,"Department of Export Agriculture, Sri Lanka - Economic Research Unit",https://exagri.info/mkt/2020/07.01.2020.html,2020-01-07,2026-10-07,Sri Lanka,LKR,kg,farm_gate,weekly,20134f5173590f8e000a269130b7356c019af6c75a8dc15564dad3b9dcc219de,observed_source_value,b6244eed01b87a32d064
2020-01-13,National,black_pepper,Grade 1,average,596.57,"Department of Export Agriculture, Sri Lanka - Economic Research Unit",https://exagri.info/mkt/2020/13.01.2020.html,2020-01-13,2026-10-07,Sri Lanka,LKR,kg,farm_gate,weekly,154efcd02e919c0287ed4ee37ee146c861ae04540584d0501cc8aca9fa4fed20,observed_source_value,2377c37d7f107c816cd1
2020-01-21,National,black_pepper,Grade 1,average,557.62,"Department of Export Agriculture, Sri Lanka - Economic Research Unit",https://exagri.info/mkt/2020/21.01.2020.html,2020-01-21,2026-10-07,Sri Lanka,LKR,kg,farm_gate,weekly,12a4eaddc0941e696b8319963be39bcea24d8b09a77798d7518eb291febe5821,observed_source_value,6623e63808b14f7755ee
2020-01-28,National,black_pepper,Grade 1,average,535.0,"Department of Export Agriculture, Sri Lanka - Economic Research Unit",https://exagri.info/mkt/2020/28.01.2020.html,2020-01-28,2026-10-07,Sri Lanka,LKR,kg,farm_gate,weekly,58925a2a94e095ec512b584f38127170f12e6852fc227e19acb86c827f26ef0f,observed_source_value,d4d7b5e6584b04e1119e
2020-02-03,National,black_pepper,Grade 1,average,534.43,"Department of Export Agriculture, Sri Lanka - Economic Research Unit",https://exagri.info/mkt/2020/03.02.2020.html,2020-02-03,2026-10-07,Sri Lanka,LKR,kg,farm_gate,weekly,6f223368c1dbc0fb484c9a8e22bb107fd6a41aa15e199bf76da4e7bf1f442f2a,observed_source_value,428299b1a2f714f80c6c
2020-02-11,National,black_pepper,Grade 1,average,529.0,"Department of Export Agriculture, Sri Lanka - Economic Research Unit",https://exagri.info/mkt/2020/11.02.2020.html,2020-02-11,2026-10-07,Sri Lanka,LKR,kg,farm_gate,weekly,201eea48575d923a4d79c07a695a42e94eb5a162a52ec0695fc0b90765d1f56e,observed_source_value,59c7c3ef778ccb8bb16b
2020-02-18,National,black_pepper,Grade 1,average,532.5,"Department of Export Agriculture, Sri Lanka - Economic Research Unit",https://exagri.info/mkt/2020/18.02.2020.html,2020-02-18,2026-10-07,Sri Lanka,LKR,kg,farm_gate,weekly,00bf2bc1711d60244a9c9e6031c4facf7d7bd67787080fbb16e32cdf7a613e9a,observed_source_value,a565e60de1d2cd7a9a6c
2020-02-25,National,black_pepper,Grade 1,average,532.36,"Department of Export Agriculture, Sri Lanka - Economic Research Unit",https://exagri.info/mkt/2020/25.02.2020.html,2020-02-25,2026-10-07,Sri Lanka,LKR,kg,farm_gate,weekly,3ae1619b18739ebb1eb55f8b88edeac63f936092213473f8624dd30997b2a88d,observed_source_value,72b6426da31c00c54f2b
2020-03-03,National,black_pepper,Grade 1,average,534.57,"Department of Export Agriculture, Sri Lanka - Economic Research Unit",https://exagri.info/mkt/2020/03.03.2020.html,2020-03-03,2026-10-07,Sri Lanka,LKR,kg,farm_gate,weekly,7afec1ada8ebca0fafbc1de15676a9b09b4df2a0b48fed447247d3d2ce28db84,observed_source_value,6f730e4f051db849772b
2020-03-10,National,black_pepper,Grade 1,average,525.71,"Department of Export Agriculture, Sri Lanka - Economic Research Unit",https://exagri.info/mkt/2020/10.03.2020.html,2020-03-10,2026-10-07,Sri Lanka,LKR,kg,farm_gate,weekly,450a003e84af3adc3d5485e7db1c4eb116ca35a524bb0bef84df2a3deda43748,observed_source_value,f71afd1962793ff22a0f
2020-04-21,National,black_pepper,Grade 1,average,499.8,"Department of Export Agriculture, Sri Lanka - Economic Research Unit",https://exagri.info/mkt/2020/21.04.2020.html,2020-04-21,2026-10-07,Sri Lanka,LKR,kg,farm_gate,weekly,b34b4ab0c203ff83faba9b85b7ed3981a16e21986fd2a67eff7ed9f16a1c5332,observed_source_value,cb9cc22f4ff9c88e5ed8
2020-04-28,National,black_pepper,Grade 1,average,515.91,"Department of Export Agriculture, Sri Lanka - Economic Research Unit",https://exagri.info/mkt/2020/28.04.2020.html,2020-04-28,2026-10-07,Sri Lanka,LKR,kg,farm_gate,weekly,67c359eab583da819ef2c0aa3c839636cb8689e50cd1a5165111afcff4c1516e,observed_source_value,1144e3d2ea8539681917
2020-05-05,National,black_pepper,Grade 1,average,518.36,"Department of Export Agriculture, Sri Lanka - Economic Research Unit",https://exagri.info/mkt/2020/05.05.2020.html,2020-05-05,2026-10-07,Sri Lanka,LKR,kg,farm_gate,weekly,f5eefc8367309bba89ad5f36a2e6ef699eb38359676264a255afa64d44b42a8a,observed_source_value,643becfe111a0ef5aba8
2020-05-12,National,black_pepper,Grade 1,average,518.17,"Department of Export Agriculture, Sri Lanka - Economic Research Unit",https://exagri.info/mkt/2020/12.05.2020.html,2020-05-12,2026-10-07,Sri Lanka,LKR,kg,farm_gate,weekly,f004b8fdd16db219148f658d24226a4c61e0cdbd3e47b93edf7a058fd9f3e703,observed_source_value,68f00a209493a9ef9266
2020-05-19,National,black_pepper,Grade 1,average,513.58,"Department of Export Agriculture, Sri Lanka - Economic Research Unit",https://exagri.info/mkt/2020/19.05.2020.html,2020-05-19,2026-10-07,Sri Lanka,LKR,kg,farm_gate,weekly,e6a096ca3dd7a74b36a2fab65e4bc7282774197fbbe69b9099ee0220a3042821,observed_source_value,35928a94f84e50099bb1
2020-05-26,National,black_pepper,Grade 1,average,508.5,"Department of Export Agriculture, Sri Lanka - Economic Research Unit",https://exagri.info/mkt/2020/26.05.2020.html,2020-05-26,2026-10-07,Sri Lanka,LKR,kg,farm_gate,weekly,0197a9958f66f695a022361e2ac520669a5c01d71ea13c2b287d483e929ce5e2,observed_source_value,8c9d0bb0b2c004526dad
2020-06-02,National,black_pepper,Grade 1,average,504.14,"Department of Export Agriculture, Sri Lanka - Economic Research Unit",https://exagri.info/mkt/2020/02.06.2020.html,2020-06-02,2026-10-07,Sri Lanka,LKR,kg,farm_gate,weekly,54584fc713ddbed4102a7c49951f81caa3eda7c9664ed4e72e8026889877c7f1,observed_source_value,58d424e977c38675ed83
2020-06-09,National,black_pepper,Grade 1,average,504.07,"Department of Export Agriculture, Sri Lanka - Economic Research Unit",https://exagri.info/mkt/2020/09.06.2020.html,2020-06-09,2026-10-07,Sri Lanka,LKR,kg,farm_gate,weekly,addba2f28cf64ae87c33162c82ffbe53f811baec998864553af3ac21a5d3eb13,observed_source_value,22fa39218cf4c651b881
2020-06-16,National,black_pepper,Grade 1,average,500.14,"Department of Export Agriculture, Sri Lanka - Economic Research Unit",https://exagri.info/mkt/2020/16.06.2020.html,2020-06-16,2026-10-07,Sri Lanka,LKR,kg,farm_gate,weekly,558135e35ca38f17ad963a3c5bb4c30fa23907f6deb4bf32098d8d5ca395ef37,observed_source_value,9613a7df0863bc752312
2020-06-23,National,black_pepper,Grade 1,average,493.14,"Department of Export Agriculture, Sri Lanka - Economic Research Unit",https://exagri.info/mkt/2020/23.06.2020.html,2020-06-23,2026-10-07,Sri Lanka,LKR,kg,farm_gate,weekly,afcab4b52337d1c4c0abecadbeeb36d33572706cdab72b0cf6e5d5ee4e6dd974,observed_source_value,1ee9205f7b2ee12a05f7
2020-06-30,National,black_pepper,Grade 1,average,484.14,"Department of Export Agriculture, Sri Lanka - Economic Research Unit",https://exagri.info/mkt/2020/30.06.2020.html,2020-06-30,2026-10-07,Sri Lanka,LKR,kg,farm_gate,weekly,9ff1f27acca7a1ae9ddce7a572669b312d091c1a3d2845b49d60b4fdfd9b8978,observed_source_value,9c9d5e4122a175f74c10
2020-07-07,National,black_pepper,Grade 1,average,477.43,"Department of Export Agriculture, Sri Lanka - Economic Research Unit",https://exagri.info/mkt/2020/07.07.2020.html,2020-07-07,2026-10-07,Sri Lanka,LKR,kg,farm_gate,weekly,1ad3531635c57745e716ed52097e117893b0943f36fab3d854f98c6677549f2b,observed_source_value,e47e98a3b6a0a37fbdca
2020-07-14,National,black_pepper,Grade 1,average,474.64,"Department of Export Agriculture, Sri Lanka - Economic Research Unit",https://exagri.info/mkt/2020/14.07.2020.html,2020-07-14,2026-10-07,Sri Lanka,LKR,kg,farm_gate,weekly,d98e0ea8697ae11244b8f4a9b942770de015c44b797492ae6e7761b0d03d627d,observed_source_value,738733fbf543135bac2a
2020-07-21,National,black_pepper,Grade 1,average,491.14,"Department of Export Agriculture, Sri Lanka - Economic Research Unit",https://exagri.info/mkt/2020/21.07.2020.html,2020-07-21,2026-10-07,Sri Lanka,LKR,kg,farm_gate,weekly,15fed412bd6194c89d103adc1c6053040d0ab3709e5b5794d4e569e7b9fe76e1,observed_source_value,f20c4c15bb1b0f807446
2020-07-28,National,black_pepper,Grade 1,average,530.86,"Department of Export Agriculture, Sri Lanka - Economic Research Unit",https://exagri.info/mkt/2020/28.07.2020.html,2020-07-28,2026-10-07,Sri Lanka,LKR,kg,farm_gate,weekly,abcd0023baa2e2c12c098e420face7a7c6b443db4785e80b58d76ff5e8b0ed3c,observed_source_value,dd331a2b1c8fffbdff3d
2020-08-04,National,black_pepper,Grade 1,average,526.85,"Department of Export Agriculture, Sri Lanka - Economic Research Unit",https://exagri.info/mkt/2020/04.08.2020.html,2020-08-04,2026-10-07,Sri Lanka,LKR,kg,farm_gate,weekly,08c17c7b69aaf250616d5910080fcb4c73b1a6f7098a22ea9a40fb918df591a2,observed_source_value,30d3b124eb6e49e81635
2020-08-11,National,black_pepper,Grade 1,average,527.29,"Department of Export Agriculture, Sri Lanka - Economic Research Unit",https://exagri.info/mkt/2020/11.08.2020.html,2020-08-11,2026-10-07,Sri Lanka,LKR,kg,farm_gate,weekly,9d17d76d6daa69290e7d6f0973c3ecd157279ef2b33726a47c4a19f1e31c266e,observed_source_value,6932cc7e2f99d2238129
2020-08-18,National,black_pepper,Grade 1,average,537.57,"Department of Export Agriculture, Sri Lanka - Economic Research Unit",https://exagri.info/mkt/2020/18.08.2020.html,2020-08-18,2026-10-07,Sri Lanka,LKR,kg,farm_gate,weekly,1f6fbcda770a0696ddf5fd271f669f480246a6a13588cc12ac35127ac251e42f,observed_source_value,1bac270e31d174589c2b
2020-08-25,National,black_pepper,Grade 1,average,569.36,"Department of Export Agriculture, Sri Lanka - Economic Research Unit",https://exagri.info/mkt/2020/25.08.2020.html,2020-08-25,2026-10-07,Sri Lanka,LKR,kg,farm_gate,weekly,38729511a80f1ff7fc3e364e01b3f7be90dbf222af0ce294666b0cf43c4e47fa,observed_source_value,f41af75dfd57ff793dbd
2020-08-31,National,black_pepper,Grade 1,average,567.85,"Department of Export Agriculture, Sri Lanka - Economic Research Unit",https://exagri.info/mkt/2020/31.08.2020.html,2020-08-31,2026-10-07,Sri Lanka,LKR,kg,farm_gate,weekly,482eecada7c42daaa107bc1f471dd0e6b1fc65f3bcc1cc7f81428d73f5a027d7,observed_source_value,d7d0457e0d9d4dd75b2b
2020-09-08,National,black_pepper,Grade 1,average,563.93,"Department of Export Agriculture, Sri Lanka - Economic Research Unit",https://exagri.info/mkt/2020/08.09.2020.html,2020-09-08,2026-10-07,Sri Lanka,LKR,kg,farm_gate,weekly,913e5c109350f9be8a3178043a762281527f68507081287f0738e9fa7e1868c8,observed_source_value,d02490e1e8db6f15943f
2020-09-15,National,black_pepper,Grade 1,average,576.43,"Department of Export Agriculture, Sri Lanka - Economic Research Unit",https://exagri.info/mkt/2020/15.09.2020.html,2020-09-15,2026-10-07,Sri Lanka,LKR,kg,farm_gate,weekly,ff9211b3aee721875b3bb87471082062e696297b6e0af4e62ad5f943eedabb5d,observed_source_value,70a11a5f471d8b2ab895
2020-09-22,National,black_pepper,Grade 1,average,581.79,"Department of Export Agriculture, Sri Lanka - Economic Research Unit",https://exagri.info/mkt/2020/22.09.2020.html,2020-09-22,2026-10-07,Sri Lanka,LKR,kg,farm_gate,weekly,29e947f7dcba9759ce206f10067bc047a7da649f50173db502c8045f46a8cf16,observed_source_value,cf9cf3f84071200f669a
2020-09-29,National,black_pepper,Grade 1,average,584.86,"Department of Export Agriculture, Sri Lanka - Economic Research Unit",https://exagri.info/mkt/2020/29.09.2020.html,2020-09-29,2026-10-07,Sri Lanka,LKR,kg,farm_gate,weekly,f03ed47f64a7997916dac6497bd52a1b0b9606f76c9c8b311efb796df9e5db78,observed_source_value,4125495385e674e35859
2020-10-06,National,black_pepper,Grade 1,average,570.93,"Department of Export Agriculture, Sri Lanka - Economic Research Unit",https://exagri.info/mkt/2020/06.10.2020.html,2020-10-06,2026-10-07,Sri Lanka,LKR,kg,farm_gate,weekly,7093f4d5ffc0526977d5d50ddd2ef0b8d7a2dcd003c6794bf99dfa260ed00aea,observed_source_value,fecef976436425a31e56
2020-10-13,National,black_pepper,Grade 1,average,562.46,"Department of Export Agriculture, Sri Lanka - Economic Research Unit",https://exagri.info/mkt/2020/13.10.2020.html,2020-10-13,2026-10-07,Sri Lanka,LKR,kg,farm_gate,weekly,47e13a84bfb458ac867bc503344d986eff92d708bf81ca464df8e6c069628dbe,observed_source_value,36974b12461756312c2e
2020-10-20,National,black_pepper,Grade 1,average,552.33,"Department of Export Agriculture, Sri Lanka - Economic Research Unit",https://exagri.info/mkt/2020/20.10.2020.html,2020-10-20,2026-10-07,Sri Lanka,LKR,kg,farm_gate,weekly,35caf0ebdf05d77b47a8f4ccba0af32dec6417bd019dceb80ac9139dee6103b5,observed_source_value,a4ccc23b1b192eca0ff8
2020-10-27,National,black_pepper,Grade 1,average,538.08,"Department of Export Agriculture, Sri Lanka - Economic Research Unit",https://exagri.info/mkt/2020/27.10.2020.html,2020-10-27,2026-10-07,Sri Lanka,LKR,kg,farm_gate,weekly,7a027949d5c293d620dd1550c1484e8c5cc6d9585a75bbfb14c4fbc7b46354fe,observed_source_value,7dc0e6cec258f300802d
2020-11-03,National,black_pepper,Grade 1,average,534.6,"Department of Export Agriculture, Sri Lanka - Economic Research Unit",https://exagri.info/mkt/2020/03.11.2020.html,2020-11-03,2026-10-07,Sri Lanka,LKR,kg,farm_gate,weekly,c81844223de9e1552f9aaafec42f01f3d480f5e06ddc798cfd825100d35eb6fa,observed_source_value,420e671975ba26a89f84
2020-11-10,National,black_pepper,Grade 1,average,550.42,"Department of Export Agriculture, Sri Lanka - Economic Research Unit",https://exagri.info/mkt/2020/10.11.2020.html,2020-11-10,2026-10-07,Sri Lanka,LKR,kg,farm_gate,weekly,020372df817601e85e40b31814def6abe822819d7b918def53294b9e3c4be6a5,observed_source_value,8393eded672213e4aae0
2020-11-17,National,black_pepper,Grade 1,average,552.67,"Department of Export Agriculture, Sri Lanka - Economic Research Unit",https://exagri.info/mkt/2020/17.11.2020.html,2020-11-17,2026-10-07,Sri Lanka,LKR,kg,farm_gate,weekly,6cfc7634ffa3e2321081b1f90041f13cb18b8c615657a2341bca1207aab11143,observed_source_value,68c1ce340bc992174755
2020-11-24,National,black_pepper,Grade 1,average,558.0,"Department of Export Agriculture, Sri Lanka - Economic Research Unit",https://exagri.info/mkt/2020/24.11.2020.html,2020-11-24,2026-10-07,Sri Lanka,LKR,kg,farm_gate,weekly,8134a14178139dab8d99bc409ec9832873bdd1930b3c2b42d5534970f66ebbc5,observed_source_value,e6ccb3d15bbfadf86172
2020-12-01,National,black_pepper,Grade 1,average,560.33,"Department of Export Agriculture, Sri Lanka - Economic Research Unit",https://exagri.info/mkt/2020/01.12.2020.html,2020-12-01,2026-10-07,Sri Lanka,LKR,kg,farm_gate,weekly,958f997a177ba4ee949568f010f27e7bb0660c7578b5fd0361bee804e23ff70f,observed_source_value,27453ce8d1f7d0bb5cf5
2020-12-08,National,black_pepper,Grade 1,average,555.07,"Department of Export Agriculture, Sri Lanka - Economic Research Unit",https://exagri.info/mkt/2020/08.12.2020.html,2020-12-08,2026-10-07,Sri Lanka,LKR,kg,farm_gate,weekly,23608469f94fe1e47da7646b295c18dff693f562d412096ac219e7512a43f246,observed_source_value,8c14e30c3b02b3efae09
2020-12-15,National,black_pepper,Grade 1,average,544.36,"Department of Export Agriculture, Sri Lanka - Economic Research Unit",https://exagri.info/mkt/2020/15.12.2020.html,2020-12-15,2026-10-07,Sri Lanka,LKR,kg,farm_gate,weekly,93a47dfd2ed3daab8e4c3ec9204c520c4940c5bb8865a3c7570add4f406e94f1,observed_source_value,8a1ba7ea4a2397de2063
2020-12-22,National,black_pepper,Grade 1,average,531.54,"Department of Export Agriculture, Sri Lanka - Economic Research Unit",https://exagri.info/mkt/2020/22.12.2020.html,2020-12-22,2026-10-07,Sri Lanka,LKR,kg,farm_gate,weekly,005d4bc4a91ad41906a0d68976ee13c465d483d2c8a5cab4e14205fa36e2e9c1,observed_source_value,8de01b8dde3d041ad9e8
2020-12-28,National,black_pepper,Grade 1,average,525.71,"Department of Export Agriculture, Sri Lanka - Economic Research Unit",https://exagri.info/mkt/2020/28.12.2020.html,2020-12-28,2026-10-07,Sri Lanka,LKR,kg,farm_gate,weekly,19add3561da9be20679f5571cbf65b0dee7cb3c3a48ff39fe078151274c28c98,observed_source_value,dd63d9d780f116a65e46
2021-01-05,National,black_pepper,Grade 1,average,527.43,"Department of Export Agriculture, Sri Lanka - Economic Research Unit",https://exagri.info/mkt/2021/05.01.2021.html,2021-01-05,2026-10-07,Sri Lanka,LKR,kg,farm_gate,weekly,faaf491d6ef632ef59c636df2b787b5989721601227d9ccd5b9d326812c6e7b1,observed_source_value,e8f85390bd92534b017b
2021-01-12,National,black_pepper,Grade 1,average,522.57,"Department of Export Agriculture, Sri Lanka - Economic Research Unit",https://exagri.info/mkt/2021/12.01.2021.html,2021-01-12,2026-10-07,Sri Lanka,LKR,kg,farm_gate,weekly,b2de5612a1d96f0f93c9d9c3cab8c36a4cee35efe4a0d9da8a08b28549327e3f,observed_source_value,75f31b25faa9dbf284b6
2021-01-19,National,black_pepper,Grade 1,average,518.79,"Department of Export Agriculture, Sri Lanka - Economic Research Unit",https://exagri.info/mkt/2021/19.01.2021.html,2021-01-19,2026-10-07,Sri Lanka,LKR,kg,farm_gate,weekly,30483ae70c332100c1b8ea29ce2ed9a4fe75a44b9d8b6a11fee16620199aea5f,observed_source_value,5d7b72219e019ab8b445
2021-01-26,National,black_pepper,Grade 1,average,512.21,"Department of Export Agriculture, Sri Lanka - Economic Research Unit",https://exagri.info/mkt/2021/26.01.2021.html,2021-01-26,2026-10-07,Sri Lanka,LKR,kg,farm_gate,weekly,b432d6e524aa03f7912bc6ada76555ef85a16afcf1b4904992c14eacc8eb6b46,observed_source_value,a339f1e095dede3bb6b4
2021-02-02,National,black_pepper,Grade 1,average,507.71,"Department of Export Agriculture, Sri Lanka - Economic Research Unit",https://exagri.info/mkt/2021/02.02.2021.html,2021-02-02,2026-10-07,Sri Lanka,LKR,kg,farm_gate,weekly,64ec24b43333598083aad7d3a997aaf855ca1fb66122c696a50ee3eceace3ecf,observed_source_value,a3ad0a42270d00753724
2021-02-09,National,black_pepper,Grade 1,average,505.86,"Department of Export Agriculture, Sri Lanka - Economic Research Unit",https://exagri.info/mkt/2021/09.02.2021.html,2021-02-09,2026-10-07,Sri Lanka,LKR,kg,farm_gate,weekly,085cb190776443364801ff7b526e17e210aa0acc569cfd9b2808d697ed4068f5,observed_source_value,99cc577ee8cd30f59d6a
2021-02-16,National,black_pepper,Grade 1,average,509.64,"Department of Export Agriculture, Sri Lanka - Economic Research Unit",https://exagri.info/mkt/2021/16.02.2021.html,2021-02-16,2026-10-07,Sri Lanka,LKR,kg,farm_gate,weekly,34111bb117f6abd649a1b2e04f8a3251b2ef15e3136d286df4bde994380c53fe,observed_source_value,d6deb6d3cb54c9248425
2021-02-23,National,black_pepper,Grade 1,average,521.0,"Department of Export Agriculture, Sri Lanka - Economic Research Unit",https://exagri.info/mkt/2021/23.02.2021.html,2021-02-23,2026-10-07,Sri Lanka,LKR,kg,farm_gate,weekly,acdeb57889b99098fe13b3c5ce44bb84febefc98e245fa4b6d7ae4cf0f25e07c,observed_source_value,565ecb1ad7ebb2530ef6
2021-03-02,National,black_pepper,Grade 1,average,536.85,"Department of Export Agriculture, Sri Lanka - Economic Research Unit",https://exagri.info/mkt/2021/02.03.2021.html,2021-03-02,2026-10-07,Sri Lanka,LKR,kg,farm_gate,weekly,eeb367e49dbaf043bfc616eded7364cb15a6c27e94fae731dc0d596a4196b7ef,observed_source_value,d31386827b9de5d460c8
2021-03-09,National,black_pepper,Grade 1,average,572.71,"Department of Export Agriculture, Sri Lanka - Economic Research Unit",https://exagri.info/mkt/2021/09.03.2021.html,2021-03-09,2026-10-07,Sri Lanka,LKR,kg,farm_gate,weekly,fe8c5994ee3a57584bbf4cec5aed67817d075acf1ee77e4fbd2baa09fcaa7191,observed_source_value,5673ba5e53c9f2718f31
2021-03-16,National,black_pepper,Grade 1,average,602.79,"Department of Export Agriculture, Sri Lanka - Economic Research Unit",https://exagri.info/mkt/2021/16.03.2021.html,2021-03-16,2026-10-07,Sri Lanka,LKR,kg,farm_gate,weekly,cde57b4b3dd2c8e9a589d3513fef2463d5a9eb981a061d5d6b7d287e893a6877,observed_source_value,a2165be7501ccbd7376d
2021-03-23,National,black_pepper,Grade 1,average,661.86,"Department of Export Agriculture, Sri Lanka - Economic Research Unit",https://exagri.info/mkt/2021/23.03.2021.html,2021-03-23,2026-10-07,Sri Lanka,LKR,kg,farm_gate,weekly,dfafc4c4239c466f2191b3d9299ab24cd8c1c08fd728b20ad7bd263b087fbdc1,observed_source_value,9bf8d3286e0c44edcd73
2021-03-30,National,black_pepper,Grade 1,average,654.64,"Department of Export Agriculture, Sri Lanka - Economic Research Unit",https://exagri.info/mkt/2021/30.03.2021.html,2021-03-30,2026-10-07,Sri Lanka,LKR,kg,farm_gate,weekly,34892cae30f9a8ebd1634e76e8d432e19ab8cd8a3f2c736c45e9e4c094029f70,observed_source_value,d52275a328e95f89edd2
2021-04-06,National,black_pepper,Grade 1,average,682.21,"Department of Export Agriculture, Sri Lanka - Economic Research Unit",https://exagri.info/mkt/2021/06.04.2021.html,2021-04-06,2026-10-07,Sri Lanka,LKR,kg,farm_gate,weekly,2cd2ff8a80ae9788322ada41223749198b9dd146c6b27f68cee4acda00320e2b,observed_source_value,8123ec23950dd7a2ab90
2021-04-20,National,black_pepper,Grade 1,average,685.31,"Department of Export Agriculture, Sri Lanka - Economic Research Unit",https://exagri.info/mkt/2021/20.04.2021.html,2021-04-20,2026-10-07,Sri Lanka,LKR,kg,farm_gate,weekly,41ae2bee15db4374cd352b19043c1fbe799c246f60daad5331675f7103a1a68a,observed_source_value,1d1763ac5c7be07d4fbb
2021-04-27,National,black_pepper,Grade 1,average,678.0,"Department of Export Agriculture, Sri Lanka - Economic Research Unit",https://exagri.info/mkt/2021/27.04.2021.html,2021-04-27,2026-10-07,Sri Lanka,LKR,kg,farm_gate,weekly,2c31fa669f506514fc57921f2382449e01725e2391a099ac375e2461345cd179,observed_source_value,33de85e6b19e44f60e30
2021-05-04,National,black_pepper,Grade 1,average,673.15,"Department of Export Agriculture, Sri Lanka - Economic Research Unit",https://exagri.info/mkt/2021/04.05.2021.html,2021-05-04,2026-10-07,Sri Lanka,LKR,kg,farm_gate,weekly,8d6305236971b2ff32ca4e13f3e5c99ce9675fa7e8247bd9ee5e15d95b688124,observed_source_value,4373c2d630a2a0772d0a
2021-05-11,National,black_pepper,Grade 1,average,664.38,"Department of Export Agriculture, Sri Lanka - Economic Research Unit",https://exagri.info/mkt/2021/11.05.2021.html,2021-05-11,2026-10-07,Sri Lanka,LKR,kg,farm_gate,weekly,da75d3f59115c7f3f14506dcac5c0bb6a77ac93bb70cff4cce425d16d36ae1a2,observed_source_value,191b0e7853784f52eb9e
2021-05-18,National,black_pepper,Grade 1,average,656.38,"Department of Export Agriculture, Sri Lanka - Economic Research Unit",https://exagri.info/mkt/2021/18.05.2021.html,2021-05-18,2026-10-07,Sri Lanka,LKR,kg,farm_gate,weekly,d425a0b8dda0d22cdde7fcea74d91797678949de80d89643ed6435a5b4bd3553,observed_source_value,64789ae155bb96401e73
2021-06-22,National,black_pepper,Grade 1,average,747.62,"Department of Export Agriculture, Sri Lanka - Economic Research Unit",https://exagri.info/mkt/2021/22.06.2021.html,2021-06-22,2026-10-07,Sri Lanka,LKR,kg,farm_gate,weekly,7bdc23f8b5da92b048402dde8867bdcbaeb0b7fe584b4218d6d2fe9893aa23e1,observed_source_value,ebd939b7d3a945bfc2f6
2021-06-29,National,black_pepper,Grade 1,average,761.62,"Department of Export Agriculture, Sri Lanka - Economic Research Unit",https://exagri.info/mkt/2021/29.06.2021.html,2021-06-29,2026-10-07,Sri Lanka,LKR,kg,farm_gate,weekly,731ca35842e622e6e532f7050c4b23702365c90a06c6e8f4b60cc3570fc8ed0d,observed_source_value,0dc6312351222e685c70
2021-07-06,National,black_pepper,Grade 1,average,752.64,"Department of Export Agriculture, Sri Lanka - Economic Research Unit",https://exagri.info/mkt/2021/06.07.2021.html,2021-07-06,2026-10-07,Sri Lanka,LKR,kg,farm_gate,weekly,93762f50a9f0b8fa67b66f29f3c2da415ea87cc8f6fd2e312180f314374d98c1,observed_source_value,4001dbdee31b1be31083
2021-07-13,National,black_pepper,Grade 1,average,747.07,"Department of Export Agriculture, Sri Lanka - Economic Research Unit",https://exagri.info/mkt/2021/13.07.2021.html,2021-07-13,2026-10-07,Sri Lanka,LKR,kg,farm_gate,weekly,cb64db17559da21e31c896243e5238f9514097e82d7be2035ec4faf06330e5e1,observed_source_value,61fef878ff86ffbcdecc
2021-07-19,National,black_pepper,Grade 1,average,746.38,"Department of Export Agriculture, Sri Lanka - Economic Research Unit",https://exagri.info/mkt/2021/19.07.2021.html,2021-07-19,2026-10-07,Sri Lanka,LKR,kg,farm_gate,weekly,c7fd6078b9bba976f9f7825178a7930e02e9183a2f17cb526f37cc419d8ade39,observed_source_value,7bf1d8fd7d6dc7ccc493
2021-07-27,National,black_pepper,Grade 1,average,747.08,"Department of Export Agriculture, Sri Lanka - Economic Research Unit",https://exagri.info/mkt/2021/27.07.2021.html,2021-07-27,2026-10-07,Sri Lanka,LKR,kg,farm_gate,weekly,a32e17936ddea89991233e2e710d54706e60b854031ef053595eaae8b5a8b53a,observed_source_value,3ad8d42069d0e15f04b7
2021-08-03,National,black_pepper,Grade 1,average,739.57,"Department of Export Agriculture, Sri Lanka - Economic Research Unit",https://exagri.info/mkt/2021/03.08.2021.html,2021-08-03,2026-10-07,Sri Lanka,LKR,kg,farm_gate,weekly,f596439060f266b370864cffe0285887db09db0947c5b0660c8739986478bbd2,observed_source_value,3dd57c504c3a220c84c3
2021-08-10,National,black_pepper,Grade 1,average,727.07,"Department of Export Agriculture, Sri Lanka - Economic Research Unit",https://exagri.info/mkt/2021/10.08.2021.html,2021-08-10,2026-10-07,Sri Lanka,LKR,kg,farm_gate,weekly,4827f99de98bd72cc530f2aeadc5341c40cf99a3fe207e207a084a30437a87a2,observed_source_value,d693e56630a2e9031b25
2021-08-17,National,black_pepper,Grade 1,average,728.54,"Department of Export Agriculture, Sri Lanka - Economic Research Unit",https://exagri.info/mkt/2021/17.08.2021.html,2021-08-17,2026-10-07,Sri Lanka,LKR,kg,farm_gate,weekly,b289711a7ca5f29be4460bc3ce391cebc2f2018403a155209c67d9d18110c691,observed_source_value,e72fc006597947332f40
2021-10-05,National,black_pepper,Grade 1,average,819.0,"Department of Export Agriculture, Sri Lanka - Economic Research Unit",https://exagri.info/mkt/2021/05.10.2021.html,2021-10-05,2026-10-07,Sri Lanka,LKR,kg,farm_gate,weekly,67ff07f8d3e6326d9c8e0078e5c734c6dbbdcf9fd5566fd253b27694a55cf355,observed_source_value,8a89cabc091fa939af1d
2021-10-12,National,black_pepper,Grade 1,average,817.21,"Department of Export Agriculture, Sri Lanka - Economic Research Unit",https://exagri.info/mkt/2021/12.10.2021.html,2021-10-12,2026-10-07,Sri Lanka,LKR,kg,farm_gate,weekly,0cdf994ceea58c7c78853c2fa8b1b99f17be41b5af9550be89815c11163bf773,observed_source_value,08404ae1b574a4771624
2021-10-18,National,black_pepper,Grade 1,average,829.0,"Department of Export Agriculture, Sri Lanka - Economic Research Unit",https://exagri.info/mkt/2021/18.10.2021.html,2021-10-18,2026-10-07,Sri Lanka,LKR,kg,farm_gate,weekly,1290cc9597cbb4612e043523266eb9ae000d30cd95aad99baf87b0143aba7656,observed_source_value,202611a3ec02839e099c
2021-10-26,National,black_pepper,Grade 1,average,882.54,"Department of Export Agriculture, Sri Lanka - Economic Research Unit",https://exagri.info/mkt/2021/26.10.2021.html,2021-10-26,2026-10-07,Sri Lanka,LKR,kg,farm_gate,weekly,16295267ec8be851f11f8386bdcc2b68f9f6d4a9e72b8de7bf6416ecf83e404d,observed_source_value,af8a8eb246ba7816324a
2021-11-02,National,black_pepper,Grade 1,average,938.64,"Department of Export Agriculture, Sri Lanka - Economic Research Unit",https://exagri.info/mkt/2021/02.11.2021.html,2021-11-02,2026-10-07,Sri Lanka,LKR,kg,farm_gate,weekly,0a28ef81a8649776b74e1f4826c107873075294b9d74d14f9797a8e50a2fb496,observed_source_value,e562acc66e522b302ee0
2021-11-09,National,black_pepper,Grade 1,average,956.21,"Department of Export Agriculture, Sri Lanka - Economic Research Unit",https://exagri.info/mkt/2021/09.11.2021.html,2021-11-09,2026-10-07,Sri Lanka,LKR,kg,farm_gate,weekly,99541dca53724ad037a895c77679cf70f32b61d4239ce4def605d3b0475ed55c,observed_source_value,e836e11ad01fb2941984
2021-11-16,National,black_pepper,Grade 1,average,988.43,"Department of Export Agriculture, Sri Lanka - Economic Research Unit",https://exagri.info/mkt/2021/16.11.2021.html,2021-11-16,2026-10-07,Sri Lanka,LKR,kg,farm_gate,weekly,262fef95b120d8da75694370c4a579091470f56d86d2d72e1205da61dc11e140,observed_source_value,20c9c6bd034d1933c11c
2021-11-23,National,black_pepper,Grade 1,average,1040.5,"Department of Export Agriculture, Sri Lanka - Economic Research Unit",https://exagri.info/mkt/2021/23.11.2021.html,2021-11-23,2026-10-07,Sri Lanka,LKR,kg,farm_gate,weekly,84d9a08d489573f85e396bae7eb739949d46ad008f2eebd5219967131e46285b,observed_source_value,e96eb05fdbdf5c5f2a40
2021-11-30,National,black_pepper,Grade 1,average,1059.29,"Department of Export Agriculture, Sri Lanka - Economic Research Unit",https://exagri.info/mkt/2021/30.11.2021.html,2021-11-30,2026-10-07,Sri Lanka,LKR,kg,farm_gate,weekly,7503a242a675934c15b75a7d93a0b918a2d10cfee0c4f8b587f847d2e17ec327,observed_source_value,ab66bd1fb3ec0fd2be44
2021-12-07,National,black_pepper,Grade 1,average,1073.71,"Department of Export Agriculture, Sri Lanka - Economic Research Unit",https://exagri.info/mkt/2021/07.12.2021.html,2021-12-07,2026-10-07,Sri Lanka,LKR,kg,farm_gate,weekly,288d41c3215385e9d4ab8b490a9eae094a0d73c72dcd53f658e6ea07cc282cbf,observed_source_value,ec9f8f06ce0332e9f787
2021-12-14,National,black_pepper,Grade 1,average,1121.86,"Department of Export Agriculture, Sri Lanka - Economic Research Unit",https://exagri.info/mkt/2021/14.12.2021.html,2021-12-14,2026-10-07,Sri Lanka,LKR,kg,farm_gate,weekly,c93c8f41f3ad4628eec29f3bf52687e4ee0a3756bce764339790f03cefb701e1,observed_source_value,241e4fae2816ce00a56d
2021-12-21,National,black_pepper,Grade 1,average,1126.93,"Department of Export Agriculture, Sri Lanka - Economic Research Unit",https://exagri.info/mkt/2021/21.12.2021.html,2021-12-21,2026-10-07,Sri Lanka,LKR,kg,farm_gate,weekly,96d46c6ef12916167994a2a85c19c2d20d93c232f954329ba8d084ce0e5d33c6,observed_source_value,fd3a29e87a65b64b4b81
2021-12-28,National,black_pepper,Grade 1,average,1140.86,"Department of Export Agriculture, Sri Lanka - Economic Research Unit",https://exagri.info/mkt/2021/28.12.2021.html,2021-12-28,2026-10-07,Sri Lanka,LKR,kg,farm_gate,weekly,7fa6c1fad2bad7e8247314478fd6b3dd9e2395d2a99acb7023592754ac85b3d8,observed_source_value,4300640236632e98b5a9
2022-01-04,National,black_pepper,Grade 1,average,1133.43,"Department of Export Agriculture, Sri Lanka - Economic Research Unit",https://exagri.info/mkt/2022/04.01.2022.html,2022-01-04,2026-10-07,Sri Lanka,LKR,kg,farm_gate,weekly,c0804d0a3c92051caea6742fa7145b09618f8986185de33414e6db9d7c192ce5,observed_source_value,3fbbff31f64339657c0e
2022-01-11,National,black_pepper,Grade 1,average,1146.71,"Department of Export Agriculture, Sri Lanka - Economic Research Unit",https://exagri.info/mkt/2022/11.01.2022.html,2022-01-11,2026-10-07,Sri Lanka,LKR,kg,farm_gate,weekly,b22db9387bb25c51095fe0864792959197bee5c63f4224cd3337fca573579e4d,observed_source_value,c479259d002575dd32c3
2022-01-18,National,black_pepper,Grade 1,average,1141.85,"Department of Export Agriculture, Sri Lanka - Economic Research Unit",https://exagri.info/mkt/2022/18.01.2022.html,2022-01-18,2026-10-07,Sri Lanka,LKR,kg,farm_gate,weekly,022baaf14e59407e482c249a46eb7a3db891f087fd37a6e7fdae382c979f0132,observed_source_value,d29bd9e85a590a22b138
2022-01-25,National,black_pepper,Grade 1,average,1138.71,"Department of Export Agriculture, Sri Lanka - Economic Research Unit",https://exagri.info/mkt/2022/25.01.2022.html,2022-01-25,2026-10-07,Sri Lanka,LKR,kg,farm_gate,weekly,c7f64a7faee19b28e67f64b2523aa7aebe6a1b0f61c7741eee7d660b4dfa750c,observed_source_value,e0d72f99671fb6c33028
2022-02-01,National,black_pepper,Grade 1,average,1100.57,"Department of Export Agriculture, Sri Lanka - Economic Research Unit",https://exagri.info/mkt/2022/01.02.2022.html,2022-02-01,2026-10-07,Sri Lanka,LKR,kg,farm_gate,weekly,551d4326be5adb0d977343e5a3c27be13082af31fd70c6870f6b74f4c0e7979e,observed_source_value,026774827ebbc90fc792
2022-02-08,National,black_pepper,Grade 1,average,1101.57,"Department of Export Agriculture, Sri Lanka - Economic Research Unit",https://exagri.info/mkt/2022/08.02.2022.html,2022-02-08,2026-10-07,Sri Lanka,LKR,kg,farm_gate,weekly,eb728296b7b5d3ddf7b89c754fc5749227d493cb5edc114370fe2576a1471c22,observed_source_value,61f092b90b0321f5a70e
2022-02-14,National,black_pepper,Grade 1,average,1170.71,"Department of Export Agriculture, Sri Lanka - Economic Research Unit",https://exagri.info/mkt/2022/14.02.2022.html,2022-02-14,2026-10-07,Sri Lanka,LKR,kg,farm_gate,weekly,d9d1243146601bb5e32dc33c08cee46ea5352c29745380f825a13836ca77507d,observed_source_value,194d1c116f51c4d89e24
2022-02-22,National,black_pepper,Grade 1,average,1266.92,"Department of Export Agriculture, Sri Lanka - Economic Research Unit",https://exagri.info/mkt/2022/22.02.2022.html,2022-02-22,2026-10-07,Sri Lanka,LKR,kg,farm_gate,weekly,0958bd7854729ff4bab3717db6258e58fb7fa1e7dc171d2f754b09344159d6b0,observed_source_value,7baaabdc3be9ae617c44
2022-03-08,National,black_pepper,Grade 1,average,1351.93,"Department of Export Agriculture, Sri Lanka - Economic Research Unit",https://exagri.info/mkt/2022/08.03.2022.html,2022-03-08,2026-10-07,Sri Lanka,LKR,kg,farm_gate,weekly,c3bc86e568e9a151b8f413645afb1e048e955b77e1cc36bd96f07e559df1820a,observed_source_value,bf067cacc58ff79a36a0
2022-03-15,National,black_pepper,Grade 1,average,1419.57,"Department of Export Agriculture, Sri Lanka - Economic Research Unit",https://exagri.info/mkt/2022/15.03.2022.html,2022-03-15,2026-10-07,Sri Lanka,LKR,kg,farm_gate,weekly,dc3ff81647f2d44edcd65863f0040304e5fe7891bf359baa96283730a4c7bf0e,observed_source_value,3358818df257315ed176
2022-03-22,National,black_pepper,Grade 1,average,1530.86,"Department of Export Agriculture, Sri Lanka - Economic Research Unit",https://exagri.info/mkt/2022/22.03.2022.html,2022-03-22,2026-10-07,Sri Lanka,LKR,kg,farm_gate,weekly,42a2576d4d3e5ab823368d8c17fe06e343090f1c08ca64aec295489597e5a407,observed_source_value,05bdfcf132c0fce65c4e
2022-03-29,National,black_pepper,Grade 1,average,1527.14,"Department of Export Agriculture, Sri Lanka - Economic Research Unit",https://exagri.info/mkt/2022/29.03.2022.html,2022-03-29,2026-10-07,Sri Lanka,LKR,kg,farm_gate,weekly,68d6bd90e302a6ffa7d05d51a5abef100a93291f1baf1b2edfc5c237828cbce1,observed_source_value,67e6d1eeffed4d33f268
2022-04-05,National,black_pepper,Grade 1,average,1584.29,"Department of Export Agriculture, Sri Lanka - Economic Research Unit",https://exagri.info/mkt/2022/05.04.2022.html,2022-04-05,2026-10-07,Sri Lanka,LKR,kg,farm_gate,weekly,858b10bafc6d82ffc2e417163047667ce1abcdf3e8f8a4047dd6b840ec5a80f7,observed_source_value,759a872528676f56f331
2022-04-19,National,black_pepper,Grade 1,average,1733.54,"Department of Export Agriculture, Sri Lanka - Economic Research Unit",https://exagri.info/mkt/2022/19.04.2022.html,2022-04-19,2026-10-07,Sri Lanka,LKR,kg,farm_gate,weekly,97467558ede0ecd3824f6137c3a6cf53a65e5f6d04c87f2058c3ce562719d99a,observed_source_value,f77e4815e40d206f39d9
2022-04-26,National,black_pepper,Grade 1,average,1902.5,"Department of Export Agriculture, Sri Lanka - Economic Research Unit",https://exagri.info/mkt/2022/26.04.2022.html,2022-04-26,2026-10-07,Sri Lanka,LKR,kg,farm_gate,weekly,447f4a49c1c268732b5a64b3b9f40eb2d5d84b8d9086820106642d69a1406547,observed_source_value,8b2ac70301025f304d57
2022-05-04,National,black_pepper,Grade 1,average,1984.36,"Department of Export Agriculture, Sri Lanka - Economic Research Unit",https://exagri.info/mkt/2022/04.05.2022.html,2022-05-04,2026-10-07,Sri Lanka,LKR,kg,farm_gate,weekly,d322fa403186f8e8682ffdccbd5fc4c73f3252866eedef27349c5cfcae4905b0,observed_source_value,302d9b87bba7c013659a
2022-05-17,National,black_pepper,Grade 1,average,1817.57,"Department of Export Agriculture, Sri Lanka - Economic Research Unit",https://exagri.info/mkt/2022/17.05.2022.html,2022-05-17,2026-10-07,Sri Lanka,LKR,kg,farm_gate,weekly,ea24a06813d04050171a268422753e23930d2d768113eb4edc85abf0e4c1b605,observed_source_value,36a7d31a72d6ae03de9f
2022-05-24,National,black_pepper,Grade 1,average,1802.29,"Department of Export Agriculture, Sri Lanka - Economic Research Unit",https://exagri.info/mkt/2022/24.05.2022.html,2022-05-24,2026-10-07,Sri Lanka,LKR,kg,farm_gate,weekly,7f785b06d765de7e17f3fbc2c8ac059c66fb2396d87c321835ebe0a0bc2c92c6,observed_source_value,999a95a17c464eb1e64c
2022-05-31,National,black_pepper,Grade 1,average,1716.07,"Department of Export Agriculture, Sri Lanka - Economic Research Unit",https://exagri.info/mkt/2022/31.05.2022.html,2022-05-31,2026-10-07,Sri Lanka,LKR,kg,farm_gate,weekly,b64b6e3157a827039646341606e6bddb21ceffb0f1a195bcc2a217c4217c34df,observed_source_value,d9ca2dd82926f7ee814e
2022-06-07,National,black_pepper,Grade 1,average,1735.93,"Department of Export Agriculture, Sri Lanka - Economic Research Unit",https://exagri.info/mkt/2022/07.06.2022.html,2022-06-07,2026-10-07,Sri Lanka,LKR,kg,farm_gate,weekly,cbda76bb382f8411a3402a9c1cb7c66aef532c3a1d95c010693be0b68fdab55c,observed_source_value,ee54d6e451dd96be3a5f
2022-06-15,National,black_pepper,Grade 1,average,1721.86,"Department of Export Agriculture, Sri Lanka - Economic Research Unit",https://exagri.info/mkt/2022/15.06.2022.html,2022-06-15,2026-10-07,Sri Lanka,LKR,kg,farm_gate,weekly,04b1544e276438c04e59b19381a97775e6ad0bcc866ddf05d3871279783c1980,observed_source_value,4bce39ee7ad132d193a2
2022-06-21,National,black_pepper,Grade 1,average,1725.43,"Department of Export Agriculture, Sri Lanka - Economic Research Unit",https://exagri.info/mkt/2022/21.06.2022.html,2022-06-21,2026-10-07,Sri Lanka,LKR,kg,farm_gate,weekly,2718b3dc62c6a17e7cea943bec6c828404d05997bf5d50fd38c3ea75d05496a0,observed_source_value,f90c59c115b351a3fdef
2022-06-28,National,black_pepper,Grade 1,average,1755.14,"Department of Export Agriculture, Sri Lanka - Economic Research Unit",https://exagri.info/mkt/2022/28.06.2022.html,2022-06-28,2026-10-07,Sri Lanka,LKR,kg,farm_gate,weekly,c3f79788a468bc43dae330a476e05f1a49ddfb1c9d2381a37ae017a18bd71fcd,observed_source_value,293fbf99a410ba50e442
2022-07-05,National,black_pepper,Grade 1,average,1781.14,"Department of Export Agriculture, Sri Lanka - Economic Research Unit",https://exagri.info/mkt/2022/05.07.2022.html,2022-07-05,2026-10-07,Sri Lanka,LKR,kg,farm_gate,weekly,fa8701b878725877833856773c6abb3e36d019dc98314c78e0bc196b7a5c5ac5,observed_source_value,d6fe3edb94538b75d48d
2022-07-12,National,black_pepper,Grade 1,average,1789.07,"Department of Export Agriculture, Sri Lanka - Economic Research Unit",https://exagri.info/mkt/2022/12.07.2022.html,2022-07-12,2026-10-07,Sri Lanka,LKR,kg,farm_gate,weekly,dea9455e0b08ac8a22e0f46b937f85df022fc280aba1a90b11768580dec2a6c2,observed_source_value,227170172165d6b58c7f
2022-07-19,National,black_pepper,Grade 1,average,1806.21,"Department of Export Agriculture, Sri Lanka - Economic Research Unit",https://exagri.info/mkt/2022/19.07.2022.html,2022-07-19,2026-10-07,Sri Lanka,LKR,kg,farm_gate,weekly,ac27fe7444f9b2d63a8f3eb8723cff30f7fd3ecb698f48888ae774d96f80236c,observed_source_value,b1961474d5f17667081b
2022-07-26,National,black_pepper,Grade 1,average,1832.43,"Department of Export Agriculture, Sri Lanka - Economic Research Unit",https://exagri.info/mkt/2022/26.07.2022.html,2022-07-26,2026-10-07,Sri Lanka,LKR,kg,farm_gate,weekly,ef2824a196b59afce21b7ce6e00b39ab294f85e8a35377a217a129b91b4b88db,observed_source_value,4b1f766fe8b9f6575676
2022-08-02,National,black_pepper,Grade 1,average,1846.21,"Department of Export Agriculture, Sri Lanka - Economic Research Unit",https://exagri.info/mkt/2022/02.08.2022.html,2022-08-02,2026-10-07,Sri Lanka,LKR,kg,farm_gate,weekly,fbd7e6186d4259baab03b935c6e71bf597acfe83f2294eccbf03765582ff0ac0,observed_source_value,fac75a5e7492872909f4
2022-08-09,National,black_pepper,Grade 1,average,1838.36,"Department of Export Agriculture, Sri Lanka - Economic Research Unit",https://exagri.info/mkt/2022/09.08.2022.html,2022-08-09,2026-10-07,Sri Lanka,LKR,kg,farm_gate,weekly,bddf3bb3b3afdfa0daec00e54dc778cda2395ff814647789c76a870681dbfc8e,observed_source_value,67602a930f005e69e300
2022-08-16,National,black_pepper,Grade 1,average,1812.14,"Department of Export Agriculture, Sri Lanka - Economic Research Unit",https://exagri.info/mkt/2022/16.08.2022.html,2022-08-16,2026-10-07,Sri Lanka,LKR,kg,farm_gate,weekly,cc59ce29a5a95fd4c88b4cb0ce1f59af2b3e5d85a80745ec3794381735f4a4f7,observed_source_value,9ffe95b6c2d2e66c77ea
2022-08-23,National,black_pepper,Grade 1,average,1761.64,"Department of Export Agriculture, Sri Lanka - Economic Research Unit",https://exagri.info/mkt/2022/23.08.2022.html,2022-08-23,2026-10-07,Sri Lanka,LKR,kg,farm_gate,weekly,e141d0dade72d21292759ff01213f61ed03b7234b40981f91e669f37dedc8bb0,observed_source_value,7e0772e7ca565f9a44d9
2022-08-30,National,black_pepper,Grade 1,average,1750.93,"Department of Export Agriculture, Sri Lanka - Economic Research Unit",https://exagri.info/mkt/2022/30.08.2022.html,2022-08-30,2026-10-07,Sri Lanka,LKR,kg,farm_gate,weekly,03bd3dc5c856e5f9c6a5c05bb6394df5dcde968811a6fb2c6937209141289558,observed_source_value,33313b5ac0931ae76e11
2022-09-06,National,black_pepper,Grade 1,average,1747.93,"Department of Export Agriculture, Sri Lanka - Economic Research Unit",https://exagri.info/mkt/2022/06.09.2022.html,2022-09-06,2026-10-07,Sri Lanka,LKR,kg,farm_gate,weekly,83b8e10d28b5eb71f2c62c8087542ddfb19ed7b703a87cdae9c62c4d85a099e2,observed_source_value,ec1039dc01c72f36425d
2022-09-13,National,black_pepper,Grade 1,average,1746.64,"Department of Export Agriculture, Sri Lanka - Economic Research Unit",https://exagri.info/mkt/2022/13.09.2022.html,2022-09-13,2026-10-07,Sri Lanka,LKR,kg,farm_gate,weekly,c2b65a22d2ded10862bbef95251cacda6678cd16881bdc854b1080424b8cbc12,observed_source_value,3b2ef4107c85c7c8db86
2022-09-20,National,black_pepper,Grade 1,average,1773.14,"Department of Export Agriculture, Sri Lanka - Economic Research Unit",https://exagri.info/mkt/2022/20.09.2022.html,2022-09-20,2026-10-07,Sri Lanka,LKR,kg,farm_gate,weekly,fb6c3f6e9c2af3b3f8b234578090fcaed4c9f674b895fead21b0725116834e5f,observed_source_value,8a41dc503f32a9e0eb30
2022-09-27,National,black_pepper,Grade 1,average,1800.36,"Department of Export Agriculture, Sri Lanka - Economic Research Unit",https://exagri.info/mkt/2022/27.09.2022.html,2022-09-27,2026-10-07,Sri Lanka,LKR,kg,farm_gate,weekly,3e5b1fd5b9ea4697f3d5a7edc3a3b08f583137836cdfbac385bcf0b857576d23,observed_source_value,755672fdf5e3f640c3f2
2022-10-11,National,black_pepper,Grade 1,average,1807.79,"Department of Export Agriculture, Sri Lanka - Economic Research Unit",https://exagri.info/mkt/2022/11.10.2022.html,2022-10-11,2026-10-07,Sri Lanka,LKR,kg,farm_gate,weekly,16015f09e3fd05362710a33eed0a1b83592e1a47171871b9c7612bd8613d372a,observed_source_value,39926ad859cbb09c665e
2022-10-18,National,black_pepper,Grade 1,average,1815.07,"Department of Export Agriculture, Sri Lanka - Economic Research Unit",https://exagri.info/mkt/2022/18.10.2022.html,2022-10-18,2026-10-07,Sri Lanka,LKR,kg,farm_gate,weekly,29ea3e464c6c1aa0fe7d1e80fbeffd3af6bfe5d0b17ddac41d635a711bc29431,observed_source_value,bc951ed01e14a94fcff2
2022-10-25,National,black_pepper,Grade 1,average,1803.07,"Department of Export Agriculture, Sri Lanka - Economic Research Unit",https://exagri.info/mkt/2022/25.10.2022.html,2022-10-25,2026-10-07,Sri Lanka,LKR,kg,farm_gate,weekly,a54bd11eb745072a4aebfed4f2aac38f2fc7ebbfd6802a63f98ceb403103d3c5,observed_source_value,585c6fbd32a72f80d0a4
2022-11-01,National,black_pepper,Grade 1,average,1796.57,"Department of Export Agriculture, Sri Lanka - Economic Research Unit",https://exagri.info/mkt/2022/01.11.2022.html,2022-11-01,2026-10-07,Sri Lanka,LKR,kg,farm_gate,weekly,23839f10b2763cb338e058dd9107b611d03d8c2d16371a6e6b9c9834b7195796,observed_source_value,d0cdab59963fdba705d0
2022-11-08,National,black_pepper,Grade 1,average,1795.79,"Department of Export Agriculture, Sri Lanka - Economic Research Unit",https://exagri.info/mkt/2022/08.11.2022.html,2022-11-08,2026-10-07,Sri Lanka,LKR,kg,farm_gate,weekly,60ca0d8336d85aa5cb2ffecae222ff9425a729cd908affc40d987a86029cf3e2,observed_source_value,17b5972c502ae4c5677b
2022-11-15,National,black_pepper,Grade 1,average,1766.29,"Department of Export Agriculture, Sri Lanka - Economic Research Unit",https://exagri.info/mkt/2022/15.11.2022.html,2022-11-15,2026-10-07,Sri Lanka,LKR,kg,farm_gate,weekly,1f23dee6ba4e7bf3fccc8babf1fcf87be133c49498fbcb01b183bbaf9a05ada1,observed_source_value,f91b69ccf543e62d5d38
2022-11-22,National,black_pepper,Grade 1,average,1725.0,"Department of Export Agriculture, Sri Lanka - Economic Research Unit",https://exagri.info/mkt/2022/22.11.2022.html,2022-11-22,2026-10-07,Sri Lanka,LKR,kg,farm_gate,weekly,6063113dfc82db6b89ed3eae866c8189f3dc353debcf7e50fa875d57680448e7,observed_source_value,66b2f50ad23bdaaeaa6e
2022-11-29,National,black_pepper,Grade 1,average,1641.57,"Department of Export Agriculture, Sri Lanka - Economic Research Unit",https://exagri.info/mkt/2022/29.11.2022.html,2022-11-29,2026-10-07,Sri Lanka,LKR,kg,farm_gate,weekly,6f9688a1328f0674092cc87cf1e952fec43bb4afeac1c7f6e488c71b65f5a38e,observed_source_value,bca5f2dd005096815aed
2022-12-05,National,black_pepper,Grade 1,average,1599.79,"Department of Export Agriculture, Sri Lanka - Economic Research Unit",https://exagri.info/mkt/2022/05.12.2022.html,2022-12-05,2026-10-07,Sri Lanka,LKR,kg,farm_gate,weekly,7ff0df285815feaa20e8cfe82fe7aebf0d12d22ce0aa3f68b046f5f6d07e4d7d,observed_source_value,f7453174f80b85ea139f
2022-12-13,National,black_pepper,Grade 1,average,1623.79,"Department of Export Agriculture, Sri Lanka - Economic Research Unit",https://exagri.info/mkt/2022/13.12.2022.html,2022-12-13,2026-10-07,Sri Lanka,LKR,kg,farm_gate,weekly,be703d7b2ab930d13296a7b9ba96def582a07049cf6ba5027aeaeb6a18287246,observed_source_value,ebcc772fc5771d30f346
2022-12-20,National,black_pepper,Grade 1,average,1664.14,"Department of Export Agriculture, Sri Lanka - Economic Research Unit",https://exagri.info/mkt/2022/20.12.2022.html,2022-12-20,2026-10-07,Sri Lanka,LKR,kg,farm_gate,weekly,201f8ed505b82f03e427a6dd365abcf80de86ffb6bc1920e0c1ac98aeb7d5aea,observed_source_value,3fffef53eafb6a989c2c
2022-12-27,National,black_pepper,Grade 1,average,1669.29,"Department of Export Agriculture, Sri Lanka - Economic Research Unit",https://exagri.info/mkt/2022/27.12.2022.html,2022-12-27,2026-10-07,Sri Lanka,LKR,kg,farm_gate,weekly,4c60faeea8c24a79a48fc96e46eea1fbec2996d426c0cbf1a7a27e1f782d5b3a,observed_source_value,b2081e5d2cd05661787f
2023-01-03,National,black_pepper,Grade 1,average,1667.0,"Department of Export Agriculture, Sri Lanka - Economic Research Unit",https://exagri.info/mkt/2023/03.01.2023.html,2023-01-03,2026-10-07,Sri Lanka,LKR,kg,farm_gate,weekly,14b35606f65483d70f6d74b421d49dcd96de530ffc7ecbc04743d0e08fbe157d,observed_source_value,5d3423d79567e9d2944d
2023-01-10,National,black_pepper,Grade 1,average,1670.64,"Department of Export Agriculture, Sri Lanka - Economic Research Unit",https://exagri.info/mkt/2023/10.01.2023.html,2023-01-10,2026-10-07,Sri Lanka,LKR,kg,farm_gate,weekly,2fa4576aa37b406c5c8a9f69183c9777f88610a460fcb80c001dd604133e540e,observed_source_value,115b46012935dff5f151
2023-01-17,National,black_pepper,Grade 1,average,1678.64,"Department of Export Agriculture, Sri Lanka - Economic Research Unit",https://exagri.info/mkt/2023/17.01.2023.html,2023-01-17,2026-10-07,Sri Lanka,LKR,kg,farm_gate,weekly,03577ce338cacc10100e300dc16f2593fff2b75076a6a967ac3536acfe2827ae,observed_source_value,55fe2e3f47c7b3422382
2023-01-24,National,black_pepper,Grade 1,average,1691.21,"Department of Export Agriculture, Sri Lanka - Economic Research Unit",https://exagri.info/mkt/2023/24.01.2023.html,2023-01-24,2026-10-07,Sri Lanka,LKR,kg,farm_gate,weekly,8d048d4b36587e458117346179ca3df721e53d93bfac8ad2d1c7285190af3ff7,observed_source_value,99115fdc30deb70c7c0a
2023-01-31,National,black_pepper,Grade 1,average,1687.14,"Department of Export Agriculture, Sri Lanka - Economic Research Unit",https://exagri.info/mkt/2023/31.01.2023.html,2023-01-31,2026-10-07,Sri Lanka,LKR,kg,farm_gate,weekly,ab42dc35525b9bc4ab1ada23a400f50e41e056a0bd4ee5b3b1a7ffd722a4e131,observed_source_value,6ab1050f5e479fc7e0ee
2023-02-07,National,black_pepper,Grade 1,average,1673.86,"Department of Export Agriculture, Sri Lanka - Economic Research Unit",https://exagri.info/mkt/2023/07.02.2023.html,2023-02-07,2026-10-07,Sri Lanka,LKR,kg,farm_gate,weekly,9b276a2c19f230ce063dc510485546a085837a5d3985e4ae4b0409069a710cf4,observed_source_value,7465dfce886cf11ad2fd
2023-02-14,National,black_pepper,Grade 1,average,1663.29,"Department of Export Agriculture, Sri Lanka - Economic Research Unit",https://exagri.info/mkt/2023/14.02.2023.html,2023-02-14,2026-10-07,Sri Lanka,LKR,kg,farm_gate,weekly,bc2cf2591cb3a740c1a878f3c58e742e92484048aae7db834fc6404b4f7fbfa4,observed_source_value,8afb2638161b9133b1c8
2023-02-21,National,black_pepper,Grade 1,average,1659.93,"Department of Export Agriculture, Sri Lanka - Economic Research Unit",https://exagri.info/mkt/2023/21.02.2023.html,2023-02-21,2026-10-07,Sri Lanka,LKR,kg,farm_gate,weekly,60e8db3fd7ba643e409afc9ef4bceddee72961c6583dd3a7e2c5c6e565d65a65,observed_source_value,75a3b0773946e4a6aac3
2023-02-28,National,black_pepper,Grade 1,average,1670.71,"Department of Export Agriculture, Sri Lanka - Economic Research Unit",https://exagri.info/mkt/2023/28.02.2023.html,2023-02-28,2026-10-07,Sri Lanka,LKR,kg,farm_gate,weekly,7c2c86610983cf6306f339245cf5bfa4856121fcedd13f4642256a4bcb7aa618,observed_source_value,58a8483d6d44764014d3
2023-03-07,National,black_pepper,Grade 1,average,1460.29,"Department of Export Agriculture, Sri Lanka - Economic Research Unit",https://exagri.info/mkt/2023/07.03.2023.html,2023-03-07,2026-10-07,Sri Lanka,LKR,kg,farm_gate,weekly,08168678c4f8ce7e3dfd9a3565698977115c9891ded45f60137a509535ee4f94,observed_source_value,9bd2115805ac90cb2d45
2023-03-14,National,black_pepper,Grade 1,average,1322.0,"Department of Export Agriculture, Sri Lanka - Economic Research Unit",https://exagri.info/mkt/2023/14.03.2023.html,2023-03-14,2026-10-07,Sri Lanka,LKR,kg,farm_gate,weekly,152a060213514542742b02ca59fb102b57177fcbc8a22c7b8938db8afd9070d0,observed_source_value,2a94aae2b8a786aab448
2023-03-21,National,black_pepper,Grade 1,average,1445.86,"Department of Export Agriculture, Sri Lanka - Economic Research Unit",https://exagri.info/mkt/2023/21.03.2023.html,2023-03-21,2026-10-07,Sri Lanka,LKR,kg,farm_gate,weekly,126c7ba9a1ea4ee7598e67d1d666d4a6e0a9f8fa49eb658f5e983322e1986549,observed_source_value,5a9051b4ba0bf9c7ee93
2023-03-28,National,black_pepper,Grade 1,average,1408.71,"Department of Export Agriculture, Sri Lanka - Economic Research Unit",https://exagri.info/mkt/2023/28.03.2023.html,2023-03-28,2026-10-07,Sri Lanka,LKR,kg,farm_gate,weekly,423ef3120db76604020be489d8a72bf9d95bf5e75d21bf00fc54f36027b3c06d,observed_source_value,9805caf37662c960d48c
2023-04-03,National,black_pepper,Grade 1,average,1460.79,"Department of Export Agriculture, Sri Lanka - Economic Research Unit",https://exagri.info/mkt/2023/03.04.2023.html,2023-04-03,2026-10-07,Sri Lanka,LKR,kg,farm_gate,weekly,1d7ede1981746b18c2698e5a7b2d63b4466297d6df4a5202b9e3db7c4102c28b,observed_source_value,9b054f3f18cb6ea4af54
2023-04-10,National,black_pepper,Grade 1,average,1460.64,"Department of Export Agriculture, Sri Lanka - Economic Research Unit",https://exagri.info/mkt/2023/10.04.2023.html,2023-04-10,2026-10-07,Sri Lanka,LKR,kg,farm_gate,weekly,ef29265a28c0cec9a5c67ddebd49c43f500cbc7a929912178ecf6b5c32884693,observed_source_value,37d4bb1d2d7ead86d280
2023-04-18,National,black_pepper,Grade 1,average,1456.92,"Department of Export Agriculture, Sri Lanka - Economic Research Unit",https://exagri.info/mkt/2023/18.04.2023.html,2023-04-18,2026-10-07,Sri Lanka,LKR,kg,farm_gate,weekly,54fb4ddc8c474c21edb3d2006963fe7c4fa7e475a874e22a52cf72fb35686e57,observed_source_value,d50f8f31f13bb5196de8
2023-05-02,National,black_pepper,Grade 1,average,1446.71,"Department of Export Agriculture, Sri Lanka - Economic Research Unit",https://exagri.info/mkt/2023/02.05.2023.html,2023-05-02,2026-10-07,Sri Lanka,LKR,kg,farm_gate,weekly,1236a2a6c9f4deceb72c27d2282cc746b06fd9be3f53e26d232355f8df81b440,observed_source_value,09ce014ba558164aa3c4
2023-05-09,National,black_pepper,Grade 1,average,1463.21,"Department of Export Agriculture, Sri Lanka - Economic Research Unit",https://exagri.info/mkt/2023/09.05.2023.html,2023-05-09,2026-10-07,Sri Lanka,LKR,kg,farm_gate,weekly,9df75795c10eb81f3bf44edad0a79bd5f7eda73a536287d22a799de90ce50803,observed_source_value,5a9b4fa46103630b051b
2023-05-16,National,black_pepper,Grade 1,average,1442.43,"Department of Export Agriculture, Sri Lanka - Economic Research Unit",https://exagri.info/mkt/2023/16.05.2023.html,2023-05-16,2026-10-07,Sri Lanka,LKR,kg,farm_gate,weekly,004dde07af8f540880ec79273fbb8200f816024bdca45b8babedc114a4240441,observed_source_value,c4c67b509be920a0a675
2023-05-23,National,black_pepper,Grade 1,average,1384.07,"Department of Export Agriculture, Sri Lanka - Economic Research Unit",https://exagri.info/mkt/2023/23.05.2023.html,2023-05-23,2026-10-07,Sri Lanka,LKR,kg,farm_gate,weekly,cc7d24f99d4b9239d3492bb2d9fbd6d72a026af956e424306b6bc4a2bad5989c,observed_source_value,ed5754489c1e07b89d6f
2023-05-30,National,black_pepper,Grade 1,average,1335.71,"Department of Export Agriculture, Sri Lanka - Economic Research Unit",https://exagri.info/mkt/2023/30.05.2023.html,2023-05-30,2026-10-07,Sri Lanka,LKR,kg,farm_gate,weekly,3bd7f8ca814c629d93fb96aada9619c744b4d375136f68327261b4683e8d9c52,observed_source_value,68b82f6ef38e6abb9cd8
2023-06-06,National,black_pepper,Grade 1,average,1443.5,"Department of Export Agriculture, Sri Lanka - Economic Research Unit",https://exagri.info/mkt/2023/06.06.2023.html,2023-06-06,2026-10-07,Sri Lanka,LKR,kg,farm_gate,weekly,6e4014011ab54f60e0fbc037bb6de2d9a405a747f7fd05d68ccff5b7a45c2b61,observed_source_value,e97ae5fcac8558841e53
2023-06-13,National,black_pepper,Grade 1,average,1327.43,"Department of Export Agriculture, Sri Lanka - Economic Research Unit",https://exagri.info/mkt/2023/13.06.2023.html,2023-06-13,2026-10-07,Sri Lanka,LKR,kg,farm_gate,weekly,493943ced91e205f0ecfdd6a1782968fd5bfbd57ed636d7a97bfa35dcd5be6a2,observed_source_value,a93423817f2d44614c04
2023-06-20,National,black_pepper,Grade 1,average,1339.0,"Department of Export Agriculture, Sri Lanka - Economic Research Unit",https://exagri.info/mkt/2023/20.06.2023.html,2023-06-20,2026-10-07,Sri Lanka,LKR,kg,farm_gate,weekly,01820eae812564c6d71da9ba9e7c8d85c9c3954811ad4f9d7e16e60f389fc79b,observed_source_value,d3b18ebdb4eaa2f5d9bf
2023-06-27,National,black_pepper,Grade 1,average,1346.36,"Department of Export Agriculture, Sri Lanka - Economic Research Unit",https://exagri.info/mkt/2023/27.06.2023.html,2023-06-27,2026-10-07,Sri Lanka,LKR,kg,farm_gate,weekly,56e5a37a45c32e44640e3929866fbb7cbe5fedd6c033847e1809484bc124b6a1,observed_source_value,719c72a5c7dbecc98cde
2023-07-04,National,black_pepper,Grade 1,average,1327.21,"Department of Export Agriculture, Sri Lanka - Economic Research Unit",https://exagri.info/mkt/2023/04.07.2023.html,2023-07-04,2026-10-07,Sri Lanka,LKR,kg,farm_gate,weekly,a7d96871aa04891fdcfb5e8c2099eb559dd33fe00d50f89f715be701d45b026a,observed_source_value,bb10796b7242df630c5c
2023-07-11,National,black_pepper,Grade 1,average,1346.86,"Department of Export Agriculture, Sri Lanka - Economic Research Unit",https://exagri.info/mkt/2023/11.07.2023.html,2023-07-11,2026-10-07,Sri Lanka,LKR,kg,farm_gate,weekly,f2ff2846e64b1f639aeda273d86696d6ee6d08acd698b749b2b85001fe23f09b,observed_source_value,3959973e10e4c5b0d527
2023-07-18,National,black_pepper,Grade 1,average,1394.5,"Department of Export Agriculture, Sri Lanka - Economic Research Unit",https://exagri.info/mkt/2023/18.07.2023.html,2023-07-18,2026-10-07,Sri Lanka,LKR,kg,farm_gate,weekly,f386f181b331a084d68a61116b975075616ac4ebfdd1b18ab8363dd1ffc9ca66,observed_source_value,221256e80c48d5137106
2023-07-25,National,black_pepper,Grade 1,average,1565.93,"Department of Export Agriculture, Sri Lanka - Economic Research Unit",https://exagri.info/mkt/2023/25.07.2023.html,2023-07-25,2026-10-07,Sri Lanka,LKR,kg,farm_gate,weekly,04a3bae57f12a5c71eeeeb6767329075df6db10bd276e64c74338fb2525b619a,observed_source_value,89ecef72d695695dcdba
2023-07-31,National,black_pepper,Grade 1,average,1659.43,"Department of Export Agriculture, Sri Lanka - Economic Research Unit",https://exagri.info/mkt/2023/31.07.2023.html,2023-07-31,2026-10-07,Sri Lanka,LKR,kg,farm_gate,weekly,b17bb6da967a24df567e7346012761d8d91a8a964227910730cbb1de493ded07,observed_source_value,4b6f2eee838bcf94acfb
2023-08-08,National,black_pepper,Grade 1,average,1947.14,"Department of Export Agriculture, Sri Lanka - Economic Research Unit",https://exagri.info/mkt/2023/08.08.2023.html,2023-08-08,2026-10-07,Sri Lanka,LKR,kg,farm_gate,weekly,0e0e48999c7c3181861e8caf17923a260a4cafa159d79ad1118dcbb5755a4577,observed_source_value,42df2bbf1b04aae5c6fa
2023-08-15,National,black_pepper,Grade 1,average,1872.14,"Department of Export Agriculture, Sri Lanka - Economic Research Unit",https://exagri.info/mkt/2023/15.08.2023.html,2023-08-15,2026-10-07,Sri Lanka,LKR,kg,farm_gate,weekly,9a32bf2c0fe27ab811e06bd8084fca56be3d8a5101cb773b3e779154ba18f9a2,observed_source_value,13402a65a9a05172da5e
2023-08-22,National,black_pepper,Grade 1,average,1903.14,"Department of Export Agriculture, Sri Lanka - Economic Research Unit",https://exagri.info/mkt/2023/22.08.2023.html,2023-08-22,2026-10-07,Sri Lanka,LKR,kg,farm_gate,weekly,af14265330366a57776b9829803ae3627873ac0f038400cf31ea444d0d72bd97,observed_source_value,33d542f97ecb30bbeff3
2023-08-28,National,black_pepper,Grade 1,average,1941.21,"Department of Export Agriculture, Sri Lanka - Economic Research Unit",https://exagri.info/mkt/2023/28.08.2023.html,2023-08-28,2026-10-07,Sri Lanka,LKR,kg,farm_gate,weekly,d2fa21d931af0807a9d1fb274fc51adc94667f9099798a45796843486452d39b,observed_source_value,3187bd8fbef43b1ec6e2
2023-09-05,National,black_pepper,Grade 1,average,1931.21,"Department of Export Agriculture, Sri Lanka - Economic Research Unit",https://exagri.info/mkt/2023/05.09.2023.html,2023-09-05,2026-10-07,Sri Lanka,LKR,kg,farm_gate,weekly,116b73caf0eb4697efec89dd344193f8733a7ff05525b8e00f03c89849105c42,observed_source_value,a618f498993785f4b2c1
2023-09-12,National,black_pepper,Grade 1,average,1944.14,"Department of Export Agriculture, Sri Lanka - Economic Research Unit",https://exagri.info/mkt/2023/12.09.2023.html,2023-09-12,2026-10-07,Sri Lanka,LKR,kg,farm_gate,weekly,657fbb37b6949f430c700b1a09768e8e3e4a4173a6334bff3e08be847d544212,observed_source_value,11cafafde8f31448a578
2023-09-19,National,black_pepper,Grade 1,average,1936.57,"Department of Export Agriculture, Sri Lanka - Economic Research Unit",https://exagri.info/mkt/2023/19.09.2023.html,2023-09-19,2026-10-07,Sri Lanka,LKR,kg,farm_gate,weekly,7b202aeba27349b38fb67c660466ed29bb1a5c8cff01ef21fba49766ca9b5b81,observed_source_value,c24515e6c33c145cbc2e
2023-09-26,National,black_pepper,Grade 1,average,1889.07,"Department of Export Agriculture, Sri Lanka - Economic Research Unit",https://exagri.info/mkt/2023/26.09.2023.html,2023-09-26,2026-10-07,Sri Lanka,LKR,kg,farm_gate,weekly,19734c56569d9ef5c6fd666a5c35042a5eede47c42917e590b9188678261bbce,observed_source_value,c54fea0bd29bb883c001
2023-10-03,National,black_pepper,Grade 1,average,1902.71,"Department of Export Agriculture, Sri Lanka - Economic Research Unit",https://exagri.info/mkt/2023/03.10.2023.html,2023-10-03,2026-10-07,Sri Lanka,LKR,kg,farm_gate,weekly,5c81e2fd986ec7336a18bfd6dd61b2ea540e23988ff345cb30325993870c8792,observed_source_value,5adcf501ebeeda33702f
2023-10-10,National,black_pepper,Grade 1,average,1926.36,"Department of Export Agriculture, Sri Lanka - Economic Research Unit",https://exagri.info/mkt/2023/10.10.2023.html,2023-10-10,2026-10-07,Sri Lanka,LKR,kg,farm_gate,weekly,88e49a6642d502c4b301cb14e29ca833cb3396942b38f51ddc3187ac229a03fa,observed_source_value,345cc0e5ec5cd41f3c85
2023-10-17,National,black_pepper,Grade 1,average,1932.0,"Department of Export Agriculture, Sri Lanka - Economic Research Unit",https://exagri.info/mkt/2023/17.10.2023.html,2023-10-17,2026-10-07,Sri Lanka,LKR,kg,farm_gate,weekly,8a6c2f3e1d25faf4214a9ce080f94bde08e0e571d22544fafb8a1e2fa0348433,observed_source_value,bb603b233cc63df0918d
2023-10-24,National,black_pepper,Grade 1,average,1949.71,"Department of Export Agriculture, Sri Lanka - Economic Research Unit",https://exagri.info/mkt/2023/24.10.2023.html,2023-10-24,2026-10-07,Sri Lanka,LKR,kg,farm_gate,weekly,cc5e4d2366e27c47745912bd209c1d9ffb16841c3481f07636a8e40be435c8c4,observed_source_value,720caef4644245f59fc4
2023-10-31,National,black_pepper,Grade 1,average,1965.79,"Department of Export Agriculture, Sri Lanka - Economic Research Unit",https://exagri.info/mkt/2023/31.10.2023.html,2023-10-31,2026-10-07,Sri Lanka,LKR,kg,farm_gate,weekly,621d2f837625e01bdc1025139271fd7a226572cfddb10c7ddd7845aa9d1ce13c,observed_source_value,dc1179e47d1cc8b36438
2023-11-07,National,black_pepper,Grade 1,average,1950.0,"Department of Export Agriculture, Sri Lanka - Economic Research Unit",https://exagri.info/mkt/2023/07.11.2023.html,2023-11-07,2026-10-07,Sri Lanka,LKR,kg,farm_gate,weekly,16967258d742b86fae0840515a76c76fe2951e859ab900c823a6e6607b1e98e4,observed_source_value,5d6b8716990d075d6516
2023-11-14,National,black_pepper,Grade 1,average,1933.86,"Department of Export Agriculture, Sri Lanka - Economic Research Unit",https://exagri.info/mkt/2023/14.11.2023.html,2023-11-14,2026-10-07,Sri Lanka,LKR,kg,farm_gate,weekly,3ae79acc8b30bd1fb8b2c2de90fc3ff809d736c543263f4675b6eff86959fe57,observed_source_value,6a413d696b1275a37ac6
2023-11-21,National,black_pepper,Grade 1,average,1930.93,"Department of Export Agriculture, Sri Lanka - Economic Research Unit",https://exagri.info/mkt/2023/21.11.2023.html,2023-11-21,2026-10-07,Sri Lanka,LKR,kg,farm_gate,weekly,f80ab75a0c9ae300592ae55babc9bd9caeb119fd420d6b75e99e4a3e1a45126e,observed_source_value,218eaa24258b01dd94db
2023-11-28,National,black_pepper,Grade 1,average,1920.14,"Department of Export Agriculture, Sri Lanka - Economic Research Unit",https://exagri.info/mkt/2023/28.11.2023.html,2023-11-28,2026-10-07,Sri Lanka,LKR,kg,farm_gate,weekly,91ea70d2bd3bce61e3086ddba912ed870f9e62f0cc20c77fb61b36c4d582c891,observed_source_value,acbc5a227b14b087b1f1
2023-12-05,National,black_pepper,Grade 1,average,1887.43,"Department of Export Agriculture, Sri Lanka - Economic Research Unit",https://exagri.info/mkt/2023/05.12.2023.html,2023-12-05,2026-10-07,Sri Lanka,LKR,kg,farm_gate,weekly,791f7fe6c923df390b2085ae660ad1cc4cfc2bac46b8666bd97b44f1c8a888a5,observed_source_value,c6246fb997f27fc45c8f
2023-12-12,National,black_pepper,Grade 1,average,1903.71,"Department of Export Agriculture, Sri Lanka - Economic Research Unit",https://exagri.info/mkt/2023/12.12.2023.html,2023-12-12,2026-10-07,Sri Lanka,LKR,kg,farm_gate,weekly,d29cdf214505aeded112adda5d3db303887e9e3ada7a363abc1ca6768195bec8,observed_source_value,0cfaa691b281cfaea6f5
2023-12-19,National,black_pepper,Grade 1,average,1887.86,"Department of Export Agriculture, Sri Lanka - Economic Research Unit",https://exagri.info/mkt/2023/19.12.2023.html,2023-12-19,2026-10-07,Sri Lanka,LKR,kg,farm_gate,weekly,6c1f8b601ff68a41374bd3b9ff627b521720f6966b983c0bb39277465486af80,observed_source_value,5be685a914bf2f449396
2023-12-27,National,black_pepper,Grade 1,average,1876.07,"Department of Export Agriculture, Sri Lanka - Economic Research Unit",https://exagri.info/mkt/2023/27.12.2023.html,2023-12-27,2026-10-07,Sri Lanka,LKR,kg,farm_gate,weekly,ac84a018c3a380beeb24991b87006afb3afd7f5215451f24b1a85021b6e77451,observed_source_value,69c8b8915ba7d8ba3eeb
2024-01-02,National,black_pepper,Grade 1,average,1881.14,"Department of Export Agriculture, Sri Lanka - Economic Research Unit",https://exagri.info/mkt/2024/02.01.2024.html,2024-01-02,2026-10-07,Sri Lanka,LKR,kg,farm_gate,weekly,e60083113db260a45806fc821913bbfcab5a19bc70bd85b31d67ee0d4dc60308,observed_source_value,aac26a9cc812fde9c105
2024-01-09,National,black_pepper,Grade 1,average,1899.29,"Department of Export Agriculture, Sri Lanka - Economic Research Unit",https://exagri.info/mkt/2024/09.01.2024.html,2024-01-09,2026-10-07,Sri Lanka,LKR,kg,farm_gate,weekly,3cd16fa1c805172c7cbc2ac64110f1f91799c59c4808944a79f3d0f92bc7996f,observed_source_value,6c3d9ac56d0cd37ebb8a
2024-01-16,National,black_pepper,Grade 1,average,1906.07,"Department of Export Agriculture, Sri Lanka - Economic Research Unit",https://exagri.info/mkt/2024/16.01.2024.html,2024-01-16,2026-10-07,Sri Lanka,LKR,kg,farm_gate,weekly,8d7432583e31bdbb634525a2c148b35474c068e53c87367f23c44fd6be16c792,observed_source_value,39e1dfb5f70ece4b54ca
2024-01-24,National,black_pepper,Grade 1,average,1900.93,"Department of Export Agriculture, Sri Lanka - Economic Research Unit",https://exagri.info/mkt/2024/24.01.2024.html,2024-01-24,2026-10-07,Sri Lanka,LKR,kg,farm_gate,weekly,891c7021aab431f0195cedb5608ae4b6e3180485f6b49acf352cb536ba9c9362,observed_source_value,a9b159fe7c9099a4fd6d
2024-01-30,National,black_pepper,Grade 1,average,1870.79,"Department of Export Agriculture, Sri Lanka - Economic Research Unit",https://exagri.info/mkt/2024/30.01.2024.html,2024-01-30,2026-10-07,Sri Lanka,LKR,kg,farm_gate,weekly,c9dd099a4c040e4c2d27f304b3e713019f4e5af3276529658f0e6e2368883bb9,observed_source_value,8fc5c699c379ecbe2ed3
2024-02-06,National,black_pepper,Grade 1,average,1860.0,"Department of Export Agriculture, Sri Lanka - Economic Research Unit",https://exagri.info/mkt/2024/06.02.2024.html,2024-02-06,2026-10-07,Sri Lanka,LKR,kg,farm_gate,weekly,951dd70066edafd704b842b1ffcb41d0c6126a02294224da7403001a4e00dc18,observed_source_value,f8bffd44c3b4a0844a69
2024-02-13,National,black_pepper,Grade 1,average,1814.64,"Department of Export Agriculture, Sri Lanka - Economic Research Unit",https://exagri.info/mkt/2024/13.02.2024.html,2024-02-13,2026-10-07,Sri Lanka,LKR,kg,farm_gate,weekly,2780f9253d0a31913433183097128439479cd3ab16b6873e4c908ad9a89a61fa,observed_source_value,dbcb8f5c910e316ca9ce
2024-02-20,National,black_pepper,Grade 1,average,1781.79,"Department of Export Agriculture, Sri Lanka - Economic Research Unit",https://exagri.info/mkt/2024/20.02.2024.html,2024-02-20,2026-10-07,Sri Lanka,LKR,kg,farm_gate,weekly,e691480904d2b572562b4d491b60d99bd4a38f37e053a1e27b4ea6d6209508fa,observed_source_value,a7869331cb9b97379add
2024-02-27,National,black_pepper,Grade 1,average,1782.0,"Department of Export Agriculture, Sri Lanka - Economic Research Unit",https://exagri.info/mkt/2024/27.02.2024.html,2024-02-27,2026-10-07,Sri Lanka,LKR,kg,farm_gate,weekly,462ae6b5df521b13f4885403713b9d8e1d661983816293450dbc7be2b15ab8d3,observed_source_value,7a61338ff782bce42d30
2024-03-05,National,black_pepper,Grade 1,average,1764.57,"Department of Export Agriculture, Sri Lanka - Economic Research Unit",https://exagri.info/mkt/2024/05.03.2024.html,2024-03-05,2026-10-07,Sri Lanka,LKR,kg,farm_gate,weekly,2b8688dc5e2bc87ed1d599dadfc76d28d56da6e59e005de73ff9737b3f124858,observed_source_value,1026ce1465369ef71d9c
2024-03-12,National,black_pepper,Grade 1,average,1719.5,"Department of Export Agriculture, Sri Lanka - Economic Research Unit",https://exagri.info/mkt/2024/12.03.2024.html,2024-03-12,2026-10-07,Sri Lanka,LKR,kg,farm_gate,weekly,6daf351465043ca53ade8cce2b5366788c1eb41b6ceca09b82eb65d796466699,observed_source_value,d08090b779881d18ce9c
2024-03-19,National,black_pepper,Grade 1,average,1693.14,"Department of Export Agriculture, Sri Lanka - Economic Research Unit",https://exagri.info/mkt/2024/19.03.2024.html,2024-03-19,2026-10-07,Sri Lanka,LKR,kg,farm_gate,weekly,df6b3c1dc92b0b5c728632cba08b49a94d42946de42ac4d2aa1eb78906af8696,observed_source_value,f30e572a46b75d4063a8
2024-03-26,National,black_pepper,Grade 1,average,1639.86,"Department of Export Agriculture, Sri Lanka - Economic Research Unit",https://exagri.info/mkt/2024/26.03.2024.html,2024-03-26,2026-10-07,Sri Lanka,LKR,kg,farm_gate,weekly,41362006925c53288cba0a3caeb0fa668631f50dadc6a45dd70a39c49a860a69,observed_source_value,01f59a79e2b2568853fa
2024-04-02,National,black_pepper,Grade 1,average,1586.71,"Department of Export Agriculture, Sri Lanka - Economic Research Unit",https://exagri.info/mkt/2024/02.04.2024.html,2024-04-02,2026-10-07,Sri Lanka,LKR,kg,farm_gate,weekly,13f136b8cac4ba64eb3e02ec2114402fbe135474adbc695463e728ccd74de301,observed_source_value,28b454d1c963e3e19fb1
2024-04-08,National,black_pepper,Grade 1,average,1582.71,"Department of Export Agriculture, Sri Lanka - Economic Research Unit",https://exagri.info/mkt/2024/08.04.2024.html,2024-04-08,2026-10-07,Sri Lanka,LKR,kg,farm_gate,weekly,23f64b5f7900f95a7d88a754ee2791c5d4d289342b8d75da06c55fbc11e05a80,observed_source_value,24e2fd2be29f4890612a
2024-04-16,National,black_pepper,Grade 1,average,1574.54,"Department of Export Agriculture, Sri Lanka - Economic Research Unit",https://exagri.info/mkt/2024/16.04.2024.html,2024-04-16,2026-10-07,Sri Lanka,LKR,kg,farm_gate,weekly,054cbb986c1b79dbede39c238e85162bfcb4afed235718b15eb2e3f6e0f32158,observed_source_value,718329a42e96e72961b3
2024-04-24,National,black_pepper,Grade 1,average,1527.64,"Department of Export Agriculture, Sri Lanka - Economic Research Unit",https://exagri.info/mkt/2024/24.04.2024.html,2024-04-24,2026-10-07,Sri Lanka,LKR,kg,farm_gate,weekly,cbdc61e490e01f4b0fe7d0a340217a5fc8f6735f6c9841aecb126f75bb5ce7e1,observed_source_value,42acf8066c73d5d7a720
2024-04-30,National,black_pepper,Grade 1,average,1535.36,"Department of Export Agriculture, Sri Lanka - Economic Research Unit",https://exagri.info/mkt/2024/30.04.2024.html,2024-04-30,2026-10-07,Sri Lanka,LKR,kg,farm_gate,weekly,9b0b4ea4407dedb23c61931a4ea498ffbd93484d46f083d1114b34799370d830,observed_source_value,bc56ab6c7c79ff716806
2024-05-07,National,black_pepper,Grade 1,average,1550.14,"Department of Export Agriculture, Sri Lanka - Economic Research Unit",https://exagri.info/mkt/2024/07.05.2024.html,2024-05-07,2026-10-07,Sri Lanka,LKR,kg,farm_gate,weekly,0d78792f56899d3dd91ffd8829c2b8b4e2fd2acc0584a9867d72e03281f59634,observed_source_value,a636b79ed1c66c70195e
2024-05-14,National,black_pepper,Grade 1,average,1571.57,"Department of Export Agriculture, Sri Lanka - Economic Research Unit",https://exagri.info/mkt/2024/14.05.2024.html,2024-05-14,2026-10-07,Sri Lanka,LKR,kg,farm_gate,weekly,374f7cc519ff8aa3507eb3125d5423b7f84c2776034e217501e5cc0fb5f109d6,observed_source_value,fe67b77b399260181d19
2024-05-21,National,black_pepper,Grade 1,average,1578.86,"Department of Export Agriculture, Sri Lanka - Economic Research Unit",https://exagri.info/mkt/2024/21.05.2024.html,2024-05-21,2026-10-07,Sri Lanka,LKR,kg,farm_gate,weekly,8aab25d6de60186c57e39b5023dde1d8407312e46786c7f9d602e8cef92f96f6,observed_source_value,08fa4dd8070f92edeca3
2024-05-28,National,black_pepper,Grade 1,average,1607.07,"Department of Export Agriculture, Sri Lanka - Economic Research Unit",https://exagri.info/mkt/2024/28.05.2024.html,2024-05-28,2026-10-07,Sri Lanka,LKR,kg,farm_gate,weekly,7b181ea530267356447821c7e8b019baddaf237df39786c97d97f3aef2b0a667,observed_source_value,2e6566a18f0a038d318b
2024-06-04,National,black_pepper,Grade 1,average,1641.07,"Department of Export Agriculture, Sri Lanka - Economic Research Unit",https://exagri.info/mkt/2024/04.06.2024.html,2024-06-04,2026-10-07,Sri Lanka,LKR,kg,farm_gate,weekly,c91438b97d2d8bc5c8e61d725d1bfa233be75b9676aa95c868e945778f239623,observed_source_value,bbbdf1beb1d7dcdfd838
2024-06-11,National,black_pepper,Grade 1,average,1771.29,"Department of Export Agriculture, Sri Lanka - Economic Research Unit",https://exagri.info/mkt/2024/11.06.2024.html,2024-06-11,2026-10-07,Sri Lanka,LKR,kg,farm_gate,weekly,563ffdd4ab809ba2fcf5834e009c6066ba63894090dfdc3b8b78ae5286f0d7fd,observed_source_value,9e56cc564833c55da66c
2024-06-18,National,black_pepper,Grade 1,average,1756.93,"Department of Export Agriculture, Sri Lanka - Economic Research Unit",https://exagri.info/mkt/2024/18.06.2024.html,2024-06-18,2026-10-07,Sri Lanka,LKR,kg,farm_gate,weekly,b3a503252a348b57546ec7d7155a1854cd368625cd528d1ba02a43f650e68be3,observed_source_value,5438e92e600da2f32b09
2024-06-25,National,black_pepper,Grade 1,average,1783.69,"Department of Export Agriculture, Sri Lanka - Economic Research Unit",https://exagri.info/mkt/2024/25.06.2024.html,2024-06-25,2026-10-07,Sri Lanka,LKR,kg,farm_gate,weekly,1e4b5ca425e8d35431d847310505b4be363081b4571a8868a90ab5bc2496b7f0,observed_source_value,bd260c6446c835314388
2024-07-02,National,black_pepper,Grade 1,average,1792.79,"Department of Export Agriculture, Sri Lanka - Economic Research Unit",https://exagri.info/mkt/2024/02.07.2024.html,2024-07-02,2026-10-07,Sri Lanka,LKR,kg,farm_gate,weekly,3518040820fed40316c0fc57a2cda7be353896206888a91d4ed52b89dda1b72e,observed_source_value,d4bcc99aea3f287790ce
2024-07-16,National,black_pepper,Grade 1,average,1754.14,"Department of Export Agriculture, Sri Lanka - Economic Research Unit",https://exagri.info/mkt/2024/16.07.2024.html,2024-07-16,2026-10-07,Sri Lanka,LKR,kg,farm_gate,weekly,3fc1ffb1ba49bc6a825f5d9b143570d2cc6e4f7f8ed3e5ba33c66260571cc30f,observed_source_value,b2c77658bec9511628ef
2024-07-23,National,black_pepper,Grade 1,average,1721.43,"Department of Export Agriculture, Sri Lanka - Economic Research Unit",https://exagri.info/mkt/2024/23.07.2024.html,2024-07-23,2026-10-07,Sri Lanka,LKR,kg,farm_gate,weekly,43baff7436725f48b1001450eeb5f52e009847a9e782f5574482b013e682bb12,observed_source_value,4dd9fe80e136427ab991
2024-07-30,National,black_pepper,Grade 1,average,1727.46,"Department of Export Agriculture, Sri Lanka - Economic Research Unit",https://exagri.info/mkt/2024/30.07.2024.html,2024-07-30,2026-10-07,Sri Lanka,LKR,kg,farm_gate,weekly,d608413837d53bdcd253bec639ab23fee5707df1f2c8746e1852284012ec8153,observed_source_value,07f8fd10604f66bccefa
2024-08-06,National,black_pepper,Grade 1,average,1752.64,"Department of Export Agriculture, Sri Lanka - Economic Research Unit",https://exagri.info/mkt/2024/06.08.2024.html,2024-08-06,2026-10-07,Sri Lanka,LKR,kg,farm_gate,weekly,21a3ef86b6ec5267c49043f1e99c964df0b345554919a9bf447245ae4f7fb646,observed_source_value,90493e8e2815e34ead86
2024-08-13,National,black_pepper,Grade 1,average,1736.43,"Department of Export Agriculture, Sri Lanka - Economic Research Unit",https://exagri.info/mkt/2024/13.08.2024.html,2024-08-13,2026-10-07,Sri Lanka,LKR,kg,farm_gate,weekly,b0bb77e1982a2eab6f966f20314bc65a4fd9ddb2392110add1ba2ad74aef62c8,observed_source_value,7a3f6a6e0ef2b3a2bd2c
2024-08-20,National,black_pepper,Grade 1,average,1737.07,"Department of Export Agriculture, Sri Lanka - Economic Research Unit",https://exagri.info/mkt/2024/20.08.2024.html,2024-08-20,2026-10-07,Sri Lanka,LKR,kg,farm_gate,weekly,180f165246730dd5b01b1a85ff3db52167ab37b76ca8c7464ca2a4b76bc950ab,observed_source_value,1bd84d3fb062298eab8a
2024-08-27,National,black_pepper,Grade 1,average,1729.57,"Department of Export Agriculture, Sri Lanka - Economic Research Unit",https://exagri.info/mkt/2024/27.08.2024.html,2024-08-27,2026-10-07,Sri Lanka,LKR,kg,farm_gate,weekly,93b82e857fdf8c81d14c7d4c8d469dbf3fb54a8e1478b650a7debe4c6f2e7c00,observed_source_value,cef595fa9932b52d0f31
2024-09-03,National,black_pepper,Grade 1,average,1737.14,"Department of Export Agriculture, Sri Lanka - Economic Research Unit",https://exagri.info/mkt/2024/03.09.2024.html,2024-09-03,2026-10-07,Sri Lanka,LKR,kg,farm_gate,weekly,493bc11f9bad3d9fa3ba136086dcc16101847ede42c98ac631fba04cbee5eed5,observed_source_value,c0b7838b732729e013e3
2024-09-10,National,black_pepper,Grade 1,average,1774.57,"Department of Export Agriculture, Sri Lanka - Economic Research Unit",https://exagri.info/mkt/2024/10.09.2024.html,2024-09-10,2026-10-07,Sri Lanka,LKR,kg,farm_gate,weekly,ee23ad9e6b4d3f38fbc69eea8e30d334dfcdce219ab0e0475b76aa353043c824,observed_source_value,18f6ca982e2d6d769b15
2024-09-18,National,black_pepper,Grade 1,average,1806.21,"Department of Export Agriculture, Sri Lanka - Economic Research Unit",https://exagri.info/mkt/2024/18.09.2024.html,2024-09-18,2026-10-07,Sri Lanka,LKR,kg,farm_gate,weekly,76e0907db7b4b3c734e2336daf429b27f8c25508e91fe9a6038caaa8ebc28e1a,observed_source_value,83fcd4c700d4cc7f982f
2024-09-24,National,black_pepper,Grade 1,average,1795.14,"Department of Export Agriculture, Sri Lanka - Economic Research Unit",https://exagri.info/mkt/2024/24.09.2024.html,2024-09-24,2026-10-07,Sri Lanka,LKR,kg,farm_gate,weekly,3756e56e612f09dd03103785e8af1a55f8222edf42b20607f6c9f683fb456747,observed_source_value,0c43aff76df69a4597cd
2024-10-01,National,black_pepper,Grade 1,average,1780.64,"Department of Export Agriculture, Sri Lanka - Economic Research Unit",https://exagri.info/mkt/2024/01.10.2024.html,2024-10-01,2026-10-07,Sri Lanka,LKR,kg,farm_gate,weekly,c70e1eb72d2aab796d535b3d9d4ff2dda3b8f6bec9320e654e7396ab8aa46a35,observed_source_value,1488a5ca1ba138cbe6a9
2024-10-15,National,black_pepper,Grade 1,average,1744.79,"Department of Export Agriculture, Sri Lanka - Economic Research Unit",https://exagri.info/mkt/2024/15.10.2024.html,2024-10-15,2026-10-07,Sri Lanka,LKR,kg,farm_gate,weekly,d8649c7b24bbf4189733e4d601f706e3d9f675a9bde1e03172259e91e9bc6496,observed_source_value,2632544c6981723d25a2
2024-10-22,National,black_pepper,Grade 1,average,1745.5,"Department of Export Agriculture, Sri Lanka - Economic Research Unit",https://exagri.info/mkt/2024/22.10.2024.html,2024-10-22,2026-10-07,Sri Lanka,LKR,kg,farm_gate,weekly,33133b461b71b5053ff50302e9311e7af004559471fbbb92d0df820d97af8b77,observed_source_value,6eefd7b363aca36ccf52
2024-10-29,National,black_pepper,Grade 1,average,1759.5,"Department of Export Agriculture, Sri Lanka - Economic Research Unit",https://exagri.info/mkt/2024/29.10.2024.html,2024-10-29,2026-10-07,Sri Lanka,LKR,kg,farm_gate,weekly,4db31b2420cc432c035885f3b5d64956bc4b386153e18db5a8d83703a553b6bb,observed_source_value,3c7f2dc832cf88f723af
2024-11-05,National,black_pepper,Grade 1,average,1788.86,"Department of Export Agriculture, Sri Lanka - Economic Research Unit",https://exagri.info/mkt/2024/05.11.2024.html,2024-11-05,2026-10-07,Sri Lanka,LKR,kg,farm_gate,weekly,cacfb050e93b8ba2e7df9f5b75596ff1a270ddccd15dd291488606c787884cc0,observed_source_value,e54edd5871c628766173
2024-11-12,National,black_pepper,Grade 1,average,1796.0,"Department of Export Agriculture, Sri Lanka - Economic Research Unit",https://exagri.info/mkt/2024/12.11.2024.html,2024-11-12,2026-10-07,Sri Lanka,LKR,kg,farm_gate,weekly,407e3d86b99def8b684de58b917383a64e0a6685d5b704bfc4b5ed29b6051fc0,observed_source_value,e46dafa49baa6126ee04
2024-11-19,National,black_pepper,Grade 1,average,1814.93,"Department of Export Agriculture, Sri Lanka - Economic Research Unit",https://exagri.info/mkt/2024/19.11.2024.html,2024-11-19,2026-10-07,Sri Lanka,LKR,kg,farm_gate,weekly,ee0d445e1df7e73a5613fa268cb1bd83a360f16619745de9ea4485aa741aaa53,observed_source_value,dc79185b47c00a3c9651
2024-11-26,National,black_pepper,Grade 1,average,1804.5,"Department of Export Agriculture, Sri Lanka - Economic Research Unit",https://exagri.info/mkt/2024/26.11.2024.html,2024-11-26,2026-10-07,Sri Lanka,LKR,kg,farm_gate,weekly,bdc751060bc3fa1f8eebff61170abba9ebc50693ddf7d9fe65231fa43203e807,observed_source_value,90f4f16f763f10c57be0
2024-12-03,National,black_pepper,Grade 1,average,1823.36,"Department of Export Agriculture, Sri Lanka - Economic Research Unit",https://exagri.info/mkt/2024/03.12.2024.html,2024-12-03,2026-10-07,Sri Lanka,LKR,kg,farm_gate,weekly,e188de24b66c7d5119bd862686104dcf54490c99850015988b9c7d24e24f93c2,observed_source_value,bcb514117775088117e6
2024-12-10,National,black_pepper,Grade 1,average,1815.43,"Department of Export Agriculture, Sri Lanka - Economic Research Unit",https://exagri.info/mkt/2024/10.12.2024.html,2024-12-10,2026-10-07,Sri Lanka,LKR,kg,farm_gate,weekly,648fed64e847522891520a2fc9402c9731bef22545fa9ec6e270c17151c0919e,observed_source_value,4a6e3f072d6b65f2c6ac
2024-12-17,National,black_pepper,Grade 1,average,1823.0,"Department of Export Agriculture, Sri Lanka - Economic Research Unit",https://exagri.info/mkt/2024/17.12.2024.html,2024-12-17,2026-10-07,Sri Lanka,LKR,kg,farm_gate,weekly,eac502effa3b8e3bd6e67723b8276f903a0ba1137132479418f60d88ba527aaf,observed_source_value,fa98d80fce435a5fa12e
2024-12-24,National,black_pepper,Grade 1,average,1806.71,"Department of Export Agriculture, Sri Lanka - Economic Research Unit",https://exagri.info/mkt/2024/24.12.2024.html,2024-12-24,2026-10-07,Sri Lanka,LKR,kg,farm_gate,weekly,468f969b54bd032d4394bcb3295e547f25bb597bef37d1ed99dfbc4df7490e6a,observed_source_value,5efcecec0d1bdcccea12
2024-12-31,National,black_pepper,Grade 1,average,1800.64,"Department of Export Agriculture, Sri Lanka - Economic Research Unit",https://exagri.info/mkt/2024/31.12.2024.html,2024-12-31,2026-10-07,Sri Lanka,LKR,kg,farm_gate,weekly,ce30e814ea91b5d9ea8d89c0f4990b338abbeaabd6c4774b0ece7b6cd303e88e,observed_source_value,3c517f6e12d5f5b5ccde
2025-01-07,National,black_pepper,Grade 1,average,1792.14,"Department of Export Agriculture, Sri Lanka - Economic Research Unit",https://exagri.info/mkt/2025/07.01.2025.html,2025-01-07,2026-10-07,Sri Lanka,LKR,kg,farm_gate,weekly,f39657bda4a04f707da200e714747f735baf6a0c544635b45f0c22f75e1ce06e,observed_source_value,f2b719c6868ed97d43a0
2025-01-15,National,black_pepper,Grade 1,average,1805.86,"Department of Export Agriculture, Sri Lanka - Economic Research Unit",https://exagri.info/mkt/2025/15.01.2025.html,2025-01-15,2026-10-07,Sri Lanka,LKR,kg,farm_gate,weekly,44203e91cef14d9a3b5c142e343cdb7f408ed32cc393575414981da90764cd20,observed_source_value,37ca38b571fb79d42518
2025-01-21,National,black_pepper,Grade 1,average,1837.86,"Department of Export Agriculture, Sri Lanka - Economic Research Unit",https://exagri.info/mkt/2025/21.01.2025.html,2025-01-21,2026-10-07,Sri Lanka,LKR,kg,farm_gate,weekly,0446e99103005b8c3cdd01d0fbb8633cdc2dd1574c858a3a8b527e7a6884f7f2,observed_source_value,57f73d8b6c86f460cfd5
2025-01-28,National,black_pepper,Grade 1,average,1871.86,"Department of Export Agriculture, Sri Lanka - Economic Research Unit",https://exagri.info/mkt/2025/28.01.2025.html,2025-01-28,2026-10-07,Sri Lanka,LKR,kg,farm_gate,weekly,b0824186adcc1cff0f568eda0b1efa5818aff7aef4806104fa47c4ecc171b3d9,observed_source_value,9f7cd18d20c24475af02
2025-02-05,National,black_pepper,Grade 1,average,1887.77,"Department of Export Agriculture, Sri Lanka - Economic Research Unit",https://exagri.info/mkt/2025/05.02.2025.html,2025-02-05,2026-10-07,Sri Lanka,LKR,kg,farm_gate,weekly,de6e002c0b904985de7f50a69f026a424b0e89f8afa7cc7380cdf7a1bdea8a87,observed_source_value,2c4c9b69c0e21e6fcf8a
2025-02-11,National,black_pepper,Grade 1,average,1880.36,"Department of Export Agriculture, Sri Lanka - Economic Research Unit",https://exagri.info/mkt/2025/11.02.2025.html,2025-02-11,2026-10-07,Sri Lanka,LKR,kg,farm_gate,weekly,f647fc66d01e4ab48a5c5a416586123af6e86feca3284222bcf298b148cb1d3b,observed_source_value,e2c902169cd53dd89c81
2025-02-18,National,black_pepper,Grade 1,average,1891.64,"Department of Export Agriculture, Sri Lanka - Economic Research Unit",https://exagri.info/mkt/2025/18.02.2025.html,2025-02-18,2026-10-07,Sri Lanka,LKR,kg,farm_gate,weekly,bc2c74588807838698d77886e556567ef7b6d646dfb07789873fdd3501010ed3,observed_source_value,1dab48da816a99cad98d
2025-02-25,National,black_pepper,Grade 1,average,1912.57,"Department of Export Agriculture, Sri Lanka - Economic Research Unit",https://exagri.info/mkt/2025/25.02.2025.html,2025-02-25,2026-10-07,Sri Lanka,LKR,kg,farm_gate,weekly,e5a0638c8217fd30e21e7f9cc0b24f235ef79bc6bf064432f73c40870a9e83c4,observed_source_value,db2ecf6dfd424f814602
2025-03-04,National,black_pepper,Grade 1,average,1921.29,"Department of Export Agriculture, Sri Lanka - Economic Research Unit",https://exagri.info/mkt/2025/04.03.2025.html,2025-03-04,2026-10-07,Sri Lanka,LKR,kg,farm_gate,weekly,be46d6562241f831f8f75d28e5cf98593cea1f0d4636544fe31352e5d364a634,observed_source_value,3eade9c391861f39b7b2
2025-03-11,National,black_pepper,Grade 1,average,1934.79,"Department of Export Agriculture, Sri Lanka - Economic Research Unit",https://exagri.info/mkt/2025/11.03.2025.html,2025-03-11,2026-10-07,Sri Lanka,LKR,kg,farm_gate,weekly,60155227c77cde5eac4ff313eddfa37c2ca968013e32ccf558d3cabe5c4ae72e,observed_source_value,feddd6c9042eb5f2e45f
2025-03-18,National,black_pepper,Grade 1,average,1954.64,"Department of Export Agriculture, Sri Lanka - Economic Research Unit",https://exagri.info/mkt/2025/18.03.2025.html,2025-03-18,2026-10-07,Sri Lanka,LKR,kg,farm_gate,weekly,a61f4cedbe9b7984d9855bd5a8a763f5a5585cc70f1c5f0c6f1a79fdd697a248,observed_source_value,19fd7d1fa114e7765f81
2025-03-25,National,black_pepper,Grade 1,average,1980.0,"Department of Export Agriculture, Sri Lanka - Economic Research Unit",https://exagri.info/mkt/2025/25.03.2025.html,2025-03-25,2026-10-07,Sri Lanka,LKR,kg,farm_gate,weekly,bd5741a060d142d314e2d0049ee5f3e5576a82591c5a0df5d9acbe09ec40981d,observed_source_value,bc1c80cdfb079be7559c
2025-04-01,National,black_pepper,Grade 1,average,2015.46,"Department of Export Agriculture, Sri Lanka - Economic Research Unit",https://exagri.info/mkt/2025/01.04.2025.html,2025-04-01,2026-10-07,Sri Lanka,LKR,kg,farm_gate,weekly,3807c68afdb3e6db1532178c8f1937de455c941f2bae08b704cc2559312a624f,observed_source_value,6917c29a8c0a8b99116d
2025-04-08,National,black_pepper,Grade 1,average,2048.79,"Department of Export Agriculture, Sri Lanka - Economic Research Unit",https://exagri.info/mkt/2025/08.04.2025.html,2025-04-08,2026-10-07,Sri Lanka,LKR,kg,farm_gate,weekly,7fcad078f05c6bff5233015bb3357bbd8bc82695404f7466e8a3a1c8269d2f81,observed_source_value,1d2b9daa02db1874f0d9
2025-04-22,National,black_pepper,Grade 1,average,2068.5,"Department of Export Agriculture, Sri Lanka - Economic Research Unit",https://exagri.info/mkt/2025/22.04.2025.html,2025-04-22,2026-10-07,Sri Lanka,LKR,kg,farm_gate,weekly,a2d9457ad09e4804911976883313b8db5a9d1c6aa20b24d5376491825fbbc640,observed_source_value,59429ddc42f9608a67bc
2025-04-29,National,black_pepper,Grade 1,average,2119.71,"Department of Export Agriculture, Sri Lanka - Economic Research Unit",https://exagri.info/mkt/2025/29.04.2025.html,2025-04-29,2026-10-07,Sri Lanka,LKR,kg,farm_gate,weekly,af8f2d3b910054d665d5a3b6cbcaad8a37fa19a5bf5169eb709624436c8d4d77,observed_source_value,cf956684028e243fe3f0
2025-05-07,National,black_pepper,Grade 1,average,2111.69,"Department of Export Agriculture, Sri Lanka - Economic Research Unit",https://exagri.info/mkt/2025/07.05.2025.html,2025-05-07,2026-10-07,Sri Lanka,LKR,kg,farm_gate,weekly,7c45e6d1f4d99532b71a8e8fbd74c1d29bacc04d17e346fc0f267e6ef900a6ae,observed_source_value,d890df9db6bbbe492a82
2025-05-14,National,black_pepper,Grade 1,average,2108.07,"Department of Export Agriculture, Sri Lanka - Economic Research Unit",https://exagri.info/mkt/2025/14.05.2025.html,2025-05-14,2026-10-07,Sri Lanka,LKR,kg,farm_gate,weekly,81892ee78a7917d0d08fe75bb3d0098e7f7a70b0f769a489ef94f044d2d5ae48,observed_source_value,1221072b25932d1fadd9
2025-05-20,National,black_pepper,Grade 1,average,2110.14,"Department of Export Agriculture, Sri Lanka - Economic Research Unit",https://exagri.info/mkt/2025/20.05.2025.html,2025-05-20,2026-10-07,Sri Lanka,LKR,kg,farm_gate,weekly,b90ba31fcf03b66ca575678849bab56236b32bf31dec71d62f645684f231b0dd,observed_source_value,5eccec78b00af32ec3c9
2025-05-27,National,black_pepper,Grade 1,average,2088.43,"Department of Export Agriculture, Sri Lanka - Economic Research Unit",https://exagri.info/mkt/2025/27.05.2025.html,2025-05-27,2026-10-07,Sri Lanka,LKR,kg,farm_gate,weekly,68f127c26ab6409c9263980c4fd5878c0c46095f00608e9fbccdf8784ff5b511,observed_source_value,a745f267ad51b5f154c9
2025-06-03,National,black_pepper,Grade 1,average,2030.43,"Department of Export Agriculture, Sri Lanka - Economic Research Unit",https://exagri.info/mkt/2025/03.06.2025.html,2025-06-03,2026-10-07,Sri Lanka,LKR,kg,farm_gate,weekly,ad8f1631b5cb22e12c0723bd8cc1a30801c5bc9f2d4160892dd2d48e1567b73a,observed_source_value,2a7cb007b0914b5c2ea9
2025-06-11,National,black_pepper,Grade 1,average,2005.29,"Department of Export Agriculture, Sri Lanka - Economic Research Unit",https://exagri.info/mkt/2025/11.06.2025.html,2025-06-11,2026-10-07,Sri Lanka,LKR,kg,farm_gate,weekly,d1d8ea517796d1fcfd8796d3f3551d370e7c8ad20c5a6f043588da5790497539,observed_source_value,fbc00b76bd6df7cc334e
2025-06-17,National,black_pepper,Grade 1,average,1984.43,"Department of Export Agriculture, Sri Lanka - Economic Research Unit",https://exagri.info/mkt/2025/17.06.2025.html,2025-06-17,2026-10-07,Sri Lanka,LKR,kg,farm_gate,weekly,486b8cdfbad41a3b1340f37c9a4156a198120205949e8f5395fa357dfd7b169b,observed_source_value,13d040a214b013484269
2025-06-24,National,black_pepper,Grade 1,average,1999.0,"Department of Export Agriculture, Sri Lanka - Economic Research Unit",https://exagri.info/mkt/2025/24.06.2025.html,2025-06-24,2026-10-07,Sri Lanka,LKR,kg,farm_gate,weekly,3e71bf5db17b2d0e5c76fe31038d568b5bb358806d627c5377513874ede9ca68,observed_source_value,4a20e5884436bea41621
2025-07-01,National,black_pepper,Grade 1,average,1979.57,"Department of Export Agriculture, Sri Lanka - Economic Research Unit",https://exagri.info/mkt/2025/01.07.2025.html,2025-07-01,2026-10-07,Sri Lanka,LKR,kg,farm_gate,weekly,b931a7fd681906257bc160804373fe5a5ee112a8cd2bdbfe4cdafc72ecc750b6,observed_source_value,ebf7ef42741b0d1bc031
2025-07-08,National,black_pepper,Grade 1,average,1993.64,"Department of Export Agriculture, Sri Lanka - Economic Research Unit",https://exagri.info/mkt/2025/08.07.2025.html,2025-07-08,2026-10-07,Sri Lanka,LKR,kg,farm_gate,weekly,ecbd959bda5e8c198e1aaef4160271d3ef51f9eeeea1745a3aab545bd25af392,observed_source_value,8d996f6f9c7bccee74b8
2025-07-15,National,black_pepper,Grade 1,average,2010.21,"Department of Export Agriculture, Sri Lanka - Economic Research Unit",https://exagri.info/mkt/2025/15.07.2025.html,2025-07-15,2026-10-07,Sri Lanka,LKR,kg,farm_gate,weekly,bd645cd9b36b5026f20cf25574c787752c0630c5e2f632528e0bf427510c4435,observed_source_value,19195a9c7a94752fc2b0
2025-07-22,National,black_pepper,Grade 1,average,2014.93,"Department of Export Agriculture, Sri Lanka - Economic Research Unit",https://exagri.info/mkt/2025/22.07.2025.html,2025-07-22,2026-10-07,Sri Lanka,LKR,kg,farm_gate,weekly,41b5f52228a0ab4d0984ba243751f350e47c41714426cf1388db9ec7c509d666,observed_source_value,96a8b08053e8ffff3522
2025-07-29,National,black_pepper,Grade 1,average,2027.93,"Department of Export Agriculture, Sri Lanka - Economic Research Unit",https://exagri.info/mkt/2025/29.07.2025.html,2025-07-29,2026-10-07,Sri Lanka,LKR,kg,farm_gate,weekly,26088636980f211434d56e408910389c50683c6b1746b44c13938012456acaa1,observed_source_value,43fc1b74b61922ef9771
2025-08-05,National,black_pepper,Grade 1,average,2029.07,"Department of Export Agriculture, Sri Lanka - Economic Research Unit",https://exagri.info/mkt/2025/05.08.2025.html,2025-08-05,2026-10-07,Sri Lanka,LKR,kg,farm_gate,weekly,642a2e7e1c585e07c611d4763594eb9f2bac77c0d8a7fb6f3d33f9a12c99dc23,observed_source_value,ef56a9a12a0ab55f7639
2025-08-12,National,black_pepper,Grade 1,average,2022.0,"Department of Export Agriculture, Sri Lanka - Economic Research Unit",https://exagri.info/mkt/2025/12.08.2025.html,2025-08-12,2026-10-07,Sri Lanka,LKR,kg,farm_gate,weekly,764a29a46bea709e81ea7776b54ce0a3bfa3be1e7190c0625ab3f8267c40cd1a,observed_source_value,45b935e5f14a4ab8c3b0
2025-08-19,National,black_pepper,Grade 1,average,2015.64,"Department of Export Agriculture, Sri Lanka - Economic Research Unit",https://exagri.info/mkt/2025/19.08.2025.html,2025-08-19,2026-10-07,Sri Lanka,LKR,kg,farm_gate,weekly,8fb61180b92f92d0392e8e180c5828843c0daba4e88a9cbbdf9cbfce4131bd6f,observed_source_value,a3ef940dffd1a953d774
2025-08-26,National,black_pepper,Grade 1,average,2020.21,"Department of Export Agriculture, Sri Lanka - Economic Research Unit",https://exagri.info/mkt/2025/26.08.2025.html,2025-08-26,2026-10-07,Sri Lanka,LKR,kg,farm_gate,weekly,8bbee80e887c3b442d51f199ba473cd8d50caef838835a582b577b30e75a80be,observed_source_value,5f0ccd9aab5e67ac1060
2025-09-02,National,black_pepper,Grade 1,average,2023.21,"Department of Export Agriculture, Sri Lanka - Economic Research Unit",https://exagri.info/mkt/2025/02.09.2025.html,2025-09-02,2026-10-07,Sri Lanka,LKR,kg,farm_gate,weekly,78e974e237b3b887402a3a0582e99e007fa932d54108406f6276d2bc6da6a0ef,observed_source_value,e76c446ba15ff9c3e985
2025-09-09,National,black_pepper,Grade 1,average,2031.93,"Department of Export Agriculture, Sri Lanka - Economic Research Unit",https://exagri.info/mkt/2025/09.09.2025.html,2025-09-09,2026-10-07,Sri Lanka,LKR,kg,farm_gate,weekly,d89f99cb5599d9752e667fd3b8b27a54fbb03ec23fb773bfea61af0c943893c2,observed_source_value,c07d14d574f927ddb08e
2025-09-16,National,black_pepper,Grade 1,average,2017.14,"Department of Export Agriculture, Sri Lanka - Economic Research Unit",https://exagri.info/mkt/2025/16.09.2025.html,2025-09-16,2026-10-07,Sri Lanka,LKR,kg,farm_gate,weekly,3fc014f8b001e04ff0e0aee388fe5f0c4ff5e80acb848dd731e6ccf122ab7f96,observed_source_value,1ce8cf67857973787a09
2025-09-23,National,black_pepper,Grade 1,average,2018.57,"Department of Export Agriculture, Sri Lanka - Economic Research Unit",https://exagri.info/mkt/2025/23.09.2025.html,2025-09-23,2026-10-07,Sri Lanka,LKR,kg,farm_gate,weekly,995003b198967567dfbae71e689e578d07367f7f3255a78eed9333b1a086a98e,observed_source_value,452f539366da3329f55a
2025-09-30,National,black_pepper,Grade 1,average,2016.29,"Department of Export Agriculture, Sri Lanka - Economic Research Unit",https://exagri.info/mkt/2025/30.09.2025.html,2025-09-30,2026-10-07,Sri Lanka,LKR,kg,farm_gate,weekly,55ad15d352b033c92f9eed62653825d51e6c49647c27fd639563e802335a5cbf,observed_source_value,f342dc92f032066114f3
2025-10-07,National,black_pepper,Grade 1,average,2005.21,"Department of Export Agriculture, Sri Lanka - Economic Research Unit",https://exagri.info/mkt/2025/07.10.2025.html,2025-10-07,2026-10-07,Sri Lanka,LKR,kg,farm_gate,weekly,7d21535581c108eab4b99a51b94140763d16413c8a6c32ab918b79732c4b5109,observed_source_value,8e45817beb0201a904ab
2025-10-14,National,black_pepper,Grade 1,average,2000.14,"Department of Export Agriculture, Sri Lanka - Economic Research Unit",https://exagri.info/mkt/2025/14.10.2025.html,2025-10-14,2026-10-07,Sri Lanka,LKR,kg,farm_gate,weekly,37fb1ba3b53d98ecb8cef0e03ebd09e396f8fb5566551a30eec2991787919b5d,observed_source_value,2701c5bde57077347c47
2025-10-21,National,black_pepper,Grade 1,average,1999.36,"Department of Export Agriculture, Sri Lanka - Economic Research Unit",https://exagri.info/mkt/2025/21.10.2025.html,2025-10-21,2026-10-07,Sri Lanka,LKR,kg,farm_gate,weekly,e9f55be6836b7dce30dc39df89370d22c1f4822da0162f11f58ddd20c62e7856,observed_source_value,efee3c80fab01ba8e9f6
2025-10-28,National,black_pepper,Grade 1,average,1982.86,"Department of Export Agriculture, Sri Lanka - Economic Research Unit",https://exagri.info/mkt/2025/28.10.2025.html,2025-10-28,2026-10-07,Sri Lanka,LKR,kg,farm_gate,weekly,fd4db528ca47be468c675097d02d6579c3f151216e4fdf8db301c87cd8506d37,observed_source_value,5ccdf3ad6539cb3a4d90
2025-11-04,National,black_pepper,Grade 1,average,1994.86,"Department of Export Agriculture, Sri Lanka - Economic Research Unit",https://exagri.info/mkt/2025/04.11.2025.html,2025-11-04,2026-10-07,Sri Lanka,LKR,kg,farm_gate,weekly,f9bcb85b02a7216f16aec3f25265f0e25d3901651d9a181e81f0d54fa4e82696,observed_source_value,3aea5862d376aeaadda4
2025-11-11,National,black_pepper,Grade 1,average,1990.07,"Department of Export Agriculture, Sri Lanka - Economic Research Unit",https://exagri.info/mkt/2025/11.11.2025.html,2025-11-11,2026-10-07,Sri Lanka,LKR,kg,farm_gate,weekly,a893546510d38dd083bbc1b7b8d9b7d7a1aefee841b9914564e3e830dc0806af,observed_source_value,78800ad72c6836985dfc
2025-11-18,National,black_pepper,Grade 1,average,1995.43,"Department of Export Agriculture, Sri Lanka - Economic Research Unit",https://exagri.info/mkt/2025/18.11.2025.html,2025-11-18,2026-10-07,Sri Lanka,LKR,kg,farm_gate,weekly,b279129c4e47298054a0a6310fc0e0e823c596eceb9d9375517822da2242b16e,observed_source_value,76e508d971a6acb88e73
2025-11-25,National,black_pepper,Grade 1,average,1990.64,"Department of Export Agriculture, Sri Lanka - Economic Research Unit",https://exagri.info/mkt/2025/25.11.2025.html,2025-11-25,2026-10-07,Sri Lanka,LKR,kg,farm_gate,weekly,6ecdf31f7736a83637bc86ae4a66019b32c2ab3ee3504865df10c37c489a81ec,observed_source_value,3f2a83b23028f277b812
2025-12-02,National,black_pepper,Grade 1,average,1989.75,"Department of Export Agriculture, Sri Lanka - Economic Research Unit",https://exagri.info/mkt/2025/02.12.2025.html,2025-12-02,2026-10-07,Sri Lanka,LKR,kg,farm_gate,weekly,b804e840eb93d1b64221684bac6cced7a2c6528ca2996c0961dd947422e3c43a,observed_source_value,f9ee2472a54c4194afe7
2025-12-09,National,black_pepper,Grade 1,average,1988.57,"Department of Export Agriculture, Sri Lanka - Economic Research Unit",https://exagri.info/mkt/2025/09.12.2025.html,2025-12-09,2026-10-07,Sri Lanka,LKR,kg,farm_gate,weekly,2a499de3b76e887a0f48eab8dea23f90dd476a12c4aaeaefceea22e80a0111b8,observed_source_value,69484a51729b0dd0de4a
2025-12-16,National,black_pepper,Grade 1,average,1994.43,"Department of Export Agriculture, Sri Lanka - Economic Research Unit",https://exagri.info/mkt/2025/16.12.2025.html,2025-12-16,2026-10-07,Sri Lanka,LKR,kg,farm_gate,weekly,65d07d472362f69e3afd0f2dec6946e421ba329d45366aafc6c5fadae48fd7ca,observed_source_value,a4f7c94af904f6f7ff65
2025-12-23,National,black_pepper,Grade 1,average,2007.31,"Department of Export Agriculture, Sri Lanka - Economic Research Unit",https://exagri.info/mkt/2025/23.12.2025.html,2025-12-23,2026-10-07,Sri Lanka,LKR,kg,farm_gate,weekly,6e3e34f0332d595b486fd47f440a99d1500cc86fe6959522f974af64699b0d02,observed_source_value,47b44eecdb9c87e4beab
2025-12-30,National,black_pepper,Grade 1,average,1990.5,"Department of Export Agriculture, Sri Lanka - Economic Research Unit",https://exagri.info/mkt/2025/30.12.2025.html,2025-12-30,2026-10-07,Sri Lanka,LKR,kg,farm_gate,weekly,a752b989dcb0123738e61207a9d12f9c1774d6b1fe2ee1ab4aec65d8c3b36cc3,observed_source_value,6cd07a392c8e8f69affb
2026-01-06,National,black_pepper,Grade 1,average,1989.43,"Department of Export Agriculture, Sri Lanka - Economic Research Unit",https://exagri.info/mkt/2026/06.01.2026.html,2026-01-06,2026-10-07,Sri Lanka,LKR,kg,farm_gate,weekly,cedc56d56d1d58787a57d646405ef68ac4d28113484c2b2d95d1b00f9842e708,observed_source_value,65d0dc1d89297a0e9fb4
2026-01-13,National,black_pepper,Grade 1,average,1978.5,"Department of Export Agriculture, Sri Lanka - Economic Research Unit",https://exagri.info/mkt/2026/13.01.2026.html,2026-01-13,2026-10-07,Sri Lanka,LKR,kg,farm_gate,weekly,195d4845dc6014d21890f30e0fcffad29e967cea4188d45300b36b046c58fe28,observed_source_value,d10b0d860f027bb8d65d
2026-01-20,National,black_pepper,Grade 1,average,1997.93,"Department of Export Agriculture, Sri Lanka - Economic Research Unit",https://exagri.info/mkt/2026/20.01.2026.html,2026-01-20,2026-10-07,Sri Lanka,LKR,kg,farm_gate,weekly,4b2e7012e92eaa8dcb027e88292fbe5a20c41d619063d74d98ed4328bb1f710e,observed_source_value,1664ada9a70695948a18
2026-01-27,National,black_pepper,Grade 1,average,1964.07,"Department of Export Agriculture, Sri Lanka - Economic Research Unit",https://exagri.info/mkt/2026/27.01.2026.html,2026-01-27,2026-10-07,Sri Lanka,LKR,kg,farm_gate,weekly,eb219e7ee788eb8f3d9db23f91cfb993ba480ca7fb59d69945f1723113f9205c,observed_source_value,0d2efd7e542a78345f19
2026-02-03,National,black_pepper,Grade 1,average,1973.0,"Department of Export Agriculture, Sri Lanka - Economic Research Unit",https://exagri.info/mkt/2026/03.02.2026.html,2026-02-03,2026-10-07,Sri Lanka,LKR,kg,farm_gate,weekly,a79c20adf3f9cb8c78220dad82acb99ffd92a206fb062b02dd584e6d8b4a4804,observed_source_value,adf228ba82a669c9aacf
2026-02-10,National,black_pepper,Grade 1,average,1983.86,"Department of Export Agriculture, Sri Lanka - Economic Research Unit",https://exagri.info/mkt/2026/10.02.2026.html,2026-02-10,2026-10-07,Sri Lanka,LKR,kg,farm_gate,weekly,616e5d04269f0a29cbbd3d099c58b283a4f9c57baa5a12c9fdbb7d85bc3e2846,observed_source_value,bcf2cc3a569db219947c
2026-02-17,National,black_pepper,Grade 1,average,1994.93,"Department of Export Agriculture, Sri Lanka - Economic Research Unit",https://exagri.info/mkt/2026/17.02.2026.html,2026-02-17,2026-10-07,Sri Lanka,LKR,kg,farm_gate,weekly,817fc3cab656d69309092db237fa42c6de03b60fef08da454a4f11805d80dffe,observed_source_value,1e31d0b6310b38080b17
2026-02-24,National,black_pepper,Grade 1,average,2008.36,"Department of Export Agriculture, Sri Lanka - Economic Research Unit",https://exagri.info/mkt/2026/24.02.2026.html,2026-02-24,2026-10-07,Sri Lanka,LKR,kg,farm_gate,weekly,8e942e73576d5eac8393b59f13a81be92130c0b1307888cee032c57d8abc744d,observed_source_value,062e5a4d9f4eec5708fe
2026-03-03,National,black_pepper,Grade 1,average,2017.36,"Department of Export Agriculture, Sri Lanka - Economic Research Unit",https://exagri.info/mkt/2026/03.03.2026.html,2026-03-03,2026-10-07,Sri Lanka,LKR,kg,farm_gate,weekly,9e78104c87db05e16c0a8c341dec1995917935d75d5845f6963a19e37592572e,observed_source_value,29bce3cbf8be90007b91
2026-03-10,National,black_pepper,Grade 1,average,2015.07,"Department of Export Agriculture, Sri Lanka - Economic Research Unit",https://exagri.info/mkt/2026/10.03.2026.html,2026-03-10,2026-10-07,Sri Lanka,LKR,kg,farm_gate,weekly,5e05245982bee94bb2c4531951b87f382269e9e8af06f815c864f828a546a79d,observed_source_value,975f8a3ef655076d9edc
2026-03-17,National,black_pepper,Grade 1,average,2033.0,"Department of Export Agriculture, Sri Lanka - Economic Research Unit",https://exagri.info/mkt/2026/17.03.2026.html,2026-03-17,2026-10-07,Sri Lanka,LKR,kg,farm_gate,weekly,b82f690a38dd8c60bb77c0f865b8f45b4a14806cd005623aefec258d2eb7ccbc,observed_source_value,874d56d0f542e3785d6c
2026-03-24,National,black_pepper,Grade 1,average,2015.57,"Department of Export Agriculture, Sri Lanka - Economic Research Unit",https://exagri.info/mkt/2026/24.03.2026.html,2026-03-24,2026-10-07,Sri Lanka,LKR,kg,farm_gate,weekly,b799c517145d7bd99880853082aeba532847d5c5799e47ebd070402c0b6ae7b6,observed_source_value,41bc0a669ddd60ff8234
2026-03-31,National,black_pepper,Grade 1,average,2029.14,"Department of Export Agriculture, Sri Lanka - Economic Research Unit",https://exagri.info/mkt/2026/31.03.2026.html,2026-03-31,2026-10-07,Sri Lanka,LKR,kg,farm_gate,weekly,90448a3977df58db73fd6cd35462af47af1550c75927deb151732f44bfb6befc,observed_source_value,946f9bb83e02ef3fe009
2026-04-07,National,black_pepper,Grade 1,average,2026.86,"Department of Export Agriculture, Sri Lanka - Economic Research Unit",https://exagri.info/mkt/2026/07.04.2026.html,2026-04-07,2026-10-07,Sri Lanka,LKR,kg,farm_gate,weekly,63feb7359d0c17135d660b4b8bf798fb19d3f4894ff473b788120e46015e46e4,observed_source_value,d04647569f5fa698b337
2026-04-21,National,black_pepper,Grade 1,average,2026.64,"Department of Export Agriculture, Sri Lanka - Economic Research Unit",https://exagri.info/mkt/2026/21.04.2026.html,2026-04-21,2026-10-07,Sri Lanka,LKR,kg,farm_gate,weekly,d5bdc774dedfaabc27088b0b9d064ffce1fd14f2a9c08ae8b5a7b8fa68cdaca1,observed_source_value,fefa9c986d7072b3afe5
2026-04-28,National,black_pepper,Grade 1,average,2030.55,"Department of Export Agriculture, Sri Lanka - Economic Research Unit",https://exagri.info/mkt/2026/28.04.2026.html,2026-04-28,2026-10-07,Sri Lanka,LKR,kg,farm_gate,weekly,c9338f2d36e65ce9e49b93aca4b257520e5c5a37e77b40a49e016105d53dfadd,observed_source_value,e6b01b3c8770a313a923
2026-05-05,National,black_pepper,Grade 1,average,2008.88,"Department of Export Agriculture, Sri Lanka - Economic Research Unit",https://exagri.info/mkt/2026/05.05.2026.html,2026-05-05,2026-10-07,Sri Lanka,LKR,kg,farm_gate,weekly,49c58dbf286a81b5c25e4c232dbd151ff3bf95fda2f6ea2e6dc5a97f18bb33dd,observed_source_value,e5b1d4a37553af7b854d
2026-05-12,National,black_pepper,Grade 1,average,2012.45,"Department of Export Agriculture, Sri Lanka - Economic Research Unit",https://exagri.info/mkt/2026/12.05.2026.html,2026-05-12,2026-10-07,Sri Lanka,LKR,kg,farm_gate,weekly,4e6aed0d14b24e7126793412c667c0e54676866d50101fd9b0c01865ec83f622,observed_source_value,f0f34a7ed4c5efdc0154
2026-05-19,National,black_pepper,Grade 1,average,1998.07,"Department of Export Agriculture, Sri Lanka - Economic Research Unit",https://exagri.info/mkt/2026/19.05.2026.html,2026-05-19,2026-10-07,Sri Lanka,LKR,kg,farm_gate,weekly,c8bb19aaae5c6893cceb7d5d4beb436dcfeae5d5ebd2e071d1369c62d5ac6b5a,observed_source_value,8c281fdaf095b2bc96bc
2026-05-26,National,black_pepper,Grade 1,average,1978.43,"Department of Export Agriculture, Sri Lanka - Economic Research Unit",https://exagri.info/mkt/2026/26.05.2026.html,2026-05-26,2026-10-07,Sri Lanka,LKR,kg,farm_gate,weekly,a880bdfd6543b7a03e82f7c9fca838f3ed4db889658755ee49afab95d70aafc0,observed_source_value,8ea71674dfe9d7299d60
2026-06-02,National,black_pepper,Grade 1,average,1929.71,"Department of Export Agriculture, Sri Lanka - Economic Research Unit",https://exagri.info/mkt/2026/02.06.2026.html,2026-06-02,2026-10-07,Sri Lanka,LKR,kg,farm_gate,weekly,7ea511f9ceb11a6851eb27dcba2948190b8deae1678c60727a0cc5fe554e52f1,observed_source_value,9b11eee5f2eb99e75888
2026-06-09,National,black_pepper,Grade 1,average,1909.07,"Department of Export Agriculture, Sri Lanka - Economic Research Unit",https://exagri.info/mkt/2026/09.06.2026.html,2026-06-09,2026-10-07,Sri Lanka,LKR,kg,farm_gate,weekly,15b0d657a6bc8b474a4830ac5d9a973fdf20ed0c1b0003ebde2561aa0d17e43d,observed_source_value,2732d5c58274b6e4d635
2026-06-16,National,black_pepper,Grade 1,average,1843.21,"Department of Export Agriculture, Sri Lanka - Economic Research Unit",https://exagri.info/mkt/2026/16.06.2026.html,2026-06-16,2026-10-07,Sri Lanka,LKR,kg,farm_gate,weekly,32dae81231adcdeb6f628bcdc41a72c561549f5043efe5a541235366eaf41564,observed_source_value,4a2b8db84998212a2b64
2026-06-30,National,black_pepper,Grade 1,average,1809.0,"Department of Export Agriculture, Sri Lanka - Economic Research Unit",https://exagri.info/mkt/2026/30.06.2026.html,2026-06-30,2026-10-07,Sri Lanka,LKR,kg,farm_gate,weekly,7fcecd111c621eec3aa669946ca9e1cfad4df4c35539ccfb4caab8919114fff0,observed_source_value,a7486a4f9f317a496e38
2026-07-07,National,black_pepper,Grade 1,average,1795.71,"Department of Export Agriculture, Sri Lanka - Economic Research Unit",https://exagri.info/mkt/2026/07.07.2026.html,2026-07-07,2026-10-07,Sri Lanka,LKR,kg,farm_gate,weekly,273c3270f020e2fcf02d32641aeb774a41d0bf19263fb04d78e6f3472baa458c,observed_source_value,fd812a17ee07328eaaad
2026-07-14,National,black_pepper,Grade 1,average,1856.11,"Department of Export Agriculture, Sri Lanka - Economic Research Unit",https://exagri.info/mkt/2026/14.07.2026.html,2026-07-14,2026-10-07,Sri Lanka,LKR,kg,farm_gate,weekly,04973049da5c71e87983f2e4ae18156f0ee21006dcf4197dbf7a1bb7660f81e3,observed_source_value,8225f58639796d5d0b4a
2026-07-21,National,black_pepper,Grade 1,average,1837.5,"Department of Export Agriculture, Sri Lanka - Economic Research Unit",https://exagri.info/mkt/2026/21.07.2026.html,2026-07-21,2026-10-07,Sri Lanka,LKR,kg,farm_gate,weekly,9c804fc3660e02f33520ddf6f4d2ec84ce2947c13cc25de6ac726b81a88aa96b,observed_source_value,6b23582b5d0a17b38c2c
2026-07-28,National,black_pepper,Grade 1,average,1833.86,"Department of Export Agriculture, Sri Lanka - Economic Research Unit",https://exagri.info/mkt/2026/28.07.2026.html,2026-07-28,2026-10-07,Sri Lanka,LKR,kg,farm_gate,weekly,37c418f0559bd7247d511574a90cbae2ef1d49c7cf132f85ffb78e5b455cb8e1,observed_source_value,56202fe501b15efaef0a
2026-08-04,National,black_pepper,Grade 1,average,1845.21,"Department of Export Agriculture, Sri Lanka - Economic Research Unit",https://exagri.info/mkt/2026/04.08.2026.html,2026-08-04,2026-10-07,Sri Lanka,LKR,kg,farm_gate,weekly,dbd35258015cb65f709fef733cfcd13f880ff87ea19a8cf6da758c99fc92e310,observed_source_value,20ea7f6152756e2ac50d
2026-08-11,National,black_pepper,Grade 1,average,1856.21,"Department of Export Agriculture, Sri Lanka - Economic Research Unit",https://exagri.info/mkt/2026/11.08.2026.html,2026-08-11,2026-10-07,Sri Lanka,LKR,kg,farm_gate,weekly,5d76cec21e7bb2db9fdd090da940ba4d5b88f0abc9ee289c944261b1af2bd8a0,observed_source_value,1962749992c5f745eeb8
2026-08-18,National,black_pepper,Grade 1,average,1886.14,"Department of Export Agriculture, Sri Lanka - Economic Research Unit",https://exagri.info/mkt/2026/18.08.2026.html,2026-08-18,2026-10-07,Sri Lanka,LKR,kg,farm_gate,weekly,a8a3d5e9144c1e28a93d93d162e63fa77c11c48e37aff76b73c3362c1d3a4832,observed_source_value,31a7bdced1874b9f872e
2026-08-25,National,black_pepper,Grade 1,average,1892.43,"Department of Export Agriculture, Sri Lanka - Economic Research Unit",https://exagri.info/mkt/2026/25.08.2026.html,2026-08-25,2026-10-07,Sri Lanka,LKR,kg,farm_gate,weekly,e7b0d99c930ca4c63a050314090cd8f1273cb034394a2f4308becbc2ee647f07,observed_source_value,4a49783567c3ba84cef8
2026-09-01,National,black_pepper,Grade 1,average,1918.57,"Department of Export Agriculture, Sri Lanka - Economic Research Unit",https://exagri.info/mkt/2026/01.09.2026.html,2026-09-01,2026-10-07,Sri Lanka,LKR,kg,farm_gate,weekly,6e209f41624f90b233558777097cd57b40c9a3f3162b6534d0aab042a747ebb3,observed_source_value,db9b266db581faa1313a
2026-09-08,National,black_pepper,Grade 1,average,1957.5,"Department of Export Agriculture, Sri Lanka - Economic Research Unit",https://exagri.info/mkt/2026/08.09.2026.html,2026-09-08,2026-10-07,Sri Lanka,LKR,kg,farm_gate,weekly,f4e991e36b3fc9fb3e0756545d7faabadcb627aa0765c4e99b0c4d3f4727adf9,observed_source_value,2aae3d10b05d90c01272
2026-09-15,National,black_pepper,Grade 1,average,1987.5,"Department of Export Agriculture, Sri Lanka - Economic Research Unit",https://exagri.info/mkt/2026/15.09.2026.html,2026-09-15,2026-10-07,Sri Lanka,LKR,kg,farm_gate,weekly,05c9d474ad60c307adec381e0895f3651e30b161bf5e5a1dff5aa4b31db9d3f6,observed_source_value,ec23c2c853e692bf5124
2026-09-29,National,black_pepper,Grade 1,average,1999.43,"Department of Export Agriculture, Sri Lanka - Economic Research Unit",https://exagri.info/mkt/2026/29.09.2026.html,2026-09-29,2026-10-07,Sri Lanka,LKR,kg,farm_gate,weekly,cd17b5f79cbe9444b307acbaf06c4b6c3f6e947c3afeca02123cc424b3fb6a09,observed_source_value,dcf77aef055ce6c139df
2016-10-04,National,black_pepper,Grade 2,average,1196.5,"Department of Export Agriculture, Sri Lanka - Economic Research Unit",https://exagri.info/mkt/2016/04.10.2016.html,2016-10-04,2026-10-07,Sri Lanka,LKR,kg,farm_gate,weekly,89222ec8a35c568cb4ef5f109423a433bb6dc13ffd365eb5e807a50c7d7e760f,observed_source_value,1d84e28947144b16c8ad
2016-10-11,National,black_pepper,Grade 2,average,1224.0,"Department of Export Agriculture, Sri Lanka - Economic Research Unit",https://exagri.info/mkt/2016/11.10.2016.html,2016-10-11,2026-10-07,Sri Lanka,LKR,kg,farm_gate,weekly,968cc0dfd95b6c172c67e3f4943c12b7bb1ab592a551e5376b79b4b56ab7504c,observed_source_value,110dfaa13adf7e91ca4a
2016-10-18,National,black_pepper,Grade 2,average,1261.0,"Department of Export Agriculture, Sri Lanka - Economic Research Unit",https://exagri.info/mkt/2016/18.10.2016.html,2016-10-18,2026-10-07,Sri Lanka,LKR,kg,farm_gate,weekly,68971a965c303bb0837afa3b8d1b725d923c4acd7c49095b7791ef27371abd81,observed_source_value,b54f2c3199c171bbfcce
2016-10-25,National,black_pepper,Grade 2,average,1296.0,"Department of Export Agriculture, Sri Lanka - Economic Research Unit",https://exagri.info/mkt/2016/25.10.2016.html,2016-10-25,2026-10-07,Sri Lanka,LKR,kg,farm_gate,weekly,3e45e8ce172dcaa0fcdd3d630e7f7857c95847dccd161b2c1d0c24ba53a347a9,observed_source_value,5dc1c9128b003cc27580
2016-11-01,National,black_pepper,Grade 2,average,1284.0,"Department of Export Agriculture, Sri Lanka - Economic Research Unit",https://exagri.info/mkt/2016/01.11.2016.html,2016-11-01,2026-10-07,Sri Lanka,LKR,kg,farm_gate,weekly,0a566b42a5e25756e090d2e7b2e154cdd630de6951da215dbb07739af114dd41,observed_source_value,16a390f5a0c2bcd9e78c
2016-11-08,National,black_pepper,Grade 2,average,1304.0,"Department of Export Agriculture, Sri Lanka - Economic Research Unit",https://exagri.info/mkt/2016/08.11.2016.html,2016-11-08,2026-10-07,Sri Lanka,LKR,kg,farm_gate,weekly,8a49437fa0821d34d38791fe19b8ad74c1bb4c164a836d7a8ce188dd3dc5bfa5,observed_source_value,f822fd5bdd426d21b815
2016-11-15,National,black_pepper,Grade 2,average,1290.33,"Department of Export Agriculture, Sri Lanka - Economic Research Unit",https://exagri.info/mkt/2016/15.11.2016.html,2016-11-15,2026-10-07,Sri Lanka,LKR,kg,farm_gate,weekly,f98ce675c0a9aaa06a486b2a9003977c24ed98394647552e3e390aa4a73bf82b,observed_source_value,4e50451feaae6cb3610c
2016-11-22,National,black_pepper,Grade 2,average,1277.75,"Department of Export Agriculture, Sri Lanka - Economic Research Unit",https://exagri.info/mkt/2016/22.11.2016.html,2016-11-22,2026-10-07,Sri Lanka,LKR,kg,farm_gate,weekly,5360b589494a9e412ff806fd870c13061accabf6feaf6f4eb06bf3ce408fe931,observed_source_value,25dcca102476133d4866
2016-11-29,National,black_pepper,Grade 2,average,1371.33,"Department of Export Agriculture, Sri Lanka - Economic Research Unit",https://exagri.info/mkt/2016/29.11.2016.html,2016-11-29,2026-10-07,Sri Lanka,LKR,kg,farm_gate,weekly,b0996e770173a4a43b3b3f5b1ca8c40102966b5e78c0ad519eff3df7a3c596ce,observed_source_value,44ec3e5c5a8b55e51a66
2016-12-06,National,black_pepper,Grade 2,average,1239.67,"Department of Export Agriculture, Sri Lanka - Economic Research Unit",https://exagri.info/mkt/2016/06.12.2016.html,2016-12-06,2026-10-07,Sri Lanka,LKR,kg,farm_gate,weekly,e5d7e2bf33f1ae42189a797ed0c22b4f068e578a6dc16fc25f8083ae225e4270,observed_source_value,18f670ee5ac8d8e410f5
2016-12-14,National,black_pepper,Grade 2,average,1199.0,"Department of Export Agriculture, Sri Lanka - Economic Research Unit",https://exagri.info/mkt/2016/14.12.2016.html,2016-12-14,2026-10-07,Sri Lanka,LKR,kg,farm_gate,weekly,bc4b6004d7ce7a051518881e114c62e4203ae2bc2f97390812060ba8c78bed6f,observed_source_value,527a4e487a436ffe63d3
2016-12-20,National,black_pepper,Grade 2,average,1139.0,"Department of Export Agriculture, Sri Lanka - Economic Research Unit",https://exagri.info/mkt/2016/20.12.2016.html,2016-12-20,2026-10-07,Sri Lanka,LKR,kg,farm_gate,weekly,6e443448297f8591c711685c40657165f8df91b19db0ead9484dfd1d1c0bf395,observed_source_value,5ea44ccd0a30d49bc739
2016-12-24,National,black_pepper,Grade 2,average,602.5,"Department of Export Agriculture, Sri Lanka - Economic Research Unit",https://exagri.info/mkt/2018/24.12.2016.html,2016-12-24,2026-10-07,Sri Lanka,LKR,kg,farm_gate,weekly,e3e5783de0d58fcd92073a30c010094b33908f7f9c7f78de55ab5671b758d661,observed_source_value,fc0b320991bbbd8c6f26
2016-12-27,National,black_pepper,Grade 2,average,1029.0,"Department of Export Agriculture, Sri Lanka - Economic Research Unit",https://exagri.info/mkt/2016/27.12.2016.html,2016-12-27,2026-10-07,Sri Lanka,LKR,kg,farm_gate,weekly,a336c1ae5340b3990796924a85ca090e964572395783a32f975f154191feb6c6,observed_source_value,823788528fa40edb3f34
2017-01-03,National,black_pepper,Grade 2,average,1071.5,"Department of Export Agriculture, Sri Lanka - Economic Research Unit",https://exagri.info/mkt/2017/03.01.2017.html,2017-01-03,2026-10-07,Sri Lanka,LKR,kg,farm_gate,weekly,7390de1604686fdadefa5f339b3ab4bedb52fd3812d9542b8e1037dd5837206f,observed_source_value,ab994a69d2624f0855d5
2017-01-10,National,black_pepper,Grade 2,average,1056.5,"Department of Export Agriculture, Sri Lanka - Economic Research Unit",https://exagri.info/mkt/2017/10.01.2017.html,2017-01-10,2026-10-07,Sri Lanka,LKR,kg,farm_gate,weekly,ba4112f76f13b684dbec67a9b4179cb40a600dea6d37466d127f3d191f22e90f,observed_source_value,0303406cf4a63ebbe813
2017-01-17,National,black_pepper,Grade 2,average,1026.0,"Department of Export Agriculture, Sri Lanka - Economic Research Unit",https://exagri.info/mkt/2017/17.01.2017.html,2017-01-17,2026-10-07,Sri Lanka,LKR,kg,farm_gate,weekly,4158dbd17b04d9ac6880399511c9f0d8ead3c489c617a942ad28688b6dc0d6ef,observed_source_value,966260a64b6a9d60ce1a
2017-01-24,National,black_pepper,Grade 2,average,1013.5,"Department of Export Agriculture, Sri Lanka - Economic Research Unit",https://exagri.info/mkt/2017/24.01.2017.html,2017-01-24,2026-10-07,Sri Lanka,LKR,kg,farm_gate,weekly,a3532b5a16dad19062fa05e542d922c4408b474d69f340fadc957669b4ed75e5,observed_source_value,6f05afca81bf3666e44d
2017-01-31,National,black_pepper,Grade 2,average,1052.67,"Department of Export Agriculture, Sri Lanka - Economic Research Unit",https://exagri.info/mkt/2017/31.01.2017.html,2017-01-31,2026-10-07,Sri Lanka,LKR,kg,farm_gate,weekly,acd9ca8b40a1ebf72bd6af49f451bef3dc679492dc8642d19c464197de6bf541,observed_source_value,38bc99bbc47fdc682704
2017-02-07,National,black_pepper,Grade 2,average,1059.5,"Department of Export Agriculture, Sri Lanka - Economic Research Unit",https://exagri.info/mkt/2017/07.02.2017.html,2017-02-07,2026-10-07,Sri Lanka,LKR,kg,farm_gate,weekly,6c443dcab9f78e08e99a843e5e3000f2dc4a5e28c406089db55f093ab0952d3c,observed_source_value,aadd521a68c370bc219a
2017-02-14,National,black_pepper,Grade 2,average,1047.0,"Department of Export Agriculture, Sri Lanka - Economic Research Unit",https://exagri.info/mkt/2017/14.02.2017.html,2017-02-14,2026-10-07,Sri Lanka,LKR,kg,farm_gate,weekly,5f3be1bb24e7f45216b8b42841823b8bac822e3eb33d5531d71883199bcaf118,observed_source_value,1df3c8addf329e7dcd08
2017-02-21,National,black_pepper,Grade 2,average,1086.5,"Department of Export Agriculture, Sri Lanka - Economic Research Unit",https://exagri.info/mkt/2017/21.02.2017.html,2017-02-21,2026-10-07,Sri Lanka,LKR,kg,farm_gate,weekly,b7993a64bc2482eeb68d9e2ea7e50c5949a92785eedcf05d8a74958ef1ba7841,observed_source_value,3310aaca382700cfc893
2017-02-28,National,black_pepper,Grade 2,average,1084.5,"Department of Export Agriculture, Sri Lanka - Economic Research Unit",https://exagri.info/mkt/2017/28.02.2017.html,2017-02-28,2026-10-07,Sri Lanka,LKR,kg,farm_gate,weekly,c8081a4695874ee2dd91ad6cc6a14748d1f2c6710c643d578a929d1223ef384a,observed_source_value,a92b952a54332eb1d260
2017-03-07,National,black_pepper,Grade 2,average,1056.0,"Department of Export Agriculture, Sri Lanka - Economic Research Unit",https://exagri.info/mkt/2017/07.03.2017.html,2017-03-07,2026-10-07,Sri Lanka,LKR,kg,farm_gate,weekly,86019e871d0d9109f5501ae841ab3c7f8b556ef17476fe4d5f6802288aac6b2f,observed_source_value,3f6d80fec7284a544e6a
2017-03-14,National,black_pepper,Grade 2,average,993.5,"Department of Export Agriculture, Sri Lanka - Economic Research Unit",https://exagri.info/mkt/2017/14.03.2017.html,2017-03-14,2026-10-07,Sri Lanka,LKR,kg,farm_gate,weekly,2dfcab85642b2fbe97042ec7ca7b84378d729c035d77a9b91f30554272b9fb7f,observed_source_value,621194afe67e14057220
2017-03-21,National,black_pepper,Grade 2,average,1008.33,"Department of Export Agriculture, Sri Lanka - Economic Research Unit",https://exagri.info/mkt/2017/21.03.2017.html,2017-03-21,2026-10-07,Sri Lanka,LKR,kg,farm_gate,weekly,c88c704185d2b19564db4be5b636a637599995350beec8a4d6446661dd3207f8,observed_source_value,98fe46d17c1c8bab98dc
2017-03-28,National,black_pepper,Grade 2,average,1011.33,"Department of Export Agriculture, Sri Lanka - Economic Research Unit",https://exagri.info/mkt/2017/28.03.2017.html,2017-03-28,2026-10-07,Sri Lanka,LKR,kg,farm_gate,weekly,b91fe8b1f5617167373a375d3eef57a36f885f39b1ee17c4f4763e9130a56a88,observed_source_value,6285b29a0755b148a08a
2017-04-04,National,black_pepper,Grade 2,average,1005.33,"Department of Export Agriculture, Sri Lanka - Economic Research Unit",https://exagri.info/mkt/2017/04.04.2017.html,2017-04-04,2026-10-07,Sri Lanka,LKR,kg,farm_gate,weekly,d965029accc0bea211092fe5c0c7a19d842d07a9ab4b89c0724f021313b4c02f,observed_source_value,244e4e98a5f8b2e75446
2017-04-18,National,black_pepper,Grade 2,average,949.67,"Department of Export Agriculture, Sri Lanka - Economic Research Unit",https://exagri.info/mkt/2017/18.04.2017.html,2017-04-18,2026-10-07,Sri Lanka,LKR,kg,farm_gate,weekly,58b81e4d1abc6bd5fe22830880fa5fc2c85096b18b937609c4dfcd802932ae08,observed_source_value,5f1cad224b8c3e31af11
2017-04-25,National,black_pepper,Grade 2,average,956.67,"Department of Export Agriculture, Sri Lanka - Economic Research Unit",https://exagri.info/mkt/2017/25.04.2017.html,2017-04-25,2026-10-07,Sri Lanka,LKR,kg,farm_gate,weekly,207373e314ddd0a03f8a5ab840ca711dad5447f2483d541467b7d1e3aa068873,observed_source_value,a1e0f328bce7b67176b5
2017-05-02,National,black_pepper,Grade 2,average,989.0,"Department of Export Agriculture, Sri Lanka - Economic Research Unit",https://exagri.info/mkt/2017/02.05.2017.html,2017-05-02,2026-10-07,Sri Lanka,LKR,kg,farm_gate,weekly,248c7c35f075db9c7152e4fc5bec7145664d5da4201a68d51a5d08d904759ed2,observed_source_value,cef157547ba128db58fa
2017-05-08,National,black_pepper,Grade 2,average,904.2,"Department of Export Agriculture, Sri Lanka - Economic Research Unit",https://exagri.info/mkt/2017/08.05.2017.html,2017-05-08,2026-10-07,Sri Lanka,LKR,kg,farm_gate,weekly,10f685a7516356c6aed54aa5898f46020dd788b27495d1991cbd4c9826b4d5f5,observed_source_value,4d012a7e908cdcf4153b
2017-05-16,National,black_pepper,Grade 2,average,926.0,"Department of Export Agriculture, Sri Lanka - Economic Research Unit",https://exagri.info/mkt/2017/16.05.2017.html,2017-05-16,2026-10-07,Sri Lanka,LKR,kg,farm_gate,weekly,2ea5462b9306e7fb352ed85b9136dd3d6de9ef6839cbeb50589b46d9e972ec99,observed_source_value,12919c27bc940c5f84e9
2017-05-23,National,black_pepper,Grade 2,average,868.25,"Department of Export Agriculture, Sri Lanka - Economic Research Unit",https://exagri.info/mkt/2017/23.05.2017.html,2017-05-23,2026-10-07,Sri Lanka,LKR,kg,farm_gate,weekly,5d7daf63f65c0780f272273607665a81330099999616320dbc55beb624f59e9d,observed_source_value,fe74f3c28ecba8954dde
2017-05-30,National,black_pepper,Grade 2,average,944.33,"Department of Export Agriculture, Sri Lanka - Economic Research Unit",https://exagri.info/mkt/2017/30.05.2017.html,2017-05-30,2026-10-07,Sri Lanka,LKR,kg,farm_gate,weekly,2895b1408db8be5c0e5729802ffb645b56f8f91e09dd8e2bf12ea58e8c0263fc,observed_source_value,1004255803f41929a760
2017-06-06,National,black_pepper,Grade 2,average,924.25,"Department of Export Agriculture, Sri Lanka - Economic Research Unit",https://exagri.info/mkt/2017/06.06.2017.html,2017-06-06,2026-10-07,Sri Lanka,LKR,kg,farm_gate,weekly,7792e338f51954600593f0cbec8721a6975237e8323444ec645337dc9e54f561,observed_source_value,03ae1e96c6298025f98c
2017-06-13,National,black_pepper,Grade 2,average,928.5,"Department of Export Agriculture, Sri Lanka - Economic Research Unit",https://exagri.info/mkt/2017/13.06.2017.html,2017-06-13,2026-10-07,Sri Lanka,LKR,kg,farm_gate,weekly,cf488c38f7a278674a4967978f43d13ca7036ca599eb89ff1677831a3e3eb3d0,observed_source_value,8a2eee47544c3c7dbcd8
2017-06-20,National,black_pepper,Grade 2,average,879.0,"Department of Export Agriculture, Sri Lanka - Economic Research Unit",https://exagri.info/mkt/2017/20.06.2017.html,2017-06-20,2026-10-07,Sri Lanka,LKR,kg,farm_gate,weekly,9526c23881da06f4c259bfa787e70cbbf6a01c8c1f95fff6d3b889c443ce2205,observed_source_value,408ad0b34387ada11256
2017-06-27,National,black_pepper,Grade 2,average,819.33,"Department of Export Agriculture, Sri Lanka - Economic Research Unit",https://exagri.info/mkt/2017/27.06.2017.html,2017-06-27,2026-10-07,Sri Lanka,LKR,kg,farm_gate,weekly,2bab501b3274df96e9cee4f6a46e659a849c49d02a406673537ced3b4d736f87,observed_source_value,c1a15105f8a52f844351
2017-07-04,National,black_pepper,Grade 2,average,662.0,"Department of Export Agriculture, Sri Lanka - Economic Research Unit",https://exagri.info/mkt/2017/04.07.2017.html,2017-07-04,2026-10-07,Sri Lanka,LKR,kg,farm_gate,weekly,cbd436e4b4ba5dff9abb8886974127347377cfeea03bd358eb406f11cab1e93b,observed_source_value,a80009dc908d484c392c
2017-07-11,National,black_pepper,Grade 2,average,622.33,"Department of Export Agriculture, Sri Lanka - Economic Research Unit",https://exagri.info/mkt/2017/11.07.2017.html,2017-07-11,2026-10-07,Sri Lanka,LKR,kg,farm_gate,weekly,7d5c81affd4d62aed3c79d9169d54fc147ae060a1fbe187b1f3581de9f1716fc,observed_source_value,0c40df197e1f6998fc02
2017-07-18,National,black_pepper,Grade 2,average,635.0,"Department of Export Agriculture, Sri Lanka - Economic Research Unit",https://exagri.info/mkt/2017/18.07.2017.html,2017-07-18,2026-10-07,Sri Lanka,LKR,kg,farm_gate,weekly,d04fd4eac9c19b8b41c0ea0f507868a48ea9050232d709384df81625397dd9af,observed_source_value,d3ce5b1d3db4842f14c6
2017-07-25,National,black_pepper,Grade 2,average,669.33,"Department of Export Agriculture, Sri Lanka - Economic Research Unit",https://exagri.info/mkt/2017/25.07.2017.html,2017-07-25,2026-10-07,Sri Lanka,LKR,kg,farm_gate,weekly,9a1b535638529ed4c17a735570b6f8b489f78f3e7530e752d20cc2d3733c6d0d,observed_source_value,cf8920062b7039801ad3
2017-08-01,National,black_pepper,Grade 2,average,674.0,"Department of Export Agriculture, Sri Lanka - Economic Research Unit",https://exagri.info/mkt/2017/01.08.2017.html,2017-08-01,2026-10-07,Sri Lanka,LKR,kg,farm_gate,weekly,1b36514c285986865fc5529a6d94ba79a1e12619bdc291458aa2b6d91ce56cba,observed_source_value,e3303ef2eed45c047a86
2017-08-08,National,black_pepper,Grade 2,average,667.0,"Department of Export Agriculture, Sri Lanka - Economic Research Unit",https://exagri.info/mkt/2017/08.08.2017.html,2017-08-08,2026-10-07,Sri Lanka,LKR,kg,farm_gate,weekly,7fe105211c329049e92e4565a077e034b724b97ed77dc2734005b3c84a9eb295,observed_source_value,44a6316e5ee9a65bbef6
2017-08-15,National,black_pepper,Grade 2,average,612.25,"Department of Export Agriculture, Sri Lanka - Economic Research Unit",https://exagri.info/mkt/2017/15.08.2017.html,2017-08-15,2026-10-07,Sri Lanka,LKR,kg,farm_gate,weekly,d234760789d26dc9e6ec638071be2c7031719157cda78b9d5b6071d031fbf8fc,observed_source_value,44f7b5675466582660a7
2017-08-22,National,black_pepper,Grade 2,average,634.5,"Department of Export Agriculture, Sri Lanka - Economic Research Unit",https://exagri.info/mkt/2017/22.08.2017.html,2017-08-22,2026-10-07,Sri Lanka,LKR,kg,farm_gate,weekly,044f4b1f17b441388649fa03e76a8ebc955e4b26d1287794168869f36d2eae53,observed_source_value,014ee3e3523e177a3eea
2017-08-29,National,black_pepper,Grade 2,average,631.75,"Department of Export Agriculture, Sri Lanka - Economic Research Unit",https://exagri.info/mkt/2017/29.08.2017.html,2017-08-29,2026-10-07,Sri Lanka,LKR,kg,farm_gate,weekly,8da0dde990876bcebc6b307864fa9595c2bbaf599206e39b0301824ee4bd43e2,observed_source_value,093e6bad7c1b3a1040ae
2017-09-04,National,black_pepper,Grade 2,average,620.0,"Department of Export Agriculture, Sri Lanka - Economic Research Unit",https://exagri.info/mkt/2017/04.09.2017.html,2017-09-04,2026-10-07,Sri Lanka,LKR,kg,farm_gate,weekly,452c8af9e6b5815c2b18e5689ada73c05d34d90fef18d9b37cc2dad8f8b7fb4d,observed_source_value,c3a462ce8c341cb409be
2017-09-12,National,black_pepper,Grade 2,average,672.25,"Department of Export Agriculture, Sri Lanka - Economic Research Unit",https://exagri.info/mkt/2017/12.09.2017.html,2017-09-12,2026-10-07,Sri Lanka,LKR,kg,farm_gate,weekly,8b38e9bc59475d533b0958ca1e0f3960033bd45de902997eabeb65baabc1857a,observed_source_value,73df7e8c69d4b12de5f6
2017-09-19,National,black_pepper,Grade 2,average,671.0,"Department of Export Agriculture, Sri Lanka - Economic Research Unit",https://exagri.info/mkt/2017/19.09.2017.html,2017-09-19,2026-10-07,Sri Lanka,LKR,kg,farm_gate,weekly,bf893f0c0e03f434d39d27d8e03b369bdf8062d832e8cabd1fb72d1cc725b9d1,observed_source_value,d8667249f274d2aeeb9d
2017-09-26,National,black_pepper,Grade 2,average,659.75,"Department of Export Agriculture, Sri Lanka - Economic Research Unit",https://exagri.info/mkt/2017/26.09.2017.html,2017-09-26,2026-10-07,Sri Lanka,LKR,kg,farm_gate,weekly,f6125e5c99066f560020c7daa1358c248a819bf70385399ed9b335da5f2132ab,observed_source_value,9dc4599130e8d33b043c
2017-10-03,National,black_pepper,Grade 2,average,630.67,"Department of Export Agriculture, Sri Lanka - Economic Research Unit",https://exagri.info/mkt/2017/03.10.2017.html,2017-10-03,2026-10-07,Sri Lanka,LKR,kg,farm_gate,weekly,39491cbc47ea2126a8f1abe48c7d6a17cac73e743f89b9e9e787c1b1b2496a43,observed_source_value,93e32a5feb88b29109cc
2017-10-10,National,black_pepper,Grade 2,average,599.0,"Department of Export Agriculture, Sri Lanka - Economic Research Unit",https://exagri.info/mkt/2017/10.10.2017.html,2017-10-10,2026-10-07,Sri Lanka,LKR,kg,farm_gate,weekly,0fbee0e9f185eb9724a8d1a76b76ff96c2d43b154c47229ea3e8d91ba7018810,observed_source_value,27ec7c46dd3e0c00828b
2017-10-16,National,black_pepper,Grade 2,average,597.5,"Department of Export Agriculture, Sri Lanka - Economic Research Unit",https://exagri.info/mkt/2017/16.10.2017.html,2017-10-16,2026-10-07,Sri Lanka,LKR,kg,farm_gate,weekly,7d7c0936fcadbfc4ce7282536d9f56fbdf9536a3ab53226b94799dcf030b893c,observed_source_value,478a0d55a2727872bc99
2017-10-24,National,black_pepper,Grade 2,average,616.5,"Department of Export Agriculture, Sri Lanka - Economic Research Unit",https://exagri.info/mkt/2017/24.10.2017.html,2017-10-24,2026-10-07,Sri Lanka,LKR,kg,farm_gate,weekly,b153dc0ec8a5007a42f11e3b54c625339e4e41d6e36278baaa92f1bf5ead9c97,observed_source_value,861a4704a671160b541d
2017-10-31,National,black_pepper,Grade 2,average,629.8,"Department of Export Agriculture, Sri Lanka - Economic Research Unit",https://exagri.info/mkt/2017/31.10.2017.html,2017-10-31,2026-10-07,Sri Lanka,LKR,kg,farm_gate,weekly,d9012a8fc32227a10648f6b36a8fe25ea73a8f3e80af725eee8e3552a6bb7f7b,observed_source_value,5bef9b22c6e753c85ed4
2017-11-07,National,black_pepper,Grade 2,average,633.25,"Department of Export Agriculture, Sri Lanka - Economic Research Unit",https://exagri.info/mkt/2017/07.11.2017.html,2017-11-07,2026-10-07,Sri Lanka,LKR,kg,farm_gate,weekly,e91e1565902a7ddd52ddfb410e76c97944d075758cd67eb5b230fcf87ff90dfe,observed_source_value,7b0c57d3da71eacf935a
2017-11-14,National,black_pepper,Grade 2,average,616.25,"Department of Export Agriculture, Sri Lanka - Economic Research Unit",https://exagri.info/mkt/2017/14.11.2017.html,2017-11-14,2026-10-07,Sri Lanka,LKR,kg,farm_gate,weekly,3a86719fa4d66b3822b6e03a32e6d6fcfbb8c486818456ed84558a2886caab48,observed_source_value,deaad48eaeaab6f95156
2017-11-21,National,black_pepper,Grade 2,average,622.0,"Department of Export Agriculture, Sri Lanka - Economic Research Unit",https://exagri.info/mkt/2017/21.11.2017.html,2017-11-21,2026-10-07,Sri Lanka,LKR,kg,farm_gate,weekly,acdf6156f03fa35443c0df8668229fe223a6f54977e888561ac76f368aef7187,observed_source_value,0e837defc7fe2a9cc9a5
2017-11-28,National,black_pepper,Grade 2,average,551.0,"Department of Export Agriculture, Sri Lanka - Economic Research Unit",https://exagri.info/mkt/2017/28.11.2017.html,2017-11-28,2026-10-07,Sri Lanka,LKR,kg,farm_gate,weekly,85618f3ad6c78b01ded7a375ef70d273707182bd323094c3e6037e095239ad64,observed_source_value,281aecb7e3b64acb32bf
2017-12-05,National,black_pepper,Grade 2,average,535.0,"Department of Export Agriculture, Sri Lanka - Economic Research Unit",https://exagri.info/mkt/2017/05.12.2017.html,2017-12-05,2026-10-07,Sri Lanka,LKR,kg,farm_gate,weekly,9b4cec2b0546bc0bac4f62e8d43ce9bd5be4ccd219b8ba99b7c1aca1b7ee81ef,observed_source_value,19a80ce77941ea1f82f5
2017-12-12,National,black_pepper,Grade 2,average,538.5,"Department of Export Agriculture, Sri Lanka - Economic Research Unit",https://exagri.info/mkt/2017/12.12.2017.html,2017-12-12,2026-10-07,Sri Lanka,LKR,kg,farm_gate,weekly,2a4559a7914aead9ff2bf837e5fd4b343200541c418b88068d592739ba9f28da,observed_source_value,bbc32434b5e7e3e2d148
2017-12-19,National,black_pepper,Grade 2,average,539.67,"Department of Export Agriculture, Sri Lanka - Economic Research Unit",https://exagri.info/mkt/2017/19.12.2017.html,2017-12-19,2026-10-07,Sri Lanka,LKR,kg,farm_gate,weekly,5bcbc0c67c2be0b2cecefb862307e105b88eeaef5b52a45b852ff38b98b3e347,observed_source_value,4ced6185a421355cff02
2017-12-26,National,black_pepper,Grade 2,average,551.0,"Department of Export Agriculture, Sri Lanka - Economic Research Unit",https://exagri.info/mkt/2017/26.12.2017.html,2017-12-26,2026-10-07,Sri Lanka,LKR,kg,farm_gate,weekly,57c3925370493d04af64e031b1ffbe14f6448f067e1250151257381689fd84ff,observed_source_value,b390815a85a48503f8d9
2018-01-03,National,black_pepper,Grade 2,average,582.8,"Department of Export Agriculture, Sri Lanka - Economic Research Unit",https://exagri.info/mkt/2018/03.01.2018.html,2018-01-03,2026-10-07,Sri Lanka,LKR,kg,farm_gate,weekly,e8a0f00458acc36da034fefd03b4bec2dbf1902aeacb48f567f72a55a3a4b071,observed_source_value,1691002780797d353c72
2018-01-09,National,black_pepper,Grade 2,average,572.8,"Department of Export Agriculture, Sri Lanka - Economic Research Unit",https://exagri.info/mkt/2018/09.01.2018.html,2018-01-09,2026-10-07,Sri Lanka,LKR,kg,farm_gate,weekly,4a4af60b20156b3a87fa5bac0d208a0ebea9c0781ddcf2c66bb6909da01c344c,observed_source_value,eeb4876d734f82a93804
2018-01-16,National,black_pepper,Grade 2,average,571.63,"Department of Export Agriculture, Sri Lanka - Economic Research Unit",https://exagri.info/mkt/2018/16.01.2018.html,2018-01-16,2026-10-07,Sri Lanka,LKR,kg,farm_gate,weekly,131de9bb87f3ffc12c3a4cb88a2b1d2b88542bac29ed2d5602fbd437ef71c755,observed_source_value,b0923e6f346ae090dea2
2018-01-23,National,black_pepper,Grade 2,average,585.0,"Department of Export Agriculture, Sri Lanka - Economic Research Unit",https://exagri.info/mkt/2018/23.01.2018.html,2018-01-23,2026-10-07,Sri Lanka,LKR,kg,farm_gate,weekly,688132cc78dd87ac4fce4ace0c65f3681c630d57f6af0c9e09ba4f0c13782691,observed_source_value,44a12cf0a18841582c4c
2018-01-29,National,black_pepper,Grade 2,average,585.86,"Department of Export Agriculture, Sri Lanka - Economic Research Unit",https://exagri.info/mkt/2018/29.01.2018.html,2018-01-29,2026-10-07,Sri Lanka,LKR,kg,farm_gate,weekly,adab24f34da94233d195de0a300b4357688dcbfb42a234dd18817100af101410,observed_source_value,327875b629c26a257d87
2018-02-06,National,black_pepper,Grade 2,average,589.0,"Department of Export Agriculture, Sri Lanka - Economic Research Unit",https://exagri.info/mkt/2018/06.02.2018.html,2018-02-06,2026-10-07,Sri Lanka,LKR,kg,farm_gate,weekly,b8504dba473645461d0075e508dc03d9313da50833f982353182976a19eedaec,observed_source_value,42ac9d270cdcfa72e299
2018-02-12,National,black_pepper,Grade 2,average,592.14,"Department of Export Agriculture, Sri Lanka - Economic Research Unit",https://exagri.info/mkt/2018/12.02.2018.html,2018-02-12,2026-10-07,Sri Lanka,LKR,kg,farm_gate,weekly,65120c889286d26d1721163b19a1a2b6e92782790891f2a78528ff5cc9cb86be,observed_source_value,47aec43283628e55741a
2018-02-20,National,black_pepper,Grade 2,average,598.71,"Department of Export Agriculture, Sri Lanka - Economic Research Unit",https://exagri.info/mkt/2018/20.02.2018.html,2018-02-20,2026-10-07,Sri Lanka,LKR,kg,farm_gate,weekly,b3a944a7eabdbd6ff957e18b6b0a9b5c0f7e8e31646a25cf71d6815e6748951f,observed_source_value,842942975b530b3039a1
2018-02-27,National,black_pepper,Grade 2,average,605.29,"Department of Export Agriculture, Sri Lanka - Economic Research Unit",https://exagri.info/mkt/2018/27.02.2018.html,2018-02-27,2026-10-07,Sri Lanka,LKR,kg,farm_gate,weekly,1401206cbf051d6b5b5f208563502eb87f9e7ddef44dd9f40cf07603d49a477b,observed_source_value,715fffa9ae54ec98ac1b
2018-03-06,National,black_pepper,Grade 2,average,615.0,"Department of Export Agriculture, Sri Lanka - Economic Research Unit",https://exagri.info/mkt/2018/06.03.2018.html,2018-03-06,2026-10-07,Sri Lanka,LKR,kg,farm_gate,weekly,3c3ca385f3e4fbab91094f69c79e78acd652f34c4c7c13df00666c6073cbd91e,observed_source_value,57413dfc4c16033d5a92
2018-03-13,National,black_pepper,Grade 2,average,605.71,"Department of Export Agriculture, Sri Lanka - Economic Research Unit",https://exagri.info/mkt/2018/13.03.2018.html,2018-03-13,2026-10-07,Sri Lanka,LKR,kg,farm_gate,weekly,8d5e8a2032274746e1f39e72687eb0a909a28862c213ad21032640cef2fc82e5,observed_source_value,b757155f5b2247c17993
2018-03-20,National,black_pepper,Grade 2,average,598.29,"Department of Export Agriculture, Sri Lanka - Economic Research Unit",https://exagri.info/mkt/2018/20.03.2018.html,2018-03-20,2026-10-07,Sri Lanka,LKR,kg,farm_gate,weekly,9e55656ac2bd1eca42007add9df0592abc3b7d7ede56b78d49761e5d72bdaf7f,observed_source_value,78e41c40ea72eb246c26
2018-03-27,National,black_pepper,Grade 2,average,588.83,"Department of Export Agriculture, Sri Lanka - Economic Research Unit",https://exagri.info/mkt/2018/27.03.2018.html,2018-03-27,2026-10-07,Sri Lanka,LKR,kg,farm_gate,weekly,9fc5d753c2f692e771d99bef75b68226f5250841ce7690ca76dbd2fdc805b8b2,observed_source_value,10b2ff8e077147a45d8e
2018-04-03,National,black_pepper,Grade 2,average,582.0,"Department of Export Agriculture, Sri Lanka - Economic Research Unit",https://exagri.info/mkt/2018/03.04.2018.html,2018-04-03,2026-10-07,Sri Lanka,LKR,kg,farm_gate,weekly,80d9e4cef771ec6c64f8c1e694191d0caef44296a79ac402dc97f18bcfa72558,observed_source_value,51238585a6cd7f646b1c
2018-04-09,National,black_pepper,Grade 2,average,592.4,"Department of Export Agriculture, Sri Lanka - Economic Research Unit",https://exagri.info/mkt/2018/09.04.2018.html,2018-04-09,2026-10-07,Sri Lanka,LKR,kg,farm_gate,weekly,a4fca52f226325ab324b0a032407afdd52e75e8cacb03e6ccb8e617c5cc1652b,observed_source_value,709da5870565caaa942b
2018-04-17,National,black_pepper,Grade 2,average,593.8,"Department of Export Agriculture, Sri Lanka - Economic Research Unit",https://exagri.info/mkt/2018/17.04.2018.html,2018-04-17,2026-10-07,Sri Lanka,LKR,kg,farm_gate,weekly,24b7635d15943ce1dd2ee6aa87a00f94c922d7d041f21fd4d465549dc3732041,observed_source_value,6a6f10a720231fe07265
2018-04-24,National,black_pepper,Grade 2,average,586.0,"Department of Export Agriculture, Sri Lanka - Economic Research Unit",https://exagri.info/mkt/2018/24.04.2018.html,2018-04-24,2026-10-07,Sri Lanka,LKR,kg,farm_gate,weekly,81f5dc00356abf82a53cfc74d0609933de2735096f3ac73f9c823b68a592aa52,observed_source_value,9797ca932c0e826bae1c
2018-05-01,National,black_pepper,Grade 2,average,602.6,"Department of Export Agriculture, Sri Lanka - Economic Research Unit",https://exagri.info/mkt/2018/01.05.2018.html,2018-05-01,2026-10-07,Sri Lanka,LKR,kg,farm_gate,weekly,265d09eb9e0ff3abe1d3924f1079b575591d2a8e690995d2eb551ef6dde2d48d,observed_source_value,b617e07b2e7ae1605b6d
2018-05-08,National,black_pepper,Grade 2,average,602.0,"Department of Export Agriculture, Sri Lanka - Economic Research Unit",https://exagri.info/mkt/2018/08.05.2018.html,2018-05-08,2026-10-07,Sri Lanka,LKR,kg,farm_gate,weekly,09d27c2fecc0a886cac1858fc22c240d12a6fe48fb22e0fe83acaad94eb85422,observed_source_value,83c4e96a89c6e362aafd
2018-05-15,National,black_pepper,Grade 2,average,601.0,"Department of Export Agriculture, Sri Lanka - Economic Research Unit",https://exagri.info/mkt/2018/15.05.2018.html,2018-05-15,2026-10-07,Sri Lanka,LKR,kg,farm_gate,weekly,7382507b2d94f9e8611e23ab525be8656384039f33cc1f87f249fd71e8c55512,observed_source_value,f91130a5b504e22086d0
2018-05-22,National,black_pepper,Grade 2,average,576.33,"Department of Export Agriculture, Sri Lanka - Economic Research Unit",https://exagri.info/mkt/2018/22.05.2018.html,2018-05-22,2026-10-07,Sri Lanka,LKR,kg,farm_gate,weekly,5a38ca2a40b811d0255758068a9b2170286f15b8f28539a1f05a681f2e0001c6,observed_source_value,d796b2d232a0708b2ae5
2018-05-28,National,black_pepper,Grade 2,average,577.75,"Department of Export Agriculture, Sri Lanka - Economic Research Unit",https://exagri.info/mkt/2018/28.05.2018.html,2018-05-28,2026-10-07,Sri Lanka,LKR,kg,farm_gate,weekly,d47009494aa1b58200e734e5d1f30ff2823797c44a3e6316b54bbcbe9f38567c,observed_source_value,ca7c2266ff2d1ab99ae5
2018-06-05,National,black_pepper,Grade 2,average,567.75,"Department of Export Agriculture, Sri Lanka - Economic Research Unit",https://exagri.info/mkt/2018/05.06.2018.html,2018-06-05,2026-10-07,Sri Lanka,LKR,kg,farm_gate,weekly,3f1f75b824120fb50c794986f8914d65bbd039f9c85f67906f656a656844df5e,observed_source_value,f4b3ce3a3fc75f82f0d3
2018-06-12,National,black_pepper,Grade 2,average,593.33,"Department of Export Agriculture, Sri Lanka - Economic Research Unit",https://exagri.info/mkt/2018/12.06.2018.html,2018-06-12,2026-10-07,Sri Lanka,LKR,kg,farm_gate,weekly,9c4e7ed80b592e3149de7854588102c18dc7b2b7d92c7a84d544b3fd6965b0de,observed_source_value,ba79fbc0b354a2db1844
2018-06-19,National,black_pepper,Grade 2,average,561.67,"Department of Export Agriculture, Sri Lanka - Economic Research Unit",https://exagri.info/mkt/2018/19.06.2018.html,2018-06-19,2026-10-07,Sri Lanka,LKR,kg,farm_gate,weekly,e1b57887cec83a83dbe874d9ec09e45ab0774b6cc60802231e6691b900069514,observed_source_value,aeebcc21a0156eb753a8
2018-06-25,National,black_pepper,Grade 2,average,585.5,"Department of Export Agriculture, Sri Lanka - Economic Research Unit",https://exagri.info/mkt/2018/25.06.2018.html,2018-06-25,2026-10-07,Sri Lanka,LKR,kg,farm_gate,weekly,941119ce18842189fb0d3981c133f93876efbf0afb0245dbecb1d9c7b13e4598,observed_source_value,1f5800f2965f5cd85d0f
2018-07-03,National,black_pepper,Grade 2,average,563.33,"Department of Export Agriculture, Sri Lanka - Economic Research Unit",https://exagri.info/mkt/2018/03.07.2018.html,2018-07-03,2026-10-07,Sri Lanka,LKR,kg,farm_gate,weekly,7eb2647426bbc47c68c8493ee63e589167a1e2c01a04c88e970dc3da256c404a,observed_source_value,afec894b4b0a58b56936
2018-07-10,National,black_pepper,Grade 2,average,527.0,"Department of Export Agriculture, Sri Lanka - Economic Research Unit",https://exagri.info/mkt/2018/10.07.2018.html,2018-07-10,2026-10-07,Sri Lanka,LKR,kg,farm_gate,weekly,53c9c72559b69aa67752826df6705968c4e751c1735b5f946d8dc819f1a80396,observed_source_value,f913dca4432ba52e7118
2018-07-17,National,black_pepper,Grade 2,average,482.33,"Department of Export Agriculture, Sri Lanka - Economic Research Unit",https://exagri.info/mkt/2018/17.07.2018.html,2018-07-17,2026-10-07,Sri Lanka,LKR,kg,farm_gate,weekly,6a493d37370a838fe523da4993acade0a10a0c1c4dd6c04d0ad556f740414ca3,observed_source_value,fe257f4b8f5d9a495722
2018-07-24,National,black_pepper,Grade 2,average,481.0,"Department of Export Agriculture, Sri Lanka - Economic Research Unit",https://exagri.info/mkt/2018/24.07.2018.html,2018-07-24,2026-10-07,Sri Lanka,LKR,kg,farm_gate,weekly,4a57b2c53fdd0bb6d451efa0f1a842f68a35cd0d6eec14aa4589dcfffbc159a2,observed_source_value,9b920f9d6bade536b409
2018-07-31,National,black_pepper,Grade 2,average,498.5,"Department of Export Agriculture, Sri Lanka - Economic Research Unit",https://exagri.info/mkt/2018/31.07.2018.html,2018-07-31,2026-10-07,Sri Lanka,LKR,kg,farm_gate,weekly,f7e5d67707d79a2bbabb1a83cf49fecff8854e1a47c0ac3b591c80b627ecc046,observed_source_value,e74088e3672d1b05385e
2018-08-07,National,black_pepper,Grade 2,average,457.67,"Department of Export Agriculture, Sri Lanka - Economic Research Unit",https://exagri.info/mkt/2018/07.08.2018.html,2018-08-07,2026-10-07,Sri Lanka,LKR,kg,farm_gate,weekly,4283106f7d2f634987f5f2f7c4731c902ff0c5fef453171e96a4769bc0ed63c2,observed_source_value,a098380c25b212a0d301
2018-08-14,National,black_pepper,Grade 2,average,509.33,"Department of Export Agriculture, Sri Lanka - Economic Research Unit",https://exagri.info/mkt/2018/14.08.2018.html,2018-08-14,2026-10-07,Sri Lanka,LKR,kg,farm_gate,weekly,02ebc0a4ed1eb7d94e47c0a0592c2bddd8b7474608ef8183a0f5c67c25b95e7d,observed_source_value,741cbcb29be366392a14
2018-08-20,National,black_pepper,Grade 2,average,507.0,"Department of Export Agriculture, Sri Lanka - Economic Research Unit",https://exagri.info/mkt/2018/20.08.2018.html,2018-08-20,2026-10-07,Sri Lanka,LKR,kg,farm_gate,weekly,9622c9aa1066f3f2a922c7bde31ac0c7ae17970f984212080b42bfa49764f961,observed_source_value,7175066cfeb626c000e4
2018-08-28,National,black_pepper,Grade 2,average,544.0,"Department of Export Agriculture, Sri Lanka - Economic Research Unit",https://exagri.info/mkt/2018/28.08.2018.html,2018-08-28,2026-10-07,Sri Lanka,LKR,kg,farm_gate,weekly,2005d5da77f15b797f251582d32e18d7609ab3738b4804199b074f0b5ba39128,observed_source_value,47c605fa2b1254d95166
2018-09-04,National,black_pepper,Grade 2,average,546.25,"Department of Export Agriculture, Sri Lanka - Economic Research Unit",https://exagri.info/mkt/2018/04.09.2018.html,2018-09-04,2026-10-07,Sri Lanka,LKR,kg,farm_gate,weekly,ac2724e685c6bdcb2aaddd5e748607a4a1c2cfa5cddf50432585cc3f83377784,observed_source_value,9a0f2c9829f8a6177a13
2018-09-11,National,black_pepper,Grade 2,average,548.0,"Department of Export Agriculture, Sri Lanka - Economic Research Unit",https://exagri.info/mkt/2018/11.09.2018.html,2018-09-11,2026-10-07,Sri Lanka,LKR,kg,farm_gate,weekly,3926cd540d8c38cfdf7bdf839ce919cea5eefd25d562b316efc9f1d3957a943f,observed_source_value,d812aa61f643f753bfea
2018-09-18,National,black_pepper,Grade 2,average,548.75,"Department of Export Agriculture, Sri Lanka - Economic Research Unit",https://exagri.info/mkt/2018/18.09.2018.html,2018-09-18,2026-10-07,Sri Lanka,LKR,kg,farm_gate,weekly,f7fe3f54438dbbefb50d821ffe5cb9f1b061897acea3aa19dbe57d076f541539,observed_source_value,980a15ee457678b2556b
2018-09-25,National,black_pepper,Grade 2,average,552.8,"Department of Export Agriculture, Sri Lanka - Economic Research Unit",https://exagri.info/mkt/2018/25.09.2018.html,2018-09-25,2026-10-07,Sri Lanka,LKR,kg,farm_gate,weekly,9043d2e979c5d713254787e90243376a3e2f72e6f055a94599ae41e3f1384e08,observed_source_value,cc3902f8834a2e31d635
2018-10-02,National,black_pepper,Grade 2,average,568.67,"Department of Export Agriculture, Sri Lanka - Economic Research Unit",https://exagri.info/mkt/2018/02.10.2018.html,2018-10-02,2026-10-07,Sri Lanka,LKR,kg,farm_gate,weekly,8b59fa9abace29e45e483141d6b69825e0d703bb2d0d04ace0a174f439d63c25,observed_source_value,f940b1ce148797155558
2018-10-09,National,black_pepper,Grade 2,average,580.0,"Department of Export Agriculture, Sri Lanka - Economic Research Unit",https://exagri.info/mkt/2018/09.10.2018.html,2018-10-09,2026-10-07,Sri Lanka,LKR,kg,farm_gate,weekly,ddef4d731b012b4084df501e9656d0e3d2de1fb03071aac5036a5d744378c719,observed_source_value,3502e82fb2dcbc2d39f5
2018-10-16,National,black_pepper,Grade 2,average,553.75,"Department of Export Agriculture, Sri Lanka - Economic Research Unit",https://exagri.info/mkt/2018/16.10.2018.html,2018-10-16,2026-10-07,Sri Lanka,LKR,kg,farm_gate,weekly,a8161bb84a427c387ccdf5ea1632c58a142e426f86f3c289ae442aac79d34332,observed_source_value,8ee4e88dbfcf4f6cfe41
2018-10-22,National,black_pepper,Grade 2,average,573.0,"Department of Export Agriculture, Sri Lanka - Economic Research Unit",https://exagri.info/mkt/2018/22.10.2018.html,2018-10-22,2026-10-07,Sri Lanka,LKR,kg,farm_gate,weekly,4a344ed6c8bc210f3175c542d186d0f39da8bc1e1d1b0e266e84c7d9e1f38204,observed_source_value,4c68a9ef88cb87f46457
2018-10-30,National,black_pepper,Grade 2,average,548.0,"Department of Export Agriculture, Sri Lanka - Economic Research Unit",https://exagri.info/mkt/2018/30.10.2018.html,2018-10-30,2026-10-07,Sri Lanka,LKR,kg,farm_gate,weekly,9eacbffa3d253c138d71f60bf68018abc997ad550198a344f0e66c35284cd917,observed_source_value,5c9fe3ff9aeb26ec5257
2018-11-05,National,black_pepper,Grade 2,average,563.0,"Department of Export Agriculture, Sri Lanka - Economic Research Unit",https://exagri.info/mkt/2018/05.11.2018.html,2018-11-05,2026-10-07,Sri Lanka,LKR,kg,farm_gate,weekly,f885c3695168f34d47556e9b90204bdb760bf3548cd5ed91e5cd56e6ad93049f,observed_source_value,b637a1afe8a1ff02e04b
2018-11-13,National,black_pepper,Grade 2,average,539.0,"Department of Export Agriculture, Sri Lanka - Economic Research Unit",https://exagri.info/mkt/2018/13.11.2018.html,2018-11-13,2026-10-07,Sri Lanka,LKR,kg,farm_gate,weekly,dcf91b61016e344c101708271ab9bd64cf4083d3d9b66898d56cd845039e13c6,observed_source_value,1938c87e2bdc680e4b00
2018-11-19,National,black_pepper,Grade 2,average,559.67,"Department of Export Agriculture, Sri Lanka - Economic Research Unit",https://exagri.info/mkt/2018/19.11.2018.html,2018-11-19,2026-10-07,Sri Lanka,LKR,kg,farm_gate,weekly,421f53d7e7aebcb8ff167226183992bd1838f94c944d81296b15aa58e9ab2a5f,observed_source_value,1a997e36ee6f29f33445
2018-11-27,National,black_pepper,Grade 2,average,578.25,"Department of Export Agriculture, Sri Lanka - Economic Research Unit",https://exagri.info/mkt/2018/27.11.2018.html,2018-11-27,2026-10-07,Sri Lanka,LKR,kg,farm_gate,weekly,3422203c1eb7876714ddcf7e92e921681b10f533fadb1ad506afa06c5c61c7aa,observed_source_value,a558cbcad3feca2b7b20
2018-12-04,National,black_pepper,Grade 2,average,593.5,"Department of Export Agriculture, Sri Lanka - Economic Research Unit",https://exagri.info/mkt/2018/04.12.2018.html,2018-12-04,2026-10-07,Sri Lanka,LKR,kg,farm_gate,weekly,da72221144f76a3601814d4abde44740fa8514a553c4b86879b279112b429521,observed_source_value,f92a67ce2d951b5eaf83
2018-12-11,National,black_pepper,Grade 2,average,594.0,"Department of Export Agriculture, Sri Lanka - Economic Research Unit",https://exagri.info/mkt/2018/11.12.2018.html,2018-12-11,2026-10-07,Sri Lanka,LKR,kg,farm_gate,weekly,b0ed7a8261b1fb0101d8a87aae4d49fc09cc92f554a8bca24f39e1a23a585db0,observed_source_value,b044bbcf03c2bf4faba7
2018-12-18,National,black_pepper,Grade 2,average,556.25,"Department of Export Agriculture, Sri Lanka - Economic Research Unit",https://exagri.info/mkt/2018/18.12.2018.html,2018-12-18,2026-10-07,Sri Lanka,LKR,kg,farm_gate,weekly,47fc1e026bb562ce94ec41aee798becf99ecc0bea9178241a3554c8b22febc98,observed_source_value,2bf46e760b5721dd139f
2018-12-31,National,black_pepper,Grade 2,average,559.0,"Department of Export Agriculture, Sri Lanka - Economic Research Unit",https://exagri.info/mkt/2018/31.12.2018.html,2018-12-31,2026-10-07,Sri Lanka,LKR,kg,farm_gate,weekly,15b62e746a6a92179025c5ed504bdc44809cda454ad131ed7b00ff592181377f,observed_source_value,14772a5119940d59a3cd
2019-01-08,National,black_pepper,Grade 2,average,551.75,"Department of Export Agriculture, Sri Lanka - Economic Research Unit",https://exagri.info/mkt/2019/08.01.2019.html,2019-01-08,2026-10-07,Sri Lanka,LKR,kg,farm_gate,weekly,add87776c3d373d76f9f3e746ab662645de0ae081410172306c3d6b430b781e1,observed_source_value,92ebf91a04c3f7bbd0b7
2019-01-14,National,black_pepper,Grade 2,average,509.0,"Department of Export Agriculture, Sri Lanka - Economic Research Unit",https://exagri.info/mkt/2019/14.01.2019.html,2019-01-14,2026-10-07,Sri Lanka,LKR,kg,farm_gate,weekly,e63e3d00afaf3f78f77a7abd1211363255bb0652dbd39c4c8b89d2966bb8cebc,observed_source_value,ddba96de97a9532bc5ff
2019-01-22,National,black_pepper,Grade 2,average,508.0,"Department of Export Agriculture, Sri Lanka - Economic Research Unit",https://exagri.info/mkt/2019/22.01.2019.html,2019-01-22,2026-10-07,Sri Lanka,LKR,kg,farm_gate,weekly,04ec9541432637762cd63811637f5cb9ff7b1a4dc593f250c5e591cf5e7fa45d,observed_source_value,bab17d2db28ba819e476
2019-01-29,National,black_pepper,Grade 2,average,505.0,"Department of Export Agriculture, Sri Lanka - Economic Research Unit",https://exagri.info/mkt/2019/29.01.2019.html,2019-01-29,2026-10-07,Sri Lanka,LKR,kg,farm_gate,weekly,205004214fdfca2d5b7c2f95ed3fc0e51ec49d210576c0ab5cc7fed9e9dc5373,observed_source_value,72a3f791587b1d2f562d
2019-02-05,National,black_pepper,Grade 2,average,498.33,"Department of Export Agriculture, Sri Lanka - Economic Research Unit",https://exagri.info/mkt/2019/05.02.2019.html,2019-02-05,2026-10-07,Sri Lanka,LKR,kg,farm_gate,weekly,b73b91fa05182c58b0039789090cd542f00ca392504f1f05f157039aec387210,observed_source_value,ee4486e6ba65d381967c
2019-02-12,National,black_pepper,Grade 2,average,531.67,"Department of Export Agriculture, Sri Lanka - Economic Research Unit",https://exagri.info/mkt/2019/12.02.2019.html,2019-02-12,2026-10-07,Sri Lanka,LKR,kg,farm_gate,weekly,70ec92cae1db67b998a7c8e1d391e3684df952f04ff3badab41f4a1ed2f0ef31,observed_source_value,b2774ee5574456e10799
2019-02-18,National,black_pepper,Grade 2,average,539.33,"Department of Export Agriculture, Sri Lanka - Economic Research Unit",https://exagri.info/mkt/2019/18.02.2019.html,2019-02-18,2026-10-07,Sri Lanka,LKR,kg,farm_gate,weekly,e01412d7b2e7dc78a0d3b31ce72395e086fa9a224b9e2a9a03597ab8d4d1e098,observed_source_value,3a4ad9897a5621a70e55
2019-02-26,National,black_pepper,Grade 2,average,560.33,"Department of Export Agriculture, Sri Lanka - Economic Research Unit",https://exagri.info/mkt/2019/26.02.2019.html,2019-02-26,2026-10-07,Sri Lanka,LKR,kg,farm_gate,weekly,e42dc42703af821a0c1eaae9561a37704477b4edc7fb99ef4af7bd2fc34d574b,observed_source_value,c55fd06f032f886b6d65
2019-03-05,National,black_pepper,Grade 2,average,567.33,"Department of Export Agriculture, Sri Lanka - Economic Research Unit",https://exagri.info/mkt/2019/05.03.2019.html,2019-03-05,2026-10-07,Sri Lanka,LKR,kg,farm_gate,weekly,8dc9a114826fda0a39277f48b8f6a6fae78e2959d041a16d66f0e17bf794d17c,observed_source_value,5c8862719bd2d6ae2598
2019-03-12,National,black_pepper,Grade 2,average,531.0,"Department of Export Agriculture, Sri Lanka - Economic Research Unit",https://exagri.info/mkt/2019/12.03.2019.html,2019-03-12,2026-10-07,Sri Lanka,LKR,kg,farm_gate,weekly,3bde1408990b68d052b9c99bc14e2d99fe861dd7f43e1c3ce7a4523ff4c4408e,observed_source_value,8cfd59811328966f9014
2019-03-18,National,black_pepper,Grade 2,average,543.33,"Department of Export Agriculture, Sri Lanka - Economic Research Unit",https://exagri.info/mkt/2019/18.03.2019.html,2019-03-18,2026-10-07,Sri Lanka,LKR,kg,farm_gate,weekly,246fa31fad95d969eb67d71c1ad89fd1aaed62fe62f316259db2a94b4e53e6b3,observed_source_value,717dc776168a1d32c82f
2019-03-26,National,black_pepper,Grade 2,average,518.0,"Department of Export Agriculture, Sri Lanka - Economic Research Unit",https://exagri.info/mkt/2019/26.03.2019.html,2019-03-26,2026-10-07,Sri Lanka,LKR,kg,farm_gate,weekly,6f877e462b8e6d288815dcf422ccabf8bd04b7d3ea3d3e9472f268afc42f89cc,observed_source_value,b4e0ea370375b5517ad3
2019-04-02,National,black_pepper,Grade 2,average,522.0,"Department of Export Agriculture, Sri Lanka - Economic Research Unit",https://exagri.info/mkt/2019/02.04.2019.html,2019-04-02,2026-10-07,Sri Lanka,LKR,kg,farm_gate,weekly,f4968a76156db1bcbe24dfd507faf512db454f7d4aeddefaa7c7c1d7cc500de8,observed_source_value,ef776b1c63734ed49831
2019-04-09,National,black_pepper,Grade 2,average,588.5,"Department of Export Agriculture, Sri Lanka - Economic Research Unit",https://exagri.info/mkt/2019/09.04.2019.html,2019-04-09,2026-10-07,Sri Lanka,LKR,kg,farm_gate,weekly,c9fe3b31b206f03ed4b827de462619076b584c2212803a0c7ee77fe0532e7a6a,observed_source_value,fea9ee493ec62c7faa0d
2019-04-23,National,black_pepper,Grade 2,average,586.5,"Department of Export Agriculture, Sri Lanka - Economic Research Unit",https://exagri.info/mkt/2019/23.04.2019.html,2019-04-23,2026-10-07,Sri Lanka,LKR,kg,farm_gate,weekly,0d0130c1b7e0db089ef93278cd061f10918cbc327f10d24dc9adee89160de85b,observed_source_value,bfd9556b983e6520901a
2019-04-29,National,black_pepper,Grade 2,average,574.0,"Department of Export Agriculture, Sri Lanka - Economic Research Unit",https://exagri.info/mkt/2019/29.04.2019.html,2019-04-29,2026-10-07,Sri Lanka,LKR,kg,farm_gate,weekly,b738bfb1d24fb5c5b391d72c6f2da89f4d8e98ee9730a5fa5af31bedbb6994cd,observed_source_value,d9a570214cd16c3506cb
2019-05-07,National,black_pepper,Grade 2,average,523.33,"Department of Export Agriculture, Sri Lanka - Economic Research Unit",https://exagri.info/mkt/2019/07.05.2019.html,2019-05-07,2026-10-07,Sri Lanka,LKR,kg,farm_gate,weekly,3057f9db524eb9d7ae85703ab522c9bed328c069a7acdc4ed3b945038380b437,observed_source_value,0ff58b1b9218c7691ad5
2019-05-14,National,black_pepper,Grade 2,average,438.5,"Department of Export Agriculture, Sri Lanka - Economic Research Unit",https://exagri.info/mkt/2019/14.05.2019.html,2019-05-14,2026-10-07,Sri Lanka,LKR,kg,farm_gate,weekly,7144ea321047c57092637c7177e4c6a8b3edfdcf57965d6f75bda01a03318683,observed_source_value,f06640dfdb1609702178
2019-05-21,National,black_pepper,Grade 2,average,586.0,"Department of Export Agriculture, Sri Lanka - Economic Research Unit",https://exagri.info/mkt/2019/21.05.2019.html,2019-05-21,2026-10-07,Sri Lanka,LKR,kg,farm_gate,weekly,c0b38c19cb92b19b80671de72298e73151baececbbdf85915b643ba52d84f9bd,observed_source_value,09410c10ca433c9f7dea
2019-05-28,National,black_pepper,Grade 2,average,556.0,"Department of Export Agriculture, Sri Lanka - Economic Research Unit",https://exagri.info/mkt/2019/28.05.2019.html,2019-05-28,2026-10-07,Sri Lanka,LKR,kg,farm_gate,weekly,faee245537b329a9dab98f91a33edf9ef3ef37741f381c7112884ec1683b15a6,observed_source_value,ceab09fcda66c52f8bde
2019-06-03,National,black_pepper,Grade 2,average,504.0,"Department of Export Agriculture, Sri Lanka - Economic Research Unit",https://exagri.info/mkt/2019/03.06.2019.html,2019-06-03,2026-10-07,Sri Lanka,LKR,kg,farm_gate,weekly,b8014009fa33ca93f0fcc055cb009d114d1c892456991a4cd46b464da7d5686a,observed_source_value,dcabe121a33e3b9bbc2a
2019-06-11,National,black_pepper,Grade 2,average,490.0,"Department of Export Agriculture, Sri Lanka - Economic Research Unit",https://exagri.info/mkt/2019/11.06.2019.html,2019-06-11,2026-10-07,Sri Lanka,LKR,kg,farm_gate,weekly,2a564380809cf8ae3c23f20db36245776f3c365e02b985426e78b5e668e5bca3,observed_source_value,244900d1d46acb6de858
2019-06-18,National,black_pepper,Grade 2,average,495.0,"Department of Export Agriculture, Sri Lanka - Economic Research Unit",https://exagri.info/mkt/2019/18.06.2019.html,2019-06-18,2026-10-07,Sri Lanka,LKR,kg,farm_gate,weekly,fea8297efc535ffefc532c53f06ae7733ccb9147db81e350ca393fc47f2fffce,observed_source_value,de9cb94d84b8da0214d1
2019-06-25,National,black_pepper,Grade 2,average,465.0,"Department of Export Agriculture, Sri Lanka - Economic Research Unit",https://exagri.info/mkt/2019/25.06.2019.html,2019-06-25,2026-10-07,Sri Lanka,LKR,kg,farm_gate,weekly,a24c40250da8b3c70c20a175fe1d0fecd52be73999bfb572c69b393183da8262,observed_source_value,22307ff8541a349aad45
2019-07-02,National,black_pepper,Grade 2,average,370.0,"Department of Export Agriculture, Sri Lanka - Economic Research Unit",https://exagri.info/mkt/2019/02.07.2019.html,2019-07-02,2026-10-07,Sri Lanka,LKR,kg,farm_gate,weekly,49cf58175b92f2211aaf208c13695509daf86ce6ef7740e3d27df54d75fbe1f0,observed_source_value,bdab6e44a5d0543868e3
2019-07-09,National,black_pepper,Grade 2,average,458.0,"Department of Export Agriculture, Sri Lanka - Economic Research Unit",https://exagri.info/mkt/2019/09.07.2019.html,2019-07-09,2026-10-07,Sri Lanka,LKR,kg,farm_gate,weekly,11f0c19bf802492899143851308cd0a20bbc4bcf61a27099c9178e8041ba82a7,observed_source_value,f4632a916d7c754170a0
2019-07-15,National,black_pepper,Grade 2,average,453.0,"Department of Export Agriculture, Sri Lanka - Economic Research Unit",https://exagri.info/mkt/2019/15.07.2019.html,2019-07-15,2026-10-07,Sri Lanka,LKR,kg,farm_gate,weekly,19a06c0099463ece1af1e81c43faa84c2e284a5f15cc82bab5e6d0bb2c31fe33,observed_source_value,86c30a295cc75dd51161
2019-07-23,National,black_pepper,Grade 2,average,385.0,"Department of Export Agriculture, Sri Lanka - Economic Research Unit",https://exagri.info/mkt/2019/23.07.2019.html,2019-07-23,2026-10-07,Sri Lanka,LKR,kg,farm_gate,weekly,c371976ef1f7ae643bc1c7718e861a2eea44c9dfd6eab661e181db776ab384a3,observed_source_value,b05b2841c3cb1ff4151e
2019-07-30,National,black_pepper,Grade 2,average,446.5,"Department of Export Agriculture, Sri Lanka - Economic Research Unit",https://exagri.info/mkt/2019/30.07.2019.html,2019-07-30,2026-10-07,Sri Lanka,LKR,kg,farm_gate,weekly,88d7c0a40f6536ad4c5eb00f7a94dc9f89c4b087439f46234a745fe74f7ec7d6,observed_source_value,ce7047f7e4b561f0ea6e
2019-08-06,National,black_pepper,Grade 2,average,416.67,"Department of Export Agriculture, Sri Lanka - Economic Research Unit",https://exagri.info/mkt/2019/06.08.2019.html,2019-08-06,2026-10-07,Sri Lanka,LKR,kg,farm_gate,weekly,66dc45ebbebbcd08de0815d8bd34c03428ceb25ed49c6dbd7095d8f5bb71a2a2,observed_source_value,dc1f9d068d7e83ac0984
2019-08-13,National,black_pepper,Grade 2,average,443.5,"Department of Export Agriculture, Sri Lanka - Economic Research Unit",https://exagri.info/mkt/2019/13.08.2019.html,2019-08-13,2026-10-07,Sri Lanka,LKR,kg,farm_gate,weekly,66fc195a3b62aba8bf7d5ec051600d36ad223ed004e874596ae59a28892b1c80,observed_source_value,dde6cf608d8d50c85257
2019-08-20,National,black_pepper,Grade 2,average,381.67,"Department of Export Agriculture, Sri Lanka - Economic Research Unit",https://exagri.info/mkt/2019/20.08.2019.html,2019-08-20,2026-10-07,Sri Lanka,LKR,kg,farm_gate,weekly,520b676cfc058e1cd4a4407829832a36ecd36c9a4e34d64bd97530881ef6f5d1,observed_source_value,b73f643bd4ac973830aa
2019-08-27,National,black_pepper,Grade 2,average,392.67,"Department of Export Agriculture, Sri Lanka - Economic Research Unit",https://exagri.info/mkt/2019/27.08.2019.html,2019-08-27,2026-10-07,Sri Lanka,LKR,kg,farm_gate,weekly,ef6b14dbd62bea9478dc68ec78cb717864ac7a21df52125219805e1160c749bc,observed_source_value,24863e4eca8fecbdd14e
2019-09-03,National,black_pepper,Grade 2,average,391.67,"Department of Export Agriculture, Sri Lanka - Economic Research Unit",https://exagri.info/mkt/2019/03.09.2019.html,2019-09-03,2026-10-07,Sri Lanka,LKR,kg,farm_gate,weekly,64503949e556ffc20181b54b609539aa62fc96214532e3ca69ccf5a376dd7a7d,observed_source_value,8d98c6abc463ea836451
2019-09-10,National,black_pepper,Grade 2,average,382.33,"Department of Export Agriculture, Sri Lanka - Economic Research Unit",https://exagri.info/mkt/2019/10.09.2019.html,2019-09-10,2026-10-07,Sri Lanka,LKR,kg,farm_gate,weekly,2f813223777d0952c35d23385ad4c81246820dadd4a13f395c117e4744975c80,observed_source_value,d6becac9e8cdd154425c
2019-09-17,National,black_pepper,Grade 2,average,402.5,"Department of Export Agriculture, Sri Lanka - Economic Research Unit",https://exagri.info/mkt/2019/17.09.2019.html,2019-09-17,2026-10-07,Sri Lanka,LKR,kg,farm_gate,weekly,ba6adc83f3a3acdde818fed7654ec0f14e0b512a82f349145774af0b4e6868eb,observed_source_value,66d1a62d8bd3fb47a2e6
2019-09-24,National,black_pepper,Grade 2,average,405.0,"Department of Export Agriculture, Sri Lanka - Economic Research Unit",https://exagri.info/mkt/2019/24.09.2019.html,2019-09-24,2026-10-07,Sri Lanka,LKR,kg,farm_gate,weekly,f4043875245c77982c7a85bce6f4c34950dd08ecb6507ff22bf5a1b399755fbb,observed_source_value,b0fb3b6c78e147737c1b
2019-10-01,National,black_pepper,Grade 2,average,400.0,"Department of Export Agriculture, Sri Lanka - Economic Research Unit",https://exagri.info/mkt/2019/01.10.2019.html,2019-10-01,2026-10-07,Sri Lanka,LKR,kg,farm_gate,weekly,79fc7f25b886fee4d3f0d5a9b328039b008d65889f19f3c332105b2221d37e8f,observed_source_value,734e6d7cc4fb5d610692
2019-10-08,National,black_pepper,Grade 2,average,438.0,"Department of Export Agriculture, Sri Lanka - Economic Research Unit",https://exagri.info/mkt/2019/08.10.2019.html,2019-10-08,2026-10-07,Sri Lanka,LKR,kg,farm_gate,weekly,49b29a81ab59dbf2691535a4e1cf084ca0e4f7c623a79562d9ecfe452e11efe6,observed_source_value,02c579773f936e02d234
2019-10-15,National,black_pepper,Grade 2,average,423.33,"Department of Export Agriculture, Sri Lanka - Economic Research Unit",https://exagri.info/mkt/2019/15.10.2019.html,2019-10-15,2026-10-07,Sri Lanka,LKR,kg,farm_gate,weekly,c29747d04be6593e7a26e6da6bbf697ce1ac90377c59f93022ab8fff4731786d,observed_source_value,b2ec2a1fbd077670cf96
2019-10-22,National,black_pepper,Grade 2,average,450.5,"Department of Export Agriculture, Sri Lanka - Economic Research Unit",https://exagri.info/mkt/2019/22.10.2019.html,2019-10-22,2026-10-07,Sri Lanka,LKR,kg,farm_gate,weekly,9e6d374c38b9e899a56b9599ec45f72298365c0785a666b684416db4d482fafe,observed_source_value,c3ad4a6c1daab02c6483
2019-10-29,National,black_pepper,Grade 2,average,394.0,"Department of Export Agriculture, Sri Lanka - Economic Research Unit",https://exagri.info/mkt/2019/29.10.2019.html,2019-10-29,2026-10-07,Sri Lanka,LKR,kg,farm_gate,weekly,6712fac8af4321c0463f35d1e5321c510e27a6802a5f79c201c2d1ce8027920c,observed_source_value,9b763636b1eaaf06158f
2019-11-05,National,black_pepper,Grade 2,average,400.0,"Department of Export Agriculture, Sri Lanka - Economic Research Unit",https://exagri.info/mkt/2019/05.11.2019.html,2019-11-05,2026-10-07,Sri Lanka,LKR,kg,farm_gate,weekly,d30327e5fc5f4f7d6bd3191c7bb554e1b04c87e6fd8f8fc5c2a7bb49d380cd8e,observed_source_value,b2f799a8d851668609b7
2019-11-11,National,black_pepper,Grade 2,average,428.5,"Department of Export Agriculture, Sri Lanka - Economic Research Unit",https://exagri.info/mkt/2019/11.11.2019.html,2019-11-11,2026-10-07,Sri Lanka,LKR,kg,farm_gate,weekly,49a8945bf7ad52e1310a057822a19ba2a395081dd3dd56554383f9da9f966349,observed_source_value,f1145779ab1704d27739
2019-11-19,National,black_pepper,Grade 2,average,461.0,"Department of Export Agriculture, Sri Lanka - Economic Research Unit",https://exagri.info/mkt/2019/19.11.2019.html,2019-11-19,2026-10-07,Sri Lanka,LKR,kg,farm_gate,weekly,844cfd23c408f138be60f72a8477945d4dd1343f21537cfb77901ab6617241c0,observed_source_value,f20fd1da9265b258f125
2019-11-26,National,black_pepper,Grade 2,average,500.0,"Department of Export Agriculture, Sri Lanka - Economic Research Unit",https://exagri.info/mkt/2019/26.11.2019.html,2019-11-26,2026-10-07,Sri Lanka,LKR,kg,farm_gate,weekly,2e9eeb787a800d18941d9960e5c16894ce98b83c0f7df6f92f6b8e1e7e6aea4f,observed_source_value,e2c026ec33a25712ec8b
2019-12-03,National,black_pepper,Grade 2,average,657.0,"Department of Export Agriculture, Sri Lanka - Economic Research Unit",https://exagri.info/mkt/2019/03.12.2019.html,2019-12-03,2026-10-07,Sri Lanka,LKR,kg,farm_gate,weekly,a3d4ebff85a451b5d5d1c4ce76d3c746b1f89be541abfa8ed48d76a5dd67146d,observed_source_value,9f868699ccd6aecee830
2019-12-09,National,black_pepper,Grade 2,average,667.0,"Department of Export Agriculture, Sri Lanka - Economic Research Unit",https://exagri.info/mkt/2019/09.12.2019.html,2019-12-09,2026-10-07,Sri Lanka,LKR,kg,farm_gate,weekly,7e8fe02025fd52055cb6a0b15d46b6a12d744360c55114813bf0c7a938682fbb,observed_source_value,a6f158e993d0fea63fdb
2019-12-17,National,black_pepper,Grade 2,average,554.0,"Department of Export Agriculture, Sri Lanka - Economic Research Unit",https://exagri.info/mkt/2019/17.12.2019.html,2019-12-17,2026-10-07,Sri Lanka,LKR,kg,farm_gate,weekly,8cf5c707b553cb7f05ba39f487afb385e1f0dce7f64fcd624d137dc3c5f38ddd,observed_source_value,5bafad1ce2d294c2b027
2019-12-23,National,black_pepper,Grade 2,average,651.0,"Department of Export Agriculture, Sri Lanka - Economic Research Unit",https://exagri.info/mkt/2019/23.12.2019.html,2019-12-23,2026-10-07,Sri Lanka,LKR,kg,farm_gate,weekly,d23250d325c19ff8193308ea7d94470ea53799838406311230e2809d938367c4,observed_source_value,7ef5bf071391e59db84a
2019-12-31,National,black_pepper,Grade 2,average,628.0,"Department of Export Agriculture, Sri Lanka - Economic Research Unit",https://exagri.info/mkt/2019/31.12.2019.html,2019-12-31,2026-10-07,Sri Lanka,LKR,kg,farm_gate,weekly,86c00bba084305d54f04703da9d6a5c560316a8be52e2eeb983c70dda0ea89de,observed_source_value,3e85007800fb3f9f4291
2020-01-07,National,black_pepper,Grade 2,average,615.0,"Department of Export Agriculture, Sri Lanka - Economic Research Unit",https://exagri.info/mkt/2020/07.01.2020.html,2020-01-07,2026-10-07,Sri Lanka,LKR,kg,farm_gate,weekly,20134f5173590f8e000a269130b7356c019af6c75a8dc15564dad3b9dcc219de,observed_source_value,5721cd5b236d83ff4c1a
2020-01-13,National,black_pepper,Grade 2,average,600.0,"Department of Export Agriculture, Sri Lanka - Economic Research Unit",https://exagri.info/mkt/2020/13.01.2020.html,2020-01-13,2026-10-07,Sri Lanka,LKR,kg,farm_gate,weekly,154efcd02e919c0287ed4ee37ee146c861ae04540584d0501cc8aca9fa4fed20,observed_source_value,f039ccca69f5371eff0b
2020-01-21,National,black_pepper,Grade 2,average,540.0,"Department of Export Agriculture, Sri Lanka - Economic Research Unit",https://exagri.info/mkt/2020/21.01.2020.html,2020-01-21,2026-10-07,Sri Lanka,LKR,kg,farm_gate,weekly,12a4eaddc0941e696b8319963be39bcea24d8b09a77798d7518eb291febe5821,observed_source_value,dc6de05cbac80b73f6ce
2020-01-28,National,black_pepper,Grade 2,average,523.0,"Department of Export Agriculture, Sri Lanka - Economic Research Unit",https://exagri.info/mkt/2020/28.01.2020.html,2020-01-28,2026-10-07,Sri Lanka,LKR,kg,farm_gate,weekly,58925a2a94e095ec512b584f38127170f12e6852fc227e19acb86c827f26ef0f,observed_source_value,4aa57dfd574c64c0e2ac
2020-02-03,National,black_pepper,Grade 2,average,450.0,"Department of Export Agriculture, Sri Lanka - Economic Research Unit",https://exagri.info/mkt/2020/03.02.2020.html,2020-02-03,2026-10-07,Sri Lanka,LKR,kg,farm_gate,weekly,6f223368c1dbc0fb484c9a8e22bb107fd6a41aa15e199bf76da4e7bf1f442f2a,observed_source_value,eb9f8b0c3743fcd4a25c
2020-02-11,National,black_pepper,Grade 2,average,500.0,"Department of Export Agriculture, Sri Lanka - Economic Research Unit",https://exagri.info/mkt/2020/11.02.2020.html,2020-02-11,2026-10-07,Sri Lanka,LKR,kg,farm_gate,weekly,201eea48575d923a4d79c07a695a42e94eb5a162a52ec0695fc0b90765d1f56e,observed_source_value,e66c92a80509d6947d5b
2020-02-18,National,black_pepper,Grade 2,average,450.0,"Department of Export Agriculture, Sri Lanka - Economic Research Unit",https://exagri.info/mkt/2020/18.02.2020.html,2020-02-18,2026-10-07,Sri Lanka,LKR,kg,farm_gate,weekly,00bf2bc1711d60244a9c9e6031c4facf7d7bd67787080fbb16e32cdf7a613e9a,observed_source_value,ffd2e1fed2b21350fc18
2020-02-25,National,black_pepper,Grade 2,average,500.0,"Department of Export Agriculture, Sri Lanka - Economic Research Unit",https://exagri.info/mkt/2020/25.02.2020.html,2020-02-25,2026-10-07,Sri Lanka,LKR,kg,farm_gate,weekly,3ae1619b18739ebb1eb55f8b88edeac63f936092213473f8624dd30997b2a88d,observed_source_value,fb953e09b53bbbff4735
2020-03-03,National,black_pepper,Grade 2,average,500.0,"Department of Export Agriculture, Sri Lanka - Economic Research Unit",https://exagri.info/mkt/2020/03.03.2020.html,2020-03-03,2026-10-07,Sri Lanka,LKR,kg,farm_gate,weekly,7afec1ada8ebca0fafbc1de15676a9b09b4df2a0b48fed447247d3d2ce28db84,observed_source_value,d61f4331f81ac18867c7
2020-03-10,National,black_pepper,Grade 2,average,490.0,"Department of Export Agriculture, Sri Lanka - Economic Research Unit",https://exagri.info/mkt/2020/10.03.2020.html,2020-03-10,2026-10-07,Sri Lanka,LKR,kg,farm_gate,weekly,450a003e84af3adc3d5485e7db1c4eb116ca35a524bb0bef84df2a3deda43748,observed_source_value,dfd662076ded161b703d
2020-04-28,National,black_pepper,Grade 2,average,450.0,"Department of Export Agriculture, Sri Lanka - Economic Research Unit",https://exagri.info/mkt/2020/28.04.2020.html,2020-04-28,2026-10-07,Sri Lanka,LKR,kg,farm_gate,weekly,67c359eab583da819ef2c0aa3c839636cb8689e50cd1a5165111afcff4c1516e,observed_source_value,75fccfb923e3074d88f7
2020-06-02,National,black_pepper,Grade 2,average,460.0,"Department of Export Agriculture, Sri Lanka - Economic Research Unit",https://exagri.info/mkt/2020/02.06.2020.html,2020-06-02,2026-10-07,Sri Lanka,LKR,kg,farm_gate,weekly,54584fc713ddbed4102a7c49951f81caa3eda7c9664ed4e72e8026889877c7f1,observed_source_value,67d97926d3ca8f2428b9
2020-06-09,National,black_pepper,Grade 2,average,400.0,"Department of Export Agriculture, Sri Lanka - Economic Research Unit",https://exagri.info/mkt/2020/09.06.2020.html,2020-06-09,2026-10-07,Sri Lanka,LKR,kg,farm_gate,weekly,addba2f28cf64ae87c33162c82ffbe53f811baec998864553af3ac21a5d3eb13,observed_source_value,a461c6c6513d076a0275
2020-06-23,National,black_pepper,Grade 2,average,450.0,"Department of Export Agriculture, Sri Lanka - Economic Research Unit",https://exagri.info/mkt/2020/23.06.2020.html,2020-06-23,2026-10-07,Sri Lanka,LKR,kg,farm_gate,weekly,afcab4b52337d1c4c0abecadbeeb36d33572706cdab72b0cf6e5d5ee4e6dd974,observed_source_value,9f097948909bd1a79781
2020-07-14,National,black_pepper,Grade 2,average,425.0,"Department of Export Agriculture, Sri Lanka - Economic Research Unit",https://exagri.info/mkt/2020/14.07.2020.html,2020-07-14,2026-10-07,Sri Lanka,LKR,kg,farm_gate,weekly,d98e0ea8697ae11244b8f4a9b942770de015c44b797492ae6e7761b0d03d627d,observed_source_value,d37fdcd5f7e319c22535
2020-08-04,National,black_pepper,Grade 2,average,490.0,"Department of Export Agriculture, Sri Lanka - Economic Research Unit",https://exagri.info/mkt/2020/04.08.2020.html,2020-08-04,2026-10-07,Sri Lanka,LKR,kg,farm_gate,weekly,08c17c7b69aaf250616d5910080fcb4c73b1a6f7098a22ea9a40fb918df591a2,observed_source_value,0323755e7cc7f65dac6b
2020-09-15,National,black_pepper,Grade 2,average,500.0,"Department of Export Agriculture, Sri Lanka - Economic Research Unit",https://exagri.info/mkt/2020/15.09.2020.html,2020-09-15,2026-10-07,Sri Lanka,LKR,kg,farm_gate,weekly,ff9211b3aee721875b3bb87471082062e696297b6e0af4e62ad5f943eedabb5d,observed_source_value,8d2de61a23488550c6e7
2020-11-10,National,black_pepper,Grade 2,average,525.0,"Department of Export Agriculture, Sri Lanka - Economic Research Unit",https://exagri.info/mkt/2020/10.11.2020.html,2020-11-10,2026-10-07,Sri Lanka,LKR,kg,farm_gate,weekly,020372df817601e85e40b31814def6abe822819d7b918def53294b9e3c4be6a5,observed_source_value,18341a34647e612a9af1
2021-01-19,National,black_pepper,Grade 2,average,500.0,"Department of Export Agriculture, Sri Lanka - Economic Research Unit",https://exagri.info/mkt/2021/19.01.2021.html,2021-01-19,2026-10-07,Sri Lanka,LKR,kg,farm_gate,weekly,30483ae70c332100c1b8ea29ce2ed9a4fe75a44b9d8b6a11fee16620199aea5f,observed_source_value,3a49c3396b3a87d2ac7f
2021-03-02,National,black_pepper,Grade 2,average,500.0,"Department of Export Agriculture, Sri Lanka - Economic Research Unit",https://exagri.info/mkt/2021/02.03.2021.html,2021-03-02,2026-10-07,Sri Lanka,LKR,kg,farm_gate,weekly,eeb367e49dbaf043bfc616eded7364cb15a6c27e94fae731dc0d596a4196b7ef,observed_source_value,3f0a0c486f0361fc62fa
2021-03-09,National,black_pepper,Grade 2,average,530.0,"Department of Export Agriculture, Sri Lanka - Economic Research Unit",https://exagri.info/mkt/2021/09.03.2021.html,2021-03-09,2026-10-07,Sri Lanka,LKR,kg,farm_gate,weekly,fe8c5994ee3a57584bbf4cec5aed67817d075acf1ee77e4fbd2baa09fcaa7191,observed_source_value,d336b7cb5467593b41c0
2021-03-16,National,black_pepper,Grade 2,average,600.0,"Department of Export Agriculture, Sri Lanka - Economic Research Unit",https://exagri.info/mkt/2021/16.03.2021.html,2021-03-16,2026-10-07,Sri Lanka,LKR,kg,farm_gate,weekly,cde57b4b3dd2c8e9a589d3513fef2463d5a9eb981a061d5d6b7d287e893a6877,observed_source_value,7b9db52ec97a56c36fbf
2021-11-02,National,black_pepper,Grade 2,average,800.0,"Department of Export Agriculture, Sri Lanka - Economic Research Unit",https://exagri.info/mkt/2021/02.11.2021.html,2021-11-02,2026-10-07,Sri Lanka,LKR,kg,farm_gate,weekly,0a28ef81a8649776b74e1f4826c107873075294b9d74d14f9797a8e50a2fb496,observed_source_value,7b59123f27ddda39201b
2022-03-08,National,black_pepper,Grade 2,average,1000.0,"Department of Export Agriculture, Sri Lanka - Economic Research Unit",https://exagri.info/mkt/2022/08.03.2022.html,2022-03-08,2026-10-07,Sri Lanka,LKR,kg,farm_gate,weekly,c3bc86e568e9a151b8f413645afb1e048e955b77e1cc36bd96f07e559df1820a,observed_source_value,850448dfc789a6f89703
2022-06-07,National,black_pepper,Grade 2,average,1500.0,"Department of Export Agriculture, Sri Lanka - Economic Research Unit",https://exagri.info/mkt/2022/07.06.2022.html,2022-06-07,2026-10-07,Sri Lanka,LKR,kg,farm_gate,weekly,cbda76bb382f8411a3402a9c1cb7c66aef532c3a1d95c010693be0b68fdab55c,observed_source_value,8bc19d2266739c23f704
2022-12-05,National,black_pepper,Grade 2,average,1560.0,"Department of Export Agriculture, Sri Lanka - Economic Research Unit",https://exagri.info/mkt/2022/05.12.2022.html,2022-12-05,2026-10-07,Sri Lanka,LKR,kg,farm_gate,weekly,7ff0df285815feaa20e8cfe82fe7aebf0d12d22ce0aa3f68b046f5f6d07e4d7d,observed_source_value,6458841f08afe06b5dee
2022-12-13,National,black_pepper,Grade 2,average,1580.0,"Department of Export Agriculture, Sri Lanka - Economic Research Unit",https://exagri.info/mkt/2022/13.12.2022.html,2022-12-13,2026-10-07,Sri Lanka,LKR,kg,farm_gate,weekly,be703d7b2ab930d13296a7b9ba96def582a07049cf6ba5027aeaeb6a18287246,observed_source_value,1bbaf23197519d9207bf
2022-12-20,National,black_pepper,Grade 2,average,1640.0,"Department of Export Agriculture, Sri Lanka - Economic Research Unit",https://exagri.info/mkt/2022/20.12.2022.html,2022-12-20,2026-10-07,Sri Lanka,LKR,kg,farm_gate,weekly,201f8ed505b82f03e427a6dd365abcf80de86ffb6bc1920e0c1ac98aeb7d5aea,observed_source_value,b2b0eb536e982933a31c
2022-12-27,National,black_pepper,Grade 2,average,1660.0,"Department of Export Agriculture, Sri Lanka - Economic Research Unit",https://exagri.info/mkt/2022/27.12.2022.html,2022-12-27,2026-10-07,Sri Lanka,LKR,kg,farm_gate,weekly,4c60faeea8c24a79a48fc96e46eea1fbec2996d426c0cbf1a7a27e1f782d5b3a,observed_source_value,0f7e21b874a73d82a85a
2023-01-03,National,black_pepper,Grade 2,average,1605.0,"Department of Export Agriculture, Sri Lanka - Economic Research Unit",https://exagri.info/mkt/2023/03.01.2023.html,2023-01-03,2026-10-07,Sri Lanka,LKR,kg,farm_gate,weekly,14b35606f65483d70f6d74b421d49dcd96de530ffc7ecbc04743d0e08fbe157d,observed_source_value,1685319f5a8c89240793
2023-01-10,National,black_pepper,Grade 2,average,1650.0,"Department of Export Agriculture, Sri Lanka - Economic Research Unit",https://exagri.info/mkt/2023/10.01.2023.html,2023-01-10,2026-10-07,Sri Lanka,LKR,kg,farm_gate,weekly,2fa4576aa37b406c5c8a9f69183c9777f88610a460fcb80c001dd604133e540e,observed_source_value,3056af59b239a224bc2d
2023-01-17,National,black_pepper,Grade 2,average,1632.0,"Department of Export Agriculture, Sri Lanka - Economic Research Unit",https://exagri.info/mkt/2023/17.01.2023.html,2023-01-17,2026-10-07,Sri Lanka,LKR,kg,farm_gate,weekly,03577ce338cacc10100e300dc16f2593fff2b75076a6a967ac3536acfe2827ae,observed_source_value,7953f2560b50b6f4b056
2023-01-24,National,black_pepper,Grade 2,average,1620.0,"Department of Export Agriculture, Sri Lanka - Economic Research Unit",https://exagri.info/mkt/2023/24.01.2023.html,2023-01-24,2026-10-07,Sri Lanka,LKR,kg,farm_gate,weekly,8d048d4b36587e458117346179ca3df721e53d93bfac8ad2d1c7285190af3ff7,observed_source_value,3074ef985c06dbb3a53f
2023-01-31,National,black_pepper,Grade 2,average,1635.0,"Department of Export Agriculture, Sri Lanka - Economic Research Unit",https://exagri.info/mkt/2023/31.01.2023.html,2023-01-31,2026-10-07,Sri Lanka,LKR,kg,farm_gate,weekly,ab42dc35525b9bc4ab1ada23a400f50e41e056a0bd4ee5b3b1a7ffd722a4e131,observed_source_value,15481758b907c8cd337d
2023-02-07,National,black_pepper,Grade 2,average,1585.0,"Department of Export Agriculture, Sri Lanka - Economic Research Unit",https://exagri.info/mkt/2023/07.02.2023.html,2023-02-07,2026-10-07,Sri Lanka,LKR,kg,farm_gate,weekly,9b276a2c19f230ce063dc510485546a085837a5d3985e4ae4b0409069a710cf4,observed_source_value,de7a4c58170f5e4249be
2023-05-09,National,black_pepper,Grade 2,average,1400.0,"Department of Export Agriculture, Sri Lanka - Economic Research Unit",https://exagri.info/mkt/2023/09.05.2023.html,2023-05-09,2026-10-07,Sri Lanka,LKR,kg,farm_gate,weekly,9df75795c10eb81f3bf44edad0a79bd5f7eda73a536287d22a799de90ce50803,observed_source_value,283d1f6ea6b44fcc1bc5
2023-05-16,National,black_pepper,Grade 2,average,1400.0,"Department of Export Agriculture, Sri Lanka - Economic Research Unit",https://exagri.info/mkt/2023/16.05.2023.html,2023-05-16,2026-10-07,Sri Lanka,LKR,kg,farm_gate,weekly,004dde07af8f540880ec79273fbb8200f816024bdca45b8babedc114a4240441,observed_source_value,9132da2ef3907433976a
2023-05-30,National,black_pepper,Grade 2,average,1350.0,"Department of Export Agriculture, Sri Lanka - Economic Research Unit",https://exagri.info/mkt/2023/30.05.2023.html,2023-05-30,2026-10-07,Sri Lanka,LKR,kg,farm_gate,weekly,3bd7f8ca814c629d93fb96aada9619c744b4d375136f68327261b4683e8d9c52,observed_source_value,65b8d4733e9139ea018d
2023-07-11,National,black_pepper,Grade 2,average,1200.0,"Department of Export Agriculture, Sri Lanka - Economic Research Unit",https://exagri.info/mkt/2023/11.07.2023.html,2023-07-11,2026-10-07,Sri Lanka,LKR,kg,farm_gate,weekly,f2ff2846e64b1f639aeda273d86696d6ee6d08acd698b749b2b85001fe23f09b,observed_source_value,fa6bd7778d59864b17ee
2023-07-18,National,black_pepper,Grade 2,average,1200.0,"Department of Export Agriculture, Sri Lanka - Economic Research Unit",https://exagri.info/mkt/2023/18.07.2023.html,2023-07-18,2026-10-07,Sri Lanka,LKR,kg,farm_gate,weekly,f386f181b331a084d68a61116b975075616ac4ebfdd1b18ab8363dd1ffc9ca66,observed_source_value,65294984bf3a0ee123d3
2023-07-25,National,black_pepper,Grade 2,average,1200.0,"Department of Export Agriculture, Sri Lanka - Economic Research Unit",https://exagri.info/mkt/2023/25.07.2023.html,2023-07-25,2026-10-07,Sri Lanka,LKR,kg,farm_gate,weekly,04a3bae57f12a5c71eeeeb6767329075df6db10bd276e64c74338fb2525b619a,observed_source_value,40dcb0134cc04221fd69
2023-08-15,National,black_pepper,Grade 2,average,1750.0,"Department of Export Agriculture, Sri Lanka - Economic Research Unit",https://exagri.info/mkt/2023/15.08.2023.html,2023-08-15,2026-10-07,Sri Lanka,LKR,kg,farm_gate,weekly,9a32bf2c0fe27ab811e06bd8084fca56be3d8a5101cb773b3e779154ba18f9a2,observed_source_value,cf7b89ce89472b8ad106
2023-08-22,National,black_pepper,Grade 2,average,1875.0,"Department of Export Agriculture, Sri Lanka - Economic Research Unit",https://exagri.info/mkt/2023/22.08.2023.html,2023-08-22,2026-10-07,Sri Lanka,LKR,kg,farm_gate,weekly,af14265330366a57776b9829803ae3627873ac0f038400cf31ea444d0d72bd97,observed_source_value,ec3ee0c42c23707fb6ab
2023-08-28,National,black_pepper,Grade 2,average,1950.0,"Department of Export Agriculture, Sri Lanka - Economic Research Unit",https://exagri.info/mkt/2023/28.08.2023.html,2023-08-28,2026-10-07,Sri Lanka,LKR,kg,farm_gate,weekly,d2fa21d931af0807a9d1fb274fc51adc94667f9099798a45796843486452d39b,observed_source_value,9022911897d5e03f3775
2023-09-05,National,black_pepper,Grade 2,average,1400.0,"Department of Export Agriculture, Sri Lanka - Economic Research Unit",https://exagri.info/mkt/2023/05.09.2023.html,2023-09-05,2026-10-07,Sri Lanka,LKR,kg,farm_gate,weekly,116b73caf0eb4697efec89dd344193f8733a7ff05525b8e00f03c89849105c42,observed_source_value,ab56bd250291440bb66b
2023-09-12,National,black_pepper,Grade 2,average,1850.0,"Department of Export Agriculture, Sri Lanka - Economic Research Unit",https://exagri.info/mkt/2023/12.09.2023.html,2023-09-12,2026-10-07,Sri Lanka,LKR,kg,farm_gate,weekly,657fbb37b6949f430c700b1a09768e8e3e4a4173a6334bff3e08be847d544212,observed_source_value,b09fbc9b4d6dd428a54a
2023-09-26,National,black_pepper,Grade 2,average,1600.0,"Department of Export Agriculture, Sri Lanka - Economic Research Unit",https://exagri.info/mkt/2023/26.09.2023.html,2023-09-26,2026-10-07,Sri Lanka,LKR,kg,farm_gate,weekly,19734c56569d9ef5c6fd666a5c35042a5eede47c42917e590b9188678261bbce,observed_source_value,fe0675192764443c4e71
2023-10-10,National,black_pepper,Grade 2,average,1700.0,"Department of Export Agriculture, Sri Lanka - Economic Research Unit",https://exagri.info/mkt/2023/10.10.2023.html,2023-10-10,2026-10-07,Sri Lanka,LKR,kg,farm_gate,weekly,88e49a6642d502c4b301cb14e29ca833cb3396942b38f51ddc3187ac229a03fa,observed_source_value,113d766988cf23f35b5d
2023-10-24,National,black_pepper,Grade 2,average,1400.0,"Department of Export Agriculture, Sri Lanka - Economic Research Unit",https://exagri.info/mkt/2023/24.10.2023.html,2023-10-24,2026-10-07,Sri Lanka,LKR,kg,farm_gate,weekly,cc5e4d2366e27c47745912bd209c1d9ffb16841c3481f07636a8e40be435c8c4,observed_source_value,c20aab356ace243bd048
2023-11-14,National,black_pepper,Grade 2,average,1700.0,"Department of Export Agriculture, Sri Lanka - Economic Research Unit",https://exagri.info/mkt/2023/14.11.2023.html,2023-11-14,2026-10-07,Sri Lanka,LKR,kg,farm_gate,weekly,3ae79acc8b30bd1fb8b2c2de90fc3ff809d736c543263f4675b6eff86959fe57,observed_source_value,2a02f877db9d65cc61c3
2023-11-21,National,black_pepper,Grade 2,average,1741.0,"Department of Export Agriculture, Sri Lanka - Economic Research Unit",https://exagri.info/mkt/2023/21.11.2023.html,2023-11-21,2026-10-07,Sri Lanka,LKR,kg,farm_gate,weekly,f80ab75a0c9ae300592ae55babc9bd9caeb119fd420d6b75e99e4a3e1a45126e,observed_source_value,84d9aa37d3b7d6f734b1
2023-11-28,National,black_pepper,Grade 2,average,1700.0,"Department of Export Agriculture, Sri Lanka - Economic Research Unit",https://exagri.info/mkt/2023/28.11.2023.html,2023-11-28,2026-10-07,Sri Lanka,LKR,kg,farm_gate,weekly,91ea70d2bd3bce61e3086ddba912ed870f9e62f0cc20c77fb61b36c4d582c891,observed_source_value,b8ca1a7163b3db2fb3a2
2023-12-05,National,black_pepper,Grade 2,average,1600.0,"Department of Export Agriculture, Sri Lanka - Economic Research Unit",https://exagri.info/mkt/2023/05.12.2023.html,2023-12-05,2026-10-07,Sri Lanka,LKR,kg,farm_gate,weekly,791f7fe6c923df390b2085ae660ad1cc4cfc2bac46b8666bd97b44f1c8a888a5,observed_source_value,1aa78285572a982cc2ea
2023-12-12,National,black_pepper,Grade 2,average,1700.0,"Department of Export Agriculture, Sri Lanka - Economic Research Unit",https://exagri.info/mkt/2023/12.12.2023.html,2023-12-12,2026-10-07,Sri Lanka,LKR,kg,farm_gate,weekly,d29cdf214505aeded112adda5d3db303887e9e3ada7a363abc1ca6768195bec8,observed_source_value,f25eb3562a2c68729d29
2023-12-19,National,black_pepper,Grade 2,average,1687.5,"Department of Export Agriculture, Sri Lanka - Economic Research Unit",https://exagri.info/mkt/2023/19.12.2023.html,2023-12-19,2026-10-07,Sri Lanka,LKR,kg,farm_gate,weekly,6c1f8b601ff68a41374bd3b9ff627b521720f6966b983c0bb39277465486af80,observed_source_value,7efd5dbc3d79043de448
2023-12-27,National,black_pepper,Grade 2,average,1687.5,"Department of Export Agriculture, Sri Lanka - Economic Research Unit",https://exagri.info/mkt/2023/27.12.2023.html,2023-12-27,2026-10-07,Sri Lanka,LKR,kg,farm_gate,weekly,ac84a018c3a380beeb24991b87006afb3afd7f5215451f24b1a85021b6e77451,observed_source_value,acb500a65a6a820799d4
2024-01-02,National,black_pepper,Grade 2,average,1725.0,"Department of Export Agriculture, Sri Lanka - Economic Research Unit",https://exagri.info/mkt/2024/02.01.2024.html,2024-01-02,2026-10-07,Sri Lanka,LKR,kg,farm_gate,weekly,e60083113db260a45806fc821913bbfcab5a19bc70bd85b31d67ee0d4dc60308,observed_source_value,29f43f4af278c9e9e8c7
2024-01-09,National,black_pepper,Grade 2,average,1750.0,"Department of Export Agriculture, Sri Lanka - Economic Research Unit",https://exagri.info/mkt/2024/09.01.2024.html,2024-01-09,2026-10-07,Sri Lanka,LKR,kg,farm_gate,weekly,3cd16fa1c805172c7cbc2ac64110f1f91799c59c4808944a79f3d0f92bc7996f,observed_source_value,c53d31269bbce03a3595
2024-01-16,National,black_pepper,Grade 2,average,1765.0,"Department of Export Agriculture, Sri Lanka - Economic Research Unit",https://exagri.info/mkt/2024/16.01.2024.html,2024-01-16,2026-10-07,Sri Lanka,LKR,kg,farm_gate,weekly,8d7432583e31bdbb634525a2c148b35474c068e53c87367f23c44fd6be16c792,observed_source_value,ab1e30b4a471490b6eb7
2024-01-24,National,black_pepper,Grade 2,average,1825.0,"Department of Export Agriculture, Sri Lanka - Economic Research Unit",https://exagri.info/mkt/2024/24.01.2024.html,2024-01-24,2026-10-07,Sri Lanka,LKR,kg,farm_gate,weekly,891c7021aab431f0195cedb5608ae4b6e3180485f6b49acf352cb536ba9c9362,observed_source_value,a54c66d66ee297b2f9cb
2024-01-30,National,black_pepper,Grade 2,average,1794.0,"Department of Export Agriculture, Sri Lanka - Economic Research Unit",https://exagri.info/mkt/2024/30.01.2024.html,2024-01-30,2026-10-07,Sri Lanka,LKR,kg,farm_gate,weekly,c9dd099a4c040e4c2d27f304b3e713019f4e5af3276529658f0e6e2368883bb9,observed_source_value,4e33d784516bafabc55e
2024-02-06,National,black_pepper,Grade 2,average,1675.0,"Department of Export Agriculture, Sri Lanka - Economic Research Unit",https://exagri.info/mkt/2024/06.02.2024.html,2024-02-06,2026-10-07,Sri Lanka,LKR,kg,farm_gate,weekly,951dd70066edafd704b842b1ffcb41d0c6126a02294224da7403001a4e00dc18,observed_source_value,f21160181e821f6dcd3e
2024-02-13,National,black_pepper,Grade 2,average,1700.0,"Department of Export Agriculture, Sri Lanka - Economic Research Unit",https://exagri.info/mkt/2024/13.02.2024.html,2024-02-13,2026-10-07,Sri Lanka,LKR,kg,farm_gate,weekly,2780f9253d0a31913433183097128439479cd3ab16b6873e4c908ad9a89a61fa,observed_source_value,ebc38a5f91516b2c06f0
2024-02-20,National,black_pepper,Grade 2,average,1712.5,"Department of Export Agriculture, Sri Lanka - Economic Research Unit",https://exagri.info/mkt/2024/20.02.2024.html,2024-02-20,2026-10-07,Sri Lanka,LKR,kg,farm_gate,weekly,e691480904d2b572562b4d491b60d99bd4a38f37e053a1e27b4ea6d6209508fa,observed_source_value,e468cbd021faa1175896
2024-02-27,National,black_pepper,Grade 2,average,1720.0,"Department of Export Agriculture, Sri Lanka - Economic Research Unit",https://exagri.info/mkt/2024/27.02.2024.html,2024-02-27,2026-10-07,Sri Lanka,LKR,kg,farm_gate,weekly,462ae6b5df521b13f4885403713b9d8e1d661983816293450dbc7be2b15ab8d3,observed_source_value,909ddadc5b9193a83a9f
2024-03-05,National,black_pepper,Grade 2,average,1500.0,"Department of Export Agriculture, Sri Lanka - Economic Research Unit",https://exagri.info/mkt/2024/05.03.2024.html,2024-03-05,2026-10-07,Sri Lanka,LKR,kg,farm_gate,weekly,2b8688dc5e2bc87ed1d599dadfc76d28d56da6e59e005de73ff9737b3f124858,observed_source_value,8ff8198d3580c38d6029
2024-03-12,National,black_pepper,Grade 2,average,1500.0,"Department of Export Agriculture, Sri Lanka - Economic Research Unit",https://exagri.info/mkt/2024/12.03.2024.html,2024-03-12,2026-10-07,Sri Lanka,LKR,kg,farm_gate,weekly,6daf351465043ca53ade8cce2b5366788c1eb41b6ceca09b82eb65d796466699,observed_source_value,5da150aaa9f46690111d
2024-03-26,National,black_pepper,Grade 2,average,1200.0,"Department of Export Agriculture, Sri Lanka - Economic Research Unit",https://exagri.info/mkt/2024/26.03.2024.html,2024-03-26,2026-10-07,Sri Lanka,LKR,kg,farm_gate,weekly,41362006925c53288cba0a3caeb0fa668631f50dadc6a45dd70a39c49a860a69,observed_source_value,8dfeae80a7f5572b7d0c
2024-04-02,National,black_pepper,Grade 2,average,1200.0,"Department of Export Agriculture, Sri Lanka - Economic Research Unit",https://exagri.info/mkt/2024/02.04.2024.html,2024-04-02,2026-10-07,Sri Lanka,LKR,kg,farm_gate,weekly,13f136b8cac4ba64eb3e02ec2114402fbe135474adbc695463e728ccd74de301,observed_source_value,5b2f9a1181d5faf4b3b1
2024-04-08,National,black_pepper,Grade 2,average,1275.0,"Department of Export Agriculture, Sri Lanka - Economic Research Unit",https://exagri.info/mkt/2024/08.04.2024.html,2024-04-08,2026-10-07,Sri Lanka,LKR,kg,farm_gate,weekly,23f64b5f7900f95a7d88a754ee2791c5d4d289342b8d75da06c55fbc11e05a80,observed_source_value,e89fe9b041428a5b8856
2024-04-16,National,black_pepper,Grade 2,average,1300.0,"Department of Export Agriculture, Sri Lanka - Economic Research Unit",https://exagri.info/mkt/2024/16.04.2024.html,2024-04-16,2026-10-07,Sri Lanka,LKR,kg,farm_gate,weekly,054cbb986c1b79dbede39c238e85162bfcb4afed235718b15eb2e3f6e0f32158,observed_source_value,ab62a01b67693bd88cc7
2024-04-24,National,black_pepper,Grade 2,average,1300.0,"Department of Export Agriculture, Sri Lanka - Economic Research Unit",https://exagri.info/mkt/2024/24.04.2024.html,2024-04-24,2026-10-07,Sri Lanka,LKR,kg,farm_gate,weekly,cbdc61e490e01f4b0fe7d0a340217a5fc8f6735f6c9841aecb126f75bb5ce7e1,observed_source_value,98dcce6e97bbec97bd29
2024-04-30,National,black_pepper,Grade 2,average,1487.5,"Department of Export Agriculture, Sri Lanka - Economic Research Unit",https://exagri.info/mkt/2024/30.04.2024.html,2024-04-30,2026-10-07,Sri Lanka,LKR,kg,farm_gate,weekly,9b0b4ea4407dedb23c61931a4ea498ffbd93484d46f083d1114b34799370d830,observed_source_value,7568dc8ce6202553165e
2024-05-07,National,black_pepper,Grade 2,average,1407.5,"Department of Export Agriculture, Sri Lanka - Economic Research Unit",https://exagri.info/mkt/2024/07.05.2024.html,2024-05-07,2026-10-07,Sri Lanka,LKR,kg,farm_gate,weekly,0d78792f56899d3dd91ffd8829c2b8b4e2fd2acc0584a9867d72e03281f59634,observed_source_value,d740bfa33c6e2eea4ab9
2024-05-14,National,black_pepper,Grade 2,average,1362.5,"Department of Export Agriculture, Sri Lanka - Economic Research Unit",https://exagri.info/mkt/2024/14.05.2024.html,2024-05-14,2026-10-07,Sri Lanka,LKR,kg,farm_gate,weekly,374f7cc519ff8aa3507eb3125d5423b7f84c2776034e217501e5cc0fb5f109d6,observed_source_value,b54a7ce0d8dc8c52ba3d
2024-05-21,National,black_pepper,Grade 2,average,1300.0,"Department of Export Agriculture, Sri Lanka - Economic Research Unit",https://exagri.info/mkt/2024/21.05.2024.html,2024-05-21,2026-10-07,Sri Lanka,LKR,kg,farm_gate,weekly,8aab25d6de60186c57e39b5023dde1d8407312e46786c7f9d602e8cef92f96f6,observed_source_value,45fa8dbe06fe01ba3987
2024-05-28,National,black_pepper,Grade 2,average,1425.0,"Department of Export Agriculture, Sri Lanka - Economic Research Unit",https://exagri.info/mkt/2024/28.05.2024.html,2024-05-28,2026-10-07,Sri Lanka,LKR,kg,farm_gate,weekly,7b181ea530267356447821c7e8b019baddaf237df39786c97d97f3aef2b0a667,observed_source_value,5935234077bd251ef0d4
2024-06-04,National,black_pepper,Grade 2,average,1400.0,"Department of Export Agriculture, Sri Lanka - Economic Research Unit",https://exagri.info/mkt/2024/04.06.2024.html,2024-06-04,2026-10-07,Sri Lanka,LKR,kg,farm_gate,weekly,c91438b97d2d8bc5c8e61d725d1bfa233be75b9676aa95c868e945778f239623,observed_source_value,8ce292b87fbfb55656b2
2024-06-11,National,black_pepper,Grade 2,average,1500.0,"Department of Export Agriculture, Sri Lanka - Economic Research Unit",https://exagri.info/mkt/2024/11.06.2024.html,2024-06-11,2026-10-07,Sri Lanka,LKR,kg,farm_gate,weekly,563ffdd4ab809ba2fcf5834e009c6066ba63894090dfdc3b8b78ae5286f0d7fd,observed_source_value,9a2bb6f9f613eefc8ff7
2024-07-02,National,black_pepper,Grade 2,average,1600.0,"Department of Export Agriculture, Sri Lanka - Economic Research Unit",https://exagri.info/mkt/2024/02.07.2024.html,2024-07-02,2026-10-07,Sri Lanka,LKR,kg,farm_gate,weekly,3518040820fed40316c0fc57a2cda7be353896206888a91d4ed52b89dda1b72e,observed_source_value,9ad71bb98aa5c94c409e
2024-07-16,National,black_pepper,Grade 2,average,1600.0,"Department of Export Agriculture, Sri Lanka - Economic Research Unit",https://exagri.info/mkt/2024/16.07.2024.html,2024-07-16,2026-10-07,Sri Lanka,LKR,kg,farm_gate,weekly,3fc1ffb1ba49bc6a825f5d9b143570d2cc6e4f7f8ed3e5ba33c66260571cc30f,observed_source_value,ad0781ce8865c85a1da3
2024-07-23,National,black_pepper,Grade 2,average,1400.0,"Department of Export Agriculture, Sri Lanka - Economic Research Unit",https://exagri.info/mkt/2024/23.07.2024.html,2024-07-23,2026-10-07,Sri Lanka,LKR,kg,farm_gate,weekly,43baff7436725f48b1001450eeb5f52e009847a9e782f5574482b013e682bb12,observed_source_value,b0007eb8d765cef5baae
2024-07-30,National,black_pepper,Grade 2,average,1500.0,"Department of Export Agriculture, Sri Lanka - Economic Research Unit",https://exagri.info/mkt/2024/30.07.2024.html,2024-07-30,2026-10-07,Sri Lanka,LKR,kg,farm_gate,weekly,d608413837d53bdcd253bec639ab23fee5707df1f2c8746e1852284012ec8153,observed_source_value,a139f8c95881dfdce256
2024-08-06,National,black_pepper,Grade 2,average,1616.5,"Department of Export Agriculture, Sri Lanka - Economic Research Unit",https://exagri.info/mkt/2024/06.08.2024.html,2024-08-06,2026-10-07,Sri Lanka,LKR,kg,farm_gate,weekly,21a3ef86b6ec5267c49043f1e99c964df0b345554919a9bf447245ae4f7fb646,observed_source_value,542d19de19a55fc410e0
2024-08-13,National,black_pepper,Grade 2,average,1600.0,"Department of Export Agriculture, Sri Lanka - Economic Research Unit",https://exagri.info/mkt/2024/13.08.2024.html,2024-08-13,2026-10-07,Sri Lanka,LKR,kg,farm_gate,weekly,b0bb77e1982a2eab6f966f20314bc65a4fd9ddb2392110add1ba2ad74aef62c8,observed_source_value,eac590ea814c910d67a7
2024-08-20,National,black_pepper,Grade 2,average,1700.0,"Department of Export Agriculture, Sri Lanka - Economic Research Unit",https://exagri.info/mkt/2024/20.08.2024.html,2024-08-20,2026-10-07,Sri Lanka,LKR,kg,farm_gate,weekly,180f165246730dd5b01b1a85ff3db52167ab37b76ca8c7464ca2a4b76bc950ab,observed_source_value,c0bbb395eb539980beee
2024-08-27,National,black_pepper,Grade 2,average,1750.0,"Department of Export Agriculture, Sri Lanka - Economic Research Unit",https://exagri.info/mkt/2024/27.08.2024.html,2024-08-27,2026-10-07,Sri Lanka,LKR,kg,farm_gate,weekly,93b82e857fdf8c81d14c7d4c8d469dbf3fb54a8e1478b650a7debe4c6f2e7c00,observed_source_value,070dbdfb02b30d01a81f
2024-09-03,National,black_pepper,Grade 2,average,1650.0,"Department of Export Agriculture, Sri Lanka - Economic Research Unit",https://exagri.info/mkt/2024/03.09.2024.html,2024-09-03,2026-10-07,Sri Lanka,LKR,kg,farm_gate,weekly,493bc11f9bad3d9fa3ba136086dcc16101847ede42c98ac631fba04cbee5eed5,observed_source_value,15e25c19a90421c1460d
2024-09-10,National,black_pepper,Grade 2,average,1600.0,"Department of Export Agriculture, Sri Lanka - Economic Research Unit",https://exagri.info/mkt/2024/10.09.2024.html,2024-09-10,2026-10-07,Sri Lanka,LKR,kg,farm_gate,weekly,ee23ad9e6b4d3f38fbc69eea8e30d334dfcdce219ab0e0475b76aa353043c824,observed_source_value,1923f67361f2a8f545c7
2024-09-18,National,black_pepper,Grade 2,average,1600.0,"Department of Export Agriculture, Sri Lanka - Economic Research Unit",https://exagri.info/mkt/2024/18.09.2024.html,2024-09-18,2026-10-07,Sri Lanka,LKR,kg,farm_gate,weekly,76e0907db7b4b3c734e2336daf429b27f8c25508e91fe9a6038caaa8ebc28e1a,observed_source_value,3a9da7880e7d3fedf11c
2024-09-24,National,black_pepper,Grade 2,average,1675.0,"Department of Export Agriculture, Sri Lanka - Economic Research Unit",https://exagri.info/mkt/2024/24.09.2024.html,2024-09-24,2026-10-07,Sri Lanka,LKR,kg,farm_gate,weekly,3756e56e612f09dd03103785e8af1a55f8222edf42b20607f6c9f683fb456747,observed_source_value,8d8c0d3da72dc23b2dc0
2024-10-01,National,black_pepper,Grade 2,average,1575.0,"Department of Export Agriculture, Sri Lanka - Economic Research Unit",https://exagri.info/mkt/2024/01.10.2024.html,2024-10-01,2026-10-07,Sri Lanka,LKR,kg,farm_gate,weekly,c70e1eb72d2aab796d535b3d9d4ff2dda3b8f6bec9320e654e7396ab8aa46a35,observed_source_value,ed6282efc35f45332e34
2024-10-15,National,black_pepper,Grade 2,average,1625.0,"Department of Export Agriculture, Sri Lanka - Economic Research Unit",https://exagri.info/mkt/2024/15.10.2024.html,2024-10-15,2026-10-07,Sri Lanka,LKR,kg,farm_gate,weekly,d8649c7b24bbf4189733e4d601f706e3d9f675a9bde1e03172259e91e9bc6496,observed_source_value,2d46c32161115e5d4336
2024-10-22,National,black_pepper,Grade 2,average,1600.0,"Department of Export Agriculture, Sri Lanka - Economic Research Unit",https://exagri.info/mkt/2024/22.10.2024.html,2024-10-22,2026-10-07,Sri Lanka,LKR,kg,farm_gate,weekly,33133b461b71b5053ff50302e9311e7af004559471fbbb92d0df820d97af8b77,observed_source_value,a57e68dc2e62787a1802
2024-10-29,National,black_pepper,Grade 2,average,1575.0,"Department of Export Agriculture, Sri Lanka - Economic Research Unit",https://exagri.info/mkt/2024/29.10.2024.html,2024-10-29,2026-10-07,Sri Lanka,LKR,kg,farm_gate,weekly,4db31b2420cc432c035885f3b5d64956bc4b386153e18db5a8d83703a553b6bb,observed_source_value,7d221d7f979e1a736490
2024-11-05,National,black_pepper,Grade 2,average,1500.0,"Department of Export Agriculture, Sri Lanka - Economic Research Unit",https://exagri.info/mkt/2024/05.11.2024.html,2024-11-05,2026-10-07,Sri Lanka,LKR,kg,farm_gate,weekly,cacfb050e93b8ba2e7df9f5b75596ff1a270ddccd15dd291488606c787884cc0,observed_source_value,024f6cafb0bfd1d4e359
2024-11-12,National,black_pepper,Grade 2,average,1600.0,"Department of Export Agriculture, Sri Lanka - Economic Research Unit",https://exagri.info/mkt/2024/12.11.2024.html,2024-11-12,2026-10-07,Sri Lanka,LKR,kg,farm_gate,weekly,407e3d86b99def8b684de58b917383a64e0a6685d5b704bfc4b5ed29b6051fc0,observed_source_value,19a2d1da0067cae9a799
2024-11-19,National,black_pepper,Grade 2,average,1650.0,"Department of Export Agriculture, Sri Lanka - Economic Research Unit",https://exagri.info/mkt/2024/19.11.2024.html,2024-11-19,2026-10-07,Sri Lanka,LKR,kg,farm_gate,weekly,ee0d445e1df7e73a5613fa268cb1bd83a360f16619745de9ea4485aa741aaa53,observed_source_value,32e6b3caccd9bb3dc0ed
2024-11-26,National,black_pepper,Grade 2,average,1550.0,"Department of Export Agriculture, Sri Lanka - Economic Research Unit",https://exagri.info/mkt/2024/26.11.2024.html,2024-11-26,2026-10-07,Sri Lanka,LKR,kg,farm_gate,weekly,bdc751060bc3fa1f8eebff61170abba9ebc50693ddf7d9fe65231fa43203e807,observed_source_value,d66db8f111a8ad1d0354
2024-12-03,National,black_pepper,Grade 2,average,1600.0,"Department of Export Agriculture, Sri Lanka - Economic Research Unit",https://exagri.info/mkt/2024/03.12.2024.html,2024-12-03,2026-10-07,Sri Lanka,LKR,kg,farm_gate,weekly,e188de24b66c7d5119bd862686104dcf54490c99850015988b9c7d24e24f93c2,observed_source_value,1e8b5720dd8bd8cdb6eb
2024-12-10,National,black_pepper,Grade 2,average,1600.0,"Department of Export Agriculture, Sri Lanka - Economic Research Unit",https://exagri.info/mkt/2024/10.12.2024.html,2024-12-10,2026-10-07,Sri Lanka,LKR,kg,farm_gate,weekly,648fed64e847522891520a2fc9402c9731bef22545fa9ec6e270c17151c0919e,observed_source_value,941f6e4b2bf3b9cbe8a4
2024-12-17,National,black_pepper,Grade 2,average,1800.0,"Department of Export Agriculture, Sri Lanka - Economic Research Unit",https://exagri.info/mkt/2024/17.12.2024.html,2024-12-17,2026-10-07,Sri Lanka,LKR,kg,farm_gate,weekly,eac502effa3b8e3bd6e67723b8276f903a0ba1137132479418f60d88ba527aaf,observed_source_value,4e993f6482f873eb1093
2024-12-24,National,black_pepper,Grade 2,average,1700.0,"Department of Export Agriculture, Sri Lanka - Economic Research Unit",https://exagri.info/mkt/2024/24.12.2024.html,2024-12-24,2026-10-07,Sri Lanka,LKR,kg,farm_gate,weekly,468f969b54bd032d4394bcb3295e547f25bb597bef37d1ed99dfbc4df7490e6a,observed_source_value,4501d92c4981a0eb07cd
2024-12-31,National,black_pepper,Grade 2,average,1575.0,"Department of Export Agriculture, Sri Lanka - Economic Research Unit",https://exagri.info/mkt/2024/31.12.2024.html,2024-12-31,2026-10-07,Sri Lanka,LKR,kg,farm_gate,weekly,ce30e814ea91b5d9ea8d89c0f4990b338abbeaabd6c4774b0ece7b6cd303e88e,observed_source_value,96f579954310230c8ce0
2025-01-07,National,black_pepper,Grade 2,average,1700.0,"Department of Export Agriculture, Sri Lanka - Economic Research Unit",https://exagri.info/mkt/2025/07.01.2025.html,2025-01-07,2026-10-07,Sri Lanka,LKR,kg,farm_gate,weekly,f39657bda4a04f707da200e714747f735baf6a0c544635b45f0c22f75e1ce06e,observed_source_value,1be8f3f06ff323b50951
2025-01-15,National,black_pepper,Grade 2,average,1750.0,"Department of Export Agriculture, Sri Lanka - Economic Research Unit",https://exagri.info/mkt/2025/15.01.2025.html,2025-01-15,2026-10-07,Sri Lanka,LKR,kg,farm_gate,weekly,44203e91cef14d9a3b5c142e343cdb7f408ed32cc393575414981da90764cd20,observed_source_value,aa5325162e65c38a9f9d
2025-01-21,National,black_pepper,Grade 2,average,1800.0,"Department of Export Agriculture, Sri Lanka - Economic Research Unit",https://exagri.info/mkt/2025/21.01.2025.html,2025-01-21,2026-10-07,Sri Lanka,LKR,kg,farm_gate,weekly,0446e99103005b8c3cdd01d0fbb8633cdc2dd1574c858a3a8b527e7a6884f7f2,observed_source_value,54d03da85c566167d84e
2025-01-28,National,black_pepper,Grade 2,average,1850.0,"Department of Export Agriculture, Sri Lanka - Economic Research Unit",https://exagri.info/mkt/2025/28.01.2025.html,2025-01-28,2026-10-07,Sri Lanka,LKR,kg,farm_gate,weekly,b0824186adcc1cff0f568eda0b1efa5818aff7aef4806104fa47c4ecc171b3d9,observed_source_value,781ea2dee949255e6434
2025-02-05,National,black_pepper,Grade 2,average,1850.0,"Department of Export Agriculture, Sri Lanka - Economic Research Unit",https://exagri.info/mkt/2025/05.02.2025.html,2025-02-05,2026-10-07,Sri Lanka,LKR,kg,farm_gate,weekly,de6e002c0b904985de7f50a69f026a424b0e89f8afa7cc7380cdf7a1bdea8a87,observed_source_value,823dfb24972633300556
2025-02-11,National,black_pepper,Grade 2,average,1700.0,"Department of Export Agriculture, Sri Lanka - Economic Research Unit",https://exagri.info/mkt/2025/11.02.2025.html,2025-02-11,2026-10-07,Sri Lanka,LKR,kg,farm_gate,weekly,f647fc66d01e4ab48a5c5a416586123af6e86feca3284222bcf298b148cb1d3b,observed_source_value,7652d9f6c6723bc1b0e9
2025-02-18,National,black_pepper,Grade 2,average,1800.0,"Department of Export Agriculture, Sri Lanka - Economic Research Unit",https://exagri.info/mkt/2025/18.02.2025.html,2025-02-18,2026-10-07,Sri Lanka,LKR,kg,farm_gate,weekly,bc2c74588807838698d77886e556567ef7b6d646dfb07789873fdd3501010ed3,observed_source_value,cf5fc6f688d0e13bd43e
2025-02-25,National,black_pepper,Grade 2,average,1650.0,"Department of Export Agriculture, Sri Lanka - Economic Research Unit",https://exagri.info/mkt/2025/25.02.2025.html,2025-02-25,2026-10-07,Sri Lanka,LKR,kg,farm_gate,weekly,e5a0638c8217fd30e21e7f9cc0b24f235ef79bc6bf064432f73c40870a9e83c4,observed_source_value,ddc17b507da26371278b
2025-03-04,National,black_pepper,Grade 2,average,1800.0,"Department of Export Agriculture, Sri Lanka - Economic Research Unit",https://exagri.info/mkt/2025/04.03.2025.html,2025-03-04,2026-10-07,Sri Lanka,LKR,kg,farm_gate,weekly,be46d6562241f831f8f75d28e5cf98593cea1f0d4636544fe31352e5d364a634,observed_source_value,8bebe7b5bfec90d7be1a
2025-03-11,National,black_pepper,Grade 2,average,1700.0,"Department of Export Agriculture, Sri Lanka - Economic Research Unit",https://exagri.info/mkt/2025/11.03.2025.html,2025-03-11,2026-10-07,Sri Lanka,LKR,kg,farm_gate,weekly,60155227c77cde5eac4ff313eddfa37c2ca968013e32ccf558d3cabe5c4ae72e,observed_source_value,b8b9f46ffc5334ee0daf
2025-03-18,National,black_pepper,Grade 2,average,1800.0,"Department of Export Agriculture, Sri Lanka - Economic Research Unit",https://exagri.info/mkt/2025/18.03.2025.html,2025-03-18,2026-10-07,Sri Lanka,LKR,kg,farm_gate,weekly,a61f4cedbe9b7984d9855bd5a8a763f5a5585cc70f1c5f0c6f1a79fdd697a248,observed_source_value,4d38e87e07ee86649871
2025-03-25,National,black_pepper,Grade 2,average,1925.0,"Department of Export Agriculture, Sri Lanka - Economic Research Unit",https://exagri.info/mkt/2025/25.03.2025.html,2025-03-25,2026-10-07,Sri Lanka,LKR,kg,farm_gate,weekly,bd5741a060d142d314e2d0049ee5f3e5576a82591c5a0df5d9acbe09ec40981d,observed_source_value,587fe3e410ed1095360c
2025-04-01,National,black_pepper,Grade 2,average,1840.0,"Department of Export Agriculture, Sri Lanka - Economic Research Unit",https://exagri.info/mkt/2025/01.04.2025.html,2025-04-01,2026-10-07,Sri Lanka,LKR,kg,farm_gate,weekly,3807c68afdb3e6db1532178c8f1937de455c941f2bae08b704cc2559312a624f,observed_source_value,9d0a488b8308a7b7cf32
2025-04-08,National,black_pepper,Grade 2,average,1875.0,"Department of Export Agriculture, Sri Lanka - Economic Research Unit",https://exagri.info/mkt/2025/08.04.2025.html,2025-04-08,2026-10-07,Sri Lanka,LKR,kg,farm_gate,weekly,7fcad078f05c6bff5233015bb3357bbd8bc82695404f7466e8a3a1c8269d2f81,observed_source_value,232ee0389ebc15cb43b1
2025-04-22,National,black_pepper,Grade 2,average,1990.0,"Department of Export Agriculture, Sri Lanka - Economic Research Unit",https://exagri.info/mkt/2025/22.04.2025.html,2025-04-22,2026-10-07,Sri Lanka,LKR,kg,farm_gate,weekly,a2d9457ad09e4804911976883313b8db5a9d1c6aa20b24d5376491825fbbc640,observed_source_value,512360cad54f1f79152a
2025-04-29,National,black_pepper,Grade 2,average,2000.0,"Department of Export Agriculture, Sri Lanka - Economic Research Unit",https://exagri.info/mkt/2025/29.04.2025.html,2025-04-29,2026-10-07,Sri Lanka,LKR,kg,farm_gate,weekly,af8f2d3b910054d665d5a3b6cbcaad8a37fa19a5bf5169eb709624436c8d4d77,observed_source_value,63cf57625f161e5d19d9
2025-05-07,National,black_pepper,Grade 2,average,2025.0,"Department of Export Agriculture, Sri Lanka - Economic Research Unit",https://exagri.info/mkt/2025/07.05.2025.html,2025-05-07,2026-10-07,Sri Lanka,LKR,kg,farm_gate,weekly,7c45e6d1f4d99532b71a8e8fbd74c1d29bacc04d17e346fc0f267e6ef900a6ae,observed_source_value,da6d899f88d7501488a2
2025-05-14,National,black_pepper,Grade 2,average,1800.0,"Department of Export Agriculture, Sri Lanka - Economic Research Unit",https://exagri.info/mkt/2025/14.05.2025.html,2025-05-14,2026-10-07,Sri Lanka,LKR,kg,farm_gate,weekly,81892ee78a7917d0d08fe75bb3d0098e7f7a70b0f769a489ef94f044d2d5ae48,observed_source_value,82552fc0ca3b9d99bc86
2025-05-20,National,black_pepper,Grade 2,average,2000.0,"Department of Export Agriculture, Sri Lanka - Economic Research Unit",https://exagri.info/mkt/2025/20.05.2025.html,2025-05-20,2026-10-07,Sri Lanka,LKR,kg,farm_gate,weekly,b90ba31fcf03b66ca575678849bab56236b32bf31dec71d62f645684f231b0dd,observed_source_value,354c54b49c59ecf775cf
2025-05-27,National,black_pepper,Grade 2,average,1900.0,"Department of Export Agriculture, Sri Lanka - Economic Research Unit",https://exagri.info/mkt/2025/27.05.2025.html,2025-05-27,2026-10-07,Sri Lanka,LKR,kg,farm_gate,weekly,68f127c26ab6409c9263980c4fd5878c0c46095f00608e9fbccdf8784ff5b511,observed_source_value,cb955679d5f89727437f
2025-06-03,National,black_pepper,Grade 2,average,1850.0,"Department of Export Agriculture, Sri Lanka - Economic Research Unit",https://exagri.info/mkt/2025/03.06.2025.html,2025-06-03,2026-10-07,Sri Lanka,LKR,kg,farm_gate,weekly,ad8f1631b5cb22e12c0723bd8cc1a30801c5bc9f2d4160892dd2d48e1567b73a,observed_source_value,e0586a3012a0e43b92cf
2025-06-11,National,black_pepper,Grade 2,average,1825.0,"Department of Export Agriculture, Sri Lanka - Economic Research Unit",https://exagri.info/mkt/2025/11.06.2025.html,2025-06-11,2026-10-07,Sri Lanka,LKR,kg,farm_gate,weekly,d1d8ea517796d1fcfd8796d3f3551d370e7c8ad20c5a6f043588da5790497539,observed_source_value,3a23fd7beda23d4e78a2
2025-06-17,National,black_pepper,Grade 2,average,1865.0,"Department of Export Agriculture, Sri Lanka - Economic Research Unit",https://exagri.info/mkt/2025/17.06.2025.html,2025-06-17,2026-10-07,Sri Lanka,LKR,kg,farm_gate,weekly,486b8cdfbad41a3b1340f37c9a4156a198120205949e8f5395fa357dfd7b169b,observed_source_value,9e28744b7772ad49d0f8
2025-06-24,National,black_pepper,Grade 2,average,1800.0,"Department of Export Agriculture, Sri Lanka - Economic Research Unit",https://exagri.info/mkt/2025/24.06.2025.html,2025-06-24,2026-10-07,Sri Lanka,LKR,kg,farm_gate,weekly,3e71bf5db17b2d0e5c76fe31038d568b5bb358806d627c5377513874ede9ca68,observed_source_value,bd2369ecb443ef6c6237
2025-07-01,National,black_pepper,Grade 2,average,1800.0,"Department of Export Agriculture, Sri Lanka - Economic Research Unit",https://exagri.info/mkt/2025/01.07.2025.html,2025-07-01,2026-10-07,Sri Lanka,LKR,kg,farm_gate,weekly,b931a7fd681906257bc160804373fe5a5ee112a8cd2bdbfe4cdafc72ecc750b6,observed_source_value,8c0454a3d9ed614d2249
2025-07-08,National,black_pepper,Grade 2,average,1850.0,"Department of Export Agriculture, Sri Lanka - Economic Research Unit",https://exagri.info/mkt/2025/08.07.2025.html,2025-07-08,2026-10-07,Sri Lanka,LKR,kg,farm_gate,weekly,ecbd959bda5e8c198e1aaef4160271d3ef51f9eeeea1745a3aab545bd25af392,observed_source_value,ad9b716f98fb4d64de83
2025-07-15,National,black_pepper,Grade 2,average,1825.0,"Department of Export Agriculture, Sri Lanka - Economic Research Unit",https://exagri.info/mkt/2025/15.07.2025.html,2025-07-15,2026-10-07,Sri Lanka,LKR,kg,farm_gate,weekly,bd645cd9b36b5026f20cf25574c787752c0630c5e2f632528e0bf427510c4435,observed_source_value,f21133c1955649d1d6be
2025-07-22,National,black_pepper,Grade 2,average,1865.0,"Department of Export Agriculture, Sri Lanka - Economic Research Unit",https://exagri.info/mkt/2025/22.07.2025.html,2025-07-22,2026-10-07,Sri Lanka,LKR,kg,farm_gate,weekly,41b5f52228a0ab4d0984ba243751f350e47c41714426cf1388db9ec7c509d666,observed_source_value,20b98d6ca7362c7c9b5a
2025-07-29,National,black_pepper,Grade 2,average,1875.0,"Department of Export Agriculture, Sri Lanka - Economic Research Unit",https://exagri.info/mkt/2025/29.07.2025.html,2025-07-29,2026-10-07,Sri Lanka,LKR,kg,farm_gate,weekly,26088636980f211434d56e408910389c50683c6b1746b44c13938012456acaa1,observed_source_value,7e68c2b3be648a535c56
2025-08-05,National,black_pepper,Grade 2,average,1865.0,"Department of Export Agriculture, Sri Lanka - Economic Research Unit",https://exagri.info/mkt/2025/05.08.2025.html,2025-08-05,2026-10-07,Sri Lanka,LKR,kg,farm_gate,weekly,642a2e7e1c585e07c611d4763594eb9f2bac77c0d8a7fb6f3d33f9a12c99dc23,observed_source_value,21303067616e185ef139
2025-08-12,National,black_pepper,Grade 2,average,1950.0,"Department of Export Agriculture, Sri Lanka - Economic Research Unit",https://exagri.info/mkt/2025/12.08.2025.html,2025-08-12,2026-10-07,Sri Lanka,LKR,kg,farm_gate,weekly,764a29a46bea709e81ea7776b54ce0a3bfa3be1e7190c0625ab3f8267c40cd1a,observed_source_value,24e67d7d981381b0c145
2025-08-19,National,black_pepper,Grade 2,average,1875.0,"Department of Export Agriculture, Sri Lanka - Economic Research Unit",https://exagri.info/mkt/2025/19.08.2025.html,2025-08-19,2026-10-07,Sri Lanka,LKR,kg,farm_gate,weekly,8fb61180b92f92d0392e8e180c5828843c0daba4e88a9cbbdf9cbfce4131bd6f,observed_source_value,eb9bfece352f607abc08
2025-08-26,National,black_pepper,Grade 2,average,1865.0,"Department of Export Agriculture, Sri Lanka - Economic Research Unit",https://exagri.info/mkt/2025/26.08.2025.html,2025-08-26,2026-10-07,Sri Lanka,LKR,kg,farm_gate,weekly,8bbee80e887c3b442d51f199ba473cd8d50caef838835a582b577b30e75a80be,observed_source_value,1eb15a9b6562c0ccd78d
2025-09-02,National,black_pepper,Grade 2,average,1925.0,"Department of Export Agriculture, Sri Lanka - Economic Research Unit",https://exagri.info/mkt/2025/02.09.2025.html,2025-09-02,2026-10-07,Sri Lanka,LKR,kg,farm_gate,weekly,78e974e237b3b887402a3a0582e99e007fa932d54108406f6276d2bc6da6a0ef,observed_source_value,c14a21f4e2710e0e2c2f
2025-09-09,National,black_pepper,Grade 2,average,1925.0,"Department of Export Agriculture, Sri Lanka - Economic Research Unit",https://exagri.info/mkt/2025/09.09.2025.html,2025-09-09,2026-10-07,Sri Lanka,LKR,kg,farm_gate,weekly,d89f99cb5599d9752e667fd3b8b27a54fbb03ec23fb773bfea61af0c943893c2,observed_source_value,a74e370b9513ebb9dfd3
2025-09-16,National,black_pepper,Grade 2,average,1925.0,"Department of Export Agriculture, Sri Lanka - Economic Research Unit",https://exagri.info/mkt/2025/16.09.2025.html,2025-09-16,2026-10-07,Sri Lanka,LKR,kg,farm_gate,weekly,3fc014f8b001e04ff0e0aee388fe5f0c4ff5e80acb848dd731e6ccf122ab7f96,observed_source_value,0cfe30c0faa1723251c8
2025-09-23,National,black_pepper,Grade 2,average,1890.0,"Department of Export Agriculture, Sri Lanka - Economic Research Unit",https://exagri.info/mkt/2025/23.09.2025.html,2025-09-23,2026-10-07,Sri Lanka,LKR,kg,farm_gate,weekly,995003b198967567dfbae71e689e578d07367f7f3255a78eed9333b1a086a98e,observed_source_value,bf8f66dde9b052ccbb06
2025-09-30,National,black_pepper,Grade 2,average,1880.0,"Department of Export Agriculture, Sri Lanka - Economic Research Unit",https://exagri.info/mkt/2025/30.09.2025.html,2025-09-30,2026-10-07,Sri Lanka,LKR,kg,farm_gate,weekly,55ad15d352b033c92f9eed62653825d51e6c49647c27fd639563e802335a5cbf,observed_source_value,0276716c7627f894d809
2025-10-07,National,black_pepper,Grade 2,average,1925.0,"Department of Export Agriculture, Sri Lanka - Economic Research Unit",https://exagri.info/mkt/2025/07.10.2025.html,2025-10-07,2026-10-07,Sri Lanka,LKR,kg,farm_gate,weekly,7d21535581c108eab4b99a51b94140763d16413c8a6c32ab918b79732c4b5109,observed_source_value,830c06b8a1930f5de049
2025-10-14,National,black_pepper,Grade 2,average,1930.0,"Department of Export Agriculture, Sri Lanka - Economic Research Unit",https://exagri.info/mkt/2025/14.10.2025.html,2025-10-14,2026-10-07,Sri Lanka,LKR,kg,farm_gate,weekly,37fb1ba3b53d98ecb8cef0e03ebd09e396f8fb5566551a30eec2991787919b5d,observed_source_value,6ea9f8b5f927343372e6
2025-10-21,National,black_pepper,Grade 2,average,1930.0,"Department of Export Agriculture, Sri Lanka - Economic Research Unit",https://exagri.info/mkt/2025/21.10.2025.html,2025-10-21,2026-10-07,Sri Lanka,LKR,kg,farm_gate,weekly,e9f55be6836b7dce30dc39df89370d22c1f4822da0162f11f58ddd20c62e7856,observed_source_value,4a786767bfe802915b71
2025-10-28,National,black_pepper,Grade 2,average,1875.0,"Department of Export Agriculture, Sri Lanka - Economic Research Unit",https://exagri.info/mkt/2025/28.10.2025.html,2025-10-28,2026-10-07,Sri Lanka,LKR,kg,farm_gate,weekly,fd4db528ca47be468c675097d02d6579c3f151216e4fdf8db301c87cd8506d37,observed_source_value,ec189fbe32b10f4b2e80
2025-11-04,National,black_pepper,Grade 2,average,1925.0,"Department of Export Agriculture, Sri Lanka - Economic Research Unit",https://exagri.info/mkt/2025/04.11.2025.html,2025-11-04,2026-10-07,Sri Lanka,LKR,kg,farm_gate,weekly,f9bcb85b02a7216f16aec3f25265f0e25d3901651d9a181e81f0d54fa4e82696,observed_source_value,771b5e9bfb1d2e4ce184
2025-11-11,National,black_pepper,Grade 2,average,1850.0,"Department of Export Agriculture, Sri Lanka - Economic Research Unit",https://exagri.info/mkt/2025/11.11.2025.html,2025-11-11,2026-10-07,Sri Lanka,LKR,kg,farm_gate,weekly,a893546510d38dd083bbc1b7b8d9b7d7a1aefee841b9914564e3e830dc0806af,observed_source_value,26bcc314066259a98b51
2025-11-18,National,black_pepper,Grade 2,average,1865.0,"Department of Export Agriculture, Sri Lanka - Economic Research Unit",https://exagri.info/mkt/2025/18.11.2025.html,2025-11-18,2026-10-07,Sri Lanka,LKR,kg,farm_gate,weekly,b279129c4e47298054a0a6310fc0e0e823c596eceb9d9375517822da2242b16e,observed_source_value,52c1fe69d31b7f94ee0e
2025-11-25,National,black_pepper,Grade 2,average,1725.0,"Department of Export Agriculture, Sri Lanka - Economic Research Unit",https://exagri.info/mkt/2025/25.11.2025.html,2025-11-25,2026-10-07,Sri Lanka,LKR,kg,farm_gate,weekly,6ecdf31f7736a83637bc86ae4a66019b32c2ab3ee3504865df10c37c489a81ec,observed_source_value,26a97855e1d8a775f2ad
2025-12-02,National,black_pepper,Grade 2,average,1800.0,"Department of Export Agriculture, Sri Lanka - Economic Research Unit",https://exagri.info/mkt/2025/02.12.2025.html,2025-12-02,2026-10-07,Sri Lanka,LKR,kg,farm_gate,weekly,b804e840eb93d1b64221684bac6cced7a2c6528ca2996c0961dd947422e3c43a,observed_source_value,e1fcf510c0345ff0a4e7
2025-12-09,National,black_pepper,Grade 2,average,1875.0,"Department of Export Agriculture, Sri Lanka - Economic Research Unit",https://exagri.info/mkt/2025/09.12.2025.html,2025-12-09,2026-10-07,Sri Lanka,LKR,kg,farm_gate,weekly,2a499de3b76e887a0f48eab8dea23f90dd476a12c4aaeaefceea22e80a0111b8,observed_source_value,0643f476cab8696a7db7
2025-12-16,National,black_pepper,Grade 2,average,1860.0,"Department of Export Agriculture, Sri Lanka - Economic Research Unit",https://exagri.info/mkt/2025/16.12.2025.html,2025-12-16,2026-10-07,Sri Lanka,LKR,kg,farm_gate,weekly,65d07d472362f69e3afd0f2dec6946e421ba329d45366aafc6c5fadae48fd7ca,observed_source_value,87a025836e8aef900fd6
2025-12-23,National,black_pepper,Grade 2,average,1725.0,"Department of Export Agriculture, Sri Lanka - Economic Research Unit",https://exagri.info/mkt/2025/23.12.2025.html,2025-12-23,2026-10-07,Sri Lanka,LKR,kg,farm_gate,weekly,6e3e34f0332d595b486fd47f440a99d1500cc86fe6959522f974af64699b0d02,observed_source_value,2e5f9747048388f405c9
2025-12-30,National,black_pepper,Grade 2,average,1840.0,"Department of Export Agriculture, Sri Lanka - Economic Research Unit",https://exagri.info/mkt/2025/30.12.2025.html,2025-12-30,2026-10-07,Sri Lanka,LKR,kg,farm_gate,weekly,a752b989dcb0123738e61207a9d12f9c1774d6b1fe2ee1ab4aec65d8c3b36cc3,observed_source_value,ddc2ed48fcbe9d19d599
2026-01-06,National,black_pepper,Grade 2,average,1865.0,"Department of Export Agriculture, Sri Lanka - Economic Research Unit",https://exagri.info/mkt/2026/06.01.2026.html,2026-01-06,2026-10-07,Sri Lanka,LKR,kg,farm_gate,weekly,cedc56d56d1d58787a57d646405ef68ac4d28113484c2b2d95d1b00f9842e708,observed_source_value,e668c6e8c7a5fe55867d
2026-01-13,National,black_pepper,Grade 2,average,1900.0,"Department of Export Agriculture, Sri Lanka - Economic Research Unit",https://exagri.info/mkt/2026/13.01.2026.html,2026-01-13,2026-10-07,Sri Lanka,LKR,kg,farm_gate,weekly,195d4845dc6014d21890f30e0fcffad29e967cea4188d45300b36b046c58fe28,observed_source_value,c8a678f3cd26e690ae8e
2026-01-20,National,black_pepper,Grade 2,average,1930.0,"Department of Export Agriculture, Sri Lanka - Economic Research Unit",https://exagri.info/mkt/2026/20.01.2026.html,2026-01-20,2026-10-07,Sri Lanka,LKR,kg,farm_gate,weekly,4b2e7012e92eaa8dcb027e88292fbe5a20c41d619063d74d98ed4328bb1f710e,observed_source_value,26608ad4f261b33bde94
2026-01-27,National,black_pepper,Grade 2,average,1930.0,"Department of Export Agriculture, Sri Lanka - Economic Research Unit",https://exagri.info/mkt/2026/27.01.2026.html,2026-01-27,2026-10-07,Sri Lanka,LKR,kg,farm_gate,weekly,eb219e7ee788eb8f3d9db23f91cfb993ba480ca7fb59d69945f1723113f9205c,observed_source_value,3b35c415b6a368a408f7
2026-02-03,National,black_pepper,Grade 2,average,1850.0,"Department of Export Agriculture, Sri Lanka - Economic Research Unit",https://exagri.info/mkt/2026/03.02.2026.html,2026-02-03,2026-10-07,Sri Lanka,LKR,kg,farm_gate,weekly,a79c20adf3f9cb8c78220dad82acb99ffd92a206fb062b02dd584e6d8b4a4804,observed_source_value,efc1fbbf37b90b367f97
2026-02-10,National,black_pepper,Grade 2,average,1770.0,"Department of Export Agriculture, Sri Lanka - Economic Research Unit",https://exagri.info/mkt/2026/10.02.2026.html,2026-02-10,2026-10-07,Sri Lanka,LKR,kg,farm_gate,weekly,616e5d04269f0a29cbbd3d099c58b283a4f9c57baa5a12c9fdbb7d85bc3e2846,observed_source_value,379dab93613a11536284
2026-02-17,National,black_pepper,Grade 2,average,1865.0,"Department of Export Agriculture, Sri Lanka - Economic Research Unit",https://exagri.info/mkt/2026/17.02.2026.html,2026-02-17,2026-10-07,Sri Lanka,LKR,kg,farm_gate,weekly,817fc3cab656d69309092db237fa42c6de03b60fef08da454a4f11805d80dffe,observed_source_value,a880e5067a4085259214
2026-02-24,National,black_pepper,Grade 2,average,1650.0,"Department of Export Agriculture, Sri Lanka - Economic Research Unit",https://exagri.info/mkt/2026/24.02.2026.html,2026-02-24,2026-10-07,Sri Lanka,LKR,kg,farm_gate,weekly,8e942e73576d5eac8393b59f13a81be92130c0b1307888cee032c57d8abc744d,observed_source_value,e03312653f3eef150956
2026-03-03,National,black_pepper,Grade 2,average,1900.0,"Department of Export Agriculture, Sri Lanka - Economic Research Unit",https://exagri.info/mkt/2026/03.03.2026.html,2026-03-03,2026-10-07,Sri Lanka,LKR,kg,farm_gate,weekly,9e78104c87db05e16c0a8c341dec1995917935d75d5845f6963a19e37592572e,observed_source_value,160cb44c877243373235
2026-03-10,National,black_pepper,Grade 2,average,1880.0,"Department of Export Agriculture, Sri Lanka - Economic Research Unit",https://exagri.info/mkt/2026/10.03.2026.html,2026-03-10,2026-10-07,Sri Lanka,LKR,kg,farm_gate,weekly,5e05245982bee94bb2c4531951b87f382269e9e8af06f815c864f828a546a79d,observed_source_value,c9def66e80bf69da7395
2026-03-17,National,black_pepper,Grade 2,average,1865.0,"Department of Export Agriculture, Sri Lanka - Economic Research Unit",https://exagri.info/mkt/2026/17.03.2026.html,2026-03-17,2026-10-07,Sri Lanka,LKR,kg,farm_gate,weekly,b82f690a38dd8c60bb77c0f865b8f45b4a14806cd005623aefec258d2eb7ccbc,observed_source_value,5e06b6bc81cca61aae96
2026-03-24,National,black_pepper,Grade 2,average,1775.0,"Department of Export Agriculture, Sri Lanka - Economic Research Unit",https://exagri.info/mkt/2026/24.03.2026.html,2026-03-24,2026-10-07,Sri Lanka,LKR,kg,farm_gate,weekly,b799c517145d7bd99880853082aeba532847d5c5799e47ebd070402c0b6ae7b6,observed_source_value,19a686ca113f9ffdfb5f
2026-03-31,National,black_pepper,Grade 2,average,1785.0,"Department of Export Agriculture, Sri Lanka - Economic Research Unit",https://exagri.info/mkt/2026/31.03.2026.html,2026-03-31,2026-10-07,Sri Lanka,LKR,kg,farm_gate,weekly,90448a3977df58db73fd6cd35462af47af1550c75927deb151732f44bfb6befc,observed_source_value,c8a92b18defb007934ab
2026-04-07,National,black_pepper,Grade 2,average,1775.0,"Department of Export Agriculture, Sri Lanka - Economic Research Unit",https://exagri.info/mkt/2026/07.04.2026.html,2026-04-07,2026-10-07,Sri Lanka,LKR,kg,farm_gate,weekly,63feb7359d0c17135d660b4b8bf798fb19d3f4894ff473b788120e46015e46e4,observed_source_value,4e31369dd6105750de0a
2026-04-21,National,black_pepper,Grade 2,average,1915.0,"Department of Export Agriculture, Sri Lanka - Economic Research Unit",https://exagri.info/mkt/2026/21.04.2026.html,2026-04-21,2026-10-07,Sri Lanka,LKR,kg,farm_gate,weekly,d5bdc774dedfaabc27088b0b9d064ffce1fd14f2a9c08ae8b5a7b8fa68cdaca1,observed_source_value,3891854fa35e648a29ec
2026-04-28,National,black_pepper,Grade 2,average,1940.0,"Department of Export Agriculture, Sri Lanka - Economic Research Unit",https://exagri.info/mkt/2026/28.04.2026.html,2026-04-28,2026-10-07,Sri Lanka,LKR,kg,farm_gate,weekly,c9338f2d36e65ce9e49b93aca4b257520e5c5a37e77b40a49e016105d53dfadd,observed_source_value,1247b9275a77407de18d
2026-05-05,National,black_pepper,Grade 2,average,1930.0,"Department of Export Agriculture, Sri Lanka - Economic Research Unit",https://exagri.info/mkt/2026/05.05.2026.html,2026-05-05,2026-10-07,Sri Lanka,LKR,kg,farm_gate,weekly,49c58dbf286a81b5c25e4c232dbd151ff3bf95fda2f6ea2e6dc5a97f18bb33dd,observed_source_value,ca8c4ab834112276018a
2026-05-12,National,black_pepper,Grade 2,average,1930.0,"Department of Export Agriculture, Sri Lanka - Economic Research Unit",https://exagri.info/mkt/2026/12.05.2026.html,2026-05-12,2026-10-07,Sri Lanka,LKR,kg,farm_gate,weekly,4e6aed0d14b24e7126793412c667c0e54676866d50101fd9b0c01865ec83f622,observed_source_value,c321dbf2a0b03ae0ee50
2026-05-19,National,black_pepper,Grade 2,average,1950.0,"Department of Export Agriculture, Sri Lanka - Economic Research Unit",https://exagri.info/mkt/2026/19.05.2026.html,2026-05-19,2026-10-07,Sri Lanka,LKR,kg,farm_gate,weekly,c8bb19aaae5c6893cceb7d5d4beb436dcfeae5d5ebd2e071d1369c62d5ac6b5a,observed_source_value,d85171df36c178d213a6
2026-05-26,National,black_pepper,Grade 2,average,1950.0,"Department of Export Agriculture, Sri Lanka - Economic Research Unit",https://exagri.info/mkt/2026/26.05.2026.html,2026-05-26,2026-10-07,Sri Lanka,LKR,kg,farm_gate,weekly,a880bdfd6543b7a03e82f7c9fca838f3ed4db889658755ee49afab95d70aafc0,observed_source_value,c0c918e4ad476ab6e097
2026-06-09,National,black_pepper,Grade 2,average,1900.0,"Department of Export Agriculture, Sri Lanka - Economic Research Unit",https://exagri.info/mkt/2026/09.06.2026.html,2026-06-09,2026-10-07,Sri Lanka,LKR,kg,farm_gate,weekly,15b0d657a6bc8b474a4830ac5d9a973fdf20ed0c1b0003ebde2561aa0d17e43d,observed_source_value,486497ec824e05df32e2
2026-06-16,National,black_pepper,Grade 2,average,1800.0,"Department of Export Agriculture, Sri Lanka - Economic Research Unit",https://exagri.info/mkt/2026/16.06.2026.html,2026-06-16,2026-10-07,Sri Lanka,LKR,kg,farm_gate,weekly,32dae81231adcdeb6f628bcdc41a72c561549f5043efe5a541235366eaf41564,observed_source_value,a26f0e41fb781116fa54
2026-06-30,National,black_pepper,Grade 2,average,1800.0,"Department of Export Agriculture, Sri Lanka - Economic Research Unit",https://exagri.info/mkt/2026/30.06.2026.html,2026-06-30,2026-10-07,Sri Lanka,LKR,kg,farm_gate,weekly,7fcecd111c621eec3aa669946ca9e1cfad4df4c35539ccfb4caab8919114fff0,observed_source_value,020eb9f03699edc3308f
2026-07-07,National,black_pepper,Grade 2,average,1800.0,"Department of Export Agriculture, Sri Lanka - Economic Research Unit",https://exagri.info/mkt/2026/07.07.2026.html,2026-07-07,2026-10-07,Sri Lanka,LKR,kg,farm_gate,weekly,273c3270f020e2fcf02d32641aeb774a41d0bf19263fb04d78e6f3472baa458c,observed_source_value,67e247c3ff98abdffb5b
2026-07-14,National,black_pepper,Grade 2,average,1800.0,"Department of Export Agriculture, Sri Lanka - Economic Research Unit",https://exagri.info/mkt/2026/14.07.2026.html,2026-07-14,2026-10-07,Sri Lanka,LKR,kg,farm_gate,weekly,04973049da5c71e87983f2e4ae18156f0ee21006dcf4197dbf7a1bb7660f81e3,observed_source_value,c6b741c039a1874766e5
2026-07-21,National,black_pepper,Grade 2,average,1800.0,"Department of Export Agriculture, Sri Lanka - Economic Research Unit",https://exagri.info/mkt/2026/21.07.2026.html,2026-07-21,2026-10-07,Sri Lanka,LKR,kg,farm_gate,weekly,9c804fc3660e02f33520ddf6f4d2ec84ce2947c13cc25de6ac726b81a88aa96b,observed_source_value,80a7d1801035258c889b
2026-07-28,National,black_pepper,Grade 2,average,1800.0,"Department of Export Agriculture, Sri Lanka - Economic Research Unit",https://exagri.info/mkt/2026/28.07.2026.html,2026-07-28,2026-10-07,Sri Lanka,LKR,kg,farm_gate,weekly,37c418f0559bd7247d511574a90cbae2ef1d49c7cf132f85ffb78e5b455cb8e1,observed_source_value,763a89ba618642814cbb
2026-08-04,National,black_pepper,Grade 2,average,1800.0,"Department of Export Agriculture, Sri Lanka - Economic Research Unit",https://exagri.info/mkt/2026/04.08.2026.html,2026-08-04,2026-10-07,Sri Lanka,LKR,kg,farm_gate,weekly,dbd35258015cb65f709fef733cfcd13f880ff87ea19a8cf6da758c99fc92e310,observed_source_value,a895dfbb2b2b46077d19
2026-08-11,National,black_pepper,Grade 2,average,1800.0,"Department of Export Agriculture, Sri Lanka - Economic Research Unit",https://exagri.info/mkt/2026/11.08.2026.html,2026-08-11,2026-10-07,Sri Lanka,LKR,kg,farm_gate,weekly,5d76cec21e7bb2db9fdd090da940ba4d5b88f0abc9ee289c944261b1af2bd8a0,observed_source_value,d4f3db839809ef6f20be
2026-08-18,National,black_pepper,Grade 2,average,1800.0,"Department of Export Agriculture, Sri Lanka - Economic Research Unit",https://exagri.info/mkt/2026/18.08.2026.html,2026-08-18,2026-10-07,Sri Lanka,LKR,kg,farm_gate,weekly,a8a3d5e9144c1e28a93d93d162e63fa77c11c48e37aff76b73c3362c1d3a4832,observed_source_value,c1678c5a07a15fffbdbc
2026-08-25,National,black_pepper,Grade 2,average,1800.0,"Department of Export Agriculture, Sri Lanka - Economic Research Unit",https://exagri.info/mkt/2026/25.08.2026.html,2026-08-25,2026-10-07,Sri Lanka,LKR,kg,farm_gate,weekly,e7b0d99c930ca4c63a050314090cd8f1273cb034394a2f4308becbc2ee647f07,observed_source_value,c511cd273d885208a4e7
2026-09-01,National,black_pepper,Grade 2,average,1740.0,"Department of Export Agriculture, Sri Lanka - Economic Research Unit",https://exagri.info/mkt/2026/01.09.2026.html,2026-09-01,2026-10-07,Sri Lanka,LKR,kg,farm_gate,weekly,6e209f41624f90b233558777097cd57b40c9a3f3162b6534d0aab042a747ebb3,observed_source_value,178118111f9e8e69bdd0
2026-09-08,National,black_pepper,Grade 2,average,1887.5,"Department of Export Agriculture, Sri Lanka - Economic Research Unit",https://exagri.info/mkt/2026/08.09.2026.html,2026-09-08,2026-10-07,Sri Lanka,LKR,kg,farm_gate,weekly,f4e991e36b3fc9fb3e0756545d7faabadcb627aa0765c4e99b0c4d3f4727adf9,observed_source_value,e0ecea3a1dea9365e332
2026-09-15,National,black_pepper,Grade 2,average,1940.0,"Department of Export Agriculture, Sri Lanka - Economic Research Unit",https://exagri.info/mkt/2026/15.09.2026.html,2026-09-15,2026-10-07,Sri Lanka,LKR,kg,farm_gate,weekly,05c9d474ad60c307adec381e0895f3651e30b161bf5e5a1dff5aa4b31db9d3f6,observed_source_value,5e8f3f9dea1e47ef5d9f
2026-09-29,National,black_pepper,Grade 2,average,1890.0,"Department of Export Agriculture, Sri Lanka - Economic Research Unit",https://exagri.info/mkt/2026/29.09.2026.html,2026-09-29,2026-10-07,Sri Lanka,LKR,kg,farm_gate,weekly,cd17b5f79cbe9444b307acbaf06c4b6c3f6e947c3afeca02123cc424b3fb6a09,observed_source_value,ab65d8bfe31a996be442
