date,market,commodity,grade,price_type,price_lkr_per_kg,source,source_url,source_date,retrieval_date,country,currency,unit,market_level,source_frequency_label,source_page_sha256,observation_status,observation_id,return,log_return,direction,price_lag_1,price_lag_2,return_lag_1,days_since_previous_observation,rolling_price_mean_3,rolling_return_std_3,next_observation_date,target_return_next,target_log_return_next,target_direction_next,days_to_next_observation,g1_g2_spread_lkr_per_kg,g2_g1_ratio,grade_indicator,partition
2016-10-04,National,black_pepper,Grade 1,average,1299.86,"Department of Export Agriculture, Sri Lanka - Economic Research Unit",https://exagri.info/mkt/2016/04.10.2016.html,2016-10-04,2026-10-07,Sri Lanka,LKR,kg,farm_gate,weekly,89222ec8a35c568cb4ef5f109423a433bb6dc13ffd365eb5e807a50c7d7e760f,observed_source_value,d9555d09392d7d067d58,,,,,,,,,,2016-10-11,0.01578631544935627,0.01566300759644524,UP,7.0,103.3599999999999,0.9204837444032435,0,TRAIN
2016-10-04,National,black_pepper,Grade 2,average,1196.5,"Department of Export Agriculture, Sri Lanka - Economic Research Unit",https://exagri.info/mkt/2016/04.10.2016.html,2016-10-04,2026-10-07,Sri Lanka,LKR,kg,farm_gate,weekly,89222ec8a35c568cb4ef5f109423a433bb6dc13ffd365eb5e807a50c7d7e760f,observed_source_value,1d84e28947144b16c8ad,,,,,,,,,,2016-10-11,0.02298370246552439,0.022723555723843325,UP,7.0,103.3599999999999,0.9204837444032435,1,TRAIN
2016-10-11,National,black_pepper,Grade 1,average,1320.38,"Department of Export Agriculture, Sri Lanka - Economic Research Unit",https://exagri.info/mkt/2016/11.10.2016.html,2016-10-11,2026-10-07,Sri Lanka,LKR,kg,farm_gate,weekly,968cc0dfd95b6c172c67e3f4943c12b7bb1ab592a551e5376b79b4b56ab7504c,observed_source_value,3f8452eee15b0763b774,0.01578631544935627,0.01566300759644524,UP,1299.86,,,7.0,,,2016-10-18,0.004907678092670231,0.004895674697054555,UP,7.0,96.38000000000011,0.9270058619488328,0,TRAIN
2016-10-11,National,black_pepper,Grade 2,average,1224.0,"Department of Export Agriculture, Sri Lanka - Economic Research Unit",https://exagri.info/mkt/2016/11.10.2016.html,2016-10-11,2026-10-07,Sri Lanka,LKR,kg,farm_gate,weekly,968cc0dfd95b6c172c67e3f4943c12b7bb1ab592a551e5376b79b4b56ab7504c,observed_source_value,110dfaa13adf7e91ca4a,0.02298370246552439,0.022723555723843325,UP,1196.5,,,7.0,,,2016-10-18,0.030228758169934533,0.029780872892648063,UP,7.0,96.38000000000011,0.9270058619488328,1,TRAIN
2016-10-18,National,black_pepper,Grade 1,average,1326.86,"Department of Export Agriculture, Sri Lanka - Economic Research Unit",https://exagri.info/mkt/2016/18.10.2016.html,2016-10-18,2026-10-07,Sri Lanka,LKR,kg,farm_gate,weekly,68971a965c303bb0837afa3b8d1b725d923c4acd7c49095b7791ef27371abd81,observed_source_value,6f39e5c6854903ec2bc7,0.004907678092670231,0.004895674697054555,UP,1320.38,1299.86,0.01578631544935627,7.0,1315.7,,2016-10-25,-0.002803611533997441,-0.0028075490139790778,DOWN,7.0,65.8599999999999,0.9503640173040111,0,TRAIN
2016-10-18,National,black_pepper,Grade 2,average,1261.0,"Department of Export Agriculture, Sri Lanka - Economic Research Unit",https://exagri.info/mkt/2016/18.10.2016.html,2016-10-18,2026-10-07,Sri Lanka,LKR,kg,farm_gate,weekly,68971a965c303bb0837afa3b8d1b725d923c4acd7c49095b7791ef27371abd81,observed_source_value,b54f2c3199c171bbfcce,0.030228758169934533,0.029780872892648063,UP,1224.0,1196.5,0.02298370246552439,7.0,1227.1666666666667,,2016-10-25,0.027755749405233843,0.027377540947300348,UP,7.0,65.8599999999999,0.9503640173040111,1,TRAIN
2016-10-25,National,black_pepper,Grade 1,average,1323.14,"Department of Export Agriculture, Sri Lanka - Economic Research Unit",https://exagri.info/mkt/2016/25.10.2016.html,2016-10-25,2026-10-07,Sri Lanka,LKR,kg,farm_gate,weekly,3e45e8ce172dcaa0fcdd3d630e7f7857c95847dccd161b2c1d0c24ba53a347a9,observed_source_value,c600736a2e1a78db2d06,-0.002803611533997441,-0.0028075490139790778,DOWN,1326.86,1320.38,0.004907678092670231,7.0,1323.46,0.00933982622689041,2016-11-01,0.00024184893510881267,0.00024181969436957212,UP,7.0,27.1400000000001,0.9794881871910757,0,TRAIN
2016-10-25,National,black_pepper,Grade 2,average,1296.0,"Department of Export Agriculture, Sri Lanka - Economic Research Unit",https://exagri.info/mkt/2016/25.10.2016.html,2016-10-25,2026-10-07,Sri Lanka,LKR,kg,farm_gate,weekly,3e45e8ce172dcaa0fcdd3d630e7f7857c95847dccd161b2c1d0c24ba53a347a9,observed_source_value,5dc1c9128b003cc27580,0.027755749405233843,0.027377540947300348,UP,1261.0,1224.0,0.030228758169934533,7.0,1260.3333333333333,0.0036828213031380053,2016-11-01,-0.0092592592592593,-0.009302392662313561,DOWN,7.0,27.1400000000001,0.9794881871910757,1,TRAIN
2016-11-01,National,black_pepper,Grade 1,average,1323.46,"Department of Export Agriculture, Sri Lanka - Economic Research Unit",https://exagri.info/mkt/2016/01.11.2016.html,2016-11-01,2026-10-07,Sri Lanka,LKR,kg,farm_gate,weekly,0a566b42a5e25756e090d2e7b2e154cdd630de6951da215dbb07739af114dd41,observed_source_value,67940bc75105f7e9e2a9,0.00024184893510881267,0.00024181969436957212,UP,1323.14,1326.86,-0.002803611533997441,7.0,1324.4866666666667,0.003883915097398319,2016-11-08,0.008122648209994976,0.008089837058900349,UP,7.0,39.460000000000036,0.9701842141054509,0,TRAIN
2016-11-01,National,black_pepper,Grade 2,average,1284.0,"Department of Export Agriculture, Sri Lanka - Economic Research Unit",https://exagri.info/mkt/2016/01.11.2016.html,2016-11-01,2026-10-07,Sri Lanka,LKR,kg,farm_gate,weekly,0a566b42a5e25756e090d2e7b2e154cdd630de6951da215dbb07739af114dd41,observed_source_value,16a390f5a0c2bcd9e78c,-0.0092592592592593,-0.009302392662313561,DOWN,1296.0,1261.0,0.027755749405233843,7.0,1280.3333333333333,0.02211910998537654,2016-11-08,0.015576323987538832,0.015456258236691672,UP,7.0,39.460000000000036,0.9701842141054509,1,TRAIN
2016-11-08,National,black_pepper,Grade 1,average,1334.21,"Department of Export Agriculture, Sri Lanka - Economic Research Unit",https://exagri.info/mkt/2016/08.11.2016.html,2016-11-08,2026-10-07,Sri Lanka,LKR,kg,farm_gate,weekly,8a49437fa0821d34d38791fe19b8ad74c1bb4c164a836d7a8ce188dd3dc5bfa5,observed_source_value,3190f97514cdefb5305d,0.008122648209994976,0.008089837058900349,UP,1323.46,1323.14,0.00024184893510881267,7.0,1326.9366666666667,0.0056386313155044445,2016-11-15,-0.003747535995083262,-0.0037545756010551367,DOWN,7.0,30.210000000000036,0.9773573875177071,0,TRAIN
2016-11-08,National,black_pepper,Grade 2,average,1304.0,"Department of Export Agriculture, Sri Lanka - Economic Research Unit",https://exagri.info/mkt/2016/08.11.2016.html,2016-11-08,2026-10-07,Sri Lanka,LKR,kg,farm_gate,weekly,8a49437fa0821d34d38791fe19b8ad74c1bb4c164a836d7a8ce188dd3dc5bfa5,observed_source_value,f822fd5bdd426d21b815,0.015576323987538832,0.015456258236691672,UP,1284.0,1296.0,-0.0092592592592593,7.0,1294.6666666666667,0.018864673621818186,2016-11-15,-0.01048312883435587,-0.010538463892202383,DOWN,7.0,30.210000000000036,0.9773573875177071,1,TRAIN
2016-11-15,National,black_pepper,Grade 1,average,1329.21,"Department of Export Agriculture, Sri Lanka - Economic Research Unit",https://exagri.info/mkt/2016/15.11.2016.html,2016-11-15,2026-10-07,Sri Lanka,LKR,kg,farm_gate,weekly,f98ce675c0a9aaa06a486b2a9003977c24ed98394647552e3e390aa4a73bf82b,observed_source_value,a9d5ee932a652c120205,-0.003747535995083262,-0.0037545756010551367,DOWN,1334.21,1323.46,0.008122648209994976,7.0,1328.96,0.006040467178328438,2016-11-22,0.004784796984675044,0.004773386227876111,UP,7.0,38.88000000000011,0.9707495429616086,0,TRAIN
2016-11-15,National,black_pepper,Grade 2,average,1290.33,"Department of Export Agriculture, Sri Lanka - Economic Research Unit",https://exagri.info/mkt/2016/15.11.2016.html,2016-11-15,2026-10-07,Sri Lanka,LKR,kg,farm_gate,weekly,f98ce675c0a9aaa06a486b2a9003977c24ed98394647552e3e390aa4a73bf82b,observed_source_value,4e50451feaae6cb3610c,-0.01048312883435587,-0.010538463892202383,DOWN,1304.0,1284.0,0.015576323987538832,7.0,1292.7766666666666,0.0147048695637536,2016-11-22,-0.009749443940697322,-0.009797280946006955,DOWN,7.0,38.88000000000011,0.9707495429616086,1,TRAIN
2016-11-22,National,black_pepper,Grade 1,average,1335.57,"Department of Export Agriculture, Sri Lanka - Economic Research Unit",https://exagri.info/mkt/2016/22.11.2016.html,2016-11-22,2026-10-07,Sri Lanka,LKR,kg,farm_gate,weekly,5360b589494a9e412ff806fd870c13061accabf6feaf6f4eb06bf3ce408fe931,observed_source_value,ee05765fe11135ad7f0d,0.004784796984675044,0.004773386227876111,UP,1329.21,1334.21,-0.003747535995083262,7.0,1332.9966666666667,0.006121590614950902,2016-11-29,-0.0053235697118083625,-0.005337790401388612,DOWN,7.0,57.819999999999936,0.9567076229624805,0,TRAIN
2016-11-22,National,black_pepper,Grade 2,average,1277.75,"Department of Export Agriculture, Sri Lanka - Economic Research Unit",https://exagri.info/mkt/2016/22.11.2016.html,2016-11-22,2026-10-07,Sri Lanka,LKR,kg,farm_gate,weekly,5360b589494a9e412ff806fd870c13061accabf6feaf6f4eb06bf3ce408fe931,observed_source_value,25dcca102476133d4866,-0.009749443940697322,-0.009797280946006955,DOWN,1290.33,1304.0,-0.01048312883435587,7.0,1290.6933333333334,0.014838170911844292,2016-11-29,0.0732381138720406,0.07068035316909367,UP,7.0,57.819999999999936,0.9567076229624805,1,TRAIN
2016-11-29,National,black_pepper,Grade 1,average,1328.46,"Department of Export Agriculture, Sri Lanka - Economic Research Unit",https://exagri.info/mkt/2016/29.11.2016.html,2016-11-29,2026-10-07,Sri Lanka,LKR,kg,farm_gate,weekly,b0996e770173a4a43b3b3f5b1ca8c40102966b5e78c0ad519eff3df7a3c596ce,observed_source_value,4a6d38a27e6a7c6448d9,-0.0053235697118083625,-0.005337790401388612,DOWN,1335.57,1329.21,0.004784796984675044,7.0,1331.08,0.005438499572864747,2016-12-06,-0.030079942188699693,-0.03054162550850602,DOWN,7.0,-42.86999999999989,1.032270448489228,0,TRAIN
2016-11-29,National,black_pepper,Grade 2,average,1371.33,"Department of Export Agriculture, Sri Lanka - Economic Research Unit",https://exagri.info/mkt/2016/29.11.2016.html,2016-11-29,2026-10-07,Sri Lanka,LKR,kg,farm_gate,weekly,b0996e770173a4a43b3b3f5b1ca8c40102966b5e78c0ad519eff3df7a3c596ce,observed_source_value,44ec3e5c5a8b55e51a66,0.0732381138720406,0.07068035316909367,UP,1277.75,1290.33,-0.009749443940697322,7.0,1313.1366666666665,0.048126083581825366,2016-12-06,-0.09600898397905677,-0.10093585666927316,DOWN,7.0,-42.86999999999989,1.032270448489228,1,TRAIN
2016-12-06,National,black_pepper,Grade 1,average,1288.5,"Department of Export Agriculture, Sri Lanka - Economic Research Unit",https://exagri.info/mkt/2016/06.12.2016.html,2016-12-06,2026-10-07,Sri Lanka,LKR,kg,farm_gate,weekly,e5d7e2bf33f1ae42189a797ed0c22b4f068e578a6dc16fc25f8083ae225e4270,observed_source_value,91e66a9ecccb48d045e2,-0.030079942188699693,-0.03054162550850602,DOWN,1328.46,1335.57,-0.0053235697118083625,7.0,1317.51,0.017937888639750814,2016-12-14,-0.051726814124951614,-0.05311264748606154,DOWN,8.0,48.82999999999993,0.9621032207993792,0,TRAIN
2016-12-06,National,black_pepper,Grade 2,average,1239.67,"Department of Export Agriculture, Sri Lanka - Economic Research Unit",https://exagri.info/mkt/2016/06.12.2016.html,2016-12-06,2026-10-07,Sri Lanka,LKR,kg,farm_gate,weekly,e5d7e2bf33f1ae42189a797ed0c22b4f068e578a6dc16fc25f8083ae225e4270,observed_source_value,18f670ee5ac8d8e410f5,-0.09600898397905677,-0.10093585666927316,DOWN,1371.33,1277.75,0.0732381138720406,7.0,1296.25,0.08462882008154865,2016-12-14,-0.03280711802334502,-0.03335733912069534,DOWN,8.0,48.82999999999993,0.9621032207993792,1,TRAIN
2016-12-14,National,black_pepper,Grade 1,average,1221.85,"Department of Export Agriculture, Sri Lanka - Economic Research Unit",https://exagri.info/mkt/2016/14.12.2016.html,2016-12-14,2026-10-07,Sri Lanka,LKR,kg,farm_gate,weekly,bc4b6004d7ce7a051518881e114c62e4203ae2bc2f97390812060ba8c78bed6f,observed_source_value,d74c33d3c2a033e31ab8,-0.051726814124951614,-0.05311264748606154,DOWN,1288.5,1328.46,-0.030079942188699693,8.0,1279.6033333333332,0.023218979789908167,2016-12-20,-0.054826697221426524,-0.0563869791184594,DOWN,6.0,22.84999999999991,0.98129885010435,0,TRAIN
2016-12-14,National,black_pepper,Grade 2,average,1199.0,"Department of Export Agriculture, Sri Lanka - Economic Research Unit",https://exagri.info/mkt/2016/14.12.2016.html,2016-12-14,2026-10-07,Sri Lanka,LKR,kg,farm_gate,weekly,bc4b6004d7ce7a051518881e114c62e4203ae2bc2f97390812060ba8c78bed6f,observed_source_value,527a4e487a436ffe63d3,-0.03280711802334502,-0.03335733912069534,DOWN,1239.67,1371.33,-0.09600898397905677,8.0,1270.0,0.08552255764713854,2016-12-20,-0.05004170141784825,-0.05133719158033215,DOWN,6.0,22.84999999999991,0.98129885010435,1,TRAIN
2016-12-20,National,black_pepper,Grade 1,average,1154.86,"Department of Export Agriculture, Sri Lanka - Economic Research Unit",https://exagri.info/mkt/2016/20.12.2016.html,2016-12-20,2026-10-07,Sri Lanka,LKR,kg,farm_gate,weekly,6e443448297f8591c711685c40657165f8df91b19db0ead9484dfd1d1c0bf395,observed_source_value,624448f26ba02276bf31,-0.054826697221426524,-0.0563869791184594,DOWN,1221.85,1288.5,-0.051726814124951614,6.0,1221.7366666666667,0.013482075906464927,2016-12-24,-0.4826905425765894,-0.6591140198598511,DOWN,4.0,15.8599999999999,0.9862667336300505,0,TRAIN
2016-12-20,National,black_pepper,Grade 2,average,1139.0,"Department of Export Agriculture, Sri Lanka - Economic Research Unit",https://exagri.info/mkt/2016/20.12.2016.html,2016-12-20,2026-10-07,Sri Lanka,LKR,kg,farm_gate,weekly,6e443448297f8591c711685c40657165f8df91b19db0ead9484dfd1d1c0bf395,observed_source_value,5ea44ccd0a30d49bc739,-0.05004170141784825,-0.05133719158033215,DOWN,1199.0,1239.67,-0.03280711802334502,6.0,1192.5566666666666,0.03267133756859835,2016-12-24,-0.471027216856892,-0.636818298082372,DOWN,4.0,15.8599999999999,0.9862667336300505,1,TRAIN
2016-12-24,National,black_pepper,Grade 1,average,597.42,"Department of Export Agriculture, Sri Lanka - Economic Research Unit",https://exagri.info/mkt/2018/24.12.2016.html,2016-12-24,2026-10-07,Sri Lanka,LKR,kg,farm_gate,weekly,e3e5783de0d58fcd92073a30c010094b33908f7f9c7f78de55ab5671b758d661,observed_source_value,51bb705e3b06ab8d9a7a,-0.4826905425765894,-0.6591140198598511,DOWN,1154.86,1221.85,-0.054826697221426524,4.0,991.3766666666666,0.24792701032032777,2016-12-27,0.9061464296474844,0.6450836279093438,UP,3.0,-5.080000000000041,1.0085032305580663,0,TRAIN
2016-12-24,National,black_pepper,Grade 2,average,602.5,"Department of Export Agriculture, Sri Lanka - Economic Research Unit",https://exagri.info/mkt/2018/24.12.2016.html,2016-12-24,2026-10-07,Sri Lanka,LKR,kg,farm_gate,weekly,e3e5783de0d58fcd92073a30c010094b33908f7f9c7f78de55ab5671b758d661,observed_source_value,fc0b320991bbbd8c6f26,-0.471027216856892,-0.636818298082372,DOWN,1139.0,1199.0,-0.05004170141784825,4.0,980.1666666666666,0.24818094544637626,2016-12-27,0.7078838174273858,0.5352550704692395,UP,3.0,-5.080000000000041,1.0085032305580663,1,TRAIN
2016-12-27,National,black_pepper,Grade 1,average,1138.77,"Department of Export Agriculture, Sri Lanka - Economic Research Unit",https://exagri.info/mkt/2016/27.12.2016.html,2016-12-27,2026-10-07,Sri Lanka,LKR,kg,farm_gate,weekly,a336c1ae5340b3990796924a85ca090e964572395783a32f975f154191feb6c6,observed_source_value,4794e78f26dfc0ad94f3,0.9061464296474844,0.6450836279093438,UP,597.42,1154.86,-0.4826905425765894,3.0,963.6833333333333,0.7112670567542184,2017-01-03,-0.020434328266462964,-0.020645997664804506,DOWN,7.0,109.76999999999998,0.9036065228272611,0,TRAIN
2016-12-27,National,black_pepper,Grade 2,average,1029.0,"Department of Export Agriculture, Sri Lanka - Economic Research Unit",https://exagri.info/mkt/2016/27.12.2016.html,2016-12-27,2026-10-07,Sri Lanka,LKR,kg,farm_gate,weekly,a336c1ae5340b3990796924a85ca090e964572395783a32f975f154191feb6c6,observed_source_value,823788528fa40edb3f34,0.7078838174273858,0.5352550704692395,UP,602.5,1139.0,-0.471027216856892,3.0,923.5,0.5974265816934496,2017-01-03,0.04130223517978626,0.04047207907958216,UP,7.0,109.76999999999998,0.9036065228272611,1,TRAIN
2017-01-03,National,black_pepper,Grade 1,average,1115.5,"Department of Export Agriculture, Sri Lanka - Economic Research Unit",https://exagri.info/mkt/2017/03.01.2017.html,2017-01-03,2026-10-07,Sri Lanka,LKR,kg,farm_gate,weekly,7390de1604686fdadefa5f339b3ab4bedb52fd3812d9542b8e1037dd5837206f,observed_source_value,5973f33966ac4647a601,-0.020434328266462964,-0.020645997664804506,DOWN,1138.77,597.42,0.9061464296474844,7.0,950.5633333333332,0.7072365049992408,2017-01-10,-0.005056028686687641,-0.005068853646902273,DOWN,7.0,44.0,0.9605558045719408,0,TRAIN
2017-01-03,National,black_pepper,Grade 2,average,1071.5,"Department of Export Agriculture, Sri Lanka - Economic Research Unit",https://exagri.info/mkt/2017/03.01.2017.html,2017-01-03,2026-10-07,Sri Lanka,LKR,kg,farm_gate,weekly,7390de1604686fdadefa5f339b3ab4bedb52fd3812d9542b8e1037dd5837206f,observed_source_value,ab994a69d2624f0855d5,0.04130223517978626,0.04047207907958216,UP,1029.0,602.5,0.7078838174273858,7.0,901.0,0.5911350240530417,2017-01-10,-0.013999066728884735,-0.014097977857520313,DOWN,7.0,44.0,0.9605558045719408,1,TRAIN
2017-01-10,National,black_pepper,Grade 1,average,1109.86,"Department of Export Agriculture, Sri Lanka - Economic Research Unit",https://exagri.info/mkt/2017/10.01.2017.html,2017-01-10,2026-10-07,Sri Lanka,LKR,kg,farm_gate,weekly,ba4112f76f13b684dbec67a9b4179cb40a600dea6d37466d127f3d191f22e90f,observed_source_value,0f86312bad04975008f9,-0.005056028686687641,-0.005068853646902273,DOWN,1115.5,1138.77,-0.020434328266462964,7.0,1121.3766666666666,0.5305780359049599,2017-01-17,0.00136954210440976,0.001368605137001865,UP,7.0,53.3599999999999,0.9519218640188853,0,TRAIN
2017-01-10,National,black_pepper,Grade 2,average,1056.5,"Department of Export Agriculture, Sri Lanka - Economic Research Unit",https://exagri.info/mkt/2017/10.01.2017.html,2017-01-10,2026-10-07,Sri Lanka,LKR,kg,farm_gate,weekly,ba4112f76f13b684dbec67a9b4179cb40a600dea6d37466d127f3d191f22e90f,observed_source_value,0303406cf4a63ebbe813,-0.013999066728884735,-0.014097977857520313,DOWN,1071.5,1029.0,0.04130223517978626,7.0,1052.3333333333333,0.4017677891150315,2017-01-17,-0.028868906767628988,-0.02929381132539657,DOWN,7.0,53.3599999999999,0.9519218640188853,1,TRAIN
2017-01-17,National,black_pepper,Grade 1,average,1111.38,"Department of Export Agriculture, Sri Lanka - Economic Research Unit",https://exagri.info/mkt/2017/17.01.2017.html,2017-01-17,2026-10-07,Sri Lanka,LKR,kg,farm_gate,weekly,4158dbd17b04d9ac6880399511c9f0d8ead3c489c617a942ad28688b6dc0d6ef,observed_source_value,3a673513ed5187a382dd,0.00136954210440976,0.001368605137001865,UP,1109.86,1115.5,-0.005056028686687641,7.0,1112.2466666666667,0.011204082746233295,2017-01-24,-0.006253486656229268,-0.006273121604635293,DOWN,7.0,85.38000000000011,0.9231765912649138,0,TRAIN
2017-01-17,National,black_pepper,Grade 2,average,1026.0,"Department of Export Agriculture, Sri Lanka - Economic Research Unit",https://exagri.info/mkt/2017/17.01.2017.html,2017-01-17,2026-10-07,Sri Lanka,LKR,kg,farm_gate,weekly,4158dbd17b04d9ac6880399511c9f0d8ead3c489c617a942ad28688b6dc0d6ef,observed_source_value,966260a64b6a9d60ce1a,-0.028868906767628988,-0.02929381132539657,DOWN,1056.5,1071.5,-0.013999066728884735,7.0,1051.3333333333333,0.036975972598828455,2017-01-24,-0.012183235867446407,-0.012258059838660131,DOWN,7.0,85.38000000000011,0.9231765912649138,1,TRAIN
2017-01-24,National,black_pepper,Grade 1,average,1104.43,"Department of Export Agriculture, Sri Lanka - Economic Research Unit",https://exagri.info/mkt/2017/24.01.2017.html,2017-01-24,2026-10-07,Sri Lanka,LKR,kg,farm_gate,weekly,a3532b5a16dad19062fa05e542d922c4408b474d69f340fadc957669b4ed75e5,observed_source_value,ac1038710c41c996c735,-0.006253486656229268,-0.006273121604635293,DOWN,1111.38,1109.86,0.00136954210440976,7.0,1108.5566666666666,0.004099439658170126,2017-01-31,0.0022002299828869365,0.0021978130214961506,UP,7.0,90.93000000000006,0.9176679373070271,0,TRAIN
2017-01-24,National,black_pepper,Grade 2,average,1013.5,"Department of Export Agriculture, Sri Lanka - Economic Research Unit",https://exagri.info/mkt/2017/24.01.2017.html,2017-01-24,2026-10-07,Sri Lanka,LKR,kg,farm_gate,weekly,a3532b5a16dad19062fa05e542d922c4408b474d69f340fadc957669b4ed75e5,observed_source_value,6f05afca81bf3666e44d,-0.012183235867446407,-0.012258059838660131,DOWN,1026.0,1056.5,-0.028868906767628988,7.0,1032.0,0.009154425140190901,2017-01-31,0.038648248643315286,0.03792010681152411,UP,7.0,90.93000000000006,0.9176679373070271,1,TRAIN
2017-01-31,National,black_pepper,Grade 1,average,1106.86,"Department of Export Agriculture, Sri Lanka - Economic Research Unit",https://exagri.info/mkt/2017/31.01.2017.html,2017-01-31,2026-10-07,Sri Lanka,LKR,kg,farm_gate,weekly,acd9ca8b40a1ebf72bd6af49f451bef3dc679492dc8642d19c464197de6bf541,observed_source_value,7945733b83d859823c4a,0.0022002299828869365,0.0021978130214961506,UP,1104.43,1111.38,-0.006253486656229268,7.0,1107.5566666666666,0.004659505246474956,2017-02-07,0.006324196375331992,0.006304282560585873,UP,7.0,54.18999999999983,0.9510416854886798,0,TRAIN
2017-01-31,National,black_pepper,Grade 2,average,1052.67,"Department of Export Agriculture, Sri Lanka - Economic Research Unit",https://exagri.info/mkt/2017/31.01.2017.html,2017-01-31,2026-10-07,Sri Lanka,LKR,kg,farm_gate,weekly,acd9ca8b40a1ebf72bd6af49f451bef3dc679492dc8642d19c464197de6bf541,observed_source_value,38bc99bbc47fdc682704,0.038648248643315286,0.03792010681152411,UP,1013.5,1026.0,-0.012183235867446407,7.0,1030.7233333333334,0.03516820937945321,2017-02-07,0.006488263178394016,0.006467305004774993,UP,7.0,54.18999999999983,0.9510416854886798,1,TRAIN
2017-02-07,National,black_pepper,Grade 1,average,1113.86,"Department of Export Agriculture, Sri Lanka - Economic Research Unit",https://exagri.info/mkt/2017/07.02.2017.html,2017-02-07,2026-10-07,Sri Lanka,LKR,kg,farm_gate,weekly,6c443dcab9f78e08e99a843e5e3000f2dc4a5e28c406089db55f093ab0952d3c,observed_source_value,e9e882575da59c4d3a5e,0.006324196375331992,0.006304282560585873,UP,1106.86,1104.43,0.0022002299828869365,7.0,1108.3833333333332,0.006411844953716891,2017-02-14,0.010064101413103987,0.010013795584886905,UP,7.0,54.3599999999999,0.9511967392670534,0,TRAIN
2017-02-07,National,black_pepper,Grade 2,average,1059.5,"Department of Export Agriculture, Sri Lanka - Economic Research Unit",https://exagri.info/mkt/2017/07.02.2017.html,2017-02-07,2026-10-07,Sri Lanka,LKR,kg,farm_gate,weekly,6c443dcab9f78e08e99a843e5e3000f2dc4a5e28c406089db55f093ab0952d3c,observed_source_value,aadd521a68c370bc219a,0.006488263178394016,0.006467305004774993,UP,1052.67,1013.5,0.038648248643315286,7.0,1041.89,0.025712284221393503,2017-02-14,-0.011798017932987293,-0.01186816683781694,DOWN,7.0,54.3599999999999,0.9511967392670534,1,TRAIN
2017-02-14,National,black_pepper,Grade 1,average,1125.07,"Department of Export Agriculture, Sri Lanka - Economic Research Unit",https://exagri.info/mkt/2017/14.02.2017.html,2017-02-14,2026-10-07,Sri Lanka,LKR,kg,farm_gate,weekly,5f3be1bb24e7f45216b8b42841823b8bac822e3eb33d5531d71883199bcaf118,observed_source_value,cc24061a71d2df4663d3,0.010064101413103987,0.010013795584886905,UP,1113.86,1106.86,0.006324196375331992,7.0,1115.263333333333,0.003933498493043955,2017-02-21,0.007235105371221406,0.007209057560000911,UP,7.0,78.06999999999994,0.930608762121468,0,TRAIN
2017-02-14,National,black_pepper,Grade 2,average,1047.0,"Department of Export Agriculture, Sri Lanka - Economic Research Unit",https://exagri.info/mkt/2017/14.02.2017.html,2017-02-14,2026-10-07,Sri Lanka,LKR,kg,farm_gate,weekly,5f3be1bb24e7f45216b8b42841823b8bac822e3eb33d5531d71883199bcaf118,observed_source_value,1df3c8addf329e7dcd08,-0.011798017932987293,-0.01186816683781694,DOWN,1059.5,1052.67,0.006488263178394016,7.0,1053.0566666666666,0.025539115599003376,2017-02-21,0.03772683858643755,0.03703258882594758,UP,7.0,78.06999999999994,0.930608762121468,1,TRAIN
2017-02-21,National,black_pepper,Grade 1,average,1133.21,"Department of Export Agriculture, Sri Lanka - Economic Research Unit",https://exagri.info/mkt/2017/21.02.2017.html,2017-02-21,2026-10-07,Sri Lanka,LKR,kg,farm_gate,weekly,b7993a64bc2482eeb68d9e2ea7e50c5949a92785eedcf05d8a74958ef1ba7841,observed_source_value,d6fdd67434f49850002b,0.007235105371221406,0.007209057560000911,UP,1125.07,1113.86,0.010064101413103987,7.0,1124.0466666666664,0.001950207830610832,2017-02-28,-0.005347640772672246,-0.005361990584879568,DOWN,7.0,46.710000000000036,0.9587808084997484,0,TRAIN
2017-02-21,National,black_pepper,Grade 2,average,1086.5,"Department of Export Agriculture, Sri Lanka - Economic Research Unit",https://exagri.info/mkt/2017/21.02.2017.html,2017-02-21,2026-10-07,Sri Lanka,LKR,kg,farm_gate,weekly,b7993a64bc2482eeb68d9e2ea7e50c5949a92785eedcf05d8a74958ef1ba7841,observed_source_value,3310aaca382700cfc893,0.03772683858643755,0.03703258882594758,UP,1047.0,1059.5,-0.011798017932987293,7.0,1064.3333333333333,0.02504312308691368,2017-02-28,-0.0018407731247124248,-0.0018424694295553054,DOWN,7.0,46.710000000000036,0.9587808084997484,1,TRAIN
2017-02-28,National,black_pepper,Grade 1,average,1127.15,"Department of Export Agriculture, Sri Lanka - Economic Research Unit",https://exagri.info/mkt/2017/28.02.2017.html,2017-02-28,2026-10-07,Sri Lanka,LKR,kg,farm_gate,weekly,c8081a4695874ee2dd91ad6cc6a14748d1f2c6710c643d578a929d1223ef384a,observed_source_value,8439a70b4f539ed6f81f,-0.005347640772672246,-0.005361990584879568,DOWN,1133.21,1125.07,0.007235105371221406,7.0,1128.4766666666667,0.008204170853165814,2017-03-07,-0.026598057046533286,-0.026958185536422322,DOWN,7.0,42.65000000000009,0.9621612030342013,0,TRAIN
2017-02-28,National,black_pepper,Grade 2,average,1084.5,"Department of Export Agriculture, Sri Lanka - Economic Research Unit",https://exagri.info/mkt/2017/28.02.2017.html,2017-02-28,2026-10-07,Sri Lanka,LKR,kg,farm_gate,weekly,c8081a4695874ee2dd91ad6cc6a14748d1f2c6710c643d578a929d1223ef384a,observed_source_value,a92b952a54332eb1d260,-0.0018407731247124248,-0.0018424694295553054,DOWN,1086.5,1047.0,0.03772683858643755,7.0,1072.6666666666667,0.026196227571814047,2017-03-07,-0.026279391424619658,-0.026630866000722304,DOWN,7.0,42.65000000000009,0.9621612030342013,1,TRAIN
2017-03-07,National,black_pepper,Grade 1,average,1097.17,"Department of Export Agriculture, Sri Lanka - Economic Research Unit",https://exagri.info/mkt/2017/07.03.2017.html,2017-03-07,2026-10-07,Sri Lanka,LKR,kg,farm_gate,weekly,86019e871d0d9109f5501ae841ab3c7f8b556ef17476fe4d5f6802288aac6b2f,observed_source_value,9be35011b0c5b3b84fa6,-0.026598057046533286,-0.026958185536422322,DOWN,1127.15,1133.21,-0.005347640772672246,7.0,1119.1766666666665,0.017100626555384496,2017-03-14,-0.029184173829032822,-0.029618503067507056,DOWN,7.0,41.17000000000007,0.9624761887401222,0,TRAIN
2017-03-07,National,black_pepper,Grade 2,average,1056.0,"Department of Export Agriculture, Sri Lanka - Economic Research Unit",https://exagri.info/mkt/2017/07.03.2017.html,2017-03-07,2026-10-07,Sri Lanka,LKR,kg,farm_gate,weekly,86019e871d0d9109f5501ae841ab3c7f8b556ef17476fe4d5f6802288aac6b2f,observed_source_value,3f6d80fec7284a544e6a,-0.026279391424619658,-0.026630866000722304,DOWN,1084.5,1086.5,-0.0018407731247124248,7.0,1075.6666666666667,0.03229974055922898,2017-03-14,-0.05918560606060608,-0.06100940227433526,DOWN,7.0,41.17000000000007,0.9624761887401222,1,TRAIN
2017-03-14,National,black_pepper,Grade 1,average,1065.15,"Department of Export Agriculture, Sri Lanka - Economic Research Unit",https://exagri.info/mkt/2017/14.03.2017.html,2017-03-14,2026-10-07,Sri Lanka,LKR,kg,farm_gate,weekly,2dfcab85642b2fbe97042ec7ca7b84378d729c035d77a9b91f30554272b9fb7f,observed_source_value,f337b6ec3fc81be6f399,-0.029184173829032822,-0.029618503067507056,DOWN,1097.17,1127.15,-0.026598057046533286,7.0,1096.49,0.013079554655849826,2017-03-21,0.005219922076702854,0.005206345508716163,UP,7.0,71.65000000000009,0.9327324789935689,0,TRAIN
2017-03-14,National,black_pepper,Grade 2,average,993.5,"Department of Export Agriculture, Sri Lanka - Economic Research Unit",https://exagri.info/mkt/2017/14.03.2017.html,2017-03-14,2026-10-07,Sri Lanka,LKR,kg,farm_gate,weekly,2dfcab85642b2fbe97042ec7ca7b84378d729c035d77a9b91f30554272b9fb7f,observed_source_value,621194afe67e14057220,-0.05918560606060608,-0.06100940227433526,DOWN,1056.0,1084.5,-0.026279391424619658,7.0,1044.6666666666667,0.028776422323734317,2017-03-21,0.01492702566683457,0.014816714014372664,UP,7.0,71.65000000000009,0.9327324789935689,1,TRAIN
2017-03-21,National,black_pepper,Grade 1,average,1070.71,"Department of Export Agriculture, Sri Lanka - Economic Research Unit",https://exagri.info/mkt/2017/21.03.2017.html,2017-03-21,2026-10-07,Sri Lanka,LKR,kg,farm_gate,weekly,c88c704185d2b19564db4be5b636a637599995350beec8a4d6446661dd3207f8,observed_source_value,cade4a5d08715f1b192f,0.005219922076702854,0.005206345508716163,UP,1065.15,1097.17,-0.029184173829032822,7.0,1077.6766666666665,0.01916034799001391,2017-03-28,0.0012048080245818937,0.0012040828258189271,UP,7.0,62.379999999999995,0.9417395933539427,0,TRAIN
2017-03-21,National,black_pepper,Grade 2,average,1008.33,"Department of Export Agriculture, Sri Lanka - Economic Research Unit",https://exagri.info/mkt/2017/21.03.2017.html,2017-03-21,2026-10-07,Sri Lanka,LKR,kg,farm_gate,weekly,c88c704185d2b19564db4be5b636a637599995350beec8a4d6446661dd3207f8,observed_source_value,98fe46d17c1c8bab98dc,0.01492702566683457,0.014816714014372664,UP,993.5,1056.0,-0.05918560606060608,7.0,1019.2766666666666,0.03713369977246972,2017-03-28,0.002975216446996498,0.0029707992497863007,UP,7.0,62.379999999999995,0.9417395933539427,1,TRAIN
2017-03-28,National,black_pepper,Grade 1,average,1072.0,"Department of Export Agriculture, Sri Lanka - Economic Research Unit",https://exagri.info/mkt/2017/28.03.2017.html,2017-03-28,2026-10-07,Sri Lanka,LKR,kg,farm_gate,weekly,b91fe8b1f5617167373a375d3eef57a36f885f39b1ee17c4f4763e9130a56a88,observed_source_value,2d3112db846ccc726977,0.0012048080245818937,0.0012040828258189271,UP,1070.71,1065.15,0.005219922076702854,7.0,1069.2866666666666,0.018811579652092104,2017-04-04,-0.015998134328358282,-0.016127485923915077,DOWN,7.0,60.66999999999996,0.9434048507462687,0,TRAIN
2017-03-28,National,black_pepper,Grade 2,average,1011.33,"Department of Export Agriculture, Sri Lanka - Economic Research Unit",https://exagri.info/mkt/2017/28.03.2017.html,2017-03-28,2026-10-07,Sri Lanka,LKR,kg,farm_gate,weekly,b91fe8b1f5617167373a375d3eef57a36f885f39b1ee17c4f4763e9130a56a88,observed_source_value,6285b29a0755b148a08a,0.002975216446996498,0.0029707992497863007,UP,1008.33,993.5,0.01492702566683457,7.0,1004.3866666666667,0.039790065301144546,2017-04-04,-0.005932781584645941,-0.005950450451657514,DOWN,7.0,60.66999999999996,0.9434048507462687,1,TRAIN
2017-04-04,National,black_pepper,Grade 1,average,1054.85,"Department of Export Agriculture, Sri Lanka - Economic Research Unit",https://exagri.info/mkt/2017/04.04.2017.html,2017-04-04,2026-10-07,Sri Lanka,LKR,kg,farm_gate,weekly,d965029accc0bea211092fe5c0c7a19d842d07a9ab4b89c0724f021313b4c02f,observed_source_value,45604d932e9cdb4c72ad,-0.015998134328358282,-0.016127485923915077,DOWN,1072.0,1070.71,0.0012048080245818937,7.0,1065.8533333333332,0.011271411358377687,2017-04-18,-0.019178082191780854,-0.019364367181791232,DOWN,14.0,49.51999999999987,0.953054936720861,0,TRAIN
2017-04-04,National,black_pepper,Grade 2,average,1005.33,"Department of Export Agriculture, Sri Lanka - Economic Research Unit",https://exagri.info/mkt/2017/04.04.2017.html,2017-04-04,2026-10-07,Sri Lanka,LKR,kg,farm_gate,weekly,d965029accc0bea211092fe5c0c7a19d842d07a9ab4b89c0724f021313b4c02f,observed_source_value,244e4e98a5f8b2e75446,-0.005932781584645941,-0.005950450451657514,DOWN,1011.33,1008.33,0.002975216446996498,7.0,1008.33,0.010466850299300716,2017-04-18,-0.055364905056051295,-0.05695656897722434,DOWN,14.0,49.51999999999987,0.953054936720861,1,TRAIN
2017-04-18,National,black_pepper,Grade 1,average,1034.62,"Department of Export Agriculture, Sri Lanka - Economic Research Unit",https://exagri.info/mkt/2017/18.04.2017.html,2017-04-18,2026-10-07,Sri Lanka,LKR,kg,farm_gate,weekly,58b81e4d1abc6bd5fe22830880fa5fc2c85096b18b937609c4dfcd802932ae08,observed_source_value,b91986653d8bfe3bb17e,-0.019178082191780854,-0.019364367181791232,DOWN,1054.85,1072.0,-0.015998134328358282,14.0,1053.823333333333,0.010965973946600108,2017-04-25,-0.0167307803831358,-0.016872320831648663,DOWN,7.0,84.94999999999993,0.9178925595870948,0,TRAIN
2017-04-18,National,black_pepper,Grade 2,average,949.67,"Department of Export Agriculture, Sri Lanka - Economic Research Unit",https://exagri.info/mkt/2017/18.04.2017.html,2017-04-18,2026-10-07,Sri Lanka,LKR,kg,farm_gate,weekly,58b81e4d1abc6bd5fe22830880fa5fc2c85096b18b937609c4dfcd802932ae08,observed_source_value,5f1cad224b8c3e31af11,-0.055364905056051295,-0.05695656897722434,DOWN,1005.33,1011.33,-0.005932781584645941,14.0,988.7766666666666,0.03142837634159655,2017-04-25,0.007370981498836526,0.0073439485728958925,UP,7.0,84.94999999999993,0.9178925595870948,1,TRAIN
2017-04-25,National,black_pepper,Grade 1,average,1017.31,"Department of Export Agriculture, Sri Lanka - Economic Research Unit",https://exagri.info/mkt/2017/25.04.2017.html,2017-04-25,2026-10-07,Sri Lanka,LKR,kg,farm_gate,weekly,207373e314ddd0a03f8a5ab840ca711dad5447f2483d541467b7d1e3aa068873,observed_source_value,323602133edd341e4873,-0.0167307803831358,-0.016872320831648663,DOWN,1034.62,1054.85,-0.019178082191780854,7.0,1035.593333333333,0.001665238961749377,2017-05-02,0.03426684098259147,0.03369280950705581,UP,7.0,60.639999999999986,0.9403918176367085,0,TRAIN
2017-04-25,National,black_pepper,Grade 2,average,956.67,"Department of Export Agriculture, Sri Lanka - Economic Research Unit",https://exagri.info/mkt/2017/25.04.2017.html,2017-04-25,2026-10-07,Sri Lanka,LKR,kg,farm_gate,weekly,207373e314ddd0a03f8a5ab840ca711dad5447f2483d541467b7d1e3aa068873,observed_source_value,a1e0f328bce7b67176b5,0.007370981498836526,0.0073439485728958925,UP,949.67,1005.33,-0.055364905056051295,7.0,970.5566666666667,0.033056306521099255,2017-05-02,0.03379430733690825,0.03323582722266776,UP,7.0,60.639999999999986,0.9403918176367085,1,TRAIN
2017-05-02,National,black_pepper,Grade 1,average,1052.17,"Department of Export Agriculture, Sri Lanka - Economic Research Unit",https://exagri.info/mkt/2017/02.05.2017.html,2017-05-02,2026-10-07,Sri Lanka,LKR,kg,farm_gate,weekly,248c7c35f075db9c7152e4fc5bec7145664d5da4201a68d51a5d08d904759ed2,observed_source_value,08bc4d8bd6af6a420698,0.03426684098259147,0.03369280950705581,UP,1017.31,1034.62,-0.0167307803831358,7.0,1034.6999999999998,0.03017478661680796,2017-05-08,-0.013267817938165893,-0.013356621798226751,DOWN,6.0,63.17000000000007,0.9399621734130416,0,TRAIN
2017-05-02,National,black_pepper,Grade 2,average,989.0,"Department of Export Agriculture, Sri Lanka - Economic Research Unit",https://exagri.info/mkt/2017/02.05.2017.html,2017-05-02,2026-10-07,Sri Lanka,LKR,kg,farm_gate,weekly,248c7c35f075db9c7152e4fc5bec7145664d5da4201a68d51a5d08d904759ed2,observed_source_value,cef157547ba128db58fa,0.03379430733690825,0.03323582722266776,UP,956.67,949.67,0.007370981498836526,7.0,965.1133333333333,0.04579546696036137,2017-05-08,-0.08574317492416583,-0.08964375676220734,DOWN,6.0,63.17000000000007,0.9399621734130416,1,TRAIN
2017-05-08,National,black_pepper,Grade 1,average,1038.21,"Department of Export Agriculture, Sri Lanka - Economic Research Unit",https://exagri.info/mkt/2017/08.05.2017.html,2017-05-08,2026-10-07,Sri Lanka,LKR,kg,farm_gate,weekly,10f685a7516356c6aed54aa5898f46020dd788b27495d1991cbd4c9826b4d5f5,observed_source_value,15a9a7a767ea4e204a39,-0.013267817938165893,-0.013356621798226751,DOWN,1052.17,1017.31,0.03426684098259147,6.0,1035.8966666666665,0.02849647139726312,2017-05-16,-0.015892738463316625,-0.016020382243854502,DOWN,8.0,134.01,0.8709220677897536,0,TRAIN
2017-05-08,National,black_pepper,Grade 2,average,904.2,"Department of Export Agriculture, Sri Lanka - Economic Research Unit",https://exagri.info/mkt/2017/08.05.2017.html,2017-05-08,2026-10-07,Sri Lanka,LKR,kg,farm_gate,weekly,10f685a7516356c6aed54aa5898f46020dd788b27495d1991cbd4c9826b4d5f5,observed_source_value,4d012a7e908cdcf4153b,-0.08574317492416583,-0.08964375676220734,DOWN,989.0,956.67,0.03379430733690825,6.0,949.9566666666666,0.06279284452338582,2017-05-16,0.024109710241096982,0.02382365978567449,UP,8.0,134.01,0.8709220677897536,1,TRAIN
2017-05-16,National,black_pepper,Grade 1,average,1021.71,"Department of Export Agriculture, Sri Lanka - Economic Research Unit",https://exagri.info/mkt/2017/16.05.2017.html,2017-05-16,2026-10-07,Sri Lanka,LKR,kg,farm_gate,weekly,2ea5462b9306e7fb352ed85b9136dd3d6de9ef6839cbeb50589b46d9e972ec99,observed_source_value,5afc5b9f4fc7fcc4ac43,-0.015892738463316625,-0.016020382243854502,DOWN,1038.21,1052.17,-0.013267817938165893,8.0,1037.3633333333335,0.02823242053817614,2017-05-23,-0.030341290581476166,-0.030811115357305963,DOWN,7.0,95.71000000000004,0.906323712207965,0,TRAIN
2017-05-16,National,black_pepper,Grade 2,average,926.0,"Department of Export Agriculture, Sri Lanka - Economic Research Unit",https://exagri.info/mkt/2017/16.05.2017.html,2017-05-16,2026-10-07,Sri Lanka,LKR,kg,farm_gate,weekly,2ea5462b9306e7fb352ed85b9136dd3d6de9ef6839cbeb50589b46d9e972ec99,observed_source_value,12919c27bc940c5f84e9,0.024109710241096982,0.02382365978567449,UP,904.2,989.0,-0.08574317492416583,8.0,939.7333333333332,0.06639610614255048,2017-05-23,-0.062365010799136034,-0.06439454302199595,DOWN,7.0,95.71000000000004,0.906323712207965,1,TRAIN
2017-05-23,National,black_pepper,Grade 1,average,990.71,"Department of Export Agriculture, Sri Lanka - Economic Research Unit",https://exagri.info/mkt/2017/23.05.2017.html,2017-05-23,2026-10-07,Sri Lanka,LKR,kg,farm_gate,weekly,5d7daf63f65c0780f272273607665a81330099999616320dbc55beb624f59e9d,observed_source_value,2792b5bfbdff4ccedcb6,-0.030341290581476166,-0.030811115357305963,DOWN,1021.71,1038.21,-0.015892738463316625,7.0,1016.8766666666667,0.00919378716105335,2017-05-30,0.004602759637027942,0.004592199330858438,UP,7.0,122.46000000000004,0.8763916786950773,0,TRAIN
2017-05-23,National,black_pepper,Grade 2,average,868.25,"Department of Export Agriculture, Sri Lanka - Economic Research Unit",https://exagri.info/mkt/2017/23.05.2017.html,2017-05-23,2026-10-07,Sri Lanka,LKR,kg,farm_gate,weekly,5d7daf63f65c0780f272273607665a81330099999616320dbc55beb624f59e9d,observed_source_value,fe74f3c28ecba8954dde,-0.062365010799136034,-0.06439454302199595,DOWN,926.0,904.2,0.024109710241096982,7.0,899.4833333333332,0.05786776926173317,2017-05-30,0.08762453210480858,0.08399598970495518,UP,7.0,122.46000000000004,0.8763916786950773,1,TRAIN
2017-05-30,National,black_pepper,Grade 1,average,995.27,"Department of Export Agriculture, Sri Lanka - Economic Research Unit",https://exagri.info/mkt/2017/30.05.2017.html,2017-05-30,2026-10-07,Sri Lanka,LKR,kg,farm_gate,weekly,2895b1408db8be5c0e5729802ffb645b56f8f91e09dd8e2bf12ea58e8c0263fc,observed_source_value,92c5070d17e6f32decb9,0.004602759637027942,0.004592199330858438,UP,990.71,1021.71,-0.030341290581476166,7.0,1002.5633333333332,0.01755900882911601,2017-06-06,-0.013192400052247089,-0.013280192747601057,DOWN,7.0,50.93999999999994,0.9488179087081898,0,TRAIN
2017-05-30,National,black_pepper,Grade 2,average,944.33,"Department of Export Agriculture, Sri Lanka - Economic Research Unit",https://exagri.info/mkt/2017/30.05.2017.html,2017-05-30,2026-10-07,Sri Lanka,LKR,kg,farm_gate,weekly,2895b1408db8be5c0e5729802ffb645b56f8f91e09dd8e2bf12ea58e8c0263fc,observed_source_value,1004255803f41929a760,0.08762453210480858,0.08399598970495518,UP,868.25,926.0,-0.062365010799136034,7.0,912.86,0.07528708715742598,2017-06-06,-0.021263753137144903,-0.021493083512397287,DOWN,7.0,50.93999999999994,0.9488179087081898,1,TRAIN
2017-06-06,National,black_pepper,Grade 1,average,982.14,"Department of Export Agriculture, Sri Lanka - Economic Research Unit",https://exagri.info/mkt/2017/06.06.2017.html,2017-06-06,2026-10-07,Sri Lanka,LKR,kg,farm_gate,weekly,7792e338f51954600593f0cbec8721a6975237e8323444ec645337dc9e54f561,observed_source_value,a1c78037a3a8d0f6fbd2,-0.013192400052247089,-0.013280192747601057,DOWN,995.27,990.71,0.004602759637027942,7.0,989.3733333333333,0.017473021110766384,2017-06-13,-0.02504734559227806,-0.025366368745168188,DOWN,7.0,57.889999999999986,0.9410572830757326,0,TRAIN
2017-06-06,National,black_pepper,Grade 2,average,924.25,"Department of Export Agriculture, Sri Lanka - Economic Research Unit",https://exagri.info/mkt/2017/06.06.2017.html,2017-06-06,2026-10-07,Sri Lanka,LKR,kg,farm_gate,weekly,7792e338f51954600593f0cbec8721a6975237e8323444ec645337dc9e54f561,observed_source_value,03ae1e96c6298025f98c,-0.021263753137144903,-0.021493083512397287,DOWN,944.33,868.25,0.08762453210480858,7.0,912.2766666666666,0.07750573637357905,2017-06-13,0.00459832296456586,0.004587782976019185,UP,7.0,57.889999999999986,0.9410572830757326,1,TRAIN
2017-06-13,National,black_pepper,Grade 1,average,957.54,"Department of Export Agriculture, Sri Lanka - Economic Research Unit",https://exagri.info/mkt/2017/13.06.2017.html,2017-06-13,2026-10-07,Sri Lanka,LKR,kg,farm_gate,weekly,cf488c38f7a278674a4967978f43d13ca7036ca599eb89ff1677831a3e3eb3d0,observed_source_value,5f0c1e302686e5302d85,-0.02504734559227806,-0.025366368745168188,DOWN,982.14,995.27,-0.013192400052247089,7.0,978.3166666666666,0.014923896844953773,2017-06-20,-0.04024897132234684,-0.04108137328346296,DOWN,7.0,29.039999999999964,0.9696722852309042,0,TRAIN
2017-06-13,National,black_pepper,Grade 2,average,928.5,"Department of Export Agriculture, Sri Lanka - Economic Research Unit",https://exagri.info/mkt/2017/13.06.2017.html,2017-06-13,2026-10-07,Sri Lanka,LKR,kg,farm_gate,weekly,cf488c38f7a278674a4967978f43d13ca7036ca599eb89ff1677831a3e3eb3d0,observed_source_value,8a2eee47544c3c7dbcd8,0.00459832296456586,0.004587782976019185,UP,924.25,944.33,-0.021263753137144903,7.0,932.36,0.05689003581094376,2017-06-20,-0.05331179321486268,-0.05478548310758349,DOWN,7.0,29.039999999999964,0.9696722852309042,1,TRAIN
2017-06-20,National,black_pepper,Grade 1,average,919.0,"Department of Export Agriculture, Sri Lanka - Economic Research Unit",https://exagri.info/mkt/2017/20.06.2017.html,2017-06-20,2026-10-07,Sri Lanka,LKR,kg,farm_gate,weekly,9526c23881da06f4c259bfa787e70cbbf6a01c8c1f95fff6d3b889c443ce2205,observed_source_value,7ec28d4a9cb15dee6426,-0.04024897132234684,-0.04108137328346296,DOWN,957.54,982.14,-0.02504734559227806,7.0,952.8933333333333,0.01356273821596186,2017-06-27,-0.040010881392818276,-0.040833329368679984,DOWN,7.0,40.0,0.956474428726877,0,TRAIN
2017-06-20,National,black_pepper,Grade 2,average,879.0,"Department of Export Agriculture, Sri Lanka - Economic Research Unit",https://exagri.info/mkt/2017/20.06.2017.html,2017-06-20,2026-10-07,Sri Lanka,LKR,kg,farm_gate,weekly,9526c23881da06f4c259bfa787e70cbbf6a01c8c1f95fff6d3b889c443ce2205,observed_source_value,408ad0b34387ada11256,-0.05331179321486268,-0.05478548310758349,DOWN,928.5,924.25,0.00459832296456586,7.0,910.5833333333334,0.029010071265649452,2017-06-27,-0.0678839590443685,-0.07029796458383282,DOWN,7.0,40.0,0.956474428726877,1,TRAIN
2017-06-27,National,black_pepper,Grade 1,average,882.23,"Department of Export Agriculture, Sri Lanka - Economic Research Unit",https://exagri.info/mkt/2017/27.06.2017.html,2017-06-27,2026-10-07,Sri Lanka,LKR,kg,farm_gate,weekly,2bab501b3274df96e9cee4f6a46e659a849c49d02a406673537ced3b4d736f87,observed_source_value,db9aa5a078e73955b419,-0.040010881392818276,-0.040833329368679984,DOWN,919.0,957.54,-0.04024897132234684,7.0,919.59,0.008708745750735975,2017-07-04,-0.06534577151083043,-0.06757862719219153,DOWN,7.0,62.89999999999998,0.9287033993403081,0,TRAIN
2017-06-27,National,black_pepper,Grade 2,average,819.33,"Department of Export Agriculture, Sri Lanka - Economic Research Unit",https://exagri.info/mkt/2017/27.06.2017.html,2017-06-27,2026-10-07,Sri Lanka,LKR,kg,farm_gate,weekly,2bab501b3274df96e9cee4f6a46e659a849c49d02a406673537ced3b4d736f87,observed_source_value,c1a15105f8a52f844351,-0.0678839590443685,-0.07029796458383282,DOWN,879.0,928.5,-0.05331179321486268,7.0,875.61,0.038339733041367556,2017-07-04,-0.1920227502959736,-0.21322137716433595,DOWN,7.0,62.89999999999998,0.9287033993403081,1,TRAIN
2017-07-04,National,black_pepper,Grade 1,average,824.58,"Department of Export Agriculture, Sri Lanka - Economic Research Unit",https://exagri.info/mkt/2017/04.07.2017.html,2017-07-04,2026-10-07,Sri Lanka,LKR,kg,farm_gate,weekly,cbd436e4b4ba5dff9abb8886974127347377cfeea03bd358eb406f11cab1e93b,observed_source_value,ce504aa96230772f8cc5,-0.06534577151083043,-0.06757862719219153,DOWN,882.23,919.0,-0.040010881392818276,7.0,875.27,0.014558861698904916,2017-07-11,-0.12475442043222007,-0.1332507696396588,DOWN,7.0,162.58000000000004,0.8028329573843653,0,TRAIN
2017-07-04,National,black_pepper,Grade 2,average,662.0,"Department of Export Agriculture, Sri Lanka - Economic Research Unit",https://exagri.info/mkt/2017/04.07.2017.html,2017-07-04,2026-10-07,Sri Lanka,LKR,kg,farm_gate,weekly,cbd436e4b4ba5dff9abb8886974127347377cfeea03bd358eb406f11cab1e93b,observed_source_value,a80009dc908d484c392c,-0.1920227502959736,-0.21322137716433595,DOWN,819.33,879.0,-0.0678839590443685,7.0,786.7766666666666,0.07622720109944327,2017-07-11,-0.05992447129909362,-0.06179505726413495,DOWN,7.0,162.58000000000004,0.8028329573843653,1,TRAIN
2017-07-11,National,black_pepper,Grade 1,average,721.71,"Department of Export Agriculture, Sri Lanka - Economic Research Unit",https://exagri.info/mkt/2017/11.07.2017.html,2017-07-11,2026-10-07,Sri Lanka,LKR,kg,farm_gate,weekly,7d5c81affd4d62aed3c79d9169d54fc147ae060a1fbe187b1f3581de9f1716fc,observed_source_value,46351f49fb5dfbec9291,-0.12475442043222007,-0.1332507696396588,DOWN,824.58,882.23,-0.06534577151083043,7.0,809.5066666666667,0.04349848969194095,2017-07-18,-0.024220254672929542,-0.024518388807968892,DOWN,7.0,99.38,0.8622992614762163,0,TRAIN
2017-07-11,National,black_pepper,Grade 2,average,622.33,"Department of Export Agriculture, Sri Lanka - Economic Research Unit",https://exagri.info/mkt/2017/11.07.2017.html,2017-07-11,2026-10-07,Sri Lanka,LKR,kg,farm_gate,weekly,7d5c81affd4d62aed3c79d9169d54fc147ae060a1fbe187b1f3581de9f1716fc,observed_source_value,0c40df197e1f6998fc02,-0.05992447129909362,-0.06179505726413495,DOWN,662.0,819.33,-0.1920227502959736,7.0,701.2199999999999,0.07407625378904509,2017-07-18,0.020358973534941205,0.020154500219818367,UP,7.0,99.38,0.8622992614762163,1,TRAIN
2017-07-18,National,black_pepper,Grade 1,average,704.23,"Department of Export Agriculture, Sri Lanka - Economic Research Unit",https://exagri.info/mkt/2017/18.07.2017.html,2017-07-18,2026-10-07,Sri Lanka,LKR,kg,farm_gate,weekly,d04fd4eac9c19b8b41c0ea0f507868a48ea9050232d709384df81625397dd9af,observed_source_value,c897479b75182c418d61,-0.024220254672929542,-0.024518388807968892,DOWN,721.71,824.58,-0.12475442043222007,7.0,750.1733333333333,0.05054340409780814,2017-07-25,0.028882609374778268,0.02847336810378447,UP,7.0,69.23000000000002,0.9016940488192777,0,TRAIN
2017-07-18,National,black_pepper,Grade 2,average,635.0,"Department of Export Agriculture, Sri Lanka - Economic Research Unit",https://exagri.info/mkt/2017/18.07.2017.html,2017-07-18,2026-10-07,Sri Lanka,LKR,kg,farm_gate,weekly,d04fd4eac9c19b8b41c0ea0f507868a48ea9050232d709384df81625397dd9af,observed_source_value,d3ce5b1d3db4842f14c6,0.020358973534941205,0.020154500219818367,UP,622.33,662.0,-0.05992447129909362,7.0,639.7766666666668,0.10723912800042389,2017-07-25,0.05406299212598431,0.05265221315873662,UP,7.0,69.23000000000002,0.9016940488192777,1,TRAIN
2017-07-25,National,black_pepper,Grade 1,average,724.57,"Department of Export Agriculture, Sri Lanka - Economic Research Unit",https://exagri.info/mkt/2017/25.07.2017.html,2017-07-25,2026-10-07,Sri Lanka,LKR,kg,farm_gate,weekly,9a1b535638529ed4c17a735570b6f8b489f78f3e7530e752d20cc2d3733c6d0d,observed_source_value,d91786c81ea292d94294,0.028882609374778268,0.02847336810378447,UP,704.23,721.71,-0.024220254672929542,7.0,716.8366666666666,0.07802923552842488,2017-08-01,-0.014091116110244717,-0.01419133849767309,DOWN,7.0,55.24000000000001,0.9237616793408504,0,TRAIN
2017-07-25,National,black_pepper,Grade 2,average,669.33,"Department of Export Agriculture, Sri Lanka - Economic Research Unit",https://exagri.info/mkt/2017/25.07.2017.html,2017-07-25,2026-10-07,Sri Lanka,LKR,kg,farm_gate,weekly,9a1b535638529ed4c17a735570b6f8b489f78f3e7530e752d20cc2d3733c6d0d,observed_source_value,cf8920062b7039801ad3,0.05406299212598431,0.05265221315873662,UP,635.0,622.33,0.020358973534941205,7.0,642.2199999999999,0.05855842410460412,2017-08-01,0.006977126380111498,0.006952898860878866,UP,7.0,55.24000000000001,0.9237616793408504,1,TRAIN
2017-08-01,National,black_pepper,Grade 1,average,714.36,"Department of Export Agriculture, Sri Lanka - Economic Research Unit",https://exagri.info/mkt/2017/01.08.2017.html,2017-08-01,2026-10-07,Sri Lanka,LKR,kg,farm_gate,weekly,1b36514c285986865fc5529a6d94ba79a1e12619bdc291458aa2b6d91ce56cba,observed_source_value,653d7d03a89a24f5366e,-0.014091116110244717,-0.01419133849767309,DOWN,724.57,704.23,0.028882609374778268,7.0,714.3866666666667,0.028193541518563046,2017-08-08,-0.05399238479198165,-0.055504660059891256,DOWN,7.0,40.360000000000014,0.9435018758049163,0,TRAIN
2017-08-01,National,black_pepper,Grade 2,average,674.0,"Department of Export Agriculture, Sri Lanka - Economic Research Unit",https://exagri.info/mkt/2017/01.08.2017.html,2017-08-01,2026-10-07,Sri Lanka,LKR,kg,farm_gate,weekly,1b36514c285986865fc5529a6d94ba79a1e12619bdc291458aa2b6d91ce56cba,observed_source_value,e3303ef2eed45c047a86,0.006977126380111498,0.006952898860878866,UP,669.33,635.0,0.05406299212598431,7.0,659.4433333333333,0.024262843524954864,2017-08-08,-0.010385756676557834,-0.010440064996683285,DOWN,7.0,40.360000000000014,0.9435018758049163,1,TRAIN
2017-08-08,National,black_pepper,Grade 1,average,675.79,"Department of Export Agriculture, Sri Lanka - Economic Research Unit",https://exagri.info/mkt/2017/08.08.2017.html,2017-08-08,2026-10-07,Sri Lanka,LKR,kg,farm_gate,weekly,7fe105211c329049e92e4565a077e034b724b97ed77dc2734005b3c84a9eb295,observed_source_value,0b2eccf08cb600ca9e72,-0.05399238479198165,-0.055504660059891256,DOWN,714.36,724.57,-0.014091116110244717,7.0,704.9066666666666,0.04144698819499206,2017-08-15,0.00862694032169764,0.008589940914213659,UP,7.0,8.789999999999964,0.9869930007842673,0,TRAIN
2017-08-08,National,black_pepper,Grade 2,average,667.0,"Department of Export Agriculture, Sri Lanka - Economic Research Unit",https://exagri.info/mkt/2017/08.08.2017.html,2017-08-08,2026-10-07,Sri Lanka,LKR,kg,farm_gate,weekly,7fe105211c329049e92e4565a077e034b724b97ed77dc2734005b3c84a9eb295,observed_source_value,44a6316e5ee9a65bbef6,-0.010385756676557834,-0.010440064996683285,DOWN,674.0,669.33,0.006977126380111498,7.0,670.11,0.03334713801635462,2017-08-15,-0.08208395802098956,-0.08564935008334665,DOWN,7.0,8.789999999999964,0.9869930007842673,1,TRAIN
2017-08-15,National,black_pepper,Grade 1,average,681.62,"Department of Export Agriculture, Sri Lanka - Economic Research Unit",https://exagri.info/mkt/2017/15.08.2017.html,2017-08-15,2026-10-07,Sri Lanka,LKR,kg,farm_gate,weekly,d234760789d26dc9e6ec638071be2c7031719157cda78b9d5b6071d031fbf8fc,observed_source_value,f6085f2193539bb28ff0,0.00862694032169764,0.008589940914213659,UP,675.79,714.36,-0.05399238479198165,7.0,690.5899999999998,0.031700160904296795,2017-08-22,-0.012646342536897448,-0.012726988162893648,DOWN,7.0,69.37,0.8982277515331123,0,TRAIN
2017-08-15,National,black_pepper,Grade 2,average,612.25,"Department of Export Agriculture, Sri Lanka - Economic Research Unit",https://exagri.info/mkt/2017/15.08.2017.html,2017-08-15,2026-10-07,Sri Lanka,LKR,kg,farm_gate,weekly,d234760789d26dc9e6ec638071be2c7031719157cda78b9d5b6071d031fbf8fc,observed_source_value,44f7b5675466582660a7,-0.08208395802098956,-0.08564935008334665,DOWN,667.0,674.0,-0.010385756676557834,7.0,651.0833333333334,0.04721224865570026,2017-08-22,0.036341363821968065,0.03569659132216515,UP,7.0,69.37,0.8982277515331123,1,TRAIN
2017-08-22,National,black_pepper,Grade 1,average,673.0,"Department of Export Agriculture, Sri Lanka - Economic Research Unit",https://exagri.info/mkt/2017/22.08.2017.html,2017-08-22,2026-10-07,Sri Lanka,LKR,kg,farm_gate,weekly,044f4b1f17b441388649fa03e76a8ebc955e4b26d1287794168869f36d2eae53,observed_source_value,c58b38a39079687de87d,-0.012646342536897448,-0.012726988162893648,DOWN,681.62,675.79,0.00862694032169764,7.0,676.8033333333333,0.03184134537419801,2017-08-29,0.01751857355126285,0.017366892272444097,UP,7.0,38.5,0.9427934621099554,0,TRAIN
2017-08-22,National,black_pepper,Grade 2,average,634.5,"Department of Export Agriculture, Sri Lanka - Economic Research Unit",https://exagri.info/mkt/2017/22.08.2017.html,2017-08-22,2026-10-07,Sri Lanka,LKR,kg,farm_gate,weekly,044f4b1f17b441388649fa03e76a8ebc955e4b26d1287794168869f36d2eae53,observed_source_value,014ee3e3523e177a3eea,0.036341363821968065,0.03569659132216515,UP,612.25,667.0,-0.08208395802098956,7.0,637.9166666666666,0.05964982916952103,2017-08-29,-0.004334121355397902,-0.004343540886138696,DOWN,7.0,38.5,0.9427934621099554,1,TRAIN
2017-08-29,National,black_pepper,Grade 1,average,684.79,"Department of Export Agriculture, Sri Lanka - Economic Research Unit",https://exagri.info/mkt/2017/29.08.2017.html,2017-08-29,2026-10-07,Sri Lanka,LKR,kg,farm_gate,weekly,8da0dde990876bcebc6b307864fa9595c2bbaf599206e39b0301824ee4bd43e2,observed_source_value,56c5ec36b3dc8cb34195,0.01751857355126285,0.017366892272444097,UP,673.0,681.62,-0.012646342536897448,7.0,679.8033333333333,0.015500192835772347,2017-09-04,0.01647220315717246,0.016338008072594137,UP,6.0,53.039999999999964,0.9225455979205305,0,TRAIN
2017-08-29,National,black_pepper,Grade 2,average,631.75,"Department of Export Agriculture, Sri Lanka - Economic Research Unit",https://exagri.info/mkt/2017/29.08.2017.html,2017-08-29,2026-10-07,Sri Lanka,LKR,kg,farm_gate,weekly,8da0dde990876bcebc6b307864fa9595c2bbaf599206e39b0301824ee4bd43e2,observed_source_value,093e6bad7c1b3a1040ae,-0.004334121355397902,-0.004343540886138696,DOWN,634.5,612.25,0.036341363821968065,7.0,626.1666666666666,0.06017209908469223,2017-09-04,-0.01859912940245345,-0.018774268229166315,DOWN,6.0,53.039999999999964,0.9225455979205305,1,TRAIN
2017-09-04,National,black_pepper,Grade 1,average,696.07,"Department of Export Agriculture, Sri Lanka - Economic Research Unit",https://exagri.info/mkt/2017/04.09.2017.html,2017-09-04,2026-10-07,Sri Lanka,LKR,kg,farm_gate,weekly,452c8af9e6b5815c2b18e5689ada73c05d34d90fef18d9b37cc2dad8f8b7fb4d,observed_source_value,35be9de316682511575f,0.01647220315717246,0.016338008072594137,UP,684.79,673.0,0.01751857355126285,6.0,684.6199999999999,0.01712165664173658,2017-09-12,0.015185254356602007,0.015071112447110718,UP,8.0,76.07000000000005,0.8907150142945393,0,TRAIN
2017-09-04,National,black_pepper,Grade 2,average,620.0,"Department of Export Agriculture, Sri Lanka - Economic Research Unit",https://exagri.info/mkt/2017/04.09.2017.html,2017-09-04,2026-10-07,Sri Lanka,LKR,kg,farm_gate,weekly,452c8af9e6b5815c2b18e5689ada73c05d34d90fef18d9b37cc2dad8f8b7fb4d,observed_source_value,c3a462ce8c341cb409be,-0.01859912940245345,-0.018774268229166315,DOWN,631.75,634.5,-0.004334121355397902,6.0,628.75,0.0285086049721223,2017-09-12,0.08427419354838706,0.08091081710983677,UP,8.0,76.07000000000005,0.8907150142945393,1,TRAIN
2017-09-12,National,black_pepper,Grade 1,average,706.64,"Department of Export Agriculture, Sri Lanka - Economic Research Unit",https://exagri.info/mkt/2017/12.09.2017.html,2017-09-12,2026-10-07,Sri Lanka,LKR,kg,farm_gate,weekly,8b38e9bc59475d533b0958ca1e0f3960033bd45de902997eabeb65baabc1857a,observed_source_value,58b0a03ffc8ed6fcb436,0.015185254356602007,0.015071112447110718,UP,696.07,684.79,0.01647220315717246,8.0,695.8333333333334,0.001168724852222422,2017-09-19,0.012127816144005488,0.01205486342758725,UP,7.0,34.389999999999986,0.9513330691724217,0,TRAIN
2017-09-12,National,black_pepper,Grade 2,average,672.25,"Department of Export Agriculture, Sri Lanka - Economic Research Unit",https://exagri.info/mkt/2017/12.09.2017.html,2017-09-12,2026-10-07,Sri Lanka,LKR,kg,farm_gate,weekly,8b38e9bc59475d533b0958ca1e0f3960033bd45de902997eabeb65baabc1857a,observed_source_value,73df7e8c69d4b12de5f6,0.08427419354838706,0.08091081710983677,UP,620.0,631.75,-0.01859912940245345,8.0,641.3333333333334,0.05573425711896665,2017-09-19,-0.0018594272963926572,-0.0018611581772922038,DOWN,7.0,34.389999999999986,0.9513330691724217,1,TRAIN
2017-09-19,National,black_pepper,Grade 1,average,715.21,"Department of Export Agriculture, Sri Lanka - Economic Research Unit",https://exagri.info/mkt/2017/19.09.2017.html,2017-09-19,2026-10-07,Sri Lanka,LKR,kg,farm_gate,weekly,bf893f0c0e03f434d39d27d8e03b369bdf8062d832e8cabd1fb72d1cc725b9d1,observed_source_value,a2e1ea189631ca5ad1e3,0.012127816144005488,0.01205486342758725,UP,706.64,696.07,0.015185254356602007,7.0,705.9733333333334,0.0022315116012630834,2017-09-26,-0.01977041708029803,-0.019968466468639128,DOWN,7.0,44.210000000000036,0.9381859873323919,0,TRAIN
2017-09-19,National,black_pepper,Grade 2,average,671.0,"Department of Export Agriculture, Sri Lanka - Economic Research Unit",https://exagri.info/mkt/2017/19.09.2017.html,2017-09-19,2026-10-07,Sri Lanka,LKR,kg,farm_gate,weekly,bf893f0c0e03f434d39d27d8e03b369bdf8062d832e8cabd1fb72d1cc725b9d1,observed_source_value,d8667249f274d2aeeb9d,-0.0018594272963926572,-0.0018611581772922038,DOWN,672.25,620.0,0.08427419354838706,7.0,654.4166666666666,0.0551998472844801,2017-09-26,-0.016766020864381503,-0.016908161588248326,DOWN,7.0,44.210000000000036,0.9381859873323919,1,TRAIN
2017-09-26,National,black_pepper,Grade 1,average,701.07,"Department of Export Agriculture, Sri Lanka - Economic Research Unit",https://exagri.info/mkt/2017/26.09.2017.html,2017-09-26,2026-10-07,Sri Lanka,LKR,kg,farm_gate,weekly,f6125e5c99066f560020c7daa1358c248a819bf70385399ed9b335da5f2132ab,observed_source_value,c4613d272cb122f908cc,-0.01977041708029803,-0.019968466468639128,DOWN,715.21,706.64,0.012127816144005488,7.0,707.64,0.019359511774407468,2017-10-03,-0.024134537207411655,-0.02443054757000578,DOWN,7.0,41.32000000000005,0.9410615202476215,0,TRAIN
2017-09-26,National,black_pepper,Grade 2,average,659.75,"Department of Export Agriculture, Sri Lanka - Economic Research Unit",https://exagri.info/mkt/2017/26.09.2017.html,2017-09-26,2026-10-07,Sri Lanka,LKR,kg,farm_gate,weekly,f6125e5c99066f560020c7daa1358c248a819bf70385399ed9b335da5f2132ab,observed_source_value,9dc4599130e8d33b043c,-0.016766020864381503,-0.016908161588248326,DOWN,671.0,672.25,-0.0018594272963926572,7.0,667.6666666666666,0.0545440679637597,2017-10-03,-0.044077302008336594,-0.04507822904142525,DOWN,7.0,41.32000000000005,0.9410615202476215,1,TRAIN
2017-10-03,National,black_pepper,Grade 1,average,684.15,"Department of Export Agriculture, Sri Lanka - Economic Research Unit",https://exagri.info/mkt/2017/03.10.2017.html,2017-10-03,2026-10-07,Sri Lanka,LKR,kg,farm_gate,weekly,39491cbc47ea2126a8f1abe48c7d6a17cac73e743f89b9e9e787c1b1b2496a43,observed_source_value,50cbabe03a5e27b35e5e,-0.024134537207411655,-0.02443054757000578,DOWN,701.07,715.21,-0.01977041708029803,7.0,700.1433333333333,0.01979688989841198,2017-10-10,-0.03934809617773871,-0.04014315850004965,DOWN,7.0,53.48000000000002,0.9218300080391727,0,TRAIN
2017-10-03,National,black_pepper,Grade 2,average,630.67,"Department of Export Agriculture, Sri Lanka - Economic Research Unit",https://exagri.info/mkt/2017/03.10.2017.html,2017-10-03,2026-10-07,Sri Lanka,LKR,kg,farm_gate,weekly,39491cbc47ea2126a8f1abe48c7d6a17cac73e743f89b9e9e787c1b1b2496a43,observed_source_value,93e32a5feb88b29109cc,-0.044077302008336594,-0.04507822904142525,DOWN,659.75,671.0,-0.016766020864381503,7.0,653.8066666666667,0.021410517488368825,2017-10-10,-0.050216436488179195,-0.05152114822655891,DOWN,7.0,53.48000000000002,0.9218300080391727,1,TRAIN
2017-10-10,National,black_pepper,Grade 1,average,657.23,"Department of Export Agriculture, Sri Lanka - Economic Research Unit",https://exagri.info/mkt/2017/10.10.2017.html,2017-10-10,2026-10-07,Sri Lanka,LKR,kg,farm_gate,weekly,0fbee0e9f185eb9724a8d1a76b76ff96c2d43b154c47229ea3e8d91ba7018810,observed_source_value,d5a73c3e620ce534100c,-0.03934809617773871,-0.04014315850004965,DOWN,684.15,701.07,-0.024134537207411655,7.0,680.8166666666666,0.010277673535954487,2017-10-16,0.008125009509608594,0.008092179330301959,UP,6.0,58.23000000000002,0.9114008794485948,0,TRAIN
2017-10-10,National,black_pepper,Grade 2,average,599.0,"Department of Export Agriculture, Sri Lanka - Economic Research Unit",https://exagri.info/mkt/2017/10.10.2017.html,2017-10-10,2026-10-07,Sri Lanka,LKR,kg,farm_gate,weekly,0fbee0e9f185eb9724a8d1a76b76ff96c2d43b154c47229ea3e8d91ba7018810,observed_source_value,27ec7c46dd3e0c00828b,-0.050216436488179195,-0.05152114822655891,DOWN,630.67,659.75,-0.044077302008336594,7.0,629.8066666666667,0.017806952552726383,2017-10-16,-0.0025041736227044975,-0.002507314309783607,DOWN,6.0,58.23000000000002,0.9114008794485948,1,TRAIN
2017-10-16,National,black_pepper,Grade 1,average,662.57,"Department of Export Agriculture, Sri Lanka - Economic Research Unit",https://exagri.info/mkt/2017/16.10.2017.html,2017-10-16,2026-10-07,Sri Lanka,LKR,kg,farm_gate,weekly,7d7c0936fcadbfc4ce7282536d9f56fbdf9536a3ab53226b94799dcf030b893c,observed_source_value,8de8ddeb6b46b0ca0b1c,0.008125009509608594,0.008092179330301959,UP,657.23,684.15,-0.03934809617773871,6.0,667.9833333333332,0.02424124066727807,2017-10-24,0.021552439742215768,0.021323469975723798,UP,8.0,65.07000000000005,0.9017915088217093,0,TRAIN
2017-10-16,National,black_pepper,Grade 2,average,597.5,"Department of Export Agriculture, Sri Lanka - Economic Research Unit",https://exagri.info/mkt/2017/16.10.2017.html,2017-10-16,2026-10-07,Sri Lanka,LKR,kg,farm_gate,weekly,7d7c0936fcadbfc4ce7282536d9f56fbdf9536a3ab53226b94799dcf030b893c,observed_source_value,478a0d55a2727872bc99,-0.0025041736227044975,-0.002507314309783607,DOWN,599.0,630.67,-0.050216436488179195,6.0,609.0566666666667,0.025956611244131136,2017-10-24,0.03179916317991638,0.031304038798733315,UP,8.0,65.07000000000005,0.9017915088217093,1,TRAIN
2017-10-24,National,black_pepper,Grade 1,average,676.85,"Department of Export Agriculture, Sri Lanka - Economic Research Unit",https://exagri.info/mkt/2017/24.10.2017.html,2017-10-24,2026-10-07,Sri Lanka,LKR,kg,farm_gate,weekly,b153dc0ec8a5007a42f11e3b54c625339e4e41d6e36278baaa92f1bf5ead9c97,observed_source_value,cb78c3cef32d721ed17b,0.021552439742215768,0.021323469975723798,UP,662.57,657.23,0.008125009509608594,8.0,665.5499999999998,0.03199704913892153,2017-10-31,-0.015572135628278194,-0.01569465492138663,DOWN,7.0,60.35000000000002,0.9108369653542143,0,TRAIN
2017-10-24,National,black_pepper,Grade 2,average,616.5,"Department of Export Agriculture, Sri Lanka - Economic Research Unit",https://exagri.info/mkt/2017/24.10.2017.html,2017-10-24,2026-10-07,Sri Lanka,LKR,kg,farm_gate,weekly,b153dc0ec8a5007a42f11e3b54c625339e4e41d6e36278baaa92f1bf5ead9c97,observed_source_value,861a4704a671160b541d,0.03179916317991638,0.031304038798733315,UP,597.5,599.0,-0.0025041736227044975,8.0,604.3333333333334,0.04119008281219975,2017-10-31,0.021573398215734008,0.021343986062525307,UP,7.0,60.35000000000002,0.9108369653542143,1,TRAIN
2017-10-31,National,black_pepper,Grade 1,average,666.31,"Department of Export Agriculture, Sri Lanka - Economic Research Unit",https://exagri.info/mkt/2017/31.10.2017.html,2017-10-31,2026-10-07,Sri Lanka,LKR,kg,farm_gate,weekly,d9012a8fc32227a10648f6b36a8fe25ea73a8f3e80af725eee8e3552a6bb7f7b,observed_source_value,e79c9333200fc4e0c6ae,-0.015572135628278194,-0.01569465492138663,DOWN,676.85,662.57,0.021552439742215768,7.0,668.5766666666665,0.018797538255390444,2017-11-07,-0.0090048175774039,-0.009045605993333577,DOWN,7.0,36.50999999999999,0.9452056850414972,0,TRAIN
2017-10-31,National,black_pepper,Grade 2,average,629.8,"Department of Export Agriculture, Sri Lanka - Economic Research Unit",https://exagri.info/mkt/2017/31.10.2017.html,2017-10-31,2026-10-07,Sri Lanka,LKR,kg,farm_gate,weekly,d9012a8fc32227a10648f6b36a8fe25ea73a8f3e80af725eee8e3552a6bb7f7b,observed_source_value,5bef9b22c6e753c85ed4,0.021573398215734008,0.021343986062525307,UP,616.5,597.5,0.03179916317991638,7.0,614.6,0.017611618563378468,2017-11-07,0.005477929501429113,0.005462980214860418,UP,7.0,36.50999999999999,0.9452056850414972,1,TRAIN
2017-11-07,National,black_pepper,Grade 1,average,660.31,"Department of Export Agriculture, Sri Lanka - Economic Research Unit",https://exagri.info/mkt/2017/07.11.2017.html,2017-11-07,2026-10-07,Sri Lanka,LKR,kg,farm_gate,weekly,e91e1565902a7ddd52ddfb410e76c97944d075758cd67eb5b230fcf87ff90dfe,observed_source_value,ce730e3c7c8600abf656,-0.0090048175774039,-0.009045605993333577,DOWN,666.31,676.85,-0.015572135628278194,7.0,667.8233333333333,0.019812074339143056,2017-11-14,-0.004543320561554376,-0.004553672810039607,DOWN,7.0,27.059999999999945,0.9590192485347792,0,TRAIN
2017-11-07,National,black_pepper,Grade 2,average,633.25,"Department of Export Agriculture, Sri Lanka - Economic Research Unit",https://exagri.info/mkt/2017/07.11.2017.html,2017-11-07,2026-10-07,Sri Lanka,LKR,kg,farm_gate,weekly,e91e1565902a7ddd52ddfb410e76c97944d075758cd67eb5b230fcf87ff90dfe,observed_source_value,7b0c57d3da71eacf935a,0.005477929501429113,0.005462980214860418,UP,629.8,616.5,0.021573398215734008,7.0,626.5166666666667,0.013269248437603832,2017-11-14,-0.02684563758389258,-0.0272125635248847,DOWN,7.0,27.059999999999945,0.9590192485347792,1,TRAIN
2017-11-14,National,black_pepper,Grade 1,average,657.31,"Department of Export Agriculture, Sri Lanka - Economic Research Unit",https://exagri.info/mkt/2017/14.11.2017.html,2017-11-14,2026-10-07,Sri Lanka,LKR,kg,farm_gate,weekly,3a86719fa4d66b3822b6e03a32e6d6fcfbb8c486818456ed84558a2886caab48,observed_source_value,673e0ee3932a85742593,-0.004543320561554376,-0.004553672810039607,DOWN,660.31,666.31,-0.0090048175774039,7.0,661.31,0.005547813139425158,2017-11-21,-0.026334606197988664,-0.02668757255331783,DOWN,7.0,41.059999999999945,0.9375332795788898,0,TRAIN
2017-11-14,National,black_pepper,Grade 2,average,616.25,"Department of Export Agriculture, Sri Lanka - Economic Research Unit",https://exagri.info/mkt/2017/14.11.2017.html,2017-11-14,2026-10-07,Sri Lanka,LKR,kg,farm_gate,weekly,3a86719fa4d66b3822b6e03a32e6d6fcfbb8c486818456ed84558a2886caab48,observed_source_value,deaad48eaeaab6f95156,-0.02684563758389258,-0.0272125635248847,DOWN,633.25,629.8,0.005477929501429113,7.0,626.4333333333333,0.02465860272473449,2017-11-21,0.009330628803245533,0.009287367382279676,UP,7.0,41.059999999999945,0.9375332795788898,1,TRAIN
2017-11-21,National,black_pepper,Grade 1,average,640.0,"Department of Export Agriculture, Sri Lanka - Economic Research Unit",https://exagri.info/mkt/2017/21.11.2017.html,2017-11-21,2026-10-07,Sri Lanka,LKR,kg,farm_gate,weekly,acdf6156f03fa35443c0df8668229fe223a6f54977e888561ac76f368aef7187,observed_source_value,bf0f52097d56474b1f28,-0.026334606197988664,-0.02668757255331783,DOWN,657.31,660.31,-0.004543320561554376,7.0,652.54,0.011511491786799768,2017-11-28,-0.043031249999999965,-0.0439845421898221,DOWN,7.0,18.0,0.971875,0,TRAIN
2017-11-21,National,black_pepper,Grade 2,average,622.0,"Department of Export Agriculture, Sri Lanka - Economic Research Unit",https://exagri.info/mkt/2017/21.11.2017.html,2017-11-21,2026-10-07,Sri Lanka,LKR,kg,farm_gate,weekly,acdf6156f03fa35443c0df8668229fe223a6f54977e888561ac76f368aef7187,observed_source_value,0e837defc7fe2a9cc9a5,0.009330628803245533,0.009287367382279676,UP,616.25,633.25,-0.02684563758389258,7.0,623.8333333333334,0.019867807003384513,2017-11-28,-0.11414790996784563,-0.12120528358626492,DOWN,7.0,18.0,0.971875,1,TRAIN
2017-11-28,National,black_pepper,Grade 1,average,612.46,"Department of Export Agriculture, Sri Lanka - Economic Research Unit",https://exagri.info/mkt/2017/28.11.2017.html,2017-11-28,2026-10-07,Sri Lanka,LKR,kg,farm_gate,weekly,85618f3ad6c78b01ded7a375ef70d273707182bd323094c3e6037e095239ad64,observed_source_value,0e8c844bdcd1a384522a,-0.043031249999999965,-0.0439845421898221,DOWN,640.0,657.31,-0.026334606197988664,7.0,636.59,0.019300080986007846,2017-12-05,-0.014629526826241745,-0.01473759362630925,DOWN,7.0,61.460000000000036,0.8996505894262482,0,TRAIN
2017-11-28,National,black_pepper,Grade 2,average,551.0,"Department of Export Agriculture, Sri Lanka - Economic Research Unit",https://exagri.info/mkt/2017/28.11.2017.html,2017-11-28,2026-10-07,Sri Lanka,LKR,kg,farm_gate,weekly,85618f3ad6c78b01ded7a375ef70d273707182bd323094c3e6037e095239ad64,observed_source_value,281aecb7e3b64acb32bf,-0.11414790996784563,-0.12120528358626492,DOWN,622.0,616.25,0.009330628803245533,7.0,596.4166666666666,0.06347881346055378,2017-12-05,-0.029038112522686066,-0.02946806225690798,DOWN,7.0,61.460000000000036,0.8996505894262482,1,TRAIN
2017-12-05,National,black_pepper,Grade 1,average,603.5,"Department of Export Agriculture, Sri Lanka - Economic Research Unit",https://exagri.info/mkt/2017/05.12.2017.html,2017-12-05,2026-10-07,Sri Lanka,LKR,kg,farm_gate,weekly,9b4cec2b0546bc0bac4f62e8d43ce9bd5be4ccd219b8ba99b7c1aca1b7ee81ef,observed_source_value,d32f297cea9a25db6178,-0.014629526826241745,-0.01473759362630925,DOWN,612.46,640.0,-0.043031249999999965,7.0,618.6533333333333,0.014273779437538745,2017-12-12,-0.008599834299917286,-0.008637026258212591,DOWN,7.0,68.5,0.8864954432477217,0,TRAIN
2017-12-05,National,black_pepper,Grade 2,average,535.0,"Department of Export Agriculture, Sri Lanka - Economic Research Unit",https://exagri.info/mkt/2017/05.12.2017.html,2017-12-05,2026-10-07,Sri Lanka,LKR,kg,farm_gate,weekly,9b4cec2b0546bc0bac4f62e8d43ce9bd5be4ccd219b8ba99b7c1aca1b7ee81ef,observed_source_value,19a80ce77941ea1f82f5,-0.029038112522686066,-0.02946806225690798,DOWN,551.0,622.0,-0.11414790996784563,7.0,569.3333333333334,0.0631965023677945,2017-12-12,0.006542056074766434,0.006520749700436785,UP,7.0,68.5,0.8864954432477217,1,TRAIN
2017-12-12,National,black_pepper,Grade 1,average,598.31,"Department of Export Agriculture, Sri Lanka - Economic Research Unit",https://exagri.info/mkt/2017/12.12.2017.html,2017-12-12,2026-10-07,Sri Lanka,LKR,kg,farm_gate,weekly,2a4559a7914aead9ff2bf837e5fd4b343200541c418b88068d592739ba9f28da,observed_source_value,13cb5e03b4082d756866,-0.008599834299917286,-0.008637026258212591,DOWN,603.5,612.46,-0.014629526826241745,7.0,604.7566666666667,0.018387212305987742,2017-12-19,-0.027143119787401027,-0.027518298866293974,DOWN,7.0,59.809999999999945,0.9000350988617941,0,TRAIN
2017-12-12,National,black_pepper,Grade 2,average,538.5,"Department of Export Agriculture, Sri Lanka - Economic Research Unit",https://exagri.info/mkt/2017/12.12.2017.html,2017-12-12,2026-10-07,Sri Lanka,LKR,kg,farm_gate,weekly,2a4559a7914aead9ff2bf837e5fd4b343200541c418b88068d592739ba9f28da,observed_source_value,bbc32434b5e7e3e2d148,0.006542056074766434,0.006520749700436785,UP,535.0,551.0,-0.029038112522686066,7.0,541.5,0.062015715645237626,2017-12-19,0.0021727019498607447,0.002170345046261244,UP,7.0,59.809999999999945,0.9000350988617941,1,TRAIN
2017-12-19,National,black_pepper,Grade 1,average,582.07,"Department of Export Agriculture, Sri Lanka - Economic Research Unit",https://exagri.info/mkt/2017/19.12.2017.html,2017-12-19,2026-10-07,Sri Lanka,LKR,kg,farm_gate,weekly,5bcbc0c67c2be0b2cecefb862307e105b88eeaef5b52a45b852ff38b98b3e347,observed_source_value,168e2626bd130bf898d5,-0.027143119787401027,-0.027518298866293974,DOWN,598.31,603.5,-0.008599834299917286,7.0,594.6266666666667,0.009458687694654154,2017-12-26,-0.001116704176473804,-0.0011173281551590047,DOWN,7.0,42.40000000000009,0.9271565275654129,0,TRAIN
2017-12-19,National,black_pepper,Grade 2,average,539.67,"Department of Export Agriculture, Sri Lanka - Economic Research Unit",https://exagri.info/mkt/2017/19.12.2017.html,2017-12-19,2026-10-07,Sri Lanka,LKR,kg,farm_gate,weekly,5bcbc0c67c2be0b2cecefb862307e105b88eeaef5b52a45b852ff38b98b3e347,observed_source_value,4ced6185a421355cff02,0.0021727019498607447,0.002170345046261244,UP,538.5,535.0,0.006542056074766434,7.0,537.7233333333334,0.019404271836082197,2017-12-26,0.020994311338410565,0.020776967510210062,UP,7.0,42.40000000000009,0.9271565275654129,1,TRAIN
2017-12-26,National,black_pepper,Grade 1,average,581.42,"Department of Export Agriculture, Sri Lanka - Economic Research Unit",https://exagri.info/mkt/2017/26.12.2017.html,2017-12-26,2026-10-07,Sri Lanka,LKR,kg,farm_gate,weekly,57c3925370493d04af64e031b1ffbe14f6448f067e1250151257381689fd84ff,observed_source_value,0c44f7c9f0198afd6037,-0.001116704176473804,-0.0011173281551590047,DOWN,582.07,598.31,-0.027143119787401027,7.0,587.2666666666665,0.013399160313663502,2018-01-03,0.04313577104330779,0.04223134112618406,UP,8.0,30.41999999999996,0.9476798183757009,0,TRAIN
2017-12-26,National,black_pepper,Grade 2,average,551.0,"Department of Export Agriculture, Sri Lanka - Economic Research Unit",https://exagri.info/mkt/2017/26.12.2017.html,2017-12-26,2026-10-07,Sri Lanka,LKR,kg,farm_gate,weekly,57c3925370493d04af64e031b1ffbe14f6448f067e1250151257381689fd84ff,observed_source_value,b390815a85a48503f8d9,0.020994311338410565,0.020776967510210062,UP,539.67,538.5,0.0021727019498607447,7.0,543.0566666666667,0.009850650720038967,2018-01-03,0.05771324863883831,0.05610926516813512,UP,8.0,30.41999999999996,0.9476798183757009,1,TRAIN
2018-01-03,National,black_pepper,Grade 1,average,606.5,"Department of Export Agriculture, Sri Lanka - Economic Research Unit",https://exagri.info/mkt/2018/03.01.2018.html,2018-01-03,2026-10-07,Sri Lanka,LKR,kg,farm_gate,weekly,e8a0f00458acc36da034fefd03b4bec2dbf1902aeacb48f567f72a55a3a4b071,observed_source_value,1ee351411937d136c420,0.04313577104330779,0.04223134112618406,UP,581.42,582.07,-0.001116704176473804,8.0,589.9966666666666,0.035531156208377886,2018-01-09,0.013322341302555607,0.013234379292393374,UP,6.0,23.700000000000045,0.9609233305853255,0,TRAIN
2018-01-03,National,black_pepper,Grade 2,average,582.8,"Department of Export Agriculture, Sri Lanka - Economic Research Unit",https://exagri.info/mkt/2018/03.01.2018.html,2018-01-03,2026-10-07,Sri Lanka,LKR,kg,farm_gate,weekly,e8a0f00458acc36da034fefd03b4bec2dbf1902aeacb48f567f72a55a3a4b071,observed_source_value,1691002780797d353c72,0.05771324863883831,0.05610926516813512,UP,551.0,539.67,0.020994311338410565,8.0,557.8233333333333,0.02824678643361666,2018-01-09,-0.017158544955387822,-0.01730745867461395,DOWN,6.0,23.700000000000045,0.9609233305853255,1,TRAIN
2018-01-09,National,black_pepper,Grade 1,average,614.58,"Department of Export Agriculture, Sri Lanka - Economic Research Unit",https://exagri.info/mkt/2018/09.01.2018.html,2018-01-09,2026-10-07,Sri Lanka,LKR,kg,farm_gate,weekly,4a4af60b20156b3a87fa5bac0d208a0ebea9c0781ddcf2c66bb6909da01c344c,observed_source_value,22fac4f6aa97fcb77735,0.013322341302555607,0.013234379292393374,UP,606.5,581.42,0.04313577104330779,6.0,600.8333333333333,0.022566967712158967,2018-01-16,0.0018386540401575946,0.0018369657849126848,UP,7.0,41.780000000000086,0.9320186143382472,0,TRAIN
2018-01-09,National,black_pepper,Grade 2,average,572.8,"Department of Export Agriculture, Sri Lanka - Economic Research Unit",https://exagri.info/mkt/2018/09.01.2018.html,2018-01-09,2026-10-07,Sri Lanka,LKR,kg,farm_gate,weekly,4a4af60b20156b3a87fa5bac0d208a0ebea9c0781ddcf2c66bb6909da01c344c,observed_source_value,eeb4876d734f82a93804,-0.017158544955387822,-0.01730745867461395,DOWN,582.8,551.0,0.05771324863883831,6.0,568.8666666666667,0.037438185221028215,2018-01-16,-0.0020425977653630856,-0.0020446867132501998,DOWN,7.0,41.780000000000086,0.9320186143382472,1,TRAIN
2018-01-16,National,black_pepper,Grade 1,average,615.71,"Department of Export Agriculture, Sri Lanka - Economic Research Unit",https://exagri.info/mkt/2018/16.01.2018.html,2018-01-16,2026-10-07,Sri Lanka,LKR,kg,farm_gate,weekly,131de9bb87f3ffc12c3a4cb88a2b1d2b88542bac29ed2d5602fbd437ef71c755,observed_source_value,cf1fd7d26430137facc1,0.0018386540401575946,0.0018369657849126848,UP,614.58,606.5,0.013322341302555607,7.0,612.2633333333333,0.021315751370052333,2018-01-23,0.009712364587224576,0.009665502756095167,UP,7.0,44.08000000000004,0.928407854347014,0,TRAIN
2018-01-16,National,black_pepper,Grade 2,average,571.63,"Department of Export Agriculture, Sri Lanka - Economic Research Unit",https://exagri.info/mkt/2018/16.01.2018.html,2018-01-16,2026-10-07,Sri Lanka,LKR,kg,farm_gate,weekly,131de9bb87f3ffc12c3a4cb88a2b1d2b88542bac29ed2d5602fbd437ef71c755,observed_source_value,b0923e6f346ae090dea2,-0.0020425977653630856,-0.0020446867132501998,DOWN,572.8,582.8,-0.017158544955387822,7.0,575.7433333333332,0.03959174685661614,2018-01-23,0.023389255287511235,0.02311991829867096,UP,7.0,44.08000000000004,0.928407854347014,1,TRAIN
2018-01-23,National,black_pepper,Grade 1,average,621.69,"Department of Export Agriculture, Sri Lanka - Economic Research Unit",https://exagri.info/mkt/2018/23.01.2018.html,2018-01-23,2026-10-07,Sri Lanka,LKR,kg,farm_gate,weekly,688132cc78dd87ac4fce4ace0c65f3681c630d57f6af0c9e09ba4f0c13782691,observed_source_value,88c8b8fb4a4413b041d2,0.009712364587224576,0.009665502756095167,UP,615.71,614.58,0.0018386540401575946,7.0,617.3266666666667,0.005872284092879346,2018-01-29,0.0024449484469750704,0.0024419644233870793,UP,6.0,36.690000000000055,0.9409834483424214,0,TRAIN
2018-01-23,National,black_pepper,Grade 2,average,585.0,"Department of Export Agriculture, Sri Lanka - Economic Research Unit",https://exagri.info/mkt/2018/23.01.2018.html,2018-01-23,2026-10-07,Sri Lanka,LKR,kg,farm_gate,weekly,688132cc78dd87ac4fce4ace0c65f3681c630d57f6af0c9e09ba4f0c13782691,observed_source_value,44a12cf0a18841582c4c,0.023389255287511235,0.02311991829867096,UP,571.63,572.8,-0.0020425977653630856,7.0,576.4766666666666,0.02049144176517104,2018-01-29,0.001470085470085536,0.0014690059523002885,UP,6.0,36.690000000000055,0.9409834483424214,1,TRAIN
2018-01-29,National,black_pepper,Grade 1,average,623.21,"Department of Export Agriculture, Sri Lanka - Economic Research Unit",https://exagri.info/mkt/2018/29.01.2018.html,2018-01-29,2026-10-07,Sri Lanka,LKR,kg,farm_gate,weekly,adab24f34da94233d195de0a300b4357688dcbfb42a234dd18817100af101410,observed_source_value,aa9d6e08381bfe082f67,0.0024449484469750704,0.0024419644233870793,UP,621.69,615.71,0.009712364587224576,6.0,620.2033333333333,0.004381366758642085,2018-02-06,-0.003770799569968397,-0.003777926957608563,DOWN,8.0,37.35000000000002,0.940068355770928,0,TRAIN
2018-01-29,National,black_pepper,Grade 2,average,585.86,"Department of Export Agriculture, Sri Lanka - Economic Research Unit",https://exagri.info/mkt/2018/29.01.2018.html,2018-01-29,2026-10-07,Sri Lanka,LKR,kg,farm_gate,weekly,adab24f34da94233d195de0a300b4357688dcbfb42a234dd18817100af101410,observed_source_value,327875b629c26a257d87,0.001470085470085536,0.0014690059523002885,UP,585.0,571.63,0.023389255287511235,6.0,580.83,0.01378143738693743,2018-02-06,0.005359642235346351,0.005345330467430013,UP,8.0,37.35000000000002,0.940068355770928,1,TRAIN
2018-02-06,National,black_pepper,Grade 1,average,620.86,"Department of Export Agriculture, Sri Lanka - Economic Research Unit",https://exagri.info/mkt/2018/06.02.2018.html,2018-02-06,2026-10-07,Sri Lanka,LKR,kg,farm_gate,weekly,b8504dba473645461d0075e508dc03d9313da50833f982353182976a19eedaec,observed_source_value,ec69637740aee62682f3,-0.003770799569968397,-0.003777926957608563,DOWN,623.21,621.69,0.0024449484469750704,8.0,621.92,0.006748414337897211,2018-02-12,0.010807589472666912,0.01074960488585415,UP,6.0,31.860000000000014,0.9486840833682312,0,TRAIN
2018-02-06,National,black_pepper,Grade 2,average,589.0,"Department of Export Agriculture, Sri Lanka - Economic Research Unit",https://exagri.info/mkt/2018/06.02.2018.html,2018-02-06,2026-10-07,Sri Lanka,LKR,kg,farm_gate,weekly,b8504dba473645461d0075e508dc03d9313da50833f982353182976a19eedaec,observed_source_value,42ac9d270cdcfa72e299,0.005359642235346351,0.005345330467430013,UP,585.86,585.0,0.001470085470085536,8.0,586.62,0.011695053114642431,2018-02-12,0.005331069609507688,0.005316909760384153,UP,6.0,31.860000000000014,0.9486840833682312,1,TRAIN
2018-02-12,National,black_pepper,Grade 1,average,627.57,"Department of Export Agriculture, Sri Lanka - Economic Research Unit",https://exagri.info/mkt/2018/12.02.2018.html,2018-02-12,2026-10-07,Sri Lanka,LKR,kg,farm_gate,weekly,65120c889286d26d1721163b19a1a2b6e92782790891f2a78528ff5cc9cb86be,observed_source_value,b8cc860e6a73c11bd995,0.010807589472666912,0.01074960488585415,UP,620.86,623.21,-0.003770799569968397,6.0,623.88,0.007315494007165675,2018-02-20,0.016125691157958588,0.015997053274264515,UP,8.0,35.430000000000064,0.9435441464697164,0,TRAIN
2018-02-12,National,black_pepper,Grade 2,average,592.14,"Department of Export Agriculture, Sri Lanka - Economic Research Unit",https://exagri.info/mkt/2018/12.02.2018.html,2018-02-12,2026-10-07,Sri Lanka,LKR,kg,farm_gate,weekly,65120c889286d26d1721163b19a1a2b6e92782790891f2a78528ff5cc9cb86be,observed_source_value,47aec43283628e55741a,0.005331069609507688,0.005316909760384153,UP,589.0,585.86,0.005359642235346351,6.0,589.0,0.002237434049297101,2018-02-20,0.011095349072854477,0.011034247236032893,UP,8.0,35.430000000000064,0.9435441464697164,1,TRAIN
2018-02-20,National,black_pepper,Grade 1,average,637.69,"Department of Export Agriculture, Sri Lanka - Economic Research Unit",https://exagri.info/mkt/2018/20.02.2018.html,2018-02-20,2026-10-07,Sri Lanka,LKR,kg,farm_gate,weekly,b3a944a7eabdbd6ff957e18b6b0a9b5c0f7e8e31646a25cf71d6815e6748951f,observed_source_value,d453fd820bdbb59918ed,0.016125691157958588,0.015997053274264515,UP,627.57,620.86,0.010807589472666912,8.0,628.7066666666666,0.010301148608287411,2018-02-27,0.004955385845787141,0.004943148332429876,UP,7.0,38.98000000000002,0.9388731201681068,0,TRAIN
2018-02-20,National,black_pepper,Grade 2,average,598.71,"Department of Export Agriculture, Sri Lanka - Economic Research Unit",https://exagri.info/mkt/2018/20.02.2018.html,2018-02-20,2026-10-07,Sri Lanka,LKR,kg,farm_gate,weekly,b3a944a7eabdbd6ff957e18b6b0a9b5c0f7e8e31646a25cf71d6815e6748951f,observed_source_value,842942975b530b3039a1,0.011095349072854477,0.011034247236032893,UP,592.14,589.0,0.005331069609507688,8.0,593.2833333333333,0.0033197908330713298,2018-02-27,0.010990295802642214,0.01093034137964841,UP,7.0,38.98000000000002,0.9388731201681068,1,TRAIN
2018-02-27,National,black_pepper,Grade 1,average,640.85,"Department of Export Agriculture, Sri Lanka - Economic Research Unit",https://exagri.info/mkt/2018/27.02.2018.html,2018-02-27,2026-10-07,Sri Lanka,LKR,kg,farm_gate,weekly,1401206cbf051d6b5b5f208563502eb87f9e7ddef44dd9f40cf07603d49a477b,observed_source_value,ec5a86a700054b0d4503,0.004955385845787141,0.004943148332429876,UP,637.69,627.57,0.016125691157958588,7.0,635.3699999999999,0.00558728039975336,2018-03-06,-0.01749239291565896,-0.01764719268921239,DOWN,7.0,35.56000000000006,0.9445111960677225,0,TRAIN
2018-02-27,National,black_pepper,Grade 2,average,605.29,"Department of Export Agriculture, Sri Lanka - Economic Research Unit",https://exagri.info/mkt/2018/27.02.2018.html,2018-02-27,2026-10-07,Sri Lanka,LKR,kg,farm_gate,weekly,1401206cbf051d6b5b5f208563502eb87f9e7ddef44dd9f40cf07603d49a477b,observed_source_value,715fffa9ae54ec98ac1b,0.010990295802642214,0.01093034137964841,UP,598.71,592.14,0.011095349072854477,7.0,598.7133333333333,0.003298100337717746,2018-03-06,0.016041897272381922,0.015914585778865793,UP,7.0,35.56000000000006,0.9445111960677225,1,TRAIN
2018-03-06,National,black_pepper,Grade 1,average,629.64,"Department of Export Agriculture, Sri Lanka - Economic Research Unit",https://exagri.info/mkt/2018/06.03.2018.html,2018-03-06,2026-10-07,Sri Lanka,LKR,kg,farm_gate,weekly,3c3ca385f3e4fbab91094f69c79e78acd652f34c4c7c13df00666c6073cbd91e,observed_source_value,29f5e8f8c49239da4d07,-0.01749239291565896,-0.01764719268921239,DOWN,640.85,637.69,0.004955385845787141,7.0,636.06,0.017121400200095026,2018-03-13,0.020726129216695366,0.020514265410617415,UP,7.0,14.639999999999986,0.9767486182580523,0,TRAIN
2018-03-06,National,black_pepper,Grade 2,average,615.0,"Department of Export Agriculture, Sri Lanka - Economic Research Unit",https://exagri.info/mkt/2018/06.03.2018.html,2018-03-06,2026-10-07,Sri Lanka,LKR,kg,farm_gate,weekly,3c3ca385f3e4fbab91094f69c79e78acd652f34c4c7c13df00666c6073cbd91e,observed_source_value,57413dfc4c16033d5a92,0.016041897272381922,0.015914585778865793,UP,605.29,598.71,0.010990295802642214,7.0,606.3333333333334,0.002886695131363476,2018-03-13,-0.015105691056910509,-0.015220944132557049,DOWN,7.0,14.639999999999986,0.9767486182580523,1,TRAIN
2018-03-13,National,black_pepper,Grade 1,average,642.69,"Department of Export Agriculture, Sri Lanka - Economic Research Unit",https://exagri.info/mkt/2018/13.03.2018.html,2018-03-13,2026-10-07,Sri Lanka,LKR,kg,farm_gate,weekly,8d5e8a2032274746e1f39e72687eb0a909a28862c213ad21032640cef2fc82e5,observed_source_value,fcfb5d4f1a27b7b3ce83,0.020726129216695366,0.020514265410617415,UP,629.64,640.85,-0.01749239291565896,7.0,637.7266666666666,0.01920622534394879,2018-03-20,-0.007188535685945019,-0.00721449770267467,DOWN,7.0,36.98000000000002,0.9424605953103362,0,TRAIN
2018-03-13,National,black_pepper,Grade 2,average,605.71,"Department of Export Agriculture, Sri Lanka - Economic Research Unit",https://exagri.info/mkt/2018/13.03.2018.html,2018-03-13,2026-10-07,Sri Lanka,LKR,kg,farm_gate,weekly,8d5e8a2032274746e1f39e72687eb0a909a28862c213ad21032640cef2fc82e5,observed_source_value,b757155f5b2247c17993,-0.015105691056910509,-0.015220944132557049,DOWN,615.0,605.29,0.016041897272381922,7.0,608.6666666666666,0.016716715518276012,2018-03-20,-0.012250086675141714,-0.012325737440720984,DOWN,7.0,36.98000000000002,0.9424605953103362,1,TRAIN
2018-03-20,National,black_pepper,Grade 1,average,638.07,"Department of Export Agriculture, Sri Lanka - Economic Research Unit",https://exagri.info/mkt/2018/20.03.2018.html,2018-03-20,2026-10-07,Sri Lanka,LKR,kg,farm_gate,weekly,9e55656ac2bd1eca42007add9df0592abc3b7d7ede56b78d49761e5d72bdaf7f,observed_source_value,c9995522691f288c80f1,-0.007188535685945019,-0.00721449770267467,DOWN,642.69,629.64,0.020726129216695366,7.0,636.8000000000001,0.019773945081084168,2018-03-27,-0.01532747190747108,-0.015446151876034023,DOWN,7.0,39.780000000000086,0.9376557431002867,0,TRAIN
2018-03-20,National,black_pepper,Grade 2,average,598.29,"Department of Export Agriculture, Sri Lanka - Economic Research Unit",https://exagri.info/mkt/2018/20.03.2018.html,2018-03-20,2026-10-07,Sri Lanka,LKR,kg,farm_gate,weekly,9e55656ac2bd1eca42007add9df0592abc3b7d7ede56b78d49761e5d72bdaf7f,observed_source_value,78e41c40ea72eb246c26,-0.012250086675141714,-0.012325737440720984,DOWN,605.71,615.0,-0.015105691056910509,7.0,606.3333333333334,0.017218028781884942,2018-03-27,-0.0158117300974443,-0.015938069029579376,DOWN,7.0,39.780000000000086,0.9376557431002867,1,TRAIN
2018-03-27,National,black_pepper,Grade 1,average,628.29,"Department of Export Agriculture, Sri Lanka - Economic Research Unit",https://exagri.info/mkt/2018/27.03.2018.html,2018-03-27,2026-10-07,Sri Lanka,LKR,kg,farm_gate,weekly,9fc5d753c2f692e771d99bef75b68226f5250841ce7690ca76dbd2fdc805b8b2,observed_source_value,e3c22f32b09867883ca0,-0.01532747190747108,-0.015446151876034023,DOWN,638.07,642.69,-0.007188535685945019,7.0,636.3499999999999,0.01890913779748377,2018-04-03,-0.001034554107179786,-0.0010350896276619303,DOWN,7.0,39.45999999999992,0.9371946075856692,0,TRAIN
2018-03-27,National,black_pepper,Grade 2,average,588.83,"Department of Export Agriculture, Sri Lanka - Economic Research Unit",https://exagri.info/mkt/2018/27.03.2018.html,2018-03-27,2026-10-07,Sri Lanka,LKR,kg,farm_gate,weekly,9fc5d753c2f692e771d99bef75b68226f5250841ce7690ca76dbd2fdc805b8b2,observed_source_value,10b2ff8e077147a45d8e,-0.0158117300974443,-0.015938069029579376,DOWN,598.29,605.71,-0.012250086675141714,7.0,597.61,0.001885836303398429,2018-04-03,-0.011599273134860755,-0.011667069472222739,DOWN,7.0,39.45999999999992,0.9371946075856692,1,TRAIN
2018-04-03,National,black_pepper,Grade 1,average,627.64,"Department of Export Agriculture, Sri Lanka - Economic Research Unit",https://exagri.info/mkt/2018/03.04.2018.html,2018-04-03,2026-10-07,Sri Lanka,LKR,kg,farm_gate,weekly,80d9e4cef771ec6c64f8c1e694191d0caef44296a79ac402dc97f18bcfa72558,observed_source_value,8e1267ce198162f930f4,-0.001034554107179786,-0.0010350896276619303,DOWN,628.29,638.07,-0.01532747190747108,7.0,631.3333333333333,0.007169394108940192,2018-04-09,-0.004891338984130966,-0.004903340735075527,DOWN,6.0,45.639999999999986,0.9272831559492704,0,TRAIN
2018-04-03,National,black_pepper,Grade 2,average,582.0,"Department of Export Agriculture, Sri Lanka - Economic Research Unit",https://exagri.info/mkt/2018/03.04.2018.html,2018-04-03,2026-10-07,Sri Lanka,LKR,kg,farm_gate,weekly,80d9e4cef771ec6c64f8c1e694191d0caef44296a79ac402dc97f18bcfa72558,observed_source_value,51238585a6cd7f646b1c,-0.011599273134860755,-0.011667069472222739,DOWN,588.83,598.29,-0.0158117300974443,7.0,589.7066666666666,0.002267658696879117,2018-04-09,0.017869415807560074,0.017711634662205832,UP,6.0,45.639999999999986,0.9272831559492704,1,TRAIN
2018-04-09,National,black_pepper,Grade 1,average,624.57,"Department of Export Agriculture, Sri Lanka - Economic Research Unit",https://exagri.info/mkt/2018/09.04.2018.html,2018-04-09,2026-10-07,Sri Lanka,LKR,kg,farm_gate,weekly,a4fca52f226325ab324b0a032407afdd52e75e8cacb03e6ccb8e617c5cc1652b,observed_source_value,b0afed30ac09f73436f0,-0.004891338984130966,-0.004903340735075527,DOWN,627.64,628.29,-0.001034554107179786,6.0,626.8333333333334,0.007394538065656869,2018-04-17,-4.803304673628439e-05,-4.8034200360015296e-05,DOWN,8.0,32.17000000000007,0.9484925628832636,0,TRAIN
2018-04-09,National,black_pepper,Grade 2,average,592.4,"Department of Export Agriculture, Sri Lanka - Economic Research Unit",https://exagri.info/mkt/2018/09.04.2018.html,2018-04-09,2026-10-07,Sri Lanka,LKR,kg,farm_gate,weekly,a4fca52f226325ab324b0a032407afdd52e75e8cacb03e6ccb8e617c5cc1652b,observed_source_value,709da5870565caaa942b,0.017869415807560074,0.017711634662205832,UP,582.0,588.83,-0.011599273134860755,6.0,587.7433333333333,0.01835105814896737,2018-04-17,0.002363268062120172,0.0023604799360156933,UP,8.0,32.17000000000007,0.9484925628832636,1,TRAIN
2018-04-17,National,black_pepper,Grade 1,average,624.54,"Department of Export Agriculture, Sri Lanka - Economic Research Unit",https://exagri.info/mkt/2018/17.04.2018.html,2018-04-17,2026-10-07,Sri Lanka,LKR,kg,farm_gate,weekly,24b7635d15943ce1dd2ee6aa87a00f94c922d7d041f21fd4d465549dc3732041,observed_source_value,45749f702778cb320f2b,-4.803304673628439e-05,-4.8034200360015296e-05,DOWN,624.57,627.64,-0.004891338984130966,8.0,625.5833333333334,0.0025594799534634513,2018-04-24,0.0008486245876966336,0.0008482647094378461,UP,7.0,30.74000000000001,0.9507797739136004,0,TRAIN
2018-04-17,National,black_pepper,Grade 2,average,593.8,"Department of Export Agriculture, Sri Lanka - Economic Research Unit",https://exagri.info/mkt/2018/17.04.2018.html,2018-04-17,2026-10-07,Sri Lanka,LKR,kg,farm_gate,weekly,24b7635d15943ce1dd2ee6aa87a00f94c922d7d041f21fd4d465549dc3732041,observed_source_value,6a6f10a720231fe07265,0.002363268062120172,0.0023604799360156933,UP,592.4,582.0,0.017869415807560074,8.0,589.4,0.014741080933713091,2018-04-24,-0.013135735938026194,-0.013222772752646734,DOWN,7.0,30.74000000000001,0.9507797739136004,1,TRAIN
2018-04-24,National,black_pepper,Grade 1,average,625.07,"Department of Export Agriculture, Sri Lanka - Economic Research Unit",https://exagri.info/mkt/2018/24.04.2018.html,2018-04-24,2026-10-07,Sri Lanka,LKR,kg,farm_gate,weekly,81f5dc00356abf82a53cfc74d0609933de2735096f3ac73f9c823b68a592aa52,observed_source_value,4aa77a6488199701275f,0.0008486245876966336,0.0008482647094378461,UP,624.54,624.57,-4.803304673628439e-05,7.0,624.7266666666666,0.003087846852922081,2018-05-01,0.004447501879789373,0.004437640970103022,UP,7.0,39.07000000000005,0.9374950005599372,0,TRAIN
2018-04-24,National,black_pepper,Grade 2,average,586.0,"Department of Export Agriculture, Sri Lanka - Economic Research Unit",https://exagri.info/mkt/2018/24.04.2018.html,2018-04-24,2026-10-07,Sri Lanka,LKR,kg,farm_gate,weekly,81f5dc00356abf82a53cfc74d0609933de2735096f3ac73f9c823b68a592aa52,observed_source_value,9797ca932c0e826bae1c,-0.013135735938026194,-0.013222772752646734,DOWN,593.8,592.4,0.002363268062120172,7.0,590.7333333333332,0.015502576009954588,2018-05-01,0.028327645051194672,0.027933837119188374,UP,7.0,39.07000000000005,0.9374950005599372,1,TRAIN
2018-05-01,National,black_pepper,Grade 1,average,627.85,"Department of Export Agriculture, Sri Lanka - Economic Research Unit",https://exagri.info/mkt/2018/01.05.2018.html,2018-05-01,2026-10-07,Sri Lanka,LKR,kg,farm_gate,weekly,265d09eb9e0ff3abe1d3924f1079b575591d2a8e690995d2eb551ef6dde2d48d,observed_source_value,659aee70293aa2aff30b,0.004447501879789373,0.004437640970103022,UP,625.07,624.54,0.0008486245876966336,7.0,625.8199999999998,0.002379276744189611,2018-05-08,0.0029624910408536653,0.00295811151168207,UP,7.0,25.25,0.9597833877518516,0,TRAIN
2018-05-01,National,black_pepper,Grade 2,average,602.6,"Department of Export Agriculture, Sri Lanka - Economic Research Unit",https://exagri.info/mkt/2018/01.05.2018.html,2018-05-01,2026-10-07,Sri Lanka,LKR,kg,farm_gate,weekly,265d09eb9e0ff3abe1d3924f1079b575591d2a8e690995d2eb551ef6dde2d48d,observed_source_value,b617e07b2e7ae1605b6d,0.028327645051194672,0.027933837119188374,UP,586.0,593.8,-0.013135735938026194,7.0,594.1333333333333,0.02095065615712444,2018-05-08,-0.0009956853634252028,-0.0009961813873798676,DOWN,7.0,25.25,0.9597833877518516,1,TRAIN
2018-05-08,National,black_pepper,Grade 1,average,629.71,"Department of Export Agriculture, Sri Lanka - Economic Research Unit",https://exagri.info/mkt/2018/08.05.2018.html,2018-05-08,2026-10-07,Sri Lanka,LKR,kg,farm_gate,weekly,09d27c2fecc0a886cac1858fc22c240d12a6fe48fb22e0fe83acaad94eb85422,observed_source_value,ce06d21fbd5d839de1a5,0.0029624910408536653,0.00295811151168207,UP,627.85,625.07,0.004447501879789373,7.0,627.5433333333332,0.0018085724728447228,2018-05-15,-0.006256848390529091,-0.006276504499509269,DOWN,7.0,27.710000000000036,0.9559956170300614,0,TRAIN
2018-05-08,National,black_pepper,Grade 2,average,602.0,"Department of Export Agriculture, Sri Lanka - Economic Research Unit",https://exagri.info/mkt/2018/08.05.2018.html,2018-05-08,2026-10-07,Sri Lanka,LKR,kg,farm_gate,weekly,09d27c2fecc0a886cac1858fc22c240d12a6fe48fb22e0fe83acaad94eb85422,observed_source_value,83c4e96a89c6e362aafd,-0.0009956853634252028,-0.0009961813873798676,DOWN,602.6,586.0,0.028327645051194672,7.0,596.8666666666667,0.02131685756084389,2018-05-15,-0.0016611295681062677,-0.001662510773613414,DOWN,7.0,27.710000000000036,0.9559956170300614,1,TRAIN
2018-05-15,National,black_pepper,Grade 1,average,625.77,"Department of Export Agriculture, Sri Lanka - Economic Research Unit",https://exagri.info/mkt/2018/15.05.2018.html,2018-05-15,2026-10-07,Sri Lanka,LKR,kg,farm_gate,weekly,7382507b2d94f9e8611e23ab525be8656384039f33cc1f87f249fd71e8c55512,observed_source_value,4d856c5580dd924a57a9,-0.006256848390529091,-0.006276504499509269,DOWN,629.71,627.85,0.0029624910408536653,7.0,627.7766666666666,0.005799203845537492,2018-05-22,-0.014925611646451675,-0.015038119490513195,DOWN,7.0,24.769999999999982,0.9604167665436183,0,TRAIN
2018-05-15,National,black_pepper,Grade 2,average,601.0,"Department of Export Agriculture, Sri Lanka - Economic Research Unit",https://exagri.info/mkt/2018/15.05.2018.html,2018-05-15,2026-10-07,Sri Lanka,LKR,kg,farm_gate,weekly,7382507b2d94f9e8611e23ab525be8656384039f33cc1f87f249fd71e8c55512,observed_source_value,f91130a5b504e22086d0,-0.0016611295681062677,-0.001662510773613414,DOWN,602.0,602.6,-0.0009956853634252028,7.0,601.8666666666667,0.017125162411694393,2018-05-22,-0.041048252911813576,-0.041914521226746514,DOWN,7.0,24.769999999999982,0.9604167665436183,1,TRAIN
2018-05-22,National,black_pepper,Grade 1,average,616.43,"Department of Export Agriculture, Sri Lanka - Economic Research Unit",https://exagri.info/mkt/2018/22.05.2018.html,2018-05-22,2026-10-07,Sri Lanka,LKR,kg,farm_gate,weekly,5a38ca2a40b811d0255758068a9b2170286f15b8f28539a1f05a681f2e0001c6,observed_source_value,ea8783719f29fccaeeb6,-0.014925611646451675,-0.015038119490513195,DOWN,625.77,629.71,-0.006256848390529091,7.0,623.9699999999999,0.008945463409739856,2018-05-28,-0.003471602615057634,-0.003477642610443548,DOWN,6.0,40.09999999999991,0.9349480070729849,0,TRAIN
2018-05-22,National,black_pepper,Grade 2,average,576.33,"Department of Export Agriculture, Sri Lanka - Economic Research Unit",https://exagri.info/mkt/2018/22.05.2018.html,2018-05-22,2026-10-07,Sri Lanka,LKR,kg,farm_gate,weekly,5a38ca2a40b811d0255758068a9b2170286f15b8f28539a1f05a681f2e0001c6,observed_source_value,d796b2d232a0708b2ae5,-0.041048252911813576,-0.041914521226746514,DOWN,601.0,602.0,-0.0016611295681062677,7.0,593.11,0.022934677050629022,2018-05-28,0.0024638661877742773,0.002460835846029026,UP,6.0,40.09999999999991,0.9349480070729849,1,TRAIN
2018-05-28,National,black_pepper,Grade 1,average,614.29,"Department of Export Agriculture, Sri Lanka - Economic Research Unit",https://exagri.info/mkt/2018/28.05.2018.html,2018-05-28,2026-10-07,Sri Lanka,LKR,kg,farm_gate,weekly,d47009494aa1b58200e734e5d1f30ff2823797c44a3e6316b54bbcbe9f38567c,observed_source_value,e6c4a0513f9762e825d0,-0.003471602615057634,-0.003477642610443548,DOWN,616.43,625.77,-0.014925611646451675,6.0,618.8299999999999,0.005973544080755505,2018-06-05,-0.0005860424229598982,-0.0005862142129414093,DOWN,8.0,36.539999999999964,0.9405166940695763,0,TRAIN
2018-05-28,National,black_pepper,Grade 2,average,577.75,"Department of Export Agriculture, Sri Lanka - Economic Research Unit",https://exagri.info/mkt/2018/28.05.2018.html,2018-05-28,2026-10-07,Sri Lanka,LKR,kg,farm_gate,weekly,d47009494aa1b58200e734e5d1f30ff2823797c44a3e6316b54bbcbe9f38567c,observed_source_value,ca7c2266ff2d1ab99ae5,0.0024638661877742773,0.002460835846029026,UP,576.33,601.0,-0.041048252911813576,6.0,585.0266666666666,0.02401966411024826,2018-06-05,-0.017308524448290785,-0.01746006816882226,DOWN,8.0,36.539999999999964,0.9405166940695763,1,TRAIN
2018-06-05,National,black_pepper,Grade 1,average,613.93,"Department of Export Agriculture, Sri Lanka - Economic Research Unit",https://exagri.info/mkt/2018/05.06.2018.html,2018-06-05,2026-10-07,Sri Lanka,LKR,kg,farm_gate,weekly,3f1f75b824120fb50c794986f8914d65bbd039f9c85f67906f656a656844df5e,observed_source_value,789105562b73b565fcac,-0.0005860424229598982,-0.0005862142129414093,DOWN,614.29,616.43,-0.003471602615057634,8.0,614.8833333333332,0.007584458078079722,2018-06-12,-0.005586956167641155,-0.005602621582488337,DOWN,7.0,46.17999999999995,0.924779698011174,0,TRAIN
2018-06-05,National,black_pepper,Grade 2,average,567.75,"Department of Export Agriculture, Sri Lanka - Economic Research Unit",https://exagri.info/mkt/2018/05.06.2018.html,2018-06-05,2026-10-07,Sri Lanka,LKR,kg,farm_gate,weekly,3f1f75b824120fb50c794986f8914d65bbd039f9c85f67906f656a656844df5e,observed_source_value,f4b3ce3a3fc75f82f0d3,-0.017308524448290785,-0.01746006816882226,DOWN,577.75,576.33,0.0024638661877742773,8.0,573.9433333333333,0.021786183111945797,2018-06-12,0.04505504183179232,0.04406955563904446,UP,7.0,46.17999999999995,0.924779698011174,1,TRAIN
2018-06-12,National,black_pepper,Grade 1,average,610.5,"Department of Export Agriculture, Sri Lanka - Economic Research Unit",https://exagri.info/mkt/2018/12.06.2018.html,2018-06-12,2026-10-07,Sri Lanka,LKR,kg,farm_gate,weekly,9c4e7ed80b592e3149de7854588102c18dc7b2b7d92c7a84d544b3fd6965b0de,observed_source_value,d21420ec9e251e375048,-0.005586956167641155,-0.005602621582488337,DOWN,613.93,614.29,-0.0005860424229598982,7.0,612.9066666666666,0.00251032257410926,2018-06-19,-0.004684684684684748,-0.004695692211297521,DOWN,7.0,17.16999999999996,0.9718755118755119,0,TRAIN
2018-06-12,National,black_pepper,Grade 2,average,593.33,"Department of Export Agriculture, Sri Lanka - Economic Research Unit",https://exagri.info/mkt/2018/12.06.2018.html,2018-06-12,2026-10-07,Sri Lanka,LKR,kg,farm_gate,weekly,9c4e7ed80b592e3149de7854588102c18dc7b2b7d92c7a84d544b3fd6965b0de,observed_source_value,ba79fbc0b354a2db1844,0.04505504183179232,0.04406955563904446,UP,567.75,577.75,-0.017308524448290785,7.0,579.61,0.03186997038324842,2018-06-19,-0.053359850336238024,-0.05483624780586942,DOWN,7.0,17.16999999999996,0.9718755118755119,1,TRAIN
2018-06-19,National,black_pepper,Grade 1,average,607.64,"Department of Export Agriculture, Sri Lanka - Economic Research Unit",https://exagri.info/mkt/2018/19.06.2018.html,2018-06-19,2026-10-07,Sri Lanka,LKR,kg,farm_gate,weekly,e1b57887cec83a83dbe874d9ec09e45ab0774b6cc60802231e6691b900069514,observed_source_value,a16132a8b69edbcfdd5a,-0.004684684684684748,-0.004695692211297521,DOWN,610.5,613.93,-0.005586956167641155,7.0,610.6899999999999,0.0026652736101071468,2018-06-25,-0.009281811598973011,-0.009325156030640809,DOWN,6.0,45.97000000000003,0.9243466526232638,0,TRAIN
2018-06-19,National,black_pepper,Grade 2,average,561.67,"Department of Export Agriculture, Sri Lanka - Economic Research Unit",https://exagri.info/mkt/2018/19.06.2018.html,2018-06-19,2026-10-07,Sri Lanka,LKR,kg,farm_gate,weekly,e1b57887cec83a83dbe874d9ec09e45ab0774b6cc60802231e6691b900069514,observed_source_value,aeebcc21a0156eb753a8,-0.053359850336238024,-0.05483624780586942,DOWN,593.33,567.75,0.04505504183179232,7.0,574.25,0.04979023247233346,2018-06-25,0.04242704791069496,0.04155169421892917,UP,6.0,45.97000000000003,0.9243466526232638,1,TRAIN
2018-06-25,National,black_pepper,Grade 1,average,602.0,"Department of Export Agriculture, Sri Lanka - Economic Research Unit",https://exagri.info/mkt/2018/25.06.2018.html,2018-06-25,2026-10-07,Sri Lanka,LKR,kg,farm_gate,weekly,941119ce18842189fb0d3981c133f93876efbf0afb0245dbecb1d9c7b13e4598,observed_source_value,2e3c150c528de5b3509f,-0.009281811598973011,-0.009325156030640809,DOWN,607.64,610.5,-0.004684684684684748,6.0,606.7133333333333,0.0024358306712350657,2018-07-03,-0.035232558139534964,-0.03586819957731389,DOWN,8.0,16.5,0.9725913621262459,0,TRAIN
2018-06-25,National,black_pepper,Grade 2,average,585.5,"Department of Export Agriculture, Sri Lanka - Economic Research Unit",https://exagri.info/mkt/2018/25.06.2018.html,2018-06-25,2026-10-07,Sri Lanka,LKR,kg,farm_gate,weekly,941119ce18842189fb0d3981c133f93876efbf0afb0245dbecb1d9c7b13e4598,observed_source_value,1f5800f2965f5cd85d0f,0.04242704791069496,0.04155169421892917,UP,561.67,593.33,-0.053359850336238024,6.0,580.1666666666666,0.056076624999879074,2018-07-03,-0.03786507258753191,-0.03860058096603222,DOWN,8.0,16.5,0.9725913621262459,1,TRAIN
2018-07-03,National,black_pepper,Grade 1,average,580.79,"Department of Export Agriculture, Sri Lanka - Economic Research Unit",https://exagri.info/mkt/2018/03.07.2018.html,2018-07-03,2026-10-07,Sri Lanka,LKR,kg,farm_gate,weekly,7eb2647426bbc47c68c8493ee63e589167a1e2c01a04c88e970dc3da256c404a,observed_source_value,eda89251dbe1b7c6be15,-0.035232558139534964,-0.03586819957731389,DOWN,602.0,607.64,-0.009281811598973011,8.0,596.81,0.01647092081261297,2018-07-10,-0.06456722739716592,-0.0667459983806032,DOWN,7.0,17.459999999999923,0.9699374989238797,0,TRAIN
2018-07-03,National,black_pepper,Grade 2,average,563.33,"Department of Export Agriculture, Sri Lanka - Economic Research Unit",https://exagri.info/mkt/2018/03.07.2018.html,2018-07-03,2026-10-07,Sri Lanka,LKR,kg,farm_gate,weekly,7eb2647426bbc47c68c8493ee63e589167a1e2c01a04c88e970dc3da256c404a,observed_source_value,afec894b4b0a58b56936,-0.03786507258753191,-0.03860058096603222,DOWN,585.5,561.67,0.04242704791069496,8.0,570.1666666666666,0.051416668223692466,2018-07-10,-0.06449150586689867,-0.06666505353037741,DOWN,7.0,17.459999999999923,0.9699374989238797,1,TRAIN
2018-07-10,National,black_pepper,Grade 1,average,543.29,"Department of Export Agriculture, Sri Lanka - Economic Research Unit",https://exagri.info/mkt/2018/10.07.2018.html,2018-07-10,2026-10-07,Sri Lanka,LKR,kg,farm_gate,weekly,53c9c72559b69aa67752826df6705968c4e751c1735b5f946d8dc819f1a80396,observed_source_value,647fe597723549277fae,-0.06456722739716592,-0.0667459983806032,DOWN,580.79,602.0,-0.035232558139534964,7.0,575.3599999999999,0.02765996284176297,2018-07-17,-0.07454582267297383,-0.07747065945630009,DOWN,7.0,16.289999999999964,0.9700160135470928,0,TRAIN
2018-07-10,National,black_pepper,Grade 2,average,527.0,"Department of Export Agriculture, Sri Lanka - Economic Research Unit",https://exagri.info/mkt/2018/10.07.2018.html,2018-07-10,2026-10-07,Sri Lanka,LKR,kg,farm_gate,weekly,53c9c72559b69aa67752826df6705968c4e751c1735b5f946d8dc819f1a80396,observed_source_value,f913dca4432ba52e7118,-0.06449150586689867,-0.06666505353037741,DOWN,563.33,585.5,-0.03786507258753191,7.0,558.61,0.05565873502151939,2018-07-17,-0.08476280834914618,-0.08857202145190282,DOWN,7.0,16.289999999999964,0.9700160135470928,1,TRAIN
2018-07-17,National,black_pepper,Grade 1,average,502.79,"Department of Export Agriculture, Sri Lanka - Economic Research Unit",https://exagri.info/mkt/2018/17.07.2018.html,2018-07-17,2026-10-07,Sri Lanka,LKR,kg,farm_gate,weekly,6a493d37370a838fe523da4993acade0a10a0c1c4dd6c04d0ad556f740414ca3,observed_source_value,a43d8e4b1d7626cbf4ff,-0.07454582267297383,-0.07747065945630009,DOWN,543.29,580.79,-0.06456722739716592,7.0,542.2899999999998,0.020435377626431685,2018-07-24,0.01050140217585871,0.010446645466571678,UP,7.0,20.460000000000036,0.9593070665685475,0,TRAIN
2018-07-17,National,black_pepper,Grade 2,average,482.33,"Department of Export Agriculture, Sri Lanka - Economic Research Unit",https://exagri.info/mkt/2018/17.07.2018.html,2018-07-17,2026-10-07,Sri Lanka,LKR,kg,farm_gate,weekly,6a493d37370a838fe523da4993acade0a10a0c1c4dd6c04d0ad556f740414ca3,observed_source_value,fe257f4b8f5d9a495722,-0.08476280834914618,-0.08857202145190282,DOWN,527.0,563.33,-0.06449150586689867,7.0,524.22,0.023520523920869865,2018-07-24,-0.0027574482200982686,-0.0027612569836983967,DOWN,7.0,20.460000000000036,0.9593070665685475,1,TRAIN
2018-07-24,National,black_pepper,Grade 1,average,508.07,"Department of Export Agriculture, Sri Lanka - Economic Research Unit",https://exagri.info/mkt/2018/24.07.2018.html,2018-07-24,2026-10-07,Sri Lanka,LKR,kg,farm_gate,weekly,4a57b2c53fdd0bb6d451efa0f1a842f68a35cd0d6eec14aa4589dcfffbc159a2,observed_source_value,669ca12796200644dc1a,0.01050140217585871,0.010446645466571678,UP,502.79,543.29,-0.07454582267297383,7.0,518.0499999999998,0.046489966595202596,2018-07-31,0.04217922727183265,0.04131393168028568,UP,7.0,27.069999999999993,0.9467199401657252,0,TRAIN
2018-07-24,National,black_pepper,Grade 2,average,481.0,"Department of Export Agriculture, Sri Lanka - Economic Research Unit",https://exagri.info/mkt/2018/24.07.2018.html,2018-07-24,2026-10-07,Sri Lanka,LKR,kg,farm_gate,weekly,4a57b2c53fdd0bb6d451efa0f1a842f68a35cd0d6eec14aa4589dcfffbc159a2,observed_source_value,9b920f9d6bade536b409,-0.0027574482200982686,-0.0027612569836983967,DOWN,482.33,527.0,-0.08476280834914618,7.0,496.77666666666664,0.04271396857344566,2018-07-31,0.0363825363825363,0.03573631929613176,UP,7.0,27.069999999999993,0.9467199401657252,1,TRAIN
2018-07-31,National,black_pepper,Grade 1,average,529.5,"Department of Export Agriculture, Sri Lanka - Economic Research Unit",https://exagri.info/mkt/2018/31.07.2018.html,2018-07-31,2026-10-07,Sri Lanka,LKR,kg,farm_gate,weekly,f7e5d67707d79a2bbabb1a83cf49fecff8854e1a47c0ac3b591c80b627ecc046,observed_source_value,7d70ab14ebb1630b4a34,0.04217922727183265,0.04131393168028568,UP,508.07,502.79,0.01050140217585871,7.0,513.4533333333333,0.060361759889735744,2018-08-07,-0.0020207743153919377,-0.0020228188346144253,DOWN,7.0,31.0,0.9414542020774316,0,TRAIN
2018-07-31,National,black_pepper,Grade 2,average,498.5,"Department of Export Agriculture, Sri Lanka - Economic Research Unit",https://exagri.info/mkt/2018/31.07.2018.html,2018-07-31,2026-10-07,Sri Lanka,LKR,kg,farm_gate,weekly,f7e5d67707d79a2bbabb1a83cf49fecff8854e1a47c0ac3b591c80b627ecc046,observed_source_value,e74088e3672d1b05385e,0.0363825363825363,0.03573631929613176,UP,481.0,482.33,-0.0027574482200982686,7.0,487.27666666666664,0.061823690220318216,2018-08-07,-0.08190571715145434,-0.08545518900736043,DOWN,7.0,31.0,0.9414542020774316,1,TRAIN
2018-08-07,National,black_pepper,Grade 1,average,528.43,"Department of Export Agriculture, Sri Lanka - Economic Research Unit",https://exagri.info/mkt/2018/07.08.2018.html,2018-08-07,2026-10-07,Sri Lanka,LKR,kg,farm_gate,weekly,4283106f7d2f634987f5f2f7c4731c902ff0c5fef453171e96a4769bc0ed63c2,observed_source_value,20ae848558dc32fd8200,-0.0020207743153919377,-0.0020228188346144253,DOWN,529.5,508.07,0.04217922727183265,7.0,521.9999999999999,0.022781314152904335,2018-08-14,0.02460117707170295,0.02430344133325847,UP,7.0,70.75999999999993,0.8660939008004845,0,TRAIN
2018-08-07,National,black_pepper,Grade 2,average,457.67,"Department of Export Agriculture, Sri Lanka - Economic Research Unit",https://exagri.info/mkt/2018/07.08.2018.html,2018-08-07,2026-10-07,Sri Lanka,LKR,kg,farm_gate,weekly,4283106f7d2f634987f5f2f7c4731c902ff0c5fef453171e96a4769bc0ed63c2,observed_source_value,a098380c25b212a0d301,-0.08190571715145434,-0.08545518900736043,DOWN,498.5,481.0,0.0363825363825363,7.0,479.0566666666667,0.06026123379869531,2018-08-14,0.11287608975899666,0.10694773613979039,UP,7.0,70.75999999999993,0.8660939008004845,1,TRAIN
2018-08-14,National,black_pepper,Grade 1,average,541.43,"Department of Export Agriculture, Sri Lanka - Economic Research Unit",https://exagri.info/mkt/2018/14.08.2018.html,2018-08-14,2026-10-07,Sri Lanka,LKR,kg,farm_gate,weekly,02ebc0a4ed1eb7d94e47c0a0592c2bddd8b7474608ef8183a0f5c67c25b95e7d,observed_source_value,25232ef8faa5aae3c48f,0.02460117707170295,0.02430344133325847,UP,528.43,529.5,-0.0020207743153919377,7.0,533.1199999999999,0.022253674920508056,2018-08-20,0.01121105221358265,0.011148674150550712,UP,6.0,32.099999999999966,0.9407125574866557,0,TRAIN
2018-08-14,National,black_pepper,Grade 2,average,509.33,"Department of Export Agriculture, Sri Lanka - Economic Research Unit",https://exagri.info/mkt/2018/14.08.2018.html,2018-08-14,2026-10-07,Sri Lanka,LKR,kg,farm_gate,weekly,02ebc0a4ed1eb7d94e47c0a0592c2bddd8b7474608ef8183a0f5c67c25b95e7d,observed_source_value,741cbcb29be366392a14,0.11287608975899666,0.10694773613979039,UP,457.67,498.5,-0.08190571715145434,7.0,488.5,0.0981353885673418,2018-08-20,-0.004574637268568438,-0.00458513294313972,DOWN,6.0,32.099999999999966,0.9407125574866557,1,TRAIN
2018-08-20,National,black_pepper,Grade 1,average,547.5,"Department of Export Agriculture, Sri Lanka - Economic Research Unit",https://exagri.info/mkt/2018/20.08.2018.html,2018-08-20,2026-10-07,Sri Lanka,LKR,kg,farm_gate,weekly,9622c9aa1066f3f2a922c7bde31ac0c7ae17970f984212080b42bfa49764f961,observed_source_value,83e3114404a9400dc63f,0.01121105221358265,0.011148674150550712,UP,541.43,528.43,0.02460117707170295,6.0,539.1199999999999,0.013311054132223343,2018-08-28,0.046575342465753344,0.0455232550240836,UP,8.0,40.5,0.9260273972602739,0,TRAIN
2018-08-20,National,black_pepper,Grade 2,average,507.0,"Department of Export Agriculture, Sri Lanka - Economic Research Unit",https://exagri.info/mkt/2018/20.08.2018.html,2018-08-20,2026-10-07,Sri Lanka,LKR,kg,farm_gate,weekly,9622c9aa1066f3f2a922c7bde31ac0c7ae17970f984212080b42bfa49764f961,observed_source_value,7175066cfeb626c000e4,-0.004574637268568438,-0.00458513294313972,DOWN,509.33,457.67,0.11287608975899666,6.0,491.3333333333333,0.09807711379186687,2018-08-28,0.07297830374753445,0.07043824326475939,UP,8.0,40.5,0.9260273972602739,1,TRAIN
2018-08-28,National,black_pepper,Grade 1,average,573.0,"Department of Export Agriculture, Sri Lanka - Economic Research Unit",https://exagri.info/mkt/2018/28.08.2018.html,2018-08-28,2026-10-07,Sri Lanka,LKR,kg,farm_gate,weekly,2005d5da77f15b797f251582d32e18d7609ab3738b4804199b074f0b5ba39128,observed_source_value,8ae3fcec64204de34462,0.046575342465753344,0.0455232550240836,UP,547.5,541.43,0.01121105221358265,8.0,553.9766666666666,0.017854935888623007,2018-09-04,0.04474694589877837,0.04377469905736353,UP,7.0,29.0,0.9493891797556719,0,TRAIN
2018-08-28,National,black_pepper,Grade 2,average,544.0,"Department of Export Agriculture, Sri Lanka - Economic Research Unit",https://exagri.info/mkt/2018/28.08.2018.html,2018-08-28,2026-10-07,Sri Lanka,LKR,kg,farm_gate,weekly,2005d5da77f15b797f251582d32e18d7609ab3738b4804199b074f0b5ba39128,observed_source_value,47c605fa2b1254d95166,0.07297830374753445,0.07043824326475939,UP,507.0,509.33,-0.004574637268568438,8.0,520.11,0.059722923109091705,2018-09-04,0.004136029411764719,0.004127499553857292,UP,7.0,29.0,0.9493891797556719,1,TRAIN
2018-09-04,National,black_pepper,Grade 1,average,598.64,"Department of Export Agriculture, Sri Lanka - Economic Research Unit",https://exagri.info/mkt/2018/04.09.2018.html,2018-09-04,2026-10-07,Sri Lanka,LKR,kg,farm_gate,weekly,ac2724e685c6bdcb2aaddd5e748607a4a1c2cfa5cddf50432585cc3f83377784,observed_source_value,2890f61ceb2c333dfd67,0.04474694589877837,0.04377469905736353,UP,573.0,547.5,0.046575342465753344,7.0,573.0466666666666,0.019910768544980768,2018-09-11,0.00811840171054401,0.008085624765483211,UP,7.0,52.389999999999986,0.9124849659227583,0,TRAIN
2018-09-04,National,black_pepper,Grade 2,average,546.25,"Department of Export Agriculture, Sri Lanka - Economic Research Unit",https://exagri.info/mkt/2018/04.09.2018.html,2018-09-04,2026-10-07,Sri Lanka,LKR,kg,farm_gate,weekly,ac2724e685c6bdcb2aaddd5e748607a4a1c2cfa5cddf50432585cc3f83377784,observed_source_value,9a0f2c9829f8a6177a13,0.004136029411764719,0.004127499553857292,UP,544.0,507.0,0.07297830374753445,7.0,532.4166666666666,0.0424844934652321,2018-09-11,0.0032036613272310444,0.003198540538215551,UP,7.0,52.389999999999986,0.9124849659227583,1,TRAIN
2018-09-11,National,black_pepper,Grade 1,average,603.5,"Department of Export Agriculture, Sri Lanka - Economic Research Unit",https://exagri.info/mkt/2018/11.09.2018.html,2018-09-11,2026-10-07,Sri Lanka,LKR,kg,farm_gate,weekly,3926cd540d8c38cfdf7bdf839ce919cea5eefd25d562b316efc9f1d3957a943f,observed_source_value,e85e7b2e9d083c4d9c42,0.00811840171054401,0.008085624765483211,UP,598.64,573.0,0.04474694589877837,7.0,591.7133333333333,0.021694582947536945,2018-09-18,-0.007108533554266772,-0.007133919555276838,DOWN,7.0,55.5,0.908036454018227,0,TRAIN
2018-09-11,National,black_pepper,Grade 2,average,548.0,"Department of Export Agriculture, Sri Lanka - Economic Research Unit",https://exagri.info/mkt/2018/11.09.2018.html,2018-09-11,2026-10-07,Sri Lanka,LKR,kg,farm_gate,weekly,3926cd540d8c38cfdf7bdf839ce919cea5eefd25d562b316efc9f1d3957a943f,observed_source_value,d812aa61f643f753bfea,0.0032036613272310444,0.003198540538215551,UP,546.25,544.0,0.004136029411764719,7.0,546.0833333333334,0.04001797256826686,2018-09-18,0.0013686131386860811,0.0013676774413655215,UP,7.0,55.5,0.908036454018227,1,TRAIN
2018-09-18,National,black_pepper,Grade 1,average,599.21,"Department of Export Agriculture, Sri Lanka - Economic Research Unit",https://exagri.info/mkt/2018/18.09.2018.html,2018-09-18,2026-10-07,Sri Lanka,LKR,kg,farm_gate,weekly,f7fe3f54438dbbefb50d821ffe5cb9f1b061897acea3aa19dbe57d076f541539,observed_source_value,0f25a6651fdd022454cd,-0.007108533554266772,-0.007133919555276838,DOWN,603.5,598.64,0.00811840171054401,7.0,600.4499999999999,0.02665364439188218,2018-09-25,0.00155204352397309,0.0015508403491818177,UP,7.0,50.460000000000036,0.9157891223444201,0,TRAIN
2018-09-18,National,black_pepper,Grade 2,average,548.75,"Department of Export Agriculture, Sri Lanka - Economic Research Unit",https://exagri.info/mkt/2018/18.09.2018.html,2018-09-18,2026-10-07,Sri Lanka,LKR,kg,farm_gate,weekly,f7fe3f54438dbbefb50d821ffe5cb9f1b061897acea3aa19dbe57d076f541539,observed_source_value,980a15ee457678b2556b,0.0013686131386860811,0.0013676774413655215,UP,548.0,546.25,0.0032036613272310444,7.0,547.6666666666666,0.0014080308310757779,2018-09-25,0.007380410022779005,0.007353308064078997,UP,7.0,50.460000000000036,0.9157891223444201,1,TRAIN
2018-09-25,National,black_pepper,Grade 1,average,600.14,"Department of Export Agriculture, Sri Lanka - Economic Research Unit",https://exagri.info/mkt/2018/25.09.2018.html,2018-09-25,2026-10-07,Sri Lanka,LKR,kg,farm_gate,weekly,9043d2e979c5d713254787e90243376a3e2f72e6f055a94599ae41e3f1384e08,observed_source_value,8fb1223796ac6c4d7054,0.00155204352397309,0.0015508403491818177,UP,599.21,603.5,-0.007108533554266772,7.0,600.9499999999999,0.007637432080672615,2018-10-02,-0.001666277868497379,-0.00166766765352482,DOWN,7.0,47.34000000000003,0.9211184057053353,0,TRAIN
2018-09-25,National,black_pepper,Grade 2,average,552.8,"Department of Export Agriculture, Sri Lanka - Economic Research Unit",https://exagri.info/mkt/2018/25.09.2018.html,2018-09-25,2026-10-07,Sri Lanka,LKR,kg,farm_gate,weekly,9043d2e979c5d713254787e90243376a3e2f72e6f055a94599ae41e3f1384e08,observed_source_value,cc3902f8834a2e31d635,0.007380410022779005,0.007353308064078997,UP,548.75,548.0,0.0013686131386860811,7.0,549.85,0.0030809720677991937,2018-10-02,0.02870839363241684,0.028304028577587934,UP,7.0,47.34000000000003,0.9211184057053353,1,TRAIN
2018-10-02,National,black_pepper,Grade 1,average,599.14,"Department of Export Agriculture, Sri Lanka - Economic Research Unit",https://exagri.info/mkt/2018/02.10.2018.html,2018-10-02,2026-10-07,Sri Lanka,LKR,kg,farm_gate,weekly,8b59fa9abace29e45e483141d6b69825e0d703bb2d0d04ace0a174f439d63c25,observed_source_value,0eb01190d35cf83e20cb,-0.001666277868497379,-0.00166766765352482,DOWN,600.14,599.21,0.00155204352397309,7.0,599.4966666666666,0.004377619879621781,2018-10-09,0.009780685649430909,0.009733164352875006,UP,7.0,30.470000000000027,0.9491437727409286,0,TRAIN
2018-10-02,National,black_pepper,Grade 2,average,568.67,"Department of Export Agriculture, Sri Lanka - Economic Research Unit",https://exagri.info/mkt/2018/02.10.2018.html,2018-10-02,2026-10-07,Sri Lanka,LKR,kg,farm_gate,weekly,8b59fa9abace29e45e483141d6b69825e0d703bb2d0d04ace0a174f439d63c25,observed_source_value,f940b1ce148797155558,0.02870839363241684,0.028304028577587934,UP,552.8,548.75,0.007380410022779005,7.0,556.7399999999999,0.014367139497673554,2018-10-09,0.019923681572792784,0.019727802509417122,UP,7.0,30.470000000000027,0.9491437727409286,1,TRAIN
2018-10-09,National,black_pepper,Grade 1,average,605.0,"Department of Export Agriculture, Sri Lanka - Economic Research Unit",https://exagri.info/mkt/2018/09.10.2018.html,2018-10-09,2026-10-07,Sri Lanka,LKR,kg,farm_gate,weekly,ddef4d731b012b4084df501e9656d0e3d2de1fb03071aac5036a5d744378c719,observed_source_value,63875b5ac4317b49764b,0.009780685649430909,0.009733164352875006,UP,599.14,600.14,-0.001666277868497379,7.0,601.4266666666666,0.005903404633415351,2018-10-16,-0.0060165289256197685,-0.006034701161627952,DOWN,7.0,25.0,0.9586776859504132,0,TRAIN
2018-10-09,National,black_pepper,Grade 2,average,580.0,"Department of Export Agriculture, Sri Lanka - Economic Research Unit",https://exagri.info/mkt/2018/09.10.2018.html,2018-10-09,2026-10-07,Sri Lanka,LKR,kg,farm_gate,weekly,ddef4d731b012b4084df501e9656d0e3d2de1fb03071aac5036a5d744378c719,observed_source_value,3502e82fb2dcbc2d39f5,0.019923681572792784,0.019727802509417122,UP,568.67,552.8,0.02870839363241684,7.0,567.1566666666666,0.010719046226231972,2018-10-16,-0.04525862068965514,-0.04631478218111959,DOWN,7.0,25.0,0.9586776859504132,1,TRAIN
2018-10-16,National,black_pepper,Grade 1,average,601.36,"Department of Export Agriculture, Sri Lanka - Economic Research Unit",https://exagri.info/mkt/2018/16.10.2018.html,2018-10-16,2026-10-07,Sri Lanka,LKR,kg,farm_gate,weekly,a8161bb84a427c387ccdf5ea1632c58a142e426f86f3c289ae442aac79d34332,observed_source_value,61f3e7441ccb1c9612b1,-0.0060165289256197685,-0.006034701161627952,DOWN,605.0,599.14,0.009780685649430909,7.0,601.8333333333334,0.008159959623787707,2018-10-22,-0.006734734601569925,-0.006757515265406827,DOWN,6.0,47.610000000000014,0.9208294532393242,0,TRAIN
2018-10-16,National,black_pepper,Grade 2,average,553.75,"Department of Export Agriculture, Sri Lanka - Economic Research Unit",https://exagri.info/mkt/2018/16.10.2018.html,2018-10-16,2026-10-07,Sri Lanka,LKR,kg,farm_gate,weekly,a8161bb84a427c387ccdf5ea1632c58a142e426f86f3c289ae442aac79d34332,observed_source_value,8ee4e88dbfcf4f6cfe41,-0.04525862068965514,-0.04631478218111959,DOWN,580.0,568.67,0.019923681572792784,7.0,567.4733333333334,0.04040837970422503,2018-10-22,0.034762979683973017,0.03417239535539427,UP,6.0,47.610000000000014,0.9208294532393242,1,TRAIN
2018-10-22,National,black_pepper,Grade 1,average,597.31,"Department of Export Agriculture, Sri Lanka - Economic Research Unit",https://exagri.info/mkt/2018/22.10.2018.html,2018-10-22,2026-10-07,Sri Lanka,LKR,kg,farm_gate,weekly,4a344ed6c8bc210f3175c542d186d0f39da8bc1e1d1b0e266e84c7d9e1f38204,observed_source_value,7f6efccae7ddf3b13b52,-0.006734734601569925,-0.006757515265406827,DOWN,601.36,605.0,-0.0060165289256197685,6.0,601.2233333333332,0.009334764001573478,2018-10-30,0.005457802481123819,0.00544296264792791,UP,8.0,24.309999999999945,0.9593008655472034,0,TRAIN
2018-10-22,National,black_pepper,Grade 2,average,573.0,"Department of Export Agriculture, Sri Lanka - Economic Research Unit",https://exagri.info/mkt/2018/22.10.2018.html,2018-10-22,2026-10-07,Sri Lanka,LKR,kg,farm_gate,weekly,4a344ed6c8bc210f3175c542d186d0f39da8bc1e1d1b0e266e84c7d9e1f38204,observed_source_value,4c68a9ef88cb87f46457,0.034762979683973017,0.03417239535539427,UP,553.75,580.0,-0.04525862068965514,6.0,568.9166666666666,0.04256836427642396,2018-10-30,-0.04363001745200701,-0.04461042976672406,DOWN,8.0,24.309999999999945,0.9593008655472034,1,TRAIN
2018-10-30,National,black_pepper,Grade 1,average,600.57,"Department of Export Agriculture, Sri Lanka - Economic Research Unit",https://exagri.info/mkt/2018/30.10.2018.html,2018-10-30,2026-10-07,Sri Lanka,LKR,kg,farm_gate,weekly,9eacbffa3d253c138d71f60bf68018abc997ad550198a344f0e66c35284cd917,observed_source_value,1ee3a1ba9eb06a5680ed,0.005457802481123819,0.00544296264792791,UP,597.31,601.36,-0.006734734601569925,8.0,599.7466666666666,0.006841467449040863,2018-11-05,0.00011655593852499813,0.00011654914640936456,UP,6.0,52.57000000000005,0.912466490167674,0,TRAIN
2018-10-30,National,black_pepper,Grade 2,average,548.0,"Department of Export Agriculture, Sri Lanka - Economic Research Unit",https://exagri.info/mkt/2018/30.10.2018.html,2018-10-30,2026-10-07,Sri Lanka,LKR,kg,farm_gate,weekly,9eacbffa3d253c138d71f60bf68018abc997ad550198a344f0e66c35284cd917,observed_source_value,5c9fe3ff9aeb26ec5257,-0.04363001745200701,-0.04461042976672406,DOWN,573.0,553.75,0.034762979683973017,8.0,558.25,0.045737604650192415,2018-11-05,0.027372262773722733,0.02700434119167495,UP,6.0,52.57000000000005,0.912466490167674,1,TRAIN
2018-11-05,National,black_pepper,Grade 1,average,600.64,"Department of Export Agriculture, Sri Lanka - Economic Research Unit",https://exagri.info/mkt/2018/05.11.2018.html,2018-11-05,2026-10-07,Sri Lanka,LKR,kg,farm_gate,weekly,f885c3695168f34d47556e9b90204bdb760bf3548cd5ed91e5cd56e6ad93049f,observed_source_value,1096589b8c9456479536,0.00011655593852499813,0.00011654914640936456,UP,600.57,597.31,0.005457802481123819,6.0,599.5066666666665,0.006111833565668379,2018-11-13,0.0071423814597761925,0.007116995459310363,UP,8.0,37.639999999999986,0.9373335109216836,0,TRAIN
2018-11-05,National,black_pepper,Grade 2,average,563.0,"Department of Export Agriculture, Sri Lanka - Economic Research Unit",https://exagri.info/mkt/2018/05.11.2018.html,2018-11-05,2026-10-07,Sri Lanka,LKR,kg,farm_gate,weekly,f885c3695168f34d47556e9b90204bdb760bf3548cd5ed91e5cd56e6ad93049f,observed_source_value,b637a1afe8a1ff02e04b,0.027372262773722733,0.02700434119167495,UP,548.0,573.0,-0.04363001745200701,6.0,561.3333333333334,0.04328473266957994,2018-11-13,-0.04262877442273538,-0.043564057230693266,DOWN,8.0,37.639999999999986,0.9373335109216836,1,TRAIN
2018-11-13,National,black_pepper,Grade 1,average,604.93,"Department of Export Agriculture, Sri Lanka - Economic Research Unit",https://exagri.info/mkt/2018/13.11.2018.html,2018-11-13,2026-10-07,Sri Lanka,LKR,kg,farm_gate,weekly,dcf91b61016e344c101708271ab9bd64cf4083d3d9b66898d56cd845039e13c6,observed_source_value,8096431de6c8422d42fe,0.0071423814597761925,0.007116995459310363,UP,600.64,600.57,0.00011655593852499813,8.0,602.0466666666665,0.0036680818152296834,2018-11-19,0.009687071231382127,0.009640452381815432,UP,6.0,65.92999999999995,0.8910121832278115,0,TRAIN
2018-11-13,National,black_pepper,Grade 2,average,539.0,"Department of Export Agriculture, Sri Lanka - Economic Research Unit",https://exagri.info/mkt/2018/13.11.2018.html,2018-11-13,2026-10-07,Sri Lanka,LKR,kg,farm_gate,weekly,dcf91b61016e344c101708271ab9bd64cf4083d3d9b66898d56cd845039e13c6,observed_source_value,1938c87e2bdc680e4b00,-0.04262877442273538,-0.043564057230693266,DOWN,563.0,548.0,0.027372262773722733,8.0,550.0,0.04070723009785107,2018-11-19,0.03834879406307978,0.03763175340884404,UP,6.0,65.92999999999995,0.8910121832278115,1,TRAIN
2018-11-19,National,black_pepper,Grade 1,average,610.79,"Department of Export Agriculture, Sri Lanka - Economic Research Unit",https://exagri.info/mkt/2018/19.11.2018.html,2018-11-19,2026-10-07,Sri Lanka,LKR,kg,farm_gate,weekly,421f53d7e7aebcb8ff167226183992bd1838f94c944d81296b15aa58e9ab2a5f,observed_source_value,f4f9d3b46ba61a49238a,0.009687071231382127,0.009640452381815432,UP,604.93,600.64,0.0071423814597761925,6.0,605.4533333333333,0.004957022514569601,2018-11-27,0.012852207796460347,0.012770319061510178,UP,8.0,51.120000000000005,0.9163051130503119,0,TRAIN
2018-11-19,National,black_pepper,Grade 2,average,559.67,"Department of Export Agriculture, Sri Lanka - Economic Research Unit",https://exagri.info/mkt/2018/19.11.2018.html,2018-11-19,2026-10-07,Sri Lanka,LKR,kg,farm_gate,weekly,421f53d7e7aebcb8ff167226183992bd1838f94c944d81296b15aa58e9ab2a5f,observed_source_value,1a997e36ee6f29f33445,0.03834879406307978,0.03763175340884404,UP,539.0,563.0,-0.04262877442273538,6.0,553.89,0.0439279638453699,2018-11-27,0.033198134615041175,0.032658976793707536,UP,8.0,51.120000000000005,0.9163051130503119,1,TRAIN
2018-11-27,National,black_pepper,Grade 1,average,618.64,"Department of Export Agriculture, Sri Lanka - Economic Research Unit",https://exagri.info/mkt/2018/27.11.2018.html,2018-11-27,2026-10-07,Sri Lanka,LKR,kg,farm_gate,weekly,3422203c1eb7876714ddcf7e92e921681b10f533fadb1ad506afa06c5c61c7aa,observed_source_value,1271bf04b952f165e1df,0.012852207796460347,0.012770319061510178,UP,610.79,604.93,0.009687071231382127,8.0,611.4533333333333,0.0028605259511877658,2018-12-04,0.027140178455967945,0.026778414773236652,UP,7.0,40.389999999999986,0.9347116255010992,0,TRAIN
2018-11-27,National,black_pepper,Grade 2,average,578.25,"Department of Export Agriculture, Sri Lanka - Economic Research Unit",https://exagri.info/mkt/2018/27.11.2018.html,2018-11-27,2026-10-07,Sri Lanka,LKR,kg,farm_gate,weekly,3422203c1eb7876714ddcf7e92e921681b10f533fadb1ad506afa06c5c61c7aa,observed_source_value,a558cbcad3feca2b7b20,0.033198134615041175,0.032658976793707536,UP,559.67,539.0,0.03834879406307978,8.0,558.9733333333334,0.04533875462347768,2018-12-04,0.026372676178123555,0.026030912938174073,UP,7.0,40.389999999999986,0.9347116255010992,1,TRAIN
2018-12-04,National,black_pepper,Grade 1,average,635.43,"Department of Export Agriculture, Sri Lanka - Economic Research Unit",https://exagri.info/mkt/2018/04.12.2018.html,2018-12-04,2026-10-07,Sri Lanka,LKR,kg,farm_gate,weekly,da72221144f76a3601814d4abde44740fa8514a553c4b86879b279112b429521,observed_source_value,9db8b7e79aca6b5aafce,0.027140178455967945,0.026778414773236652,UP,618.64,610.79,0.012852207796460347,7.0,621.6199999999999,0.009298522703773498,2018-12-11,-0.00629494987646162,-0.006314846616706561,DOWN,7.0,41.92999999999995,0.9340131879199912,0,TRAIN
2018-12-04,National,black_pepper,Grade 2,average,593.5,"Department of Export Agriculture, Sri Lanka - Economic Research Unit",https://exagri.info/mkt/2018/04.12.2018.html,2018-12-04,2026-10-07,Sri Lanka,LKR,kg,farm_gate,weekly,da72221144f76a3601814d4abde44740fa8514a553c4b86879b279112b429521,observed_source_value,f92a67ce2d951b5eaf83,0.026372676178123555,0.026030912938174073,UP,578.25,559.67,0.033198134615041175,7.0,577.14,0.006007544911995302,2018-12-11,0.0008424599831506896,0.0008421053129220893,UP,7.0,41.92999999999995,0.9340131879199912,1,TRAIN
2018-12-11,National,black_pepper,Grade 1,average,631.43,"Department of Export Agriculture, Sri Lanka - Economic Research Unit",https://exagri.info/mkt/2018/11.12.2018.html,2018-12-11,2026-10-07,Sri Lanka,LKR,kg,farm_gate,weekly,b0ed7a8261b1fb0101d8a87aae4d49fc09cc92f554a8bca24f39e1a23a585db0,observed_source_value,457f5bb5e38806828248,-0.00629494987646162,-0.006314846616706561,DOWN,635.43,618.64,0.027140178455967945,7.0,628.4999999999999,0.016776310476009658,2018-12-18,-0.025450168664776673,-0.025779626056895082,DOWN,7.0,37.42999999999995,0.9407218535704671,0,TRAIN
2018-12-11,National,black_pepper,Grade 2,average,594.0,"Department of Export Agriculture, Sri Lanka - Economic Research Unit",https://exagri.info/mkt/2018/11.12.2018.html,2018-12-11,2026-10-07,Sri Lanka,LKR,kg,farm_gate,weekly,b0ed7a8261b1fb0101d8a87aae4d49fc09cc92f554a8bca24f39e1a23a585db0,observed_source_value,b044bbcf03c2bf4faba7,0.0008424599831506896,0.0008421053129220893,UP,593.5,578.25,0.026372676178123555,7.0,588.5833333333334,0.017055148307381276,2018-12-18,-0.06355218855218858,-0.06566148588219499,DOWN,7.0,37.42999999999995,0.9407218535704671,1,TRAIN
2018-12-18,National,black_pepper,Grade 1,average,615.36,"Department of Export Agriculture, Sri Lanka - Economic Research Unit",https://exagri.info/mkt/2018/18.12.2018.html,2018-12-18,2026-10-07,Sri Lanka,LKR,kg,farm_gate,weekly,47fc1e026bb562ce94ec41aee798becf99ecc0bea9178241a3554c8b22febc98,observed_source_value,6cbcebd6a27010b02d34,-0.025450168664776673,-0.025779626056895082,DOWN,631.43,635.43,-0.00629494987646162,7.0,627.4066666666666,0.02661633215313099,2018-12-31,-0.04233294331773285,-0.04325510141493102,DOWN,13.0,59.110000000000014,0.9039424076963078,0,TRAIN
2018-12-18,National,black_pepper,Grade 2,average,556.25,"Department of Export Agriculture, Sri Lanka - Economic Research Unit",https://exagri.info/mkt/2018/18.12.2018.html,2018-12-18,2026-10-07,Sri Lanka,LKR,kg,farm_gate,weekly,47fc1e026bb562ce94ec41aee798becf99ecc0bea9178241a3554c8b22febc98,observed_source_value,2bf46e760b5721dd139f,-0.06355218855218858,-0.06566148588219499,DOWN,594.0,593.5,0.0008424599831506896,7.0,581.25,0.04634102573263526,2018-12-31,0.004943820224719175,0.004931639674649265,UP,13.0,59.110000000000014,0.9039424076963078,1,TRAIN
2018-12-31,National,black_pepper,Grade 1,average,589.31,"Department of Export Agriculture, Sri Lanka - Economic Research Unit",https://exagri.info/mkt/2018/31.12.2018.html,2018-12-31,2026-10-07,Sri Lanka,LKR,kg,farm_gate,weekly,15b62e746a6a92179025c5ed504bdc44809cda454ad131ed7b00ff592181377f,observed_source_value,19eb5410a7525a62334e,-0.04233294331773285,-0.04325510141493102,DOWN,615.36,631.43,-0.025450168664776673,13.0,612.0333333333332,0.018030933873410985,2019-01-08,-0.016035702771037164,-0.01616566589203818,DOWN,8.0,30.309999999999945,0.9485669681491915,0,TRAIN
2018-12-31,National,black_pepper,Grade 2,average,559.0,"Department of Export Agriculture, Sri Lanka - Economic Research Unit",https://exagri.info/mkt/2018/31.12.2018.html,2018-12-31,2026-10-07,Sri Lanka,LKR,kg,farm_gate,weekly,15b62e746a6a92179025c5ed504bdc44809cda454ad131ed7b00ff592181377f,observed_source_value,14772a5119940d59a3cd,0.004943820224719175,0.004931639674649265,UP,556.25,594.0,-0.06355218855218858,13.0,569.75,0.03841699956656977,2019-01-08,-0.012969588550983846,-0.013054428018253324,DOWN,8.0,30.309999999999945,0.9485669681491915,1,TRAIN
2019-01-08,National,black_pepper,Grade 1,average,579.86,"Department of Export Agriculture, Sri Lanka - Economic Research Unit",https://exagri.info/mkt/2019/08.01.2019.html,2019-01-08,2026-10-07,Sri Lanka,LKR,kg,farm_gate,weekly,add87776c3d373d76f9f3e746ab662645de0ae081410172306c3d6b430b781e1,observed_source_value,339643e63f08577daf02,-0.016035702771037164,-0.01616566589203818,DOWN,589.31,615.36,-0.04233294331773285,8.0,594.8433333333332,0.013324195463002323,2019-01-14,-0.010606008346842333,-0.010662652924617273,DOWN,6.0,28.110000000000014,0.9515227813610182,0,TRAIN
2019-01-08,National,black_pepper,Grade 2,average,551.75,"Department of Export Agriculture, Sri Lanka - Economic Research Unit",https://exagri.info/mkt/2019/08.01.2019.html,2019-01-08,2026-10-07,Sri Lanka,LKR,kg,farm_gate,weekly,add87776c3d373d76f9f3e746ab662645de0ae081410172306c3d6b430b781e1,observed_source_value,92ebf91a04c3f7bbd0b7,-0.012969588550983846,-0.013054428018253324,DOWN,559.0,556.25,0.004943820224719175,8.0,555.6666666666666,0.035522745894269986,2019-01-14,-0.07748074309016761,-0.080647028586323,DOWN,6.0,28.110000000000014,0.9515227813610182,1,TRAIN
2019-01-14,National,black_pepper,Grade 1,average,573.71,"Department of Export Agriculture, Sri Lanka - Economic Research Unit",https://exagri.info/mkt/2019/14.01.2019.html,2019-01-14,2026-10-07,Sri Lanka,LKR,kg,farm_gate,weekly,e63e3d00afaf3f78f77a7abd1211363255bb0652dbd39c4c8b89d2966bb8cebc,observed_source_value,335ed555ecb1b4c4548a,-0.010606008346842333,-0.010662652924617273,DOWN,579.86,589.31,-0.016035702771037164,6.0,580.9599999999999,0.01696872046127873,2019-01-22,-0.006832720363947109,-0.006856170276574052,DOWN,8.0,64.71000000000004,0.8872078227676004,0,TRAIN
2019-01-14,National,black_pepper,Grade 2,average,509.0,"Department of Export Agriculture, Sri Lanka - Economic Research Unit",https://exagri.info/mkt/2019/14.01.2019.html,2019-01-14,2026-10-07,Sri Lanka,LKR,kg,farm_gate,weekly,e63e3d00afaf3f78f77a7abd1211363255bb0652dbd39c4c8b89d2966bb8cebc,observed_source_value,ddba96de97a9532bc5ff,-0.07748074309016761,-0.080647028586323,DOWN,551.75,559.0,-0.012969588550983846,6.0,539.9166666666666,0.04335202400425572,2019-01-22,-0.0019646365422396617,-0.001966568972040827,DOWN,8.0,64.71000000000004,0.8872078227676004,1,TRAIN
2019-01-22,National,black_pepper,Grade 1,average,569.79,"Department of Export Agriculture, Sri Lanka - Economic Research Unit",https://exagri.info/mkt/2019/22.01.2019.html,2019-01-22,2026-10-07,Sri Lanka,LKR,kg,farm_gate,weekly,04ec9541432637762cd63811637f5cb9ff7b1a4dc593f250c5e591cf5e7fa45d,observed_source_value,14921342581051ab2ff0,-0.006832720363947109,-0.006856170276574052,DOWN,573.71,579.86,-0.010606008346842333,8.0,574.4533333333333,0.004626268635507839,2019-01-29,0.001000368556836717,0.0009998685216638208,UP,7.0,61.789999999999964,0.8915565383737869,0,TRAIN
2019-01-22,National,black_pepper,Grade 2,average,508.0,"Department of Export Agriculture, Sri Lanka - Economic Research Unit",https://exagri.info/mkt/2019/22.01.2019.html,2019-01-22,2026-10-07,Sri Lanka,LKR,kg,farm_gate,weekly,04ec9541432637762cd63811637f5cb9ff7b1a4dc593f250c5e591cf5e7fa45d,observed_source_value,bab17d2db28ba819e476,-0.0019646365422396617,-0.001966568972040827,DOWN,509.0,551.75,-0.07748074309016761,8.0,522.9166666666666,0.0407951802235896,2019-01-29,-0.0059055118110236116,-0.005923018303122056,DOWN,7.0,61.789999999999964,0.8915565383737869,1,TRAIN
2019-01-29,National,black_pepper,Grade 1,average,570.36,"Department of Export Agriculture, Sri Lanka - Economic Research Unit",https://exagri.info/mkt/2019/29.01.2019.html,2019-01-29,2026-10-07,Sri Lanka,LKR,kg,farm_gate,weekly,205004214fdfca2d5b7c2f95ed3fc0e51ec49d210576c0ab5cc7fed9e9dc5373,observed_source_value,40eeb7b045e36f4705cd,0.001000368556836717,0.0009998685216638208,UP,569.79,573.71,-0.006832720363947109,7.0,571.2866666666665,0.005920345838337533,2019-02-05,-0.0035065572620800456,-0.003512719644043783,DOWN,7.0,65.36000000000001,0.8854057086752226,0,TRAIN
2019-01-29,National,black_pepper,Grade 2,average,505.0,"Department of Export Agriculture, Sri Lanka - Economic Research Unit",https://exagri.info/mkt/2019/29.01.2019.html,2019-01-29,2026-10-07,Sri Lanka,LKR,kg,farm_gate,weekly,205004214fdfca2d5b7c2f95ed3fc0e51ec49d210576c0ab5cc7fed9e9dc5373,observed_source_value,72a3f791587b1d2f562d,-0.0059055118110236116,-0.005923018303122056,DOWN,508.0,509.0,-0.0019646365422396617,7.0,507.3333333333333,0.04250730638902915,2019-02-05,-0.01320792079207922,-0.013295921104264644,DOWN,7.0,65.36000000000001,0.8854057086752226,1,TRAIN
2019-02-05,National,black_pepper,Grade 1,average,568.36,"Department of Export Agriculture, Sri Lanka - Economic Research Unit",https://exagri.info/mkt/2019/05.02.2019.html,2019-02-05,2026-10-07,Sri Lanka,LKR,kg,farm_gate,weekly,b73b91fa05182c58b0039789090cd542f00ca392504f1f05f157039aec387210,observed_source_value,ac4b644df525f40ff082,-0.0035065572620800456,-0.003512719644043783,DOWN,570.36,569.79,0.001000368556836717,7.0,569.5033333333332,0.003931348864330765,2019-02-12,0.02172918572735605,0.02149647205568964,UP,7.0,70.03000000000003,0.8767858399605883,0,TRAIN
2019-02-05,National,black_pepper,Grade 2,average,498.33,"Department of Export Agriculture, Sri Lanka - Economic Research Unit",https://exagri.info/mkt/2019/05.02.2019.html,2019-02-05,2026-10-07,Sri Lanka,LKR,kg,farm_gate,weekly,b73b91fa05182c58b0039789090cd542f00ca392504f1f05f157039aec387210,observed_source_value,ee4486e6ba65d381967c,-0.01320792079207922,-0.013295921104264644,DOWN,505.0,508.0,-0.0059055118110236116,7.0,503.77666666666664,0.005704780386265491,2019-02-12,0.06690345754821103,0.06476048795256274,UP,7.0,70.03000000000003,0.8767858399605883,1,TRAIN
2019-02-12,National,black_pepper,Grade 1,average,580.71,"Department of Export Agriculture, Sri Lanka - Economic Research Unit",https://exagri.info/mkt/2019/12.02.2019.html,2019-02-12,2026-10-07,Sri Lanka,LKR,kg,farm_gate,weekly,70ec92cae1db67b998a7c8e1d391e3684df952f04ff3badab41f4a1ed2f0ef31,observed_source_value,8a4d0f42ca7cd7172892,0.02172918572735605,0.02149647205568964,UP,568.36,570.36,-0.0035065572620800456,7.0,573.1433333333333,0.013458819697228376,2019-02-18,0.029153966695941058,0.028737073157319912,UP,6.0,49.04000000000008,0.9155516522877166,0,TRAIN
2019-02-12,National,black_pepper,Grade 2,average,531.67,"Department of Export Agriculture, Sri Lanka - Economic Research Unit",https://exagri.info/mkt/2019/12.02.2019.html,2019-02-12,2026-10-07,Sri Lanka,LKR,kg,farm_gate,weekly,70ec92cae1db67b998a7c8e1d391e3684df952f04ff3badab41f4a1ed2f0ef31,observed_source_value,b2774ee5574456e10799,0.06690345754821103,0.06476048795256274,UP,498.33,505.0,-0.01320792079207922,7.0,511.6666666666667,0.044295041362176206,2019-02-18,0.01440743318223725,0.014304632337854643,UP,6.0,49.04000000000008,0.9155516522877166,1,TRAIN
2019-02-18,National,black_pepper,Grade 1,average,597.64,"Department of Export Agriculture, Sri Lanka - Economic Research Unit",https://exagri.info/mkt/2019/18.02.2019.html,2019-02-18,2026-10-07,Sri Lanka,LKR,kg,farm_gate,weekly,e01412d7b2e7dc78a0d3b31ce72395e086fa9a224b9e2a9a03597ab8d4d1e098,observed_source_value,5323f22187b7919537c5,0.029153966695941058,0.028737073157319912,UP,580.71,568.36,0.02172918572735605,6.0,582.2366666666666,0.017120552570292602,2019-02-26,0.02414497021618378,0.023858089073620664,UP,8.0,58.309999999999945,0.90243290275082,0,TRAIN
2019-02-18,National,black_pepper,Grade 2,average,539.33,"Department of Export Agriculture, Sri Lanka - Economic Research Unit",https://exagri.info/mkt/2019/18.02.2019.html,2019-02-18,2026-10-07,Sri Lanka,LKR,kg,farm_gate,weekly,e01412d7b2e7dc78a0d3b31ce72395e086fa9a224b9e2a9a03597ab8d4d1e098,observed_source_value,3a4ad9897a5621a70e55,0.01440743318223725,0.014304632337854643,UP,531.67,498.33,0.06690345754821103,6.0,523.11,0.040694539537347724,2019-02-26,0.03893719985908439,0.03819826742132284,UP,8.0,58.309999999999945,0.90243290275082,1,TRAIN
2019-02-26,National,black_pepper,Grade 1,average,612.07,"Department of Export Agriculture, Sri Lanka - Economic Research Unit",https://exagri.info/mkt/2019/26.02.2019.html,2019-02-26,2026-10-07,Sri Lanka,LKR,kg,farm_gate,weekly,e42dc42703af821a0c1eaae9561a37704477b4edc7fb99ef4af7bd2fc34d574b,observed_source_value,59fae833f15f6e2b5808,0.02414497021618378,0.023858089073620664,UP,597.64,580.71,0.029153966695941058,8.0,596.8066666666667,0.0037871148398716864,2019-03-05,-0.00022873200777706604,-0.00022875817093240034,DOWN,7.0,51.74000000000001,0.9154671851258843,0,TRAIN
2019-02-26,National,black_pepper,Grade 2,average,560.33,"Department of Export Agriculture, Sri Lanka - Economic Research Unit",https://exagri.info/mkt/2019/26.02.2019.html,2019-02-26,2026-10-07,Sri Lanka,LKR,kg,farm_gate,weekly,e42dc42703af821a0c1eaae9561a37704477b4edc7fb99ef4af7bd2fc34d574b,observed_source_value,c55fd06f032f886b6d65,0.03893719985908439,0.03819826742132284,UP,539.33,531.67,0.01440743318223725,8.0,543.7766666666668,0.026266752104094793,2019-03-05,0.012492638266735634,0.012415249124455902,UP,7.0,51.74000000000001,0.9154671851258843,1,TRAIN
2019-03-05,National,black_pepper,Grade 1,average,611.93,"Department of Export Agriculture, Sri Lanka - Economic Research Unit",https://exagri.info/mkt/2019/05.03.2019.html,2019-03-05,2026-10-07,Sri Lanka,LKR,kg,farm_gate,weekly,8dc9a114826fda0a39277f48b8f6a6fae78e2959d041a16d66f0e17bf794d17c,observed_source_value,ec6eb7de9feefabb9a10,-0.00022873200777706604,-0.00022875817093240034,DOWN,612.07,597.64,0.02414497021618378,7.0,607.2133333333333,0.01571893968513846,2019-03-12,-0.010981648227738283,-0.011042391644564355,DOWN,7.0,44.59999999999991,0.9271158465837597,0,TRAIN
2019-03-05,National,black_pepper,Grade 2,average,567.33,"Department of Export Agriculture, Sri Lanka - Economic Research Unit",https://exagri.info/mkt/2019/05.03.2019.html,2019-03-05,2026-10-07,Sri Lanka,LKR,kg,farm_gate,weekly,8dc9a114826fda0a39277f48b8f6a6fae78e2959d041a16d66f0e17bf794d17c,observed_source_value,5c8862719bd2d6ae2598,0.012492638266735634,0.012415249124455902,UP,560.33,539.33,0.03893719985908439,7.0,555.6633333333334,0.01474613356443096,2019-03-12,-0.06403680397652167,-0.06617912376535248,DOWN,7.0,44.59999999999991,0.9271158465837597,1,TRAIN
2019-03-12,National,black_pepper,Grade 1,average,605.21,"Department of Export Agriculture, Sri Lanka - Economic Research Unit",https://exagri.info/mkt/2019/12.03.2019.html,2019-03-12,2026-10-07,Sri Lanka,LKR,kg,farm_gate,weekly,3bde1408990b68d052b9c99bc14e2d99fe861dd7f43e1c3ce7a4523ff4c4408e,observed_source_value,3be36f09f7d709bad23e,-0.010981648227738283,-0.011042391644564355,DOWN,611.93,612.07,-0.00022873200777706604,7.0,609.7366666666666,0.017998064204430484,2019-03-18,-0.0017679813618414197,-0.0017695460854293982,DOWN,6.0,74.21000000000004,0.8773814048016391,0,TRAIN
2019-03-12,National,black_pepper,Grade 2,average,531.0,"Department of Export Agriculture, Sri Lanka - Economic Research Unit",https://exagri.info/mkt/2019/12.03.2019.html,2019-03-12,2026-10-07,Sri Lanka,LKR,kg,farm_gate,weekly,3bde1408990b68d052b9c99bc14e2d99fe861dd7f43e1c3ce7a4523ff4c4408e,observed_source_value,8cfd59811328966f9014,-0.06403680397652167,-0.06617912376535248,DOWN,567.33,560.33,0.012492638266735634,7.0,552.8866666666668,0.05347852502611166,2019-03-18,0.02322033898305098,0.02295484890261547,UP,6.0,74.21000000000004,0.8773814048016391,1,TRAIN
2019-03-18,National,black_pepper,Grade 1,average,604.14,"Department of Export Agriculture, Sri Lanka - Economic Research Unit",https://exagri.info/mkt/2019/18.03.2019.html,2019-03-18,2026-10-07,Sri Lanka,LKR,kg,farm_gate,weekly,246fa31fad95d969eb67d71c1ad89fd1aaed62fe62f316259db2a94b4e53e6b3,observed_source_value,54fd2b7a2a757faeae8d,-0.0017679813618414197,-0.0017695460854293982,DOWN,605.21,611.93,-0.010981648227738283,6.0,607.0933333333332,0.005815011506485062,2019-03-26,0.0025987353924588064,0.0025953645183823385,UP,8.0,60.809999999999945,0.8993445227927302,0,TRAIN
2019-03-18,National,black_pepper,Grade 2,average,543.33,"Department of Export Agriculture, Sri Lanka - Economic Research Unit",https://exagri.info/mkt/2019/18.03.2019.html,2019-03-18,2026-10-07,Sri Lanka,LKR,kg,farm_gate,weekly,246fa31fad95d969eb67d71c1ad89fd1aaed62fe62f316259db2a94b4e53e6b3,observed_source_value,717dc776168a1d32c82f,0.02322033898305098,0.02295484890261547,UP,531.0,567.33,-0.06403680397652167,6.0,547.22,0.047584395359175434,2019-03-26,-0.04661991791360687,-0.04774162788507115,DOWN,8.0,60.809999999999945,0.8993445227927302,1,TRAIN
2019-03-26,National,black_pepper,Grade 1,average,605.71,"Department of Export Agriculture, Sri Lanka - Economic Research Unit",https://exagri.info/mkt/2019/26.03.2019.html,2019-03-26,2026-10-07,Sri Lanka,LKR,kg,farm_gate,weekly,6f877e462b8e6d288815dcf422ccabf8bd04b7d3ea3d3e9472f268afc42f89cc,observed_source_value,6dfa190f00e4dbaa4cf6,0.0025987353924588064,0.0025953645183823385,UP,604.14,605.21,-0.0017679813618414197,8.0,605.02,0.006932852847130989,2019-04-02,-0.0028231331825461226,-0.0028271257391458324,DOWN,7.0,87.71000000000004,0.8551947301513926,0,TRAIN
2019-03-26,National,black_pepper,Grade 2,average,518.0,"Department of Export Agriculture, Sri Lanka - Economic Research Unit",https://exagri.info/mkt/2019/26.03.2019.html,2019-03-26,2026-10-07,Sri Lanka,LKR,kg,farm_gate,weekly,6f877e462b8e6d288815dcf422ccabf8bd04b7d3ea3d3e9472f268afc42f89cc,observed_source_value,b4e0ea370375b5517ad3,-0.04661991791360687,-0.04774162788507115,DOWN,543.33,531.0,0.02322033898305098,8.0,530.7766666666666,0.04617867184640318,2019-04-02,0.007722007722007707,0.007692345623155645,UP,7.0,87.71000000000004,0.8551947301513926,1,TRAIN
2019-04-02,National,black_pepper,Grade 1,average,604.0,"Department of Export Agriculture, Sri Lanka - Economic Research Unit",https://exagri.info/mkt/2019/02.04.2019.html,2019-04-02,2026-10-07,Sri Lanka,LKR,kg,farm_gate,weekly,f4968a76156db1bcbe24dfd507faf512db454f7d4aeddefaa7c7c1d7cc500de8,observed_source_value,c26f791acefa1e54069d,-0.0028231331825461226,-0.0028271257391458324,DOWN,605.71,604.14,0.0025987353924588064,7.0,604.6166666666667,0.0028745498030634843,2019-04-09,-0.011937086092715266,-0.012008905217819344,DOWN,7.0,82.0,0.8642384105960265,0,TRAIN
2019-04-02,National,black_pepper,Grade 2,average,522.0,"Department of Export Agriculture, Sri Lanka - Economic Research Unit",https://exagri.info/mkt/2019/02.04.2019.html,2019-04-02,2026-10-07,Sri Lanka,LKR,kg,farm_gate,weekly,f4968a76156db1bcbe24dfd507faf512db454f7d4aeddefaa7c7c1d7cc500de8,observed_source_value,ef776b1c63734ed49831,0.007722007722007707,0.007692345623155645,UP,518.0,543.33,-0.04661991791360687,7.0,527.7766666666666,0.0366762971528265,2019-04-09,0.12739463601532575,0.11990933881769275,UP,7.0,82.0,0.8642384105960265,1,TRAIN
2019-04-09,National,black_pepper,Grade 1,average,596.79,"Department of Export Agriculture, Sri Lanka - Economic Research Unit",https://exagri.info/mkt/2019/09.04.2019.html,2019-04-09,2026-10-07,Sri Lanka,LKR,kg,farm_gate,weekly,c9fe3b31b206f03ed4b827de462619076b584c2212803a0c7ee77fe0532e7a6a,observed_source_value,fa0e9bbecc0086b47422,-0.011937086092715266,-0.012008905217819344,DOWN,604.0,605.71,-0.0028231331825461226,7.0,602.1666666666666,0.007345643864930637,2019-04-23,-0.004038271418757011,-0.004046447255036572,DOWN,14.0,8.289999999999964,0.9861090165719936,0,TRAIN
2019-04-09,National,black_pepper,Grade 2,average,588.5,"Department of Export Agriculture, Sri Lanka - Economic Research Unit",https://exagri.info/mkt/2019/09.04.2019.html,2019-04-09,2026-10-07,Sri Lanka,LKR,kg,farm_gate,weekly,c9fe3b31b206f03ed4b827de462619076b584c2212803a0c7ee77fe0532e7a6a,observed_source_value,fea9ee493ec62c7faa0d,0.12739463601532575,0.11990933881769275,UP,522.0,518.0,0.007722007722007707,7.0,542.8333333333334,0.08902775580636116,2019-04-23,-0.003398470688190325,-0.0034042586068012653,DOWN,14.0,8.289999999999964,0.9861090165719936,1,TRAIN
2019-04-23,National,black_pepper,Grade 1,average,594.38,"Department of Export Agriculture, Sri Lanka - Economic Research Unit",https://exagri.info/mkt/2019/23.04.2019.html,2019-04-23,2026-10-07,Sri Lanka,LKR,kg,farm_gate,weekly,0d0130c1b7e0db089ef93278cd061f10918cbc327f10d24dc9adee89160de85b,observed_source_value,ea32eccc7040f2816b6b,-0.004038271418757011,-0.004046447255036572,DOWN,596.79,604.0,-0.011937086092715266,14.0,598.39,0.00494860202204494,2019-04-29,-0.016504593021299363,-0.01664231124150756,DOWN,6.0,7.8799999999999955,0.9867424879706586,0,TRAIN
2019-04-23,National,black_pepper,Grade 2,average,586.5,"Department of Export Agriculture, Sri Lanka - Economic Research Unit",https://exagri.info/mkt/2019/23.04.2019.html,2019-04-23,2026-10-07,Sri Lanka,LKR,kg,farm_gate,weekly,0d0130c1b7e0db089ef93278cd061f10918cbc327f10d24dc9adee89160de85b,observed_source_value,bfd9556b983e6520901a,-0.003398470688190325,-0.0034042586068012653,DOWN,588.5,522.0,0.12739463601532575,14.0,565.6666666666666,0.07251671044646582,2019-04-29,-0.021312872975277064,-0.021543271773963733,DOWN,6.0,7.8799999999999955,0.9867424879706586,1,TRAIN
2019-04-29,National,black_pepper,Grade 1,average,584.57,"Department of Export Agriculture, Sri Lanka - Economic Research Unit",https://exagri.info/mkt/2019/29.04.2019.html,2019-04-29,2026-10-07,Sri Lanka,LKR,kg,farm_gate,weekly,b738bfb1d24fb5c5b391d72c6f2da89f4d8e98ee9730a5fa5af31bedbb6994cd,observed_source_value,b8d0ab4d16019be12a76,-0.016504593021299363,-0.01664231124150756,DOWN,594.38,596.79,-0.004038271418757011,6.0,591.9133333333333,0.006306908475292755,2019-05-07,0.0039174093778331365,0.003909756310005046,UP,8.0,10.57000000000005,0.9819183331337563,0,TRAIN
2019-04-29,National,black_pepper,Grade 2,average,574.0,"Department of Export Agriculture, Sri Lanka - Economic Research Unit",https://exagri.info/mkt/2019/29.04.2019.html,2019-04-29,2026-10-07,Sri Lanka,LKR,kg,farm_gate,weekly,b738bfb1d24fb5c5b391d72c6f2da89f4d8e98ee9730a5fa5af31bedbb6994cd,observed_source_value,d9a570214cd16c3506cb,-0.021312872975277064,-0.021543271773963733,DOWN,586.5,588.5,-0.003398470688190325,6.0,583.0,0.08118054549444183,2019-05-07,-0.08827526132404173,-0.09241715609235876,DOWN,8.0,10.57000000000005,0.9819183331337563,1,TRAIN
2019-05-07,National,black_pepper,Grade 1,average,586.86,"Department of Export Agriculture, Sri Lanka - Economic Research Unit",https://exagri.info/mkt/2019/07.05.2019.html,2019-05-07,2026-10-07,Sri Lanka,LKR,kg,farm_gate,weekly,3057f9db524eb9d7ae85703ab522c9bed328c069a7acdc4ed3b945038380b437,observed_source_value,c80148f4a6096124f1df,0.0039174093778331365,0.003909756310005046,UP,584.57,594.38,-0.016504593021299363,8.0,588.6033333333332,0.010293689112149607,2019-05-14,-0.006713696622703935,-0.0067363348649607,DOWN,7.0,63.52999999999997,0.891745901918686,0,TRAIN
2019-05-07,National,black_pepper,Grade 2,average,523.33,"Department of Export Agriculture, Sri Lanka - Economic Research Unit",https://exagri.info/mkt/2019/07.05.2019.html,2019-05-07,2026-10-07,Sri Lanka,LKR,kg,farm_gate,weekly,3057f9db524eb9d7ae85703ab522c9bed328c069a7acdc4ed3b945038380b437,observed_source_value,0ff58b1b9218c7691ad5,-0.08827526132404173,-0.09241715609235876,DOWN,574.0,586.5,-0.021312872975277064,8.0,561.2766666666666,0.04473804654377195,2019-05-14,-0.16209657386352783,-0.17685242841496987,DOWN,7.0,63.52999999999997,0.891745901918686,1,TRAIN
2019-05-14,National,black_pepper,Grade 1,average,582.92,"Department of Export Agriculture, Sri Lanka - Economic Research Unit",https://exagri.info/mkt/2019/14.05.2019.html,2019-05-14,2026-10-07,Sri Lanka,LKR,kg,farm_gate,weekly,7144ea321047c57092637c7177e4c6a8b3edfdcf57965d6f75bda01a03318683,observed_source_value,c351b3f538ad2ed0235a,-0.006713696622703935,-0.0067363348649607,DOWN,586.86,584.57,0.0039174093778331365,7.0,584.7833333333333,0.010213881477944293,2019-05-21,0.003070747272353014,0.00306604215763235,UP,7.0,144.41999999999996,0.752247306663007,0,TRAIN
2019-05-14,National,black_pepper,Grade 2,average,438.5,"Department of Export Agriculture, Sri Lanka - Economic Research Unit",https://exagri.info/mkt/2019/14.05.2019.html,2019-05-14,2026-10-07,Sri Lanka,LKR,kg,farm_gate,weekly,7144ea321047c57092637c7177e4c6a8b3edfdcf57965d6f75bda01a03318683,observed_source_value,f06640dfdb1609702178,-0.16209657386352783,-0.17685242841496987,DOWN,523.33,574.0,-0.08827526132404173,7.0,511.9433333333333,0.0704196919360575,2019-05-21,0.33637400228050174,0.2899599777647749,UP,7.0,144.41999999999996,0.752247306663007,1,TRAIN
2019-05-21,National,black_pepper,Grade 1,average,584.71,"Department of Export Agriculture, Sri Lanka - Economic Research Unit",https://exagri.info/mkt/2019/21.05.2019.html,2019-05-21,2026-10-07,Sri Lanka,LKR,kg,farm_gate,weekly,c0b38c19cb92b19b80671de72298e73151baececbbdf85915b643ba52d84f9bd,observed_source_value,6f5050cdcc5a1715c4fb,0.003070747272353014,0.00306604215763235,UP,582.92,586.86,-0.006713696622703935,7.0,584.8299999999999,0.005908646120321389,2019-05-28,-0.010158882180910322,-0.010210835784350853,DOWN,7.0,-1.2899999999999636,1.0022062218877734,0,TRAIN
2019-05-21,National,black_pepper,Grade 2,average,586.0,"Department of Export Agriculture, Sri Lanka - Economic Research Unit",https://exagri.info/mkt/2019/21.05.2019.html,2019-05-21,2026-10-07,Sri Lanka,LKR,kg,farm_gate,weekly,c0b38c19cb92b19b80671de72298e73151baececbbdf85915b643ba52d84f9bd,observed_source_value,09410c10ca433c9f7dea,0.33637400228050174,0.2899599777647749,UP,438.5,523.33,-0.16209657386352783,7.0,515.9433333333333,0.26902586571625847,2019-05-28,-0.05119453924914674,-0.05255149532643022,DOWN,7.0,-1.2899999999999636,1.0022062218877734,1,TRAIN
2019-05-28,National,black_pepper,Grade 1,average,578.77,"Department of Export Agriculture, Sri Lanka - Economic Research Unit",https://exagri.info/mkt/2019/28.05.2019.html,2019-05-28,2026-10-07,Sri Lanka,LKR,kg,farm_gate,weekly,faee245537b329a9dab98f91a33edf9ef3ef37741f381c7112884ec1683b15a6,observed_source_value,acde33fce6815f297aac,-0.010158882180910322,-0.010210835784350853,DOWN,584.71,582.92,0.003070747272353014,7.0,582.1333333333332,0.0068632808157705885,2019-06-03,-0.017243464588696744,-0.01739386457630299,DOWN,6.0,22.769999999999982,0.9606579470255888,0,TRAIN
2019-05-28,National,black_pepper,Grade 2,average,556.0,"Department of Export Agriculture, Sri Lanka - Economic Research Unit",https://exagri.info/mkt/2019/28.05.2019.html,2019-05-28,2026-10-07,Sri Lanka,LKR,kg,farm_gate,weekly,faee245537b329a9dab98f91a33edf9ef3ef37741f381c7112884ec1683b15a6,observed_source_value,ceab09fcda66c52f8bde,-0.05119453924914674,-0.05255149532643022,DOWN,586.0,438.5,0.33637400228050174,7.0,526.8333333333334,0.26171917231592234,2019-06-03,-0.09352517985611508,-0.09819202617921373,DOWN,6.0,22.769999999999982,0.9606579470255888,1,TRAIN
2019-06-03,National,black_pepper,Grade 1,average,568.79,"Department of Export Agriculture, Sri Lanka - Economic Research Unit",https://exagri.info/mkt/2019/03.06.2019.html,2019-06-03,2026-10-07,Sri Lanka,LKR,kg,farm_gate,weekly,b8014009fa33ca93f0fcc055cb009d114d1c892456991a4cd46b464da7d5686a,observed_source_value,00b36d893f4005d8d559,-0.017243464588696744,-0.01739386457630299,DOWN,578.77,584.71,-0.010158882180910322,6.0,577.4233333333332,0.01031084871142273,2019-06-11,-0.04746918898011565,-0.04863282497701337,DOWN,8.0,64.78999999999996,0.8860915276288261,0,TRAIN
2019-06-03,National,black_pepper,Grade 2,average,504.0,"Department of Export Agriculture, Sri Lanka - Economic Research Unit",https://exagri.info/mkt/2019/03.06.2019.html,2019-06-03,2026-10-07,Sri Lanka,LKR,kg,farm_gate,weekly,b8014009fa33ca93f0fcc055cb009d114d1c892456991a4cd46b464da7d5686a,observed_source_value,dcabe121a33e3b9bbc2a,-0.09352517985611508,-0.09819202617921373,DOWN,556.0,586.0,-0.05119453924914674,6.0,548.6666666666666,0.23692986455888407,2019-06-11,-0.02777777777777779,-0.028170876966696335,DOWN,8.0,64.78999999999996,0.8860915276288261,1,TRAIN
2019-06-11,National,black_pepper,Grade 1,average,541.79,"Department of Export Agriculture, Sri Lanka - Economic Research Unit",https://exagri.info/mkt/2019/11.06.2019.html,2019-06-11,2026-10-07,Sri Lanka,LKR,kg,farm_gate,weekly,2a564380809cf8ae3c23f20db36245776f3c365e02b985426e78b5e668e5bca3,observed_source_value,ac28c80301077ead3666,-0.04746918898011565,-0.04863282497701337,DOWN,568.79,578.77,-0.017243464588696744,8.0,563.1166666666664,0.019815165557091438,2019-06-18,-0.03824359991878756,-0.03899408275143,DOWN,7.0,51.789999999999964,0.9044094575388989,0,TRAIN
2019-06-11,National,black_pepper,Grade 2,average,490.0,"Department of Export Agriculture, Sri Lanka - Economic Research Unit",https://exagri.info/mkt/2019/11.06.2019.html,2019-06-11,2026-10-07,Sri Lanka,LKR,kg,farm_gate,weekly,2a564380809cf8ae3c23f20db36245776f3c365e02b985426e78b5e668e5bca3,observed_source_value,244900d1d46acb6de858,-0.02777777777777779,-0.028170876966696335,DOWN,504.0,556.0,-0.09352517985611508,8.0,516.6666666666666,0.033324037200529386,2019-06-18,0.010204081632652962,0.010152371464017908,UP,7.0,51.789999999999964,0.9044094575388989,1,TRAIN
2019-06-18,National,black_pepper,Grade 1,average,521.07,"Department of Export Agriculture, Sri Lanka - Economic Research Unit",https://exagri.info/mkt/2019/18.06.2019.html,2019-06-18,2026-10-07,Sri Lanka,LKR,kg,farm_gate,weekly,fea8297efc535ffefc532c53f06ae7733ccb9147db81e350ca393fc47f2fffce,observed_source_value,4f27310b803f5428b794,-0.03824359991878756,-0.03899408275143,DOWN,541.79,568.79,-0.04746918898011565,7.0,543.8833333333332,0.015490381921247857,2019-06-25,-0.03865123687796268,-0.039418018969875006,DOWN,7.0,26.07000000000005,0.9499683343888536,0,TRAIN
2019-06-18,National,black_pepper,Grade 2,average,495.0,"Department of Export Agriculture, Sri Lanka - Economic Research Unit",https://exagri.info/mkt/2019/18.06.2019.html,2019-06-18,2026-10-07,Sri Lanka,LKR,kg,farm_gate,weekly,fea8297efc535ffefc532c53f06ae7733ccb9147db81e350ca393fc47f2fffce,observed_source_value,de9cb94d84b8da0214d1,0.010204081632652962,0.010152371464017908,UP,490.0,504.0,-0.02777777777777779,7.0,496.3333333333333,0.052480317283925965,2019-06-25,-0.06060606060606055,-0.06252035698133393,DOWN,7.0,26.07000000000005,0.9499683343888536,1,TRAIN
2019-06-25,National,black_pepper,Grade 1,average,500.93,"Department of Export Agriculture, Sri Lanka - Economic Research Unit",https://exagri.info/mkt/2019/25.06.2019.html,2019-06-25,2026-10-07,Sri Lanka,LKR,kg,farm_gate,weekly,a24c40250da8b3c70c20a175fe1d0fecd52be73999bfb572c69b393183da8262,observed_source_value,62ae3edf834b4c40d69f,-0.03865123687796268,-0.039418018969875006,DOWN,521.07,541.79,-0.03824359991878756,7.0,521.2633333333332,0.005212707880665887,2019-07-02,-0.0566146966642046,-0.058280486655063586,DOWN,7.0,35.93000000000001,0.9282734114546942,0,TRAIN
2019-06-25,National,black_pepper,Grade 2,average,465.0,"Department of Export Agriculture, Sri Lanka - Economic Research Unit",https://exagri.info/mkt/2019/25.06.2019.html,2019-06-25,2026-10-07,Sri Lanka,LKR,kg,farm_gate,weekly,a24c40250da8b3c70c20a175fe1d0fecd52be73999bfb572c69b393183da8262,observed_source_value,22307ff8541a349aad45,-0.06060606060606055,-0.06252035698133393,DOWN,495.0,490.0,0.010204081632652962,7.0,483.3333333333333,0.03543631386396828,2019-07-02,-0.20430107526881724,-0.22853439994908623,DOWN,7.0,35.93000000000001,0.9282734114546942,1,TRAIN
2019-07-02,National,black_pepper,Grade 1,average,472.57,"Department of Export Agriculture, Sri Lanka - Economic Research Unit",https://exagri.info/mkt/2019/02.07.2019.html,2019-07-02,2026-10-07,Sri Lanka,LKR,kg,farm_gate,weekly,49cf58175b92f2211aaf208c13695509daf86ce6ef7740e3d27df54d75fbe1f0,observed_source_value,9351dda45fb1018755ec,-0.0566146966642046,-0.058280486655063586,DOWN,500.93,521.07,-0.03865123687796268,7.0,498.1899999999999,0.010490863096142116,2019-07-09,-0.0290327358909791,-0.029462524844070248,DOWN,7.0,102.57,0.7829527900628478,0,TRAIN
2019-07-02,National,black_pepper,Grade 2,average,370.0,"Department of Export Agriculture, Sri Lanka - Economic Research Unit",https://exagri.info/mkt/2019/02.07.2019.html,2019-07-02,2026-10-07,Sri Lanka,LKR,kg,farm_gate,weekly,49cf58175b92f2211aaf208c13695509daf86ce6ef7740e3d27df54d75fbe1f0,observed_source_value,bdab6e44a5d0543868e3,-0.20430107526881724,-0.22853439994908623,DOWN,465.0,495.0,-0.06060606060606055,7.0,443.3333333333333,0.10929684031733702,2019-07-09,0.23783783783783785,0.21336617847591485,UP,7.0,102.57,0.7829527900628478,1,TRAIN
2019-07-09,National,black_pepper,Grade 1,average,458.85,"Department of Export Agriculture, Sri Lanka - Economic Research Unit",https://exagri.info/mkt/2019/09.07.2019.html,2019-07-09,2026-10-07,Sri Lanka,LKR,kg,farm_gate,weekly,11f0c19bf802492899143851308cd0a20bbc4bcf61a27099c9178e8041ba82a7,observed_source_value,89b74f0b85844d130520,-0.0290327358909791,-0.029462524844070248,DOWN,472.57,500.93,-0.0566146966642046,7.0,477.45,0.013999797670111622,2019-07-15,-0.00808543096872627,-0.008118295333949675,DOWN,6.0,0.8500000000000227,0.9981475427699683,0,TRAIN
2019-07-09,National,black_pepper,Grade 2,average,458.0,"Department of Export Agriculture, Sri Lanka - Economic Research Unit",https://exagri.info/mkt/2019/09.07.2019.html,2019-07-09,2026-10-07,Sri Lanka,LKR,kg,farm_gate,weekly,11f0c19bf802492899143851308cd0a20bbc4bcf61a27099c9178e8041ba82a7,observed_source_value,f4632a916d7c754170a0,0.23783783783783785,0.21336617847591485,UP,370.0,465.0,-0.20430107526881724,7.0,431.0,0.2255378150999871,2019-07-15,-0.01091703056768556,-0.010977058631150907,DOWN,6.0,0.8500000000000227,0.9981475427699683,1,TRAIN
2019-07-15,National,black_pepper,Grade 1,average,455.14,"Department of Export Agriculture, Sri Lanka - Economic Research Unit",https://exagri.info/mkt/2019/15.07.2019.html,2019-07-15,2026-10-07,Sri Lanka,LKR,kg,farm_gate,weekly,19a06c0099463ece1af1e81c43faa84c2e284a5f15cc82bab5e6d0bb2c31fe33,observed_source_value,002216f0d6e0490bd08a,-0.00808543096872627,-0.008118295333949675,DOWN,458.85,472.57,-0.0290327358909791,6.0,462.18666666666655,0.024340103302108958,2019-07-23,-0.02383881882497685,-0.02412756155738046,DOWN,8.0,2.1399999999999864,0.9952981500197742,0,TRAIN
2019-07-15,National,black_pepper,Grade 2,average,453.0,"Department of Export Agriculture, Sri Lanka - Economic Research Unit",https://exagri.info/mkt/2019/15.07.2019.html,2019-07-15,2026-10-07,Sri Lanka,LKR,kg,farm_gate,weekly,19a06c0099463ece1af1e81c43faa84c2e284a5f15cc82bab5e6d0bb2c31fe33,observed_source_value,86c30a295cc75dd51161,-0.01091703056768556,-0.010977058631150907,DOWN,458.0,370.0,0.23783783783783785,6.0,427.0,0.22164656241546382,2019-07-23,-0.15011037527593818,-0.16264879119524978,DOWN,8.0,2.1399999999999864,0.9952981500197742,1,TRAIN
2019-07-23,National,black_pepper,Grade 1,average,444.29,"Department of Export Agriculture, Sri Lanka - Economic Research Unit",https://exagri.info/mkt/2019/23.07.2019.html,2019-07-23,2026-10-07,Sri Lanka,LKR,kg,farm_gate,weekly,c371976ef1f7ae643bc1c7718e861a2eea44c9dfd6eab661e181db776ab384a3,observed_source_value,b70ef396ef93b2dfc0d6,-0.02383881882497685,-0.02412756155738046,DOWN,455.14,458.85,-0.00808543096872627,8.0,452.75999999999993,0.010908220042273233,2019-07-30,0.006752346440388024,0.006729651454818693,UP,7.0,59.29000000000002,0.8665511265164644,0,TRAIN
2019-07-23,National,black_pepper,Grade 2,average,385.0,"Department of Export Agriculture, Sri Lanka - Economic Research Unit",https://exagri.info/mkt/2019/23.07.2019.html,2019-07-23,2026-10-07,Sri Lanka,LKR,kg,farm_gate,weekly,c371976ef1f7ae643bc1c7718e861a2eea44c9dfd6eab661e181db776ab384a3,observed_source_value,b05b2841c3cb1ff4151e,-0.15011037527593818,-0.16264879119524978,DOWN,453.0,458.0,-0.01091703056768556,8.0,432.0,0.19653565741983958,2019-07-30,0.15974025974025974,0.1481960660287695,UP,7.0,59.29000000000002,0.8665511265164644,1,TRAIN
2019-07-30,National,black_pepper,Grade 1,average,447.29,"Department of Export Agriculture, Sri Lanka - Economic Research Unit",https://exagri.info/mkt/2019/30.07.2019.html,2019-07-30,2026-10-07,Sri Lanka,LKR,kg,farm_gate,weekly,88d7c0a40f6536ad4c5eb00f7a94dc9f89c4b087439f46234a745fe74f7ec7d6,observed_source_value,244acc29c4b7f4ae91d6,0.006752346440388024,0.006729651454818693,UP,444.29,455.14,-0.02383881882497685,7.0,448.9066666666666,0.01529786618935712,2019-08-06,0.007489548167855187,0.007461640757947662,UP,7.0,0.7900000000000205,0.9982338080439983,0,TRAIN
2019-07-30,National,black_pepper,Grade 2,average,446.5,"Department of Export Agriculture, Sri Lanka - Economic Research Unit",https://exagri.info/mkt/2019/30.07.2019.html,2019-07-30,2026-10-07,Sri Lanka,LKR,kg,farm_gate,weekly,88d7c0a40f6536ad4c5eb00f7a94dc9f89c4b087439f46234a745fe74f7ec7d6,observed_source_value,ce7047f7e4b561f0ea6e,0.15974025974025974,0.1481960660287695,UP,385.0,453.0,-0.15011037527593818,7.0,428.1666666666667,0.15519134102040058,2019-08-06,-0.06680851063829785,-0.06914485872031642,DOWN,7.0,0.7900000000000205,0.9982338080439983,1,TRAIN
2019-08-06,National,black_pepper,Grade 1,average,450.64,"Department of Export Agriculture, Sri Lanka - Economic Research Unit",https://exagri.info/mkt/2019/06.08.2019.html,2019-08-06,2026-10-07,Sri Lanka,LKR,kg,farm_gate,weekly,66dc45ebbebbcd08de0815d8bd34c03428ceb25ed49c6dbd7095d8f5bb71a2a2,observed_source_value,7bf5fa2bddfe077884d4,0.007489548167855187,0.007461640757947662,UP,447.29,444.29,0.006752346440388024,7.0,447.4066666666666,0.01787842944778949,2019-08-13,-0.021081129060891213,-0.02130650920201671,DOWN,7.0,33.96999999999997,0.924618320610687,0,TRAIN
2019-08-06,National,black_pepper,Grade 2,average,416.67,"Department of Export Agriculture, Sri Lanka - Economic Research Unit",https://exagri.info/mkt/2019/06.08.2019.html,2019-08-06,2026-10-07,Sri Lanka,LKR,kg,farm_gate,weekly,66dc45ebbebbcd08de0815d8bd34c03428ceb25ed49c6dbd7095d8f5bb71a2a2,observed_source_value,dc1f9d068d7e83ac0984,-0.06680851063829785,-0.06914485872031642,DOWN,446.5,385.0,0.15974025974025974,7.0,416.0566666666667,0.16034907859213757,2019-08-13,0.06439148486812107,0.06240326015339691,UP,7.0,33.96999999999997,0.924618320610687,1,TRAIN
2019-08-13,National,black_pepper,Grade 1,average,441.14,"Department of Export Agriculture, Sri Lanka - Economic Research Unit",https://exagri.info/mkt/2019/13.08.2019.html,2019-08-13,2026-10-07,Sri Lanka,LKR,kg,farm_gate,weekly,66fc195a3b62aba8bf7d5ec051600d36ad223ed004e874596ae59a28892b1c80,observed_source_value,c9cf79b3f600367513cb,-0.021081129060891213,-0.02130650920201671,DOWN,450.64,447.29,0.007489548167855187,7.0,446.35666666666657,0.016286648019040038,2019-08-20,0.01230901754545033,0.012233877560222357,UP,7.0,-2.3600000000000136,1.005349775581448,0,TRAIN
2019-08-13,National,black_pepper,Grade 2,average,443.5,"Department of Export Agriculture, Sri Lanka - Economic Research Unit",https://exagri.info/mkt/2019/13.08.2019.html,2019-08-13,2026-10-07,Sri Lanka,LKR,kg,farm_gate,weekly,66fc195a3b62aba8bf7d5ec051600d36ad223ed004e874596ae59a28892b1c80,observed_source_value,dde6cf608d8d50c85257,0.06439148486812107,0.06240326015339691,UP,416.67,446.5,-0.06680851063829785,7.0,435.5566666666667,0.11374618898417234,2019-08-20,-0.13941375422773394,-0.1501414408430876,DOWN,7.0,-2.3600000000000136,1.005349775581448,1,TRAIN
2019-08-20,National,black_pepper,Grade 1,average,446.57,"Department of Export Agriculture, Sri Lanka - Economic Research Unit",https://exagri.info/mkt/2019/20.08.2019.html,2019-08-20,2026-10-07,Sri Lanka,LKR,kg,farm_gate,weekly,520b676cfc058e1cd4a4407829832a36ecd36c9a4e34d64bd97530881ef6f5d1,observed_source_value,40908087858cbe284f7c,0.01230901754545033,0.012233877560222357,UP,441.14,450.64,-0.021081129060891213,7.0,446.11666666666656,0.01804814289977352,2019-08-27,-0.006874622119712459,-0.006898361195030106,DOWN,7.0,64.89999999999998,0.8546700405311598,0,TRAIN
2019-08-20,National,black_pepper,Grade 2,average,381.67,"Department of Export Agriculture, Sri Lanka - Economic Research Unit",https://exagri.info/mkt/2019/20.08.2019.html,2019-08-20,2026-10-07,Sri Lanka,LKR,kg,farm_gate,weekly,520b676cfc058e1cd4a4407829832a36ecd36c9a4e34d64bd97530881ef6f5d1,observed_source_value,b73f643bd4ac973830aa,-0.13941375422773394,-0.1501414408430876,DOWN,443.5,416.67,0.06439148486812107,7.0,413.9466666666667,0.10329693098093808,2019-08-27,0.028820708989441224,0.028413203565191097,UP,7.0,64.89999999999998,0.8546700405311598,1,TRAIN
2019-08-27,National,black_pepper,Grade 1,average,443.5,"Department of Export Agriculture, Sri Lanka - Economic Research Unit",https://exagri.info/mkt/2019/27.08.2019.html,2019-08-27,2026-10-07,Sri Lanka,LKR,kg,farm_gate,weekly,ef6b14dbd62bea9478dc68ec78cb717864ac7a21df52125219805e1160c749bc,observed_source_value,de4ef89e018dee1ba01b,-0.006874622119712459,-0.006898361195030106,DOWN,446.57,441.14,0.01230901754545033,7.0,443.7366666666666,0.016756783505323312,2019-09-03,-0.0040360766629087275,-0.0040442436026601174,DOWN,7.0,50.829999999999984,0.8853889515219843,0,TRAIN
2019-08-27,National,black_pepper,Grade 2,average,392.67,"Department of Export Agriculture, Sri Lanka - Economic Research Unit",https://exagri.info/mkt/2019/27.08.2019.html,2019-08-27,2026-10-07,Sri Lanka,LKR,kg,farm_gate,weekly,ef6b14dbd62bea9478dc68ec78cb717864ac7a21df52125219805e1160c749bc,observed_source_value,24863e4eca8fecbdd14e,0.028820708989441224,0.028413203565191097,UP,381.67,443.5,-0.13941375422773394,7.0,405.94666666666666,0.10886129568821414,2019-09-03,-0.0025466676853337367,-0.002549915959505375,DOWN,7.0,50.829999999999984,0.8853889515219843,1,TRAIN
2019-09-03,National,black_pepper,Grade 1,average,441.71,"Department of Export Agriculture, Sri Lanka - Economic Research Unit",https://exagri.info/mkt/2019/03.09.2019.html,2019-09-03,2026-10-07,Sri Lanka,LKR,kg,farm_gate,weekly,64503949e556ffc20181b54b609539aa62fc96214532e3ca69ccf5a376dd7a7d,observed_source_value,70de4dc23b9444042b9e,-0.0040360766629087275,-0.0040442436026601174,DOWN,443.5,446.57,-0.006874622119712459,7.0,443.92666666666656,0.010353996618000431,2019-09-10,-0.01616445178963566,-0.016296521699432014,DOWN,7.0,50.039999999999964,0.8867130017432253,0,TRAIN
2019-09-03,National,black_pepper,Grade 2,average,391.67,"Department of Export Agriculture, Sri Lanka - Economic Research Unit",https://exagri.info/mkt/2019/03.09.2019.html,2019-09-03,2026-10-07,Sri Lanka,LKR,kg,farm_gate,weekly,64503949e556ffc20181b54b609539aa62fc96214532e3ca69ccf5a376dd7a7d,observed_source_value,8d98c6abc463ea836451,-0.0025466676853337367,-0.002549915959505375,DOWN,392.67,381.67,0.028820708989441224,7.0,388.67,0.08946074214614376,2019-09-10,-0.02384660556080387,-0.02413553848479198,DOWN,7.0,50.039999999999964,0.8867130017432253,1,TRAIN
2019-09-10,National,black_pepper,Grade 1,average,434.57,"Department of Export Agriculture, Sri Lanka - Economic Research Unit",https://exagri.info/mkt/2019/10.09.2019.html,2019-09-10,2026-10-07,Sri Lanka,LKR,kg,farm_gate,weekly,2f813223777d0952c35d23385ad4c81246820dadd4a13f395c117e4744975c80,observed_source_value,64199303ee7210661cdc,-0.01616445178963566,-0.016296521699432014,DOWN,441.71,443.5,-0.0040360766629087275,7.0,439.92666666666656,0.006343707628052081,2019-09-17,-0.0016337989276755671,-0.001635135032626471,DOWN,7.0,52.24000000000001,0.8797892169270773,0,TRAIN
2019-09-10,National,black_pepper,Grade 2,average,382.33,"Department of Export Agriculture, Sri Lanka - Economic Research Unit",https://exagri.info/mkt/2019/10.09.2019.html,2019-09-10,2026-10-07,Sri Lanka,LKR,kg,farm_gate,weekly,2f813223777d0952c35d23385ad4c81246820dadd4a13f395c117e4744975c80,observed_source_value,d6becac9e8cdd154425c,-0.02384660556080387,-0.02413553848479198,DOWN,391.67,392.67,-0.0025466676853337367,7.0,388.89000000000004,0.02649353913343883,2019-09-17,0.05275547302068895,0.05141098683117768,UP,7.0,52.24000000000001,0.8797892169270773,1,TRAIN
2019-09-17,National,black_pepper,Grade 1,average,433.86,"Department of Export Agriculture, Sri Lanka - Economic Research Unit",https://exagri.info/mkt/2019/17.09.2019.html,2019-09-17,2026-10-07,Sri Lanka,LKR,kg,farm_gate,weekly,ba6adc83f3a3acdde818fed7654ec0f14e0b512a82f349145774af0b4e6868eb,observed_source_value,2b0923332cbd33ec1689,-0.0016337989276755671,-0.001635135032626471,DOWN,434.57,441.71,-0.01616445178963566,7.0,436.7133333333333,0.007788969702156773,2019-09-24,-0.006107961093440362,-0.006126690994417779,DOWN,7.0,31.360000000000014,0.9277186189093256,0,TRAIN
2019-09-17,National,black_pepper,Grade 2,average,402.5,"Department of Export Agriculture, Sri Lanka - Economic Research Unit",https://exagri.info/mkt/2019/17.09.2019.html,2019-09-17,2026-10-07,Sri Lanka,LKR,kg,farm_gate,weekly,ba6adc83f3a3acdde818fed7654ec0f14e0b512a82f349145774af0b4e6868eb,observed_source_value,66d1a62d8bd3fb47a2e6,0.05275547302068895,0.05141098683117768,UP,382.33,391.67,-0.02384660556080387,7.0,392.1666666666667,0.03953878383556367,2019-09-24,0.006211180124223503,0.00619197024792098,UP,7.0,31.360000000000014,0.9277186189093256,1,TRAIN
2019-09-24,National,black_pepper,Grade 1,average,431.21,"Department of Export Agriculture, Sri Lanka - Economic Research Unit",https://exagri.info/mkt/2019/24.09.2019.html,2019-09-24,2026-10-07,Sri Lanka,LKR,kg,farm_gate,weekly,f4043875245c77982c7a85bce6f4c34950dd08ecb6507ff22bf5a1b399755fbb,observed_source_value,0eed34cc323784a360ea,-0.006107961093440362,-0.006126690994417779,DOWN,433.86,434.57,-0.0016337989276755671,7.0,433.2133333333333,0.007441897213335622,2019-10-01,0.012267804549987327,0.01219316485915919,UP,7.0,26.20999999999998,0.9392175506133903,0,TRAIN
2019-09-24,National,black_pepper,Grade 2,average,405.0,"Department of Export Agriculture, Sri Lanka - Economic Research Unit",https://exagri.info/mkt/2019/24.09.2019.html,2019-09-24,2026-10-07,Sri Lanka,LKR,kg,farm_gate,weekly,f4043875245c77982c7a85bce6f4c34950dd08ecb6507ff22bf5a1b399755fbb,observed_source_value,b0fb3b6c78e147737c1b,0.006211180124223503,0.00619197024792098,UP,402.5,382.33,0.05275547302068895,7.0,396.60999999999996,0.038595595872508486,2019-10-01,-0.012345679012345734,-0.012422519998557209,DOWN,7.0,26.20999999999998,0.9392175506133903,1,TRAIN
2019-10-01,National,black_pepper,Grade 1,average,436.5,"Department of Export Agriculture, Sri Lanka - Economic Research Unit",https://exagri.info/mkt/2019/01.10.2019.html,2019-10-01,2026-10-07,Sri Lanka,LKR,kg,farm_gate,weekly,79fc7f25b886fee4d3f0d5a9b328039b008d65889f19f3c332105b2221d37e8f,observed_source_value,981adb09e3719f97e021,0.012267804549987327,0.01219316485915919,UP,431.21,433.86,-0.006107961093440362,7.0,433.85666666666657,0.009582462012430251,2019-10-08,0.06462772050400911,0.06262517983947721,UP,7.0,36.5,0.9163802978235968,0,TRAIN
2019-10-01,National,black_pepper,Grade 2,average,400.0,"Department of Export Agriculture, Sri Lanka - Economic Research Unit",https://exagri.info/mkt/2019/01.10.2019.html,2019-10-01,2026-10-07,Sri Lanka,LKR,kg,farm_gate,weekly,79fc7f25b886fee4d3f0d5a9b328039b008d65889f19f3c332105b2221d37e8f,observed_source_value,734e6d7cc4fb5d610692,-0.012345679012345734,-0.012422519998557209,DOWN,405.0,402.5,0.006211180124223503,7.0,402.5,0.033538257304841425,2019-10-08,0.09499999999999997,0.09075436326846412,UP,7.0,36.5,0.9163802978235968,1,TRAIN
2019-10-08,National,black_pepper,Grade 1,average,464.71,"Department of Export Agriculture, Sri Lanka - Economic Research Unit",https://exagri.info/mkt/2019/08.10.2019.html,2019-10-08,2026-10-07,Sri Lanka,LKR,kg,farm_gate,weekly,49b29a81ab59dbf2691535a4e1cf084ca0e4f7c623a79562d9ecfe452e11efe6,observed_source_value,651150a26fd49c711fe7,0.06462772050400911,0.06262517983947721,UP,436.5,431.21,0.012267804549987327,7.0,444.1399999999999,0.036703238305700554,2019-10-15,0.018140345591874496,0.017977772665127144,UP,7.0,26.70999999999998,0.9425232940973941,0,TRAIN
2019-10-08,National,black_pepper,Grade 2,average,438.0,"Department of Export Agriculture, Sri Lanka - Economic Research Unit",https://exagri.info/mkt/2019/08.10.2019.html,2019-10-08,2026-10-07,Sri Lanka,LKR,kg,farm_gate,weekly,49b29a81ab59dbf2691535a4e1cf084ca0e4f7c623a79562d9ecfe452e11efe6,observed_source_value,02c579773f936e02d234,0.09499999999999997,0.09075436326846412,UP,400.0,405.0,-0.012345679012345734,7.0,414.3333333333333,0.05737436471481096,2019-10-15,-0.03349315068493153,-0.03406689363866714,DOWN,7.0,26.70999999999998,0.9425232940973941,1,TRAIN
2019-10-15,National,black_pepper,Grade 1,average,473.14,"Department of Export Agriculture, Sri Lanka - Economic Research Unit",https://exagri.info/mkt/2019/15.10.2019.html,2019-10-15,2026-10-07,Sri Lanka,LKR,kg,farm_gate,weekly,c29747d04be6593e7a26e6da6bbf697ce1ac90377c59f93022ab8fff4731786d,observed_source_value,165a51a3f4cc5a3f79e2,0.018140345591874496,0.017977772665127144,UP,464.71,436.5,0.06462772050400911,7.0,458.11666666666656,0.028685430573789993,2019-10-22,0.018725958490087624,0.01855278626633912,UP,7.0,49.81,0.8947246058249144,0,TRAIN
2019-10-15,National,black_pepper,Grade 2,average,423.33,"Department of Export Agriculture, Sri Lanka - Economic Research Unit",https://exagri.info/mkt/2019/15.10.2019.html,2019-10-15,2026-10-07,Sri Lanka,LKR,kg,farm_gate,weekly,c29747d04be6593e7a26e6da6bbf697ce1ac90377c59f93022ab8fff4731786d,observed_source_value,b2ec2a1fbd077670cf96,-0.03349315068493153,-0.03406689363866714,DOWN,438.0,400.0,0.09499999999999997,7.0,420.4433333333333,0.06889702477091524,2019-10-22,0.06418160772919479,0.06220606031061366,UP,7.0,49.81,0.8947246058249144,1,TRAIN
2019-10-22,National,black_pepper,Grade 1,average,482.0,"Department of Export Agriculture, Sri Lanka - Economic Research Unit",https://exagri.info/mkt/2019/22.10.2019.html,2019-10-22,2026-10-07,Sri Lanka,LKR,kg,farm_gate,weekly,9e6d374c38b9e899a56b9599ec45f72298365c0785a666b684416db4d482fafe,observed_source_value,43c8e0c57f31c398b0b8,0.018725958490087624,0.01855278626633912,UP,473.14,464.71,0.018140345591874496,7.0,473.28333333333325,0.026672053803780963,2019-10-29,0.019564315352697204,0.019375394234049468,UP,7.0,31.5,0.9346473029045643,0,TRAIN
2019-10-22,National,black_pepper,Grade 2,average,450.5,"Department of Export Agriculture, Sri Lanka - Economic Research Unit",https://exagri.info/mkt/2019/22.10.2019.html,2019-10-22,2026-10-07,Sri Lanka,LKR,kg,farm_gate,weekly,9e6d374c38b9e899a56b9599ec45f72298365c0785a666b684416db4d482fafe,observed_source_value,c3ad4a6c1daab02c6483,0.06418160772919479,0.06220606031061366,UP,423.33,438.0,-0.03349315068493153,7.0,437.27666666666664,0.06708281139302803,2019-10-29,-0.12541620421753608,-0.1340071677504588,DOWN,7.0,31.5,0.9346473029045643,1,TRAIN
2019-10-29,National,black_pepper,Grade 1,average,491.43,"Department of Export Agriculture, Sri Lanka - Economic Research Unit",https://exagri.info/mkt/2019/29.10.2019.html,2019-10-29,2026-10-07,Sri Lanka,LKR,kg,farm_gate,weekly,6712fac8af4321c0463f35d1e5321c510e27a6802a5f79c201c2d1ce8027920c,observed_source_value,7c6eb911cdd9177d3de0,0.019564315352697204,0.019375394234049468,UP,482.0,473.14,0.018725958490087624,7.0,482.1899999999999,0.0007157134640211548,2019-11-05,0.006104633416763372,0.006086075629548718,UP,7.0,97.43,0.8017418554015832,0,TRAIN
2019-10-29,National,black_pepper,Grade 2,average,394.0,"Department of Export Agriculture, Sri Lanka - Economic Research Unit",https://exagri.info/mkt/2019/29.10.2019.html,2019-10-29,2026-10-07,Sri Lanka,LKR,kg,farm_gate,weekly,6712fac8af4321c0463f35d1e5321c510e27a6802a5f79c201c2d1ce8027920c,observed_source_value,9b763636b1eaaf06158f,-0.12541620421753608,-0.1340071677504588,DOWN,450.5,423.33,0.06418160772919479,7.0,422.60999999999996,0.09481344533433687,2019-11-05,0.015228426395939021,0.015113637810048106,UP,7.0,97.43,0.8017418554015832,1,TRAIN
2019-11-05,National,black_pepper,Grade 1,average,494.43,"Department of Export Agriculture, Sri Lanka - Economic Research Unit",https://exagri.info/mkt/2019/05.11.2019.html,2019-11-05,2026-10-07,Sri Lanka,LKR,kg,farm_gate,weekly,d30327e5fc5f4f7d6bd3191c7bb554e1b04c87e6fd8f8fc5c2a7bb49d380cd8e,observed_source_value,5c5c943f3e2e4d4aba75,0.006104633416763372,0.006086075629548718,UP,491.43,482.0,0.019564315352697204,7.0,489.28666666666663,0.007540598193028427,2019-11-11,0.054021802884129055,0.05261313575354116,UP,6.0,94.43,0.8090123981150011,0,TRAIN
2019-11-05,National,black_pepper,Grade 2,average,400.0,"Department of Export Agriculture, Sri Lanka - Economic Research Unit",https://exagri.info/mkt/2019/05.11.2019.html,2019-11-05,2026-10-07,Sri Lanka,LKR,kg,farm_gate,weekly,d30327e5fc5f4f7d6bd3191c7bb554e1b04c87e6fd8f8fc5c2a7bb49d380cd8e,observed_source_value,b2f799a8d851668609b7,0.015228426395939021,0.015113637810048106,UP,394.0,450.5,-0.12541620421753608,7.0,414.8333333333333,0.09842480749116317,2019-11-11,0.07125000000000004,0.06882619092985252,UP,6.0,94.43,0.8090123981150011,1,TRAIN
2019-11-11,National,black_pepper,Grade 1,average,521.14,"Department of Export Agriculture, Sri Lanka - Economic Research Unit",https://exagri.info/mkt/2019/11.11.2019.html,2019-11-11,2026-10-07,Sri Lanka,LKR,kg,farm_gate,weekly,49a8945bf7ad52e1310a057822a19ba2a395081dd3dd56554383f9da9f966349,observed_source_value,c16805dbc7611fd529be,0.054021802884129055,0.05261313575354116,UP,494.43,491.43,0.006104633416763372,6.0,502.33333333333326,0.024713480176345195,2019-11-19,0.06593237901523596,0.06384988941194518,UP,8.0,92.63999999999999,0.8222358675212036,0,TRAIN
2019-11-11,National,black_pepper,Grade 2,average,428.5,"Department of Export Agriculture, Sri Lanka - Economic Research Unit",https://exagri.info/mkt/2019/11.11.2019.html,2019-11-11,2026-10-07,Sri Lanka,LKR,kg,farm_gate,weekly,49a8945bf7ad52e1310a057822a19ba2a395081dd3dd56554383f9da9f966349,observed_source_value,f1145779ab1704d27739,0.07125000000000004,0.06882619092985252,UP,400.0,394.0,0.015228426395939021,6.0,407.5,0.10132203175256725,2019-11-19,0.07584597432905493,0.07310730495881412,UP,8.0,92.63999999999999,0.8222358675212036,1,TRAIN
2019-11-19,National,black_pepper,Grade 1,average,555.5,"Department of Export Agriculture, Sri Lanka - Economic Research Unit",https://exagri.info/mkt/2019/19.11.2019.html,2019-11-19,2026-10-07,Sri Lanka,LKR,kg,farm_gate,weekly,844cfd23c408f138be60f72a8477945d4dd1343f21537cfb77901ab6617241c0,observed_source_value,5f2969d090864678851b,0.06593237901523596,0.06384988941194518,UP,521.14,494.43,0.054021802884129055,8.0,523.6899999999999,0.03166827038992081,2019-11-26,0.14963096309630974,0.13944098921982173,UP,7.0,94.5,0.8298829882988299,0,TRAIN
2019-11-19,National,black_pepper,Grade 2,average,461.0,"Department of Export Agriculture, Sri Lanka - Economic Research Unit",https://exagri.info/mkt/2019/19.11.2019.html,2019-11-19,2026-10-07,Sri Lanka,LKR,kg,farm_gate,weekly,844cfd23c408f138be60f72a8477945d4dd1343f21537cfb77901ab6617241c0,observed_source_value,f20fd1da9265b258f125,0.07584597432905493,0.07310730495881412,UP,428.5,400.0,0.07125000000000004,8.0,429.8333333333333,0.03374914025209114,2019-11-26,0.08459869848156187,0.08121005542554327,UP,7.0,94.5,0.8298829882988299,1,TRAIN
2019-11-26,National,black_pepper,Grade 1,average,638.62,"Department of Export Agriculture, Sri Lanka - Economic Research Unit",https://exagri.info/mkt/2019/26.11.2019.html,2019-11-26,2026-10-07,Sri Lanka,LKR,kg,farm_gate,weekly,2e9eeb787a800d18941d9960e5c16894ce98b83c0f7df6f92f6b8e1e7e6aea4f,observed_source_value,da274078a8af52088702,0.14963096309630974,0.13944098921982173,UP,555.5,521.14,0.06593237901523596,7.0,571.7533333333332,0.052103145006531744,2019-12-03,0.08526197112523892,0.08182140589023038,UP,7.0,138.62,0.7829382105164261,0,TRAIN
2019-11-26,National,black_pepper,Grade 2,average,500.0,"Department of Export Agriculture, Sri Lanka - Economic Research Unit",https://exagri.info/mkt/2019/26.11.2019.html,2019-11-26,2026-10-07,Sri Lanka,LKR,kg,farm_gate,weekly,2e9eeb787a800d18941d9960e5c16894ce98b83c0f7df6f92f6b8e1e7e6aea4f,observed_source_value,e2c026ec33a25712ec8b,0.08459869848156187,0.08121005542554327,UP,461.0,428.5,0.07584597432905493,7.0,463.1666666666667,0.006781358163802209,2019-12-03,0.31400000000000006,0.2730759200624188,UP,7.0,138.62,0.7829382105164261,1,TRAIN
2019-12-03,National,black_pepper,Grade 1,average,693.07,"Department of Export Agriculture, Sri Lanka - Economic Research Unit",https://exagri.info/mkt/2019/03.12.2019.html,2019-12-03,2026-10-07,Sri Lanka,LKR,kg,farm_gate,weekly,a3d4ebff85a451b5d5d1c4ce76d3c746b1f89be541abfa8ed48d76a5dd67146d,observed_source_value,0c1ce4bc1e4100c7104c,0.08526197112523892,0.08182140589023038,UP,638.62,555.5,0.14963096309630974,7.0,629.0633333333333,0.0438224699510947,2019-12-09,0.00845513440200829,0.008419589967905875,UP,6.0,36.07000000000005,0.9479561949009478,0,TRAIN
2019-12-03,National,black_pepper,Grade 2,average,657.0,"Department of Export Agriculture, Sri Lanka - Economic Research Unit",https://exagri.info/mkt/2019/03.12.2019.html,2019-12-03,2026-10-07,Sri Lanka,LKR,kg,farm_gate,weekly,a3d4ebff85a451b5d5d1c4ce76d3c746b1f89be541abfa8ed48d76a5dd67146d,observed_source_value,9f868699ccd6aecee830,0.31400000000000006,0.2730759200624188,UP,500.0,461.0,0.08459869848156187,7.0,539.3333333333334,0.1350425286479042,2019-12-09,0.015220700152207112,0.015106027431013315,UP,6.0,36.07000000000005,0.9479561949009478,1,TRAIN
2019-12-09,National,black_pepper,Grade 1,average,698.93,"Department of Export Agriculture, Sri Lanka - Economic Research Unit",https://exagri.info/mkt/2019/09.12.2019.html,2019-12-09,2026-10-07,Sri Lanka,LKR,kg,farm_gate,weekly,7e8fe02025fd52055cb6a0b15d46b6a12d744360c55114813bf0c7a938682fbb,observed_source_value,bf1010be18701b6e16d5,0.00845513440200829,0.008419589967905875,UP,693.07,638.62,0.08526197112523892,6.0,676.8733333333333,0.07067917173435145,2019-12-17,-0.009199776801682491,-0.009242356096148981,DOWN,8.0,31.92999999999995,0.9543158828494986,0,TRAIN
2019-12-09,National,black_pepper,Grade 2,average,667.0,"Department of Export Agriculture, Sri Lanka - Economic Research Unit",https://exagri.info/mkt/2019/09.12.2019.html,2019-12-09,2026-10-07,Sri Lanka,LKR,kg,farm_gate,weekly,7e8fe02025fd52055cb6a0b15d46b6a12d744360c55114813bf0c7a938682fbb,observed_source_value,a6f158e993d0fea63fdb,0.015220700152207112,0.015106027431013315,UP,657.0,500.0,0.31400000000000006,6.0,608.0,0.15636886615099058,2019-12-17,-0.16941529235382313,-0.18562535916833997,DOWN,8.0,31.92999999999995,0.9543158828494986,1,TRAIN
2019-12-17,National,black_pepper,Grade 1,average,692.5,"Department of Export Agriculture, Sri Lanka - Economic Research Unit",https://exagri.info/mkt/2019/17.12.2019.html,2019-12-17,2026-10-07,Sri Lanka,LKR,kg,farm_gate,weekly,8cf5c707b553cb7f05ba39f487afb385e1f0dce7f64fcd624d137dc3c5f38ddd,observed_source_value,4cd46d23902e1b21d97f,-0.009199776801682491,-0.009242356096148981,DOWN,698.93,693.07,0.00845513440200829,8.0,694.8333333333334,0.05022284984355325,2019-12-23,-0.02763898916967511,-0.028028133158172926,DOWN,6.0,138.5,0.8,0,TRAIN
2019-12-17,National,black_pepper,Grade 2,average,554.0,"Department of Export Agriculture, Sri Lanka - Economic Research Unit",https://exagri.info/mkt/2019/17.12.2019.html,2019-12-17,2026-10-07,Sri Lanka,LKR,kg,farm_gate,weekly,8cf5c707b553cb7f05ba39f487afb385e1f0dce7f64fcd624d137dc3c5f38ddd,observed_source_value,5bafad1ce2d294c2b027,-0.16941529235382313,-0.18562535916833997,DOWN,667.0,657.0,0.015220700152207112,8.0,626.0,0.24394325317846513,2019-12-23,0.17509025270758127,0.16134495546128547,UP,6.0,138.5,0.8,1,TRAIN
2019-12-23,National,black_pepper,Grade 1,average,673.36,"Department of Export Agriculture, Sri Lanka - Economic Research Unit",https://exagri.info/mkt/2019/23.12.2019.html,2019-12-23,2026-10-07,Sri Lanka,LKR,kg,farm_gate,weekly,d23250d325c19ff8193308ea7d94470ea53799838406311230e2809d938367c4,observed_source_value,032835534fa87fb43197,-0.02763898916967511,-0.028028133158172926,DOWN,692.5,698.93,-0.009199776801682491,6.0,688.2633333333333,0.01804848192494407,2019-12-31,-0.028320660567898392,-0.02872942665351539,DOWN,8.0,22.360000000000014,0.966793394321017,0,TRAIN
2019-12-23,National,black_pepper,Grade 2,average,651.0,"Department of Export Agriculture, Sri Lanka - Economic Research Unit",https://exagri.info/mkt/2019/23.12.2019.html,2019-12-23,2026-10-07,Sri Lanka,LKR,kg,farm_gate,weekly,d23250d325c19ff8193308ea7d94470ea53799838406311230e2809d938367c4,observed_source_value,7ef5bf071391e59db84a,0.17509025270758127,0.16134495546128547,UP,554.0,667.0,-0.16941529235382313,6.0,624.0,0.17240107991782688,2019-12-31,-0.03533026113671278,-0.0359694757403706,DOWN,8.0,22.360000000000014,0.966793394321017,1,TRAIN
2019-12-31,National,black_pepper,Grade 1,average,654.29,"Department of Export Agriculture, Sri Lanka - Economic Research Unit",https://exagri.info/mkt/2019/31.12.2019.html,2019-12-31,2026-10-07,Sri Lanka,LKR,kg,farm_gate,weekly,86c00bba084305d54f04703da9d6a5c560316a8be52e2eeb983c70dda0ea89de,observed_source_value,6796d412cc5fc45f60a1,-0.028320660567898392,-0.02872942665351539,DOWN,673.36,692.5,-0.02763898916967511,8.0,673.3833333333333,0.010848021514300277,2020-01-07,-0.04138837518531524,-0.042269265463158366,DOWN,7.0,26.289999999999964,0.9598190404866345,0,TRAIN
2019-12-31,National,black_pepper,Grade 2,average,628.0,"Department of Export Agriculture, Sri Lanka - Economic Research Unit",https://exagri.info/mkt/2019/31.12.2019.html,2019-12-31,2026-10-07,Sri Lanka,LKR,kg,farm_gate,weekly,86c00bba084305d54f04703da9d6a5c560316a8be52e2eeb983c70dda0ea89de,observed_source_value,3e85007800fb3f9f4291,-0.03533026113671278,-0.0359694757403706,DOWN,651.0,554.0,0.17509025270758127,8.0,611.0,0.17365658583396013,2020-01-07,-0.02070063694267521,-0.020917898661680857,DOWN,7.0,26.289999999999964,0.9598190404866345,1,TRAIN
2020-01-07,National,black_pepper,Grade 1,average,627.21,"Department of Export Agriculture, Sri Lanka - Economic Research Unit",https://exagri.info/mkt/2020/07.01.2020.html,2020-01-07,2026-10-07,Sri Lanka,LKR,kg,farm_gate,weekly,20134f5173590f8e000a269130b7356c019af6c75a8dc15564dad3b9dcc219de,observed_source_value,b6244eed01b87a32d064,-0.04138837518531524,-0.042269265463158366,DOWN,654.29,673.36,-0.028320660567898392,7.0,651.6199999999999,0.00774892957150197,2020-01-13,-0.04885126193778799,-0.050084826918367985,DOWN,6.0,12.210000000000036,0.9805328358922848,0,TRAIN
2020-01-07,National,black_pepper,Grade 2,average,615.0,"Department of Export Agriculture, Sri Lanka - Economic Research Unit",https://exagri.info/mkt/2020/07.01.2020.html,2020-01-07,2026-10-07,Sri Lanka,LKR,kg,farm_gate,weekly,20134f5173590f8e000a269130b7356c019af6c75a8dc15564dad3b9dcc219de,observed_source_value,5721cd5b236d83ff4c1a,-0.02070063694267521,-0.020917898661680857,DOWN,628.0,651.0,-0.03533026113671278,7.0,631.3333333333334,0.11749105712109484,2020-01-13,-0.024390243902439046,-0.02469261259037152,DOWN,6.0,12.210000000000036,0.9805328358922848,1,TRAIN
2020-01-13,National,black_pepper,Grade 1,average,596.57,"Department of Export Agriculture, Sri Lanka - Economic Research Unit",https://exagri.info/mkt/2020/13.01.2020.html,2020-01-13,2026-10-07,Sri Lanka,LKR,kg,farm_gate,weekly,154efcd02e919c0287ed4ee37ee146c861ae04540584d0501cc8aca9fa4fed20,observed_source_value,2377c37d7f107c816cd1,-0.04885126193778799,-0.050084826918367985,DOWN,627.21,654.29,-0.04138837518531524,6.0,626.0233333333332,0.010392027686419805,2020-01-21,-0.065289907303418,-0.06751885905946753,DOWN,8.0,-3.42999999999995,1.00574953484084,0,TRAIN
2020-01-13,National,black_pepper,Grade 2,average,600.0,"Department of Export Agriculture, Sri Lanka - Economic Research Unit",https://exagri.info/mkt/2020/13.01.2020.html,2020-01-13,2026-10-07,Sri Lanka,LKR,kg,farm_gate,weekly,154efcd02e919c0287ed4ee37ee146c861ae04540584d0501cc8aca9fa4fed20,observed_source_value,f039ccca69f5371eff0b,-0.024390243902439046,-0.02469261259037152,DOWN,615.0,628.0,-0.02070063694267521,6.0,614.3333333333334,0.007608362511762524,2020-01-21,-0.09999999999999998,-0.10536051565782628,DOWN,8.0,-3.42999999999995,1.00574953484084,1,TRAIN
2020-01-21,National,black_pepper,Grade 1,average,557.62,"Department of Export Agriculture, Sri Lanka - Economic Research Unit",https://exagri.info/mkt/2020/21.01.2020.html,2020-01-21,2026-10-07,Sri Lanka,LKR,kg,farm_gate,weekly,12a4eaddc0941e696b8319963be39bcea24d8b09a77798d7518eb291febe5821,observed_source_value,6623e63808b14f7755ee,-0.065289907303418,-0.06751885905946753,DOWN,596.57,627.21,-0.04885126193778799,8.0,593.8,0.01222842983740469,2020-01-28,-0.04056525949571399,-0.04141097991280499,DOWN,7.0,17.620000000000005,0.9684014203220831,0,TRAIN
2020-01-21,National,black_pepper,Grade 2,average,540.0,"Department of Export Agriculture, Sri Lanka - Economic Research Unit",https://exagri.info/mkt/2020/21.01.2020.html,2020-01-21,2026-10-07,Sri Lanka,LKR,kg,farm_gate,weekly,12a4eaddc0941e696b8319963be39bcea24d8b09a77798d7518eb291febe5821,observed_source_value,dc6de05cbac80b73f6ce,-0.09999999999999998,-0.10536051565782628,DOWN,600.0,615.0,-0.024390243902439046,8.0,585.0,0.044756447204001536,2020-01-28,-0.031481481481481444,-0.03198767549339713,DOWN,7.0,17.620000000000005,0.9684014203220831,1,TRAIN
2020-01-28,National,black_pepper,Grade 1,average,535.0,"Department of Export Agriculture, Sri Lanka - Economic Research Unit",https://exagri.info/mkt/2020/28.01.2020.html,2020-01-28,2026-10-07,Sri Lanka,LKR,kg,farm_gate,weekly,58925a2a94e095ec512b584f38127170f12e6852fc227e19acb86c827f26ef0f,observed_source_value,d4d7b5e6584b04e1119e,-0.04056525949571399,-0.04141097991280499,DOWN,557.62,596.57,-0.065289907303418,7.0,563.0633333333333,0.012584349454395748,2020-02-03,-0.0010654205607477651,-0.0010659885246828709,DOWN,6.0,12.0,0.9775700934579439,0,TRAIN
2020-01-28,National,black_pepper,Grade 2,average,523.0,"Department of Export Agriculture, Sri Lanka - Economic Research Unit",https://exagri.info/mkt/2020/28.01.2020.html,2020-01-28,2026-10-07,Sri Lanka,LKR,kg,farm_gate,weekly,58925a2a94e095ec512b584f38127170f12e6852fc227e19acb86c827f26ef0f,observed_source_value,4aa57dfd574c64c0e2ac,-0.031481481481481444,-0.03198767549339713,DOWN,540.0,600.0,-0.09999999999999998,7.0,554.3333333333334,0.04175705179469194,2020-02-03,-0.1395793499043977,-0.15033388130055744,DOWN,6.0,12.0,0.9775700934579439,1,TRAIN
2020-02-03,National,black_pepper,Grade 1,average,534.43,"Department of Export Agriculture, Sri Lanka - Economic Research Unit",https://exagri.info/mkt/2020/03.02.2020.html,2020-02-03,2026-10-07,Sri Lanka,LKR,kg,farm_gate,weekly,6f223368c1dbc0fb484c9a8e22bb107fd6a41aa15e199bf76da4e7bf1f442f2a,observed_source_value,428299b1a2f714f80c6c,-0.0010654205607477651,-0.0010659885246828709,DOWN,535.0,557.62,-0.04056525949571399,6.0,542.3499999999999,0.032394264364911884,2020-02-11,-0.010160357764346983,-0.010212326513024318,DOWN,8.0,84.42999999999995,0.8420185992552814,0,TRAIN
2020-02-03,National,black_pepper,Grade 2,average,450.0,"Department of Export Agriculture, Sri Lanka - Economic Research Unit",https://exagri.info/mkt/2020/03.02.2020.html,2020-02-03,2026-10-07,Sri Lanka,LKR,kg,farm_gate,weekly,6f223368c1dbc0fb484c9a8e22bb107fd6a41aa15e199bf76da4e7bf1f442f2a,observed_source_value,eb9f8b0c3743fcd4a25c,-0.1395793499043977,-0.15033388130055744,DOWN,523.0,540.0,-0.031481481481481444,6.0,504.3333333333333,0.05469073882051899,2020-02-11,0.11111111111111116,0.10536051565782635,UP,8.0,84.42999999999995,0.8420185992552814,1,TRAIN
2020-02-11,National,black_pepper,Grade 1,average,529.0,"Department of Export Agriculture, Sri Lanka - Economic Research Unit",https://exagri.info/mkt/2020/11.02.2020.html,2020-02-11,2026-10-07,Sri Lanka,LKR,kg,farm_gate,weekly,201eea48575d923a4d79c07a695a42e94eb5a162a52ec0695fc0b90765d1f56e,observed_source_value,59c7c3ef778ccb8bb16b,-0.010160357764346983,-0.010212326513024318,DOWN,534.43,535.0,-0.0010654205607477651,8.0,532.81,0.02068579709172405,2020-02-18,0.006616257088846833,0.0065944657252807485,UP,7.0,29.0,0.945179584120983,0,TRAIN
2020-02-11,National,black_pepper,Grade 2,average,500.0,"Department of Export Agriculture, Sri Lanka - Economic Research Unit",https://exagri.info/mkt/2020/11.02.2020.html,2020-02-11,2026-10-07,Sri Lanka,LKR,kg,farm_gate,weekly,201eea48575d923a4d79c07a695a42e94eb5a162a52ec0695fc0b90765d1f56e,observed_source_value,e66c92a80509d6947d5b,0.11111111111111116,0.10536051565782635,UP,450.0,523.0,-0.1395793499043977,8.0,491.0,0.12574014465291994,2020-02-18,-0.09999999999999998,-0.10536051565782628,DOWN,7.0,29.0,0.945179584120983,1,TRAIN
2020-02-18,National,black_pepper,Grade 1,average,532.5,"Department of Export Agriculture, Sri Lanka - Economic Research Unit",https://exagri.info/mkt/2020/18.02.2020.html,2020-02-18,2026-10-07,Sri Lanka,LKR,kg,farm_gate,weekly,00bf2bc1711d60244a9c9e6031c4facf7d7bd67787080fbb16e32cdf7a613e9a,observed_source_value,a565e60de1d2cd7a9a6c,0.006616257088846833,0.0065944657252807485,UP,529.0,534.43,-0.010160357764346983,7.0,531.9766666666666,0.008398222631229833,2020-02-25,-0.000262910798122018,-0.0002629453652247451,DOWN,7.0,82.5,0.8450704225352113,0,TRAIN
2020-02-18,National,black_pepper,Grade 2,average,450.0,"Department of Export Agriculture, Sri Lanka - Economic Research Unit",https://exagri.info/mkt/2020/18.02.2020.html,2020-02-18,2026-10-07,Sri Lanka,LKR,kg,farm_gate,weekly,00bf2bc1711d60244a9c9e6031c4facf7d7bd67787080fbb16e32cdf7a613e9a,observed_source_value,ffd2e1fed2b21350fc18,-0.09999999999999998,-0.10536051565782628,DOWN,500.0,450.0,0.11111111111111116,7.0,466.6666666666667,0.13477149390579032,2020-02-25,0.11111111111111116,0.10536051565782635,UP,7.0,82.5,0.8450704225352113,1,TRAIN
2020-02-25,National,black_pepper,Grade 1,average,532.36,"Department of Export Agriculture, Sri Lanka - Economic Research Unit",https://exagri.info/mkt/2020/25.02.2020.html,2020-02-25,2026-10-07,Sri Lanka,LKR,kg,farm_gate,weekly,3ae1619b18739ebb1eb55f8b88edeac63f936092213473f8624dd30997b2a88d,observed_source_value,72b6426da31c00c54f2b,-0.000262910798122018,-0.0002629453652247451,DOWN,532.5,529.0,0.006616257088846833,7.0,531.2866666666666,0.008433437547434326,2020-03-03,0.004151326170260816,0.004142733189077746,UP,7.0,32.360000000000014,0.9392140656698474,0,TRAIN
2020-02-25,National,black_pepper,Grade 2,average,500.0,"Department of Export Agriculture, Sri Lanka - Economic Research Unit",https://exagri.info/mkt/2020/25.02.2020.html,2020-02-25,2026-10-07,Sri Lanka,LKR,kg,farm_gate,weekly,3ae1619b18739ebb1eb55f8b88edeac63f936092213473f8624dd30997b2a88d,observed_source_value,fb953e09b53bbbff4735,0.11111111111111116,0.10536051565782635,UP,450.0,500.0,-0.09999999999999998,7.0,483.3333333333333,0.12188505682892085,2020-03-03,0.0,0.0,FLAT,7.0,32.360000000000014,0.9392140656698474,1,TRAIN
2020-03-03,National,black_pepper,Grade 1,average,534.57,"Department of Export Agriculture, Sri Lanka - Economic Research Unit",https://exagri.info/mkt/2020/03.03.2020.html,2020-03-03,2026-10-07,Sri Lanka,LKR,kg,farm_gate,weekly,7afec1ada8ebca0fafbc1de15676a9b09b4df2a0b48fed447247d3d2ce28db84,observed_source_value,6f730e4f051db849772b,0.004151326170260816,0.004142733189077746,UP,532.36,532.5,-0.000262910798122018,7.0,533.1433333333333,0.003485310202924349,2020-03-10,-0.01657406887778967,-0.016712955506911976,DOWN,7.0,34.57000000000005,0.9353312007781954,0,TRAIN
2020-03-03,National,black_pepper,Grade 2,average,500.0,"Department of Export Agriculture, Sri Lanka - Economic Research Unit",https://exagri.info/mkt/2020/03.03.2020.html,2020-03-03,2026-10-07,Sri Lanka,LKR,kg,farm_gate,weekly,7afec1ada8ebca0fafbc1de15676a9b09b4df2a0b48fed447247d3d2ce28db84,observed_source_value,d61f4331f81ac18867c7,0.0,0.0,FLAT,500.0,450.0,0.11111111111111116,7.0,483.3333333333333,0.10560427725469063,2020-03-10,-0.020000000000000018,-0.020202707317519466,DOWN,7.0,34.57000000000005,0.9353312007781954,1,TRAIN
2020-03-10,National,black_pepper,Grade 1,average,525.71,"Department of Export Agriculture, Sri Lanka - Economic Research Unit",https://exagri.info/mkt/2020/10.03.2020.html,2020-03-10,2026-10-07,Sri Lanka,LKR,kg,farm_gate,weekly,450a003e84af3adc3d5485e7db1c4eb116ca35a524bb0bef84df2a3deda43748,observed_source_value,f71afd1962793ff22a0f,-0.01657406887778967,-0.016712955506911976,DOWN,534.57,532.36,0.004151326170260816,7.0,530.88,0.01091696970936233,2020-04-21,-0.049285727872781626,-0.05054171149966916,DOWN,42.0,35.710000000000036,0.9320728158109984,0,TRAIN
2020-03-10,National,black_pepper,Grade 2,average,490.0,"Department of Export Agriculture, Sri Lanka - Economic Research Unit",https://exagri.info/mkt/2020/10.03.2020.html,2020-03-10,2026-10-07,Sri Lanka,LKR,kg,farm_gate,weekly,450a003e84af3adc3d5485e7db1c4eb116ca35a524bb0bef84df2a3deda43748,observed_source_value,dfd662076ded161b703d,-0.020000000000000018,-0.020202707317519466,DOWN,500.0,500.0,0.0,7.0,496.6666666666667,0.07063498008439303,2020-04-28,-0.08163265306122447,-0.08515780834030683,DOWN,49.0,35.710000000000036,0.9320728158109984,1,TRAIN
2020-04-21,National,black_pepper,Grade 1,average,499.8,"Department of Export Agriculture, Sri Lanka - Economic Research Unit",https://exagri.info/mkt/2020/21.04.2020.html,2020-04-21,2026-10-07,Sri Lanka,LKR,kg,farm_gate,weekly,b34b4ab0c203ff83faba9b85b7ed3981a16e21986fd2a67eff7ed9f16a1c5332,observed_source_value,cb9cc22f4ff9c88e5ed8,-0.049285727872781626,-0.05054171149966916,DOWN,525.71,534.57,-0.01657406887778967,42.0,520.0266666666666,0.026941644898129783,2020-04-28,0.032232893157262854,0.03172431326336575,UP,7.0,,,0,TRAIN
2020-04-28,National,black_pepper,Grade 1,average,515.91,"Department of Export Agriculture, Sri Lanka - Economic Research Unit",https://exagri.info/mkt/2020/28.04.2020.html,2020-04-28,2026-10-07,Sri Lanka,LKR,kg,farm_gate,weekly,67c359eab583da819ef2c0aa3c839636cb8689e50cd1a5165111afcff4c1516e,observed_source_value,1144e3d2ea8539681917,0.032232893157262854,0.03172431326336575,UP,499.8,525.71,-0.049285727872781626,7.0,513.8066666666665,0.041023281503588124,2020-05-05,0.004748890310325438,0.004737649902995924,UP,7.0,65.90999999999997,0.8722451590393674,0,TRAIN
2020-04-28,National,black_pepper,Grade 2,average,450.0,"Department of Export Agriculture, Sri Lanka - Economic Research Unit",https://exagri.info/mkt/2020/28.04.2020.html,2020-04-28,2026-10-07,Sri Lanka,LKR,kg,farm_gate,weekly,67c359eab583da819ef2c0aa3c839636cb8689e50cd1a5165111afcff4c1516e,observed_source_value,75fccfb923e3074d88f7,-0.08163265306122447,-0.08515780834030683,DOWN,490.0,500.0,-0.020000000000000018,49.0,480.0,0.04254894038864606,2020-06-02,0.022222222222222143,0.021978906718775167,UP,35.0,65.90999999999997,0.8722451590393674,1,TRAIN
2020-05-05,National,black_pepper,Grade 1,average,518.36,"Department of Export Agriculture, Sri Lanka - Economic Research Unit",https://exagri.info/mkt/2020/05.05.2020.html,2020-05-05,2026-10-07,Sri Lanka,LKR,kg,farm_gate,weekly,f5eefc8367309bba89ad5f36a2e6ef699eb38359676264a255afa64d44b42a8a,observed_source_value,643becfe111a0ef5aba8,0.004748890310325438,0.004737649902995924,UP,515.91,499.8,0.032232893157262854,7.0,511.35666666666657,0.04147367829785688,2020-05-12,-0.00036654062813501476,-0.0003666078205707249,DOWN,7.0,,,0,TRAIN
2020-05-12,National,black_pepper,Grade 1,average,518.17,"Department of Export Agriculture, Sri Lanka - Economic Research Unit",https://exagri.info/mkt/2020/12.05.2020.html,2020-05-12,2026-10-07,Sri Lanka,LKR,kg,farm_gate,weekly,f004b8fdd16db219148f658d24226a4c61e0cdbd3e47b93edf7a058fd9f3e703,observed_source_value,68f00a209493a9ef9266,-0.00036654062813501476,-0.0003666078205707249,DOWN,518.36,515.91,0.004748890310325438,7.0,517.4799999999999,0.017532166291825208,2020-05-19,-0.008858096763610268,-0.008897562939073459,DOWN,7.0,,,0,TRAIN
2020-05-19,National,black_pepper,Grade 1,average,513.58,"Department of Export Agriculture, Sri Lanka - Economic Research Unit",https://exagri.info/mkt/2020/19.05.2020.html,2020-05-19,2026-10-07,Sri Lanka,LKR,kg,farm_gate,weekly,e6a096ca3dd7a74b36a2fab65e4bc7282774197fbbe69b9099ee0220a3042821,observed_source_value,35928a94f84e50099bb1,-0.008858096763610268,-0.008897562939073459,DOWN,518.17,518.36,-0.00036654062813501476,7.0,516.7033333333333,0.006872945226495538,2020-05-26,-0.009891350909303376,-0.00994059531895496,DOWN,7.0,,,0,TRAIN
2020-05-26,National,black_pepper,Grade 1,average,508.5,"Department of Export Agriculture, Sri Lanka - Economic Research Unit",https://exagri.info/mkt/2020/26.05.2020.html,2020-05-26,2026-10-07,Sri Lanka,LKR,kg,farm_gate,weekly,0197a9958f66f695a022361e2ac520669a5c01d71ea13c2b287d483e929ce5e2,observed_source_value,8c9d0bb0b2c004526dad,-0.009891350909303376,-0.00994059531895496,DOWN,513.58,518.17,-0.008858096763610268,7.0,513.4166666666665,0.005226473486393999,2020-06-02,-0.00857423795476897,-0.008611208212572202,DOWN,7.0,,,0,TRAIN
2020-06-02,National,black_pepper,Grade 1,average,504.14,"Department of Export Agriculture, Sri Lanka - Economic Research Unit",https://exagri.info/mkt/2020/02.06.2020.html,2020-06-02,2026-10-07,Sri Lanka,LKR,kg,farm_gate,weekly,54584fc713ddbed4102a7c49951f81caa3eda7c9664ed4e72e8026889877c7f1,observed_source_value,58d424e977c38675ed83,-0.00857423795476897,-0.008611208212572202,DOWN,508.5,513.58,-0.009891350909303376,7.0,508.73999999999995,0.0006931782464437885,2020-06-09,-0.0001388503193556767,-0.0001388599599536797,DOWN,7.0,44.139999999999986,0.9124449557662554,0,TRAIN
2020-06-02,National,black_pepper,Grade 2,average,460.0,"Department of Export Agriculture, Sri Lanka - Economic Research Unit",https://exagri.info/mkt/2020/02.06.2020.html,2020-06-02,2026-10-07,Sri Lanka,LKR,kg,farm_gate,weekly,54584fc713ddbed4102a7c49951f81caa3eda7c9664ed4e72e8026889877c7f1,observed_source_value,67d97926d3ca8f2428b9,0.022222222222222143,0.021978906718775167,UP,450.0,490.0,-0.08163265306122447,35.0,466.6666666666667,0.05222887945202993,2020-06-09,-0.13043478260869568,-0.13976194237515874,DOWN,7.0,44.139999999999986,0.9124449557662554,1,TRAIN
2020-06-09,National,black_pepper,Grade 1,average,504.07,"Department of Export Agriculture, Sri Lanka - Economic Research Unit",https://exagri.info/mkt/2020/09.06.2020.html,2020-06-09,2026-10-07,Sri Lanka,LKR,kg,farm_gate,weekly,addba2f28cf64ae87c33162c82ffbe53f811baec998864553af3ac21a5d3eb13,observed_source_value,22fa39218cf4c651b881,-0.0001388503193556767,-0.0001388599599536797,DOWN,504.14,508.5,-0.00857423795476897,7.0,505.5699999999999,0.005291531266273855,2020-06-16,-0.0077965361953696855,-0.0078270880865812,DOWN,7.0,104.07,0.7935405796813935,0,TRAIN
2020-06-09,National,black_pepper,Grade 2,average,400.0,"Department of Export Agriculture, Sri Lanka - Economic Research Unit",https://exagri.info/mkt/2020/09.06.2020.html,2020-06-09,2026-10-07,Sri Lanka,LKR,kg,farm_gate,weekly,addba2f28cf64ae87c33162c82ffbe53f811baec998864553af3ac21a5d3eb13,observed_source_value,a461c6c6513d076a0275,-0.13043478260869568,-0.13976194237515874,DOWN,460.0,450.0,0.022222222222222143,7.0,436.6666666666667,0.07796542405927466,2020-06-23,0.125,0.11778303565638346,UP,14.0,104.07,0.7935405796813935,1,TRAIN
2020-06-16,National,black_pepper,Grade 1,average,500.14,"Department of Export Agriculture, Sri Lanka - Economic Research Unit",https://exagri.info/mkt/2020/16.06.2020.html,2020-06-16,2026-10-07,Sri Lanka,LKR,kg,farm_gate,weekly,558135e35ca38f17ad963a3c5bb4c30fa23907f6deb4bf32098d8d5ca395ef37,observed_source_value,9613a7df0863bc752312,-0.0077965361953696855,-0.0078270880865812,DOWN,504.07,504.14,-0.0001388503193556767,7.0,502.78333333333325,0.004661915514071933,2020-06-23,-0.013996081097292778,-0.014094949841043916,DOWN,7.0,,,0,TRAIN
2020-06-23,National,black_pepper,Grade 1,average,493.14,"Department of Export Agriculture, Sri Lanka - Economic Research Unit",https://exagri.info/mkt/2020/23.06.2020.html,2020-06-23,2026-10-07,Sri Lanka,LKR,kg,farm_gate,weekly,afcab4b52337d1c4c0abecadbeeb36d33572706cdab72b0cf6e5d5ee4e6dd974,observed_source_value,1ee9205f7b2ee12a05f7,-0.013996081097292778,-0.014094949841043916,DOWN,500.14,504.07,-0.0077965361953696855,7.0,499.11666666666656,0.006941389808001694,2020-06-30,-0.01825039542523421,-0.018418988299993447,DOWN,7.0,43.139999999999986,0.9125197712617107,0,TRAIN
2020-06-23,National,black_pepper,Grade 2,average,450.0,"Department of Export Agriculture, Sri Lanka - Economic Research Unit",https://exagri.info/mkt/2020/23.06.2020.html,2020-06-23,2026-10-07,Sri Lanka,LKR,kg,farm_gate,weekly,afcab4b52337d1c4c0abecadbeeb36d33572706cdab72b0cf6e5d5ee4e6dd974,observed_source_value,9f097948909bd1a79781,0.125,0.11778303565638346,UP,400.0,460.0,-0.13043478260869568,14.0,436.6666666666667,0.12852649590339765,2020-07-14,-0.05555555555555558,-0.05715841383994864,DOWN,21.0,43.139999999999986,0.9125197712617107,1,TRAIN
2020-06-30,National,black_pepper,Grade 1,average,484.14,"Department of Export Agriculture, Sri Lanka - Economic Research Unit",https://exagri.info/mkt/2020/30.06.2020.html,2020-06-30,2026-10-07,Sri Lanka,LKR,kg,farm_gate,weekly,9ff1f27acca7a1ae9ddce7a572669b312d091c1a3d2845b49d60b4fdfd9b8978,observed_source_value,9c9d5e4122a175f74c10,-0.01825039542523421,-0.018418988299993447,DOWN,493.14,500.14,-0.013996081097292778,7.0,492.4733333333332,0.005257006755905518,2020-07-07,-0.01385962738050972,-0.013956568772693701,DOWN,7.0,,,0,TRAIN
2020-07-07,National,black_pepper,Grade 1,average,477.43,"Department of Export Agriculture, Sri Lanka - Economic Research Unit",https://exagri.info/mkt/2020/07.07.2020.html,2020-07-07,2026-10-07,Sri Lanka,LKR,kg,farm_gate,weekly,1ad3531635c57745e716ed52097e117893b0943f36fab3d854f98c6677549f2b,observed_source_value,e47e98a3b6a0a37fbdca,-0.01385962738050972,-0.013956568772693701,DOWN,484.14,493.14,-0.01825039542523421,7.0,484.9033333333332,0.0024965527579855163,2020-07-14,-0.005843788618226764,-0.005860930365388649,DOWN,7.0,,,0,TRAIN
2020-07-14,National,black_pepper,Grade 1,average,474.64,"Department of Export Agriculture, Sri Lanka - Economic Research Unit",https://exagri.info/mkt/2020/14.07.2020.html,2020-07-14,2026-10-07,Sri Lanka,LKR,kg,farm_gate,weekly,d98e0ea8697ae11244b8f4a9b942770de015c44b797492ae6e7761b0d03d627d,observed_source_value,738733fbf543135bac2a,-0.005843788618226764,-0.005860930365388649,DOWN,477.43,484.14,-0.01385962738050972,7.0,478.7366666666665,0.006290951273446658,2020-07-21,0.034763188943198964,0.03417259758451233,UP,7.0,49.639999999999986,0.8954154727793696,0,TRAIN
2020-07-14,National,black_pepper,Grade 2,average,425.0,"Department of Export Agriculture, Sri Lanka - Economic Research Unit",https://exagri.info/mkt/2020/14.07.2020.html,2020-07-14,2026-10-07,Sri Lanka,LKR,kg,farm_gate,weekly,d98e0ea8697ae11244b8f4a9b942770de015c44b797492ae6e7761b0d03d627d,observed_source_value,d37fdcd5f7e319c22535,-0.05555555555555558,-0.05715841383994864,DOWN,450.0,400.0,0.125,21.0,425.0,0.13131015158293644,2020-08-04,0.15294117647058814,0.1423162221802554,UP,21.0,49.639999999999986,0.8954154727793696,1,TRAIN
2020-07-21,National,black_pepper,Grade 1,average,491.14,"Department of Export Agriculture, Sri Lanka - Economic Research Unit",https://exagri.info/mkt/2020/21.07.2020.html,2020-07-21,2026-10-07,Sri Lanka,LKR,kg,farm_gate,weekly,15fed412bd6194c89d103adc1c6053040d0ab3709e5b5794d4e569e7b9fe76e1,observed_source_value,f20c4c15bb1b0f807446,0.034763188943198964,0.03417259758451233,UP,474.64,477.43,-0.005843788618226764,7.0,481.0699999999999,0.026068367053404883,2020-07-28,0.08087307081483908,0.07776911346035612,UP,7.0,,,0,TRAIN
2020-07-28,National,black_pepper,Grade 1,average,530.86,"Department of Export Agriculture, Sri Lanka - Economic Research Unit",https://exagri.info/mkt/2020/28.07.2020.html,2020-07-28,2026-10-07,Sri Lanka,LKR,kg,farm_gate,weekly,abcd0023baa2e2c12c098e420face7a7c6b443db4785e80b58d76ff5e8b0ed3c,observed_source_value,dd331a2b1c8fffbdff3d,0.08087307081483908,0.07776911346035612,UP,491.14,474.64,0.034763188943198964,7.0,498.8799999999999,0.04338752036938916,2020-08-04,-0.007553780657800546,-0.007582454949719606,DOWN,7.0,,,0,TRAIN
2020-08-04,National,black_pepper,Grade 1,average,526.85,"Department of Export Agriculture, Sri Lanka - Economic Research Unit",https://exagri.info/mkt/2020/04.08.2020.html,2020-08-04,2026-10-07,Sri Lanka,LKR,kg,farm_gate,weekly,08c17c7b69aaf250616d5910080fcb4c73b1a6f7098a22ea9a40fb918df591a2,observed_source_value,30d3b124eb6e49e81635,-0.007553780657800546,-0.007582454949719606,DOWN,530.86,491.14,0.08087307081483908,7.0,516.2833333333332,0.04422698117626258,2020-08-11,0.0008351523203946609,0.0008348037747411718,UP,7.0,36.85000000000002,0.9300559931669355,0,TRAIN
2020-08-04,National,black_pepper,Grade 2,average,490.0,"Department of Export Agriculture, Sri Lanka - Economic Research Unit",https://exagri.info/mkt/2020/04.08.2020.html,2020-08-04,2026-10-07,Sri Lanka,LKR,kg,farm_gate,weekly,08c17c7b69aaf250616d5910080fcb4c73b1a6f7098a22ea9a40fb918df591a2,observed_source_value,0323755e7cc7f65dac6b,0.15294117647058814,0.1423162221802554,UP,425.0,450.0,-0.05555555555555558,21.0,455.0,0.11317531035972256,2020-09-15,0.020408163265306145,0.02020270731751947,UP,42.0,36.85000000000002,0.9300559931669355,1,TRAIN
2020-08-11,National,black_pepper,Grade 1,average,527.29,"Department of Export Agriculture, Sri Lanka - Economic Research Unit",https://exagri.info/mkt/2020/11.08.2020.html,2020-08-11,2026-10-07,Sri Lanka,LKR,kg,farm_gate,weekly,9d17d76d6daa69290e7d6f0973c3ecd157279ef2b33726a47c4a19f1e31c266e,observed_source_value,6932cc7e2f99d2238129,0.0008351523203946609,0.0008348037747411718,UP,526.85,530.86,-0.007553780657800546,7.0,528.3333333333331,0.04881214100132664,2020-08-18,0.019495913064917048,0.01930830226015628,UP,7.0,,,0,TRAIN
2020-08-18,National,black_pepper,Grade 1,average,537.57,"Department of Export Agriculture, Sri Lanka - Economic Research Unit",https://exagri.info/mkt/2020/18.08.2020.html,2020-08-18,2026-10-07,Sri Lanka,LKR,kg,farm_gate,weekly,1f6fbcda770a0696ddf5fd271f669f480246a6a13588cc12ac35127ac251e42f,observed_source_value,1bac270e31d174589c2b,0.019495913064917048,0.01930830226015628,UP,527.29,526.85,0.0008351523203946609,7.0,530.5699999999998,0.013846083192067319,2020-08-25,0.05913648455084908,0.057453938910581565,UP,7.0,,,0,TRAIN
2020-08-25,National,black_pepper,Grade 1,average,569.36,"Department of Export Agriculture, Sri Lanka - Economic Research Unit",https://exagri.info/mkt/2020/25.08.2020.html,2020-08-25,2026-10-07,Sri Lanka,LKR,kg,farm_gate,weekly,38729511a80f1ff7fc3e364e01b3f7be90dbf222af0ce294666b0cf43c4e47fa,observed_source_value,f41af75dfd57ff793dbd,0.05913648455084908,0.057453938910581565,UP,537.57,527.29,0.019495913064917048,7.0,544.7399999999999,0.02977315412453958,2020-08-31,-0.002652100604187191,-0.002655623653360392,DOWN,6.0,,,0,TRAIN
2020-08-31,National,black_pepper,Grade 1,average,567.85,"Department of Export Agriculture, Sri Lanka - Economic Research Unit",https://exagri.info/mkt/2020/31.08.2020.html,2020-08-31,2026-10-07,Sri Lanka,LKR,kg,farm_gate,weekly,482eecada7c42daaa107bc1f471dd0e6b1fc65f3bcc1cc7f81428d73f5a027d7,observed_source_value,d7d0457e0d9d4dd75b2b,-0.002652100604187191,-0.002655623653360392,DOWN,569.36,537.57,0.05913648455084908,6.0,558.2599999999999,0.031304256027680416,2020-09-08,-0.0069032314871886324,-0.0069271690174885405,DOWN,8.0,,,0,TRAIN
2020-09-08,National,black_pepper,Grade 1,average,563.93,"Department of Export Agriculture, Sri Lanka - Economic Research Unit",https://exagri.info/mkt/2020/08.09.2020.html,2020-09-08,2026-10-07,Sri Lanka,LKR,kg,farm_gate,weekly,913e5c109350f9be8a3178043a762281527f68507081287f0738e9fa7e1868c8,observed_source_value,d02490e1e8db6f15943f,-0.0069032314871886324,-0.0069271690174885405,DOWN,567.85,569.36,-0.002652100604187191,8.0,567.0466666666665,0.03696201983935749,2020-09-15,0.02216587165073669,0.021923779640243838,UP,7.0,,,0,TRAIN
2020-09-15,National,black_pepper,Grade 1,average,576.43,"Department of Export Agriculture, Sri Lanka - Economic Research Unit",https://exagri.info/mkt/2020/15.09.2020.html,2020-09-15,2026-10-07,Sri Lanka,LKR,kg,farm_gate,weekly,ff9211b3aee721875b3bb87471082062e696297b6e0af4e62ad5f943eedabb5d,observed_source_value,70a11a5f471d8b2ab895,0.02216587165073669,0.021923779640243838,UP,563.93,567.85,-0.0069032314871886324,7.0,569.4033333333332,0.015700406671346805,2020-09-22,0.00929861388199793,0.009255647915848387,UP,7.0,76.42999999999995,0.8674080113803931,0,TRAIN
2020-09-15,National,black_pepper,Grade 2,average,500.0,"Department of Export Agriculture, Sri Lanka - Economic Research Unit",https://exagri.info/mkt/2020/15.09.2020.html,2020-09-15,2026-10-07,Sri Lanka,LKR,kg,farm_gate,weekly,ff9211b3aee721875b3bb87471082062e696297b6e0af4e62ad5f943eedabb5d,observed_source_value,8d2de61a23488550c6e7,0.020408163265306145,0.02020270731751947,UP,490.0,425.0,0.15294117647058814,42.0,471.6666666666667,0.10551964543150856,2020-11-10,0.050000000000000044,0.04879016416943204,UP,56.0,76.42999999999995,0.8674080113803931,1,TRAIN
2020-09-22,National,black_pepper,Grade 1,average,581.79,"Department of Export Agriculture, Sri Lanka - Economic Research Unit",https://exagri.info/mkt/2020/22.09.2020.html,2020-09-22,2026-10-07,Sri Lanka,LKR,kg,farm_gate,weekly,29e947f7dcba9759ce206f10067bc047a7da649f50173db502c8045f46a8cf16,observed_source_value,cf9cf3f84071200f669a,0.00929861388199793,0.009255647915848387,UP,576.43,563.93,0.02216587165073669,7.0,574.0499999999998,0.014566393245513499,2020-09-29,0.005276818095876656,0.005262944475580548,UP,7.0,,,0,TRAIN
2020-09-29,National,black_pepper,Grade 1,average,584.86,"Department of Export Agriculture, Sri Lanka - Economic Research Unit",https://exagri.info/mkt/2020/29.09.2020.html,2020-09-29,2026-10-07,Sri Lanka,LKR,kg,farm_gate,weekly,f03ed47f64a7997916dac6497bd52a1b0b9606f76c9c8b311efb796df9e5db78,observed_source_value,4125495385e674e35859,0.005276818095876656,0.005262944475580548,UP,581.79,576.43,0.00929861388199793,7.0,581.0266666666665,0.008822143483034318,2020-10-06,-0.023817665766166396,-0.02410589215479395,DOWN,7.0,,,0,TRAIN
2020-10-06,National,black_pepper,Grade 1,average,570.93,"Department of Export Agriculture, Sri Lanka - Economic Research Unit",https://exagri.info/mkt/2020/06.10.2020.html,2020-10-06,2026-10-07,Sri Lanka,LKR,kg,farm_gate,weekly,7093f4d5ffc0526977d5d50ddd2ef0b8d7a2dcd003c6794bf99dfa260ed00aea,observed_source_value,fecef976436425a31e56,-0.023817665766166396,-0.02410589215479395,DOWN,584.86,581.79,0.005276818095876656,7.0,579.1933333333332,0.018070933430417456,2020-10-13,-0.014835443924824276,-0.014946589758096407,DOWN,7.0,,,0,TRAIN
2020-10-13,National,black_pepper,Grade 1,average,562.46,"Department of Export Agriculture, Sri Lanka - Economic Research Unit",https://exagri.info/mkt/2020/13.10.2020.html,2020-10-13,2026-10-07,Sri Lanka,LKR,kg,farm_gate,weekly,47e13a84bfb458ac867bc503344d986eff92d708bf81ca464df8e6c069628dbe,observed_source_value,36974b12461756312c2e,-0.014835443924824276,-0.014946589758096407,DOWN,570.93,584.86,-0.023817665766166396,7.0,572.7499999999999,0.014897831967522441,2020-10-20,-0.018010169612061255,-0.01817432670172409,DOWN,7.0,,,0,TRAIN
2020-10-20,National,black_pepper,Grade 1,average,552.33,"Department of Export Agriculture, Sri Lanka - Economic Research Unit",https://exagri.info/mkt/2020/20.10.2020.html,2020-10-20,2026-10-07,Sri Lanka,LKR,kg,farm_gate,weekly,35caf0ebdf05d77b47a8f4ccba0af32dec6417bd019dceb80ac9139dee6103b5,observed_source_value,a4ccc23b1b192eca0ff8,-0.018010169612061255,-0.01817432670172409,DOWN,562.46,570.93,-0.014835443924824276,7.0,561.9066666666665,0.004554964397525262,2020-10-27,-0.02579979360165119,-0.026138445745265547,DOWN,7.0,,,0,TRAIN
2020-10-27,National,black_pepper,Grade 1,average,538.08,"Department of Export Agriculture, Sri Lanka - Economic Research Unit",https://exagri.info/mkt/2020/27.10.2020.html,2020-10-27,2026-10-07,Sri Lanka,LKR,kg,farm_gate,weekly,7a027949d5c293d620dd1550c1484e8c5cc6d9585a75bbfb14c4fbc7b46354fe,observed_source_value,7dc0e6cec258f300802d,-0.02579979360165119,-0.026138445745265547,DOWN,552.33,562.46,-0.018010169612061255,7.0,550.9566666666666,0.0056417209095014605,2020-11-03,-0.006467439785905471,-0.006488444287140875,DOWN,7.0,,,0,TRAIN
2020-11-03,National,black_pepper,Grade 1,average,534.6,"Department of Export Agriculture, Sri Lanka - Economic Research Unit",https://exagri.info/mkt/2020/03.11.2020.html,2020-11-03,2026-10-07,Sri Lanka,LKR,kg,farm_gate,weekly,c81844223de9e1552f9aaafec42f01f3d480f5e06ddc798cfd825100d35eb6fa,observed_source_value,420e671975ba26a89f84,-0.006467439785905471,-0.006488444287140875,DOWN,538.08,552.33,-0.02579979360165119,7.0,541.67,0.009726705144395883,2020-11-10,0.02959221848110727,0.029162819463437108,UP,7.0,,,0,TRAIN
2020-11-10,National,black_pepper,Grade 1,average,550.42,"Department of Export Agriculture, Sri Lanka - Economic Research Unit",https://exagri.info/mkt/2020/10.11.2020.html,2020-11-10,2026-10-07,Sri Lanka,LKR,kg,farm_gate,weekly,020372df817601e85e40b31814def6abe822819d7b918def53294b9e3c4be6a5,observed_source_value,8393eded672213e4aae0,0.02959221848110727,0.029162819463437108,UP,534.6,538.08,-0.006467439785905471,7.0,541.0333333333333,0.02811379809799061,2020-11-17,0.00408778750772143,0.004079455203774273,UP,7.0,25.41999999999996,0.9538170851349879,0,TRAIN
2020-11-10,National,black_pepper,Grade 2,average,525.0,"Department of Export Agriculture, Sri Lanka - Economic Research Unit",https://exagri.info/mkt/2020/10.11.2020.html,2020-11-10,2026-10-07,Sri Lanka,LKR,kg,farm_gate,weekly,020372df817601e85e40b31814def6abe822819d7b918def53294b9e3c4be6a5,observed_source_value,18341a34647e612a9af1,0.050000000000000044,0.04879016416943204,UP,500.0,490.0,0.020408163265306145,56.0,505.0,0.06956718839097528,2021-01-19,-0.04761904761904767,-0.048790164169432056,DOWN,70.0,25.41999999999996,0.9538170851349879,1,TRAIN
2020-11-17,National,black_pepper,Grade 1,average,552.67,"Department of Export Agriculture, Sri Lanka - Economic Research Unit",https://exagri.info/mkt/2020/17.11.2020.html,2020-11-17,2026-10-07,Sri Lanka,LKR,kg,farm_gate,weekly,6cfc7634ffa3e2321081b1f90041f13cb18b8c615657a2341bca1207aab11143,observed_source_value,68c1ce340bc992174755,0.00408778750772143,0.004079455203774273,UP,550.42,534.6,0.02959221848110727,7.0,545.8966666666665,0.01853909282583777,2020-11-24,0.009644091410787814,0.009597884009281066,UP,7.0,,,0,TRAIN
2020-11-24,National,black_pepper,Grade 1,average,558.0,"Department of Export Agriculture, Sri Lanka - Economic Research Unit",https://exagri.info/mkt/2020/24.11.2020.html,2020-11-24,2026-10-07,Sri Lanka,LKR,kg,farm_gate,weekly,8134a14178139dab8d99bc409ec9832873bdd1930b3c2b42d5534970f66ebbc5,observed_source_value,e6ccb3d15bbfadf86172,0.009644091410787814,0.009597884009281066,UP,552.67,550.42,0.00408778750772143,7.0,553.6966666666666,0.013411911906666856,2020-12-01,0.00417562724014342,0.004166933501524406,UP,7.0,,,0,TRAIN
2020-12-01,National,black_pepper,Grade 1,average,560.33,"Department of Export Agriculture, Sri Lanka - Economic Research Unit",https://exagri.info/mkt/2020/01.12.2020.html,2020-12-01,2026-10-07,Sri Lanka,LKR,kg,farm_gate,weekly,958f997a177ba4ee949568f010f27e7bb0660c7578b5fd0361bee804e23ff70f,observed_source_value,27453ce8d1f7d0bb5cf5,0.00417562724014342,0.004166933501524406,UP,558.0,552.67,0.009644091410787814,7.0,556.9999999999999,0.003182879442359044,2020-12-08,-0.009387325326147056,-0.009431663963505733,DOWN,7.0,,,0,TRAIN
2020-12-08,National,black_pepper,Grade 1,average,555.07,"Department of Export Agriculture, Sri Lanka - Economic Research Unit",https://exagri.info/mkt/2020/08.12.2020.html,2020-12-08,2026-10-07,Sri Lanka,LKR,kg,farm_gate,weekly,23608469f94fe1e47da7646b295c18dff693f562d412096ac219e7512a43f246,observed_source_value,8c14e30c3b02b3efae09,-0.009387325326147056,-0.009431663963505733,DOWN,560.33,558.0,0.00417562724014342,7.0,557.7999999999998,0.009798406381618541,2020-12-15,-0.019294863710883403,-0.01948343922721277,DOWN,7.0,,,0,TRAIN
2020-12-15,National,black_pepper,Grade 1,average,544.36,"Department of Export Agriculture, Sri Lanka - Economic Research Unit",https://exagri.info/mkt/2020/15.12.2020.html,2020-12-15,2026-10-07,Sri Lanka,LKR,kg,farm_gate,weekly,93a47dfd2ed3daab8e4c3ec9204c520c4940c5bb8865a3c7570add4f406e94f1,observed_source_value,8a1ba7ea4a2397de2063,-0.019294863710883403,-0.01948343922721277,DOWN,555.07,560.33,-0.009387325326147056,7.0,553.2533333333332,0.011782592701685022,2020-12-22,-0.023550591520317576,-0.023832339040120998,DOWN,7.0,,,0,TRAIN
2020-12-22,National,black_pepper,Grade 1,average,531.54,"Department of Export Agriculture, Sri Lanka - Economic Research Unit",https://exagri.info/mkt/2020/22.12.2020.html,2020-12-22,2026-10-07,Sri Lanka,LKR,kg,farm_gate,weekly,005d4bc4a91ad41906a0d68976ee13c465d483d2c8a5cab4e14205fa36e2e9c1,observed_source_value,8de01b8dde3d041ad9e8,-0.023550591520317576,-0.023832339040120998,DOWN,544.36,555.07,-0.019294863710883403,7.0,543.6566666666666,0.007267148057297001,2020-12-28,-0.010968130338262272,-0.011028723751474743,DOWN,6.0,,,0,TRAIN
2020-12-28,National,black_pepper,Grade 1,average,525.71,"Department of Export Agriculture, Sri Lanka - Economic Research Unit",https://exagri.info/mkt/2020/28.12.2020.html,2020-12-28,2026-10-07,Sri Lanka,LKR,kg,farm_gate,weekly,19add3561da9be20679f5571cbf65b0dee7cb3c3a48ff39fe078151274c28c98,observed_source_value,dd63d9d780f116a65e46,-0.010968130338262272,-0.011028723751474743,DOWN,531.54,544.36,-0.023550591520317576,6.0,533.8699999999999,0.006400052568075083,2021-01-05,0.0032717658024383756,0.003266425222286575,UP,8.0,,,0,TRAIN
2021-01-05,National,black_pepper,Grade 1,average,527.43,"Department of Export Agriculture, Sri Lanka - Economic Research Unit",https://exagri.info/mkt/2021/05.01.2021.html,2021-01-05,2026-10-07,Sri Lanka,LKR,kg,farm_gate,weekly,faaf491d6ef632ef59c636df2b787b5989721601227d9ccd5b9d326812c6e7b1,observed_source_value,e8f85390bd92534b017b,0.0032717658024383756,0.003266425222286575,UP,525.71,531.54,-0.010968130338262272,8.0,528.2266666666666,0.013419710775854887,2021-01-12,-0.009214492918491413,-0.009257208965327762,DOWN,7.0,,,0,TRAIN
2021-01-12,National,black_pepper,Grade 1,average,522.57,"Department of Export Agriculture, Sri Lanka - Economic Research Unit",https://exagri.info/mkt/2021/12.01.2021.html,2021-01-12,2026-10-07,Sri Lanka,LKR,kg,farm_gate,weekly,b2de5612a1d96f0f93c9d9c3cab8c36a4cee35efe4a0d9da8a08b28549327e3f,observed_source_value,75f31b25faa9dbf284b6,-0.009214492918491413,-0.009257208965327762,DOWN,527.43,525.71,0.0032717658024383756,7.0,525.2366666666666,0.0077648410924291995,2021-01-19,-0.007233480682014015,-0.007259769151539608,DOWN,7.0,,,0,TRAIN
2021-01-19,National,black_pepper,Grade 1,average,518.79,"Department of Export Agriculture, Sri Lanka - Economic Research Unit",https://exagri.info/mkt/2021/19.01.2021.html,2021-01-19,2026-10-07,Sri Lanka,LKR,kg,farm_gate,weekly,30483ae70c332100c1b8ea29ce2ed9a4fe75a44b9d8b6a11fee16620199aea5f,observed_source_value,5d7b72219e019ab8b445,-0.007233480682014015,-0.007259769151539608,DOWN,522.57,527.43,-0.009214492918491413,7.0,522.9299999999998,0.006710579582846196,2021-01-26,-0.012683359355423085,-0.01276447980751447,DOWN,7.0,18.789999999999964,0.9637811060351974,0,TRAIN
2021-01-19,National,black_pepper,Grade 2,average,500.0,"Department of Export Agriculture, Sri Lanka - Economic Research Unit",https://exagri.info/mkt/2021/19.01.2021.html,2021-01-19,2026-10-07,Sri Lanka,LKR,kg,farm_gate,weekly,30483ae70c332100c1b8ea29ce2ed9a4fe75a44b9d8b6a11fee16620199aea5f,observed_source_value,3a49c3396b3a87d2ac7f,-0.04761904761904767,-0.048790164169432056,DOWN,525.0,500.0,0.050000000000000044,70.0,508.3333333333333,0.05005473117845906,2021-03-02,0.0,0.0,FLAT,42.0,18.789999999999964,0.9637811060351974,1,TRAIN
2021-01-26,National,black_pepper,Grade 1,average,512.21,"Department of Export Agriculture, Sri Lanka - Economic Research Unit",https://exagri.info/mkt/2021/26.01.2021.html,2021-01-26,2026-10-07,Sri Lanka,LKR,kg,farm_gate,weekly,b432d6e524aa03f7912bc6ada76555ef85a16afcf1b4904992c14eacc8eb6b46,observed_source_value,a339f1e095dede3bb6b4,-0.012683359355423085,-0.01276447980751447,DOWN,518.79,522.57,-0.007233480682014015,7.0,517.8566666666666,0.0027585811991350548,2021-02-02,-0.0087854590890456,-0.008824278767791719,DOWN,7.0,,,0,TRAIN
2021-02-02,National,black_pepper,Grade 1,average,507.71,"Department of Export Agriculture, Sri Lanka - Economic Research Unit",https://exagri.info/mkt/2021/02.02.2021.html,2021-02-02,2026-10-07,Sri Lanka,LKR,kg,farm_gate,weekly,64ec24b43333598083aad7d3a997aaf855ca1fb66122c696a50ee3eceace3ecf,observed_source_value,a3ad0a42270d00753724,-0.0087854590890456,-0.008824278767791719,DOWN,512.21,518.79,-0.012683359355423085,7.0,512.9033333333332,0.002807829559686691,2021-02-09,-0.0036438124125977023,-0.003650467267994997,DOWN,7.0,,,0,TRAIN
2021-02-09,National,black_pepper,Grade 1,average,505.86,"Department of Export Agriculture, Sri Lanka - Economic Research Unit",https://exagri.info/mkt/2021/09.02.2021.html,2021-02-09,2026-10-07,Sri Lanka,LKR,kg,farm_gate,weekly,085cb190776443364801ff7b526e17e210aa0acc569cfd9b2808d697ed4068f5,observed_source_value,99cc577ee8cd30f59d6a,-0.0036438124125977023,-0.003650467267994997,DOWN,507.71,512.21,-0.0087854590890456,7.0,508.59333333333325,0.00453401157849761,2021-02-16,0.007472423200094891,0.0074446429505408244,UP,7.0,,,0,TRAIN
2021-02-16,National,black_pepper,Grade 1,average,509.64,"Department of Export Agriculture, Sri Lanka - Economic Research Unit",https://exagri.info/mkt/2021/16.02.2021.html,2021-02-16,2026-10-07,Sri Lanka,LKR,kg,farm_gate,weekly,34111bb117f6abd649a1b2e04f8a3251b2ef15e3136d286df4bde994380c53fe,observed_source_value,d6deb6d3cb54c9248425,0.007472423200094891,0.0074446429505408244,UP,505.86,507.71,-0.0036438124125977023,7.0,507.7366666666665,0.008309893313294065,2021-02-23,0.02229024409387015,0.02204544764018678,UP,7.0,,,0,TRAIN
2021-02-23,National,black_pepper,Grade 1,average,521.0,"Department of Export Agriculture, Sri Lanka - Economic Research Unit",https://exagri.info/mkt/2021/23.02.2021.html,2021-02-23,2026-10-07,Sri Lanka,LKR,kg,farm_gate,weekly,acdeb57889b99098fe13b3c5ce44bb84febefc98e245fa4b6d7ae4cf0f25e07c,observed_source_value,565ecb1ad7ebb2530ef6,0.02229024409387015,0.02204544764018678,UP,509.64,505.86,0.007472423200094891,7.0,512.1666666666665,0.013010981240972767,2021-03-02,0.030422264875239913,0.029968684126777573,UP,7.0,,,0,TRAIN
2021-03-02,National,black_pepper,Grade 1,average,536.85,"Department of Export Agriculture, Sri Lanka - Economic Research Unit",https://exagri.info/mkt/2021/02.03.2021.html,2021-03-02,2026-10-07,Sri Lanka,LKR,kg,farm_gate,weekly,eeb367e49dbaf043bfc616eded7364cb15a6c27e94fae731dc0d596a4196b7ef,observed_source_value,d31386827b9de5d460c8,0.030422264875239913,0.029968684126777573,UP,521.0,509.64,0.02229024409387015,7.0,522.4966666666666,0.011636099081042028,2021-03-09,0.06679705690602589,0.06466075451616662,UP,7.0,36.85000000000002,0.9313588525658936,0,TRAIN
2021-03-02,National,black_pepper,Grade 2,average,500.0,"Department of Export Agriculture, Sri Lanka - Economic Research Unit",https://exagri.info/mkt/2021/02.03.2021.html,2021-03-02,2026-10-07,Sri Lanka,LKR,kg,farm_gate,weekly,eeb367e49dbaf043bfc616eded7364cb15a6c27e94fae731dc0d596a4196b7ef,observed_source_value,3f0a0c486f0361fc62fa,0.0,0.0,FLAT,500.0,525.0,-0.04761904761904767,42.0,508.3333333333333,0.048814362903751365,2021-03-09,0.06000000000000005,0.058268908123975824,UP,7.0,36.85000000000002,0.9313588525658936,1,TRAIN
2021-03-09,National,black_pepper,Grade 1,average,572.71,"Department of Export Agriculture, Sri Lanka - Economic Research Unit",https://exagri.info/mkt/2021/09.03.2021.html,2021-03-09,2026-10-07,Sri Lanka,LKR,kg,farm_gate,weekly,fe8c5994ee3a57584bbf4cec5aed67817d075acf1ee77e4fbd2baa09fcaa7191,observed_source_value,5673ba5e53c9f2718f31,0.06679705690602589,0.06466075451616662,UP,536.85,521.0,0.030422264875239913,7.0,543.5199999999999,0.02369990029503619,2021-03-16,0.052522218924062614,0.05118939696826007,UP,7.0,42.710000000000036,0.9254247350316914,0,TRAIN
2021-03-09,National,black_pepper,Grade 2,average,530.0,"Department of Export Agriculture, Sri Lanka - Economic Research Unit",https://exagri.info/mkt/2021/09.03.2021.html,2021-03-09,2026-10-07,Sri Lanka,LKR,kg,farm_gate,weekly,fe8c5994ee3a57584bbf4cec5aed67817d075acf1ee77e4fbd2baa09fcaa7191,observed_source_value,d336b7cb5467593b41c0,0.06000000000000005,0.058268908123975824,UP,500.0,500.0,0.0,7.0,510.0,0.05392808962957953,2021-03-16,0.13207547169811318,0.12405264866997882,UP,7.0,42.710000000000036,0.9254247350316914,1,TRAIN
2021-03-16,National,black_pepper,Grade 1,average,602.79,"Department of Export Agriculture, Sri Lanka - Economic Research Unit",https://exagri.info/mkt/2021/16.03.2021.html,2021-03-16,2026-10-07,Sri Lanka,LKR,kg,farm_gate,weekly,cde57b4b3dd2c8e9a589d3513fef2463d5a9eb981a061d5d6b7d287e893a6877,observed_source_value,a2165be7501ccbd7376d,0.052522218924062614,0.05118939696826007,UP,572.71,536.85,0.06679705690602589,7.0,570.7833333333332,0.018327140455503033,2021-03-23,0.0979943263823222,0.09348517584477395,UP,7.0,2.7899999999999636,0.9953715224207436,0,TRAIN
2021-03-16,National,black_pepper,Grade 2,average,600.0,"Department of Export Agriculture, Sri Lanka - Economic Research Unit",https://exagri.info/mkt/2021/16.03.2021.html,2021-03-16,2026-10-07,Sri Lanka,LKR,kg,farm_gate,weekly,cde57b4b3dd2c8e9a589d3513fef2463d5a9eb981a061d5d6b7d287e893a6877,observed_source_value,7b9db52ec97a56c36fbf,0.13207547169811318,0.12405264866997882,UP,530.0,500.0,0.06000000000000005,7.0,543.3333333333334,0.0661296754425025,2021-11-02,0.33333333333333326,0.28768207245178085,UP,231.0,2.7899999999999636,0.9953715224207436,1,TRAIN
2021-03-23,National,black_pepper,Grade 1,average,661.86,"Department of Export Agriculture, Sri Lanka - Economic Research Unit",https://exagri.info/mkt/2021/23.03.2021.html,2021-03-23,2026-10-07,Sri Lanka,LKR,kg,farm_gate,weekly,dfafc4c4239c466f2191b3d9299ab24cd8c1c08fd728b20ad7bd263b087fbdc1,observed_source_value,9bf8d3286e0c44edcd73,0.0979943263823222,0.09348517584477395,UP,602.79,572.71,0.052522218924062614,7.0,612.4533333333333,0.023254939184624724,2021-03-30,-0.01090865137642405,-0.010968586990219086,DOWN,7.0,,,0,TRAIN
2021-03-30,National,black_pepper,Grade 1,average,654.64,"Department of Export Agriculture, Sri Lanka - Economic Research Unit",https://exagri.info/mkt/2021/30.03.2021.html,2021-03-30,2026-10-07,Sri Lanka,LKR,kg,farm_gate,weekly,34892cae30f9a8ebd1634e76e8d432e19ab8cd8a3f2c736c45e9e4c094029f70,observed_source_value,d52275a328e95f89edd2,-0.01090865137642405,-0.010968586990219086,DOWN,661.86,602.79,0.0979943263823222,7.0,639.7633333333332,0.054697724554279153,2021-04-06,0.04211475009165344,0.04125206211591517,UP,7.0,,,0,TRAIN
2021-04-06,National,black_pepper,Grade 1,average,682.21,"Department of Export Agriculture, Sri Lanka - Economic Research Unit",https://exagri.info/mkt/2021/06.04.2021.html,2021-04-06,2026-10-07,Sri Lanka,LKR,kg,farm_gate,weekly,2cd2ff8a80ae9788322ada41223749198b9dd146c6b27f68cee4acda00320e2b,observed_source_value,8123ec23950dd7a2ab90,0.04211475009165344,0.04125206211591517,UP,654.64,661.86,-0.01090865137642405,7.0,666.2366666666666,0.054457730878164703,2021-04-20,0.004544055349525733,0.004533762299695727,UP,14.0,,,0,TRAIN
2021-04-20,National,black_pepper,Grade 1,average,685.31,"Department of Export Agriculture, Sri Lanka - Economic Research Unit",https://exagri.info/mkt/2021/20.04.2021.html,2021-04-20,2026-10-07,Sri Lanka,LKR,kg,farm_gate,weekly,41ae2bee15db4374cd352b19043c1fbe799c246f60daad5331675f7103a1a68a,observed_source_value,1d1763ac5c7be07d4fbb,0.004544055349525733,0.004533762299695727,UP,682.21,654.64,0.04211475009165344,14.0,674.0533333333332,0.0272697156561676,2021-04-27,-0.010666705578497249,-0.010724002694341593,DOWN,7.0,,,0,TRAIN
2021-04-27,National,black_pepper,Grade 1,average,678.0,"Department of Export Agriculture, Sri Lanka - Economic Research Unit",https://exagri.info/mkt/2021/27.04.2021.html,2021-04-27,2026-10-07,Sri Lanka,LKR,kg,farm_gate,weekly,2c31fa669f506514fc57921f2382449e01725e2391a099ac375e2461345cd179,observed_source_value,33de85e6b19e44f60e30,-0.010666705578497249,-0.010724002694341593,DOWN,685.31,682.21,0.004544055349525733,7.0,681.8399999999998,0.027168629011158595,2021-05-04,-0.007153392330383479,-0.007179100515151743,DOWN,7.0,,,0,TRAIN
2021-05-04,National,black_pepper,Grade 1,average,673.15,"Department of Export Agriculture, Sri Lanka - Economic Research Unit",https://exagri.info/mkt/2021/04.05.2021.html,2021-05-04,2026-10-07,Sri Lanka,LKR,kg,farm_gate,weekly,8d6305236971b2ff32ca4e13f3e5c99ce9675fa7e8247bd9ee5e15d95b688124,observed_source_value,4373c2d630a2a0772d0a,-0.007153392330383479,-0.007179100515151743,DOWN,678.0,685.31,-0.010666705578497249,7.0,678.8199999999998,0.00796388619763379,2021-05-11,-0.013028299784594743,-0.013113912487171857,DOWN,7.0,,,0,TRAIN
2021-05-11,National,black_pepper,Grade 1,average,664.38,"Department of Export Agriculture, Sri Lanka - Economic Research Unit",https://exagri.info/mkt/2021/11.05.2021.html,2021-05-11,2026-10-07,Sri Lanka,LKR,kg,farm_gate,weekly,da75d3f59115c7f3f14506dcac5c0bb6a77ac93bb70cff4cce425d16d36ae1a2,observed_source_value,191b0e7853784f52eb9e,-0.013028299784594743,-0.013113912487171857,DOWN,673.15,678.0,-0.007153392330383479,7.0,671.8433333333332,0.002956209136977863,2021-05-18,-0.012041301664709958,-0.012114385412414021,DOWN,7.0,,,0,TRAIN
2021-05-18,National,black_pepper,Grade 1,average,656.38,"Department of Export Agriculture, Sri Lanka - Economic Research Unit",https://exagri.info/mkt/2021/18.05.2021.html,2021-05-18,2026-10-07,Sri Lanka,LKR,kg,farm_gate,weekly,d425a0b8dda0d22cdde7fcea74d91797678949de80d89643ed6435a5b4bd3553,observed_source_value,64789ae155bb96401e73,-0.012041301664709958,-0.012114385412414021,DOWN,664.38,673.15,-0.013028299784594743,7.0,664.6366666666665,0.003145906349128326,2021-06-22,0.13900484475456287,0.13015493797185745,UP,35.0,,,0,TRAIN
2021-06-22,National,black_pepper,Grade 1,average,747.62,"Department of Export Agriculture, Sri Lanka - Economic Research Unit",https://exagri.info/mkt/2021/22.06.2021.html,2021-06-22,2026-10-07,Sri Lanka,LKR,kg,farm_gate,weekly,7bdc23f8b5da92b048402dde8867bdcbaeb0b7fe584b4218d6d2fe9893aa23e1,observed_source_value,ebd939b7d3a945bfc2f6,0.13900484475456287,0.13015493797185745,UP,656.38,664.38,-0.012041301664709958,35.0,689.4599999999999,0.08749284689987097,2021-06-29,0.01872609079478882,0.0185529161390409,UP,7.0,,,0,TRAIN
2021-06-29,National,black_pepper,Grade 1,average,761.62,"Department of Export Agriculture, Sri Lanka - Economic Research Unit",https://exagri.info/mkt/2021/29.06.2021.html,2021-06-29,2026-10-07,Sri Lanka,LKR,kg,farm_gate,weekly,731ca35842e622e6e532f7050c4b23702365c90a06c6e8f4b60cc3570fc8ed0d,observed_source_value,0dc6312351222e685c70,0.01872609079478882,0.0185529161390409,UP,747.62,656.38,0.13900484475456287,7.0,721.8733333333331,0.07982120587181621,2021-07-06,-0.011790656757963314,-0.011860717806403541,DOWN,7.0,,,0,TRAIN
2021-07-06,National,black_pepper,Grade 1,average,752.64,"Department of Export Agriculture, Sri Lanka - Economic Research Unit",https://exagri.info/mkt/2021/06.07.2021.html,2021-07-06,2026-10-07,Sri Lanka,LKR,kg,farm_gate,weekly,93762f50a9f0b8fa67b66f29f3c2da415ea87cc8f6fd2e312180f314374d98c1,observed_source_value,4001dbdee31b1be31083,-0.011790656757963314,-0.011860717806403541,DOWN,761.62,747.62,0.01872609079478882,7.0,753.9599999999999,0.0797261289370562,2021-07-13,-0.007400616496598511,-0.007428136921673876,DOWN,7.0,,,0,TRAIN
2021-07-13,National,black_pepper,Grade 1,average,747.07,"Department of Export Agriculture, Sri Lanka - Economic Research Unit",https://exagri.info/mkt/2021/13.07.2021.html,2021-07-13,2026-10-07,Sri Lanka,LKR,kg,farm_gate,weekly,cb64db17559da21e31c896243e5238f9514097e82d7be2035ec4faf06330e5e1,observed_source_value,61fef878ff86ffbcdecc,-0.007400616496598511,-0.007428136921673876,DOWN,752.64,761.62,-0.011790656757963314,7.0,753.7766666666666,0.016498228029017483,2021-07-19,-0.0009236082294832304,-0.0009240350183747396,DOWN,6.0,,,0,TRAIN
2021-07-19,National,black_pepper,Grade 1,average,746.38,"Department of Export Agriculture, Sri Lanka - Economic Research Unit",https://exagri.info/mkt/2021/19.07.2021.html,2021-07-19,2026-10-07,Sri Lanka,LKR,kg,farm_gate,weekly,c7fd6078b9bba976f9f7825178a7930e02e9183a2f17cb526f37cc419d8ade39,observed_source_value,7bf1d8fd7d6dc7ccc493,-0.0009236082294832304,-0.0009240350183747396,DOWN,747.07,752.64,-0.007400616496598511,6.0,748.6966666666666,0.005466821643775839,2021-07-27,0.0009378600712774965,0.0009374205553023708,UP,8.0,,,0,TRAIN
2021-07-27,National,black_pepper,Grade 1,average,747.08,"Department of Export Agriculture, Sri Lanka - Economic Research Unit",https://exagri.info/mkt/2021/27.07.2021.html,2021-07-27,2026-10-07,Sri Lanka,LKR,kg,farm_gate,weekly,a32e17936ddea89991233e2e710d54706e60b854031ef053595eaae8b5a8b53a,observed_source_value,3ad8d42069d0e15f04b7,0.0009378600712774965,0.0009374205553023708,UP,746.38,747.07,-0.0009236082294832304,8.0,746.8433333333332,0.004376964164809216,2021-08-03,-0.010052470953579307,-0.010103338221313544,DOWN,7.0,,,0,TRAIN
2021-08-03,National,black_pepper,Grade 1,average,739.57,"Department of Export Agriculture, Sri Lanka - Economic Research Unit",https://exagri.info/mkt/2021/03.08.2021.html,2021-08-03,2026-10-07,Sri Lanka,LKR,kg,farm_gate,weekly,f596439060f266b370864cffe0285887db09db0947c5b0660c8739986478bbd2,observed_source_value,3dd57c504c3a220c84c3,-0.010052470953579307,-0.010103338221313544,DOWN,747.08,746.38,0.0009378600712774965,7.0,744.3433333333332,0.005882014605362241,2021-08-10,-0.01690171315764566,-0.01704617721849285,DOWN,7.0,,,0,TRAIN
2021-08-10,National,black_pepper,Grade 1,average,727.07,"Department of Export Agriculture, Sri Lanka - Economic Research Unit",https://exagri.info/mkt/2021/10.08.2021.html,2021-08-10,2026-10-07,Sri Lanka,LKR,kg,farm_gate,weekly,4827f99de98bd72cc530f2aeadc5341c40cf99a3fe207e207a084a30437a87a2,observed_source_value,d693e56630a2e9031b25,-0.01690171315764566,-0.01704617721849285,DOWN,739.57,747.08,-0.010052470953579307,7.0,737.9066666666664,0.008999535800955855,2021-08-17,0.0020218135805354365,0.002019772466163692,UP,7.0,,,0,TRAIN
2021-08-17,National,black_pepper,Grade 1,average,728.54,"Department of Export Agriculture, Sri Lanka - Economic Research Unit",https://exagri.info/mkt/2021/17.08.2021.html,2021-08-17,2026-10-07,Sri Lanka,LKR,kg,farm_gate,weekly,b289711a7ca5f29be4460bc3ce391cebc2f2018403a155209c67d9d18110c691,observed_source_value,e72fc006597947332f40,0.0020218135805354365,0.002019772466163692,UP,727.07,739.57,-0.01690171315764566,7.0,731.7266666666665,0.009581234523723028,2021-10-05,0.1241661405001786,0.11704155238130583,UP,49.0,,,0,TRAIN
2021-10-05,National,black_pepper,Grade 1,average,819.0,"Department of Export Agriculture, Sri Lanka - Economic Research Unit",https://exagri.info/mkt/2021/05.10.2021.html,2021-10-05,2026-10-07,Sri Lanka,LKR,kg,farm_gate,weekly,67ff07f8d3e6326d9c8e0078e5c734c6dbbdcf9fd5566fd253b27694a55cf355,observed_source_value,8a89cabc091fa939af1d,0.1241661405001786,0.11704155238130583,UP,728.54,727.07,0.0020218135805354365,49.0,758.2033333333333,0.07656965869769472,2021-10-12,-0.002185592185592111,-0.0021879840779626524,DOWN,7.0,,,0,TRAIN
2021-10-12,National,black_pepper,Grade 1,average,817.21,"Department of Export Agriculture, Sri Lanka - Economic Research Unit",https://exagri.info/mkt/2021/12.10.2021.html,2021-10-12,2026-10-07,Sri Lanka,LKR,kg,farm_gate,weekly,0cdf994ceea58c7c78853c2fa8b1b99f17be41b5af9550be89815c11163bf773,observed_source_value,08404ae1b574a4771624,-0.002185592185592111,-0.0021879840779626524,DOWN,819.0,728.54,0.1241661405001786,7.0,788.2499999999999,0.07176547360979613,2021-10-18,0.014427136231813131,0.014324055360188288,UP,6.0,,,0,TRAIN
2021-10-18,National,black_pepper,Grade 1,average,829.0,"Department of Export Agriculture, Sri Lanka - Economic Research Unit",https://exagri.info/mkt/2021/18.10.2021.html,2021-10-18,2026-10-07,Sri Lanka,LKR,kg,farm_gate,weekly,1290cc9597cbb4612e043523266eb9ae000d30cd95aad99baf87b0143aba7656,observed_source_value,202611a3ec02839e099c,0.014427136231813131,0.014324055360188288,UP,817.21,819.0,-0.002185592185592111,6.0,821.7366666666666,0.06865783780940983,2021-10-26,0.06458383594692396,0.06258395842401156,UP,8.0,,,0,TRAIN
2021-10-26,National,black_pepper,Grade 1,average,882.54,"Department of Export Agriculture, Sri Lanka - Economic Research Unit",https://exagri.info/mkt/2021/26.10.2021.html,2021-10-26,2026-10-07,Sri Lanka,LKR,kg,farm_gate,weekly,16295267ec8be851f11f8386bdcc2b68f9f6d4a9e72b8de7bf6416ecf83e404d,observed_source_value,af8a8eb246ba7816324a,0.06458383594692396,0.06258395842401156,UP,829.0,817.21,0.014427136231813131,8.0,842.9166666666665,0.034760690933211685,2021-11-02,0.06356652389693385,0.06162790555606179,UP,7.0,,,0,TRAIN
2021-11-02,National,black_pepper,Grade 1,average,938.64,"Department of Export Agriculture, Sri Lanka - Economic Research Unit",https://exagri.info/mkt/2021/02.11.2021.html,2021-11-02,2026-10-07,Sri Lanka,LKR,kg,farm_gate,weekly,0a28ef81a8649776b74e1f4826c107873075294b9d74d14f9797a8e50a2fb496,observed_source_value,e562acc66e522b302ee0,0.06356652389693385,0.06162790555606179,UP,882.54,829.0,0.06458383594692396,7.0,883.3933333333331,0.028668824153953856,2021-11-09,0.01871857155032819,0.018545535085116218,UP,7.0,138.64,0.8522969402539845,0,TRAIN
2021-11-02,National,black_pepper,Grade 2,average,800.0,"Department of Export Agriculture, Sri Lanka - Economic Research Unit",https://exagri.info/mkt/2021/02.11.2021.html,2021-11-02,2026-10-07,Sri Lanka,LKR,kg,farm_gate,weekly,0a28ef81a8649776b74e1f4826c107873075294b9d74d14f9797a8e50a2fb496,observed_source_value,7b59123f27ddda39201b,0.33333333333333326,0.28768207245178085,UP,600.0,530.0,0.13207547169811318,231.0,643.3333333333334,0.14166316364390422,2022-03-08,0.25,0.22314355131420976,UP,126.0,138.64,0.8522969402539845,1,TRAIN
2021-11-09,National,black_pepper,Grade 1,average,956.21,"Department of Export Agriculture, Sri Lanka - Economic Research Unit",https://exagri.info/mkt/2021/09.11.2021.html,2021-11-09,2026-10-07,Sri Lanka,LKR,kg,farm_gate,weekly,99541dca53724ad037a895c77679cf70f32b61d4239ce4def605d3b0475ed55c,observed_source_value,e836e11ad01fb2941984,0.01871857155032819,0.018545535085116218,UP,938.64,882.54,0.06356652389693385,7.0,925.7966666666665,0.026191589717757997,2021-11-16,0.03369552713316093,0.033140271537531546,UP,7.0,,,0,TRAIN
2021-11-16,National,black_pepper,Grade 1,average,988.43,"Department of Export Agriculture, Sri Lanka - Economic Research Unit",https://exagri.info/mkt/2021/16.11.2021.html,2021-11-16,2026-10-07,Sri Lanka,LKR,kg,farm_gate,weekly,262fef95b120d8da75694370c4a579091470f56d86d2d72e1205da61dc11e140,observed_source_value,20c9c6bd034d1933c11c,0.03369552713316093,0.033140271537531546,UP,956.21,938.64,0.01871857155032819,7.0,961.0933333333332,0.022832449408225226,2021-11-23,0.05267950183624537,0.05133882009567286,UP,7.0,,,0,TRAIN
2021-11-23,National,black_pepper,Grade 1,average,1040.5,"Department of Export Agriculture, Sri Lanka - Economic Research Unit",https://exagri.info/mkt/2021/23.11.2021.html,2021-11-23,2026-10-07,Sri Lanka,LKR,kg,farm_gate,weekly,84d9a08d489573f85e396bae7eb739949d46ad008f2eebd5219967131e46285b,observed_source_value,e96eb05fdbdf5c5f2a40,0.05267950183624537,0.05133882009567286,UP,988.43,956.21,0.03369552713316093,7.0,995.0466666666665,0.01701981825178381,2021-11-30,0.018058625660740013,0.017897505527846268,UP,7.0,,,0,TRAIN
2021-11-30,National,black_pepper,Grade 1,average,1059.29,"Department of Export Agriculture, Sri Lanka - Economic Research Unit",https://exagri.info/mkt/2021/30.11.2021.html,2021-11-30,2026-10-07,Sri Lanka,LKR,kg,farm_gate,weekly,7503a242a675934c15b75a7d93a0b918a2d10cfee0c4f8b587f847d2e17ec327,observed_source_value,ab66bd1fb3ec0fd2be44,0.018058625660740013,0.017897505527846268,UP,1040.5,988.43,0.05267950183624537,7.0,1029.4066666666665,0.017337382781845143,2021-12-07,0.013612891653843606,0.01352106862370887,UP,7.0,,,0,TRAIN
2021-12-07,National,black_pepper,Grade 1,average,1073.71,"Department of Export Agriculture, Sri Lanka - Economic Research Unit",https://exagri.info/mkt/2021/07.12.2021.html,2021-12-07,2026-10-07,Sri Lanka,LKR,kg,farm_gate,weekly,288d41c3215385e9d4ab8b490a9eae094a0d73c72dcd53f658e6ea07cc282cbf,observed_source_value,ec9f8f06ce0332e9f787,0.013612891653843606,0.01352106862370887,UP,1059.29,1040.5,0.018058625660740013,7.0,1057.833333333333,0.021387572907195375,2021-12-14,0.044844511087723804,0.04386808112847617,UP,7.0,,,0,TRAIN
2021-12-14,National,black_pepper,Grade 1,average,1121.86,"Department of Export Agriculture, Sri Lanka - Economic Research Unit",https://exagri.info/mkt/2021/14.12.2021.html,2021-12-14,2026-10-07,Sri Lanka,LKR,kg,farm_gate,weekly,c93c8f41f3ad4628eec29f3bf52687e4ee0a3756bce764339790f03cefb701e1,observed_source_value,241e4fae2816ce00a56d,0.044844511087723804,0.04386808112847617,UP,1073.71,1059.29,0.013612891653843606,7.0,1084.9533333333331,0.016895079468247556,2021-12-21,0.004519280480630439,0.004509099195795807,UP,7.0,,,0,TRAIN
2021-12-21,National,black_pepper,Grade 1,average,1126.93,"Department of Export Agriculture, Sri Lanka - Economic Research Unit",https://exagri.info/mkt/2021/21.12.2021.html,2021-12-21,2026-10-07,Sri Lanka,LKR,kg,farm_gate,weekly,96d46c6ef12916167994a2a85c19c2d20d93c232f954329ba8d084ce0e5d33c6,observed_source_value,fd3a29e87a65b64b4b81,0.004519280480630439,0.004509099195795807,UP,1121.86,1073.71,0.044844511087723804,7.0,1107.5,0.021151170338571775,2021-12-28,0.012361016212186993,0.012285242637870678,UP,7.0,,,0,TRAIN
2021-12-28,National,black_pepper,Grade 1,average,1140.86,"Department of Export Agriculture, Sri Lanka - Economic Research Unit",https://exagri.info/mkt/2021/28.12.2021.html,2021-12-28,2026-10-07,Sri Lanka,LKR,kg,farm_gate,weekly,7fa6c1fad2bad7e8247314478fd6b3dd9e2395d2a99acb7023592754ac85b3d8,observed_source_value,4300640236632e98b5a9,0.012361016212186993,0.012285242637870678,UP,1126.93,1121.86,0.004519280480630439,7.0,1129.8833333333332,0.02138065512766138,2022-01-04,-0.0065126308223619755,-0.006533930530933236,DOWN,7.0,,,0,TRAIN
2022-01-04,National,black_pepper,Grade 1,average,1133.43,"Department of Export Agriculture, Sri Lanka - Economic Research Unit",https://exagri.info/mkt/2022/04.01.2022.html,2022-01-04,2026-10-07,Sri Lanka,LKR,kg,farm_gate,weekly,c0804d0a3c92051caea6742fa7145b09618f8986185de33414e6db9d7c192ce5,observed_source_value,3fbbff31f64339657c0e,-0.0065126308223619755,-0.006533930530933236,DOWN,1140.86,1126.93,0.012361016212186993,7.0,1133.7399999999998,0.009481652797776555,2022-01-11,0.011716647697696425,0.01164853926650469,UP,7.0,,,0,TRAIN
2022-01-11,National,black_pepper,Grade 1,average,1146.71,"Department of Export Agriculture, Sri Lanka - Economic Research Unit",https://exagri.info/mkt/2022/11.01.2022.html,2022-01-11,2026-10-07,Sri Lanka,LKR,kg,farm_gate,weekly,b22db9387bb25c51095fe0864792959197bee5c63f4224cd3337fca573579e4d,observed_source_value,c479259d002575dd32c3,0.011716647697696425,0.01164853926650469,UP,1133.43,1140.86,-0.0065126308223619755,7.0,1140.333333333333,0.010715536683784364,2022-01-18,-0.0042382119280377495,-0.004247218605357652,DOWN,7.0,,,0,TRAIN
2022-01-18,National,black_pepper,Grade 1,average,1141.85,"Department of Export Agriculture, Sri Lanka - Economic Research Unit",https://exagri.info/mkt/2022/18.01.2022.html,2022-01-18,2026-10-07,Sri Lanka,LKR,kg,farm_gate,weekly,022baaf14e59407e482c249a46eb7a3db891f087fd37a6e7fdae382c979f0132,observed_source_value,d29bd9e85a590a22b138,-0.0042382119280377495,-0.004247218605357652,DOWN,1146.71,1133.43,0.011716647697696425,7.0,1140.6633333333332,0.009933421048374242,2022-01-25,-0.002749923369969709,-0.002753711355280011,DOWN,7.0,,,0,TRAIN
2022-01-25,National,black_pepper,Grade 1,average,1138.71,"Department of Export Agriculture, Sri Lanka - Economic Research Unit",https://exagri.info/mkt/2022/25.01.2022.html,2022-01-25,2026-10-07,Sri Lanka,LKR,kg,farm_gate,weekly,c7f64a7faee19b28e67f64b2523aa7aebe6a1b0f61c7741eee7d660b4dfa750c,observed_source_value,e0d72f99671fb6c33028,-0.002749923369969709,-0.002753711355280011,DOWN,1141.85,1146.71,-0.0042382119280377495,7.0,1142.4233333333332,0.008813382125730695,2022-02-01,-0.03349404150310442,-0.034067815327513996,DOWN,7.0,,,0,TRAIN
2022-02-01,National,black_pepper,Grade 1,average,1100.57,"Department of Export Agriculture, Sri Lanka - Economic Research Unit",https://exagri.info/mkt/2022/01.02.2022.html,2022-02-01,2026-10-07,Sri Lanka,LKR,kg,farm_gate,weekly,551d4326be5adb0d977343e5a3c27be13082af31fd70c6870f6b74f4c0e7979e,observed_source_value,026774827ebbc90fc792,-0.03349404150310442,-0.034067815327513996,DOWN,1138.71,1141.85,-0.002749923369969709,7.0,1127.043333333333,0.01733647103046863,2022-02-08,0.0009086200786865284,0.0009082075333419086,UP,7.0,,,0,TRAIN
2022-02-08,National,black_pepper,Grade 1,average,1101.57,"Department of Export Agriculture, Sri Lanka - Economic Research Unit",https://exagri.info/mkt/2022/08.02.2022.html,2022-02-08,2026-10-07,Sri Lanka,LKR,kg,farm_gate,weekly,eb728296b7b5d3ddf7b89c754fc5749227d493cb5edc114370fe2576a1471c22,observed_source_value,61f092b90b0321f5a70e,0.0009086200786865284,0.0009082075333419086,UP,1100.57,1138.71,-0.03349404150310442,7.0,1113.6166666666666,0.01889501196904087,2022-02-14,0.06276496273500554,0.06087396741900607,UP,6.0,,,0,TRAIN
2022-02-14,National,black_pepper,Grade 1,average,1170.71,"Department of Export Agriculture, Sri Lanka - Economic Research Unit",https://exagri.info/mkt/2022/14.02.2022.html,2022-02-14,2026-10-07,Sri Lanka,LKR,kg,farm_gate,weekly,d9d1243146601bb5e32dc33c08cee46ea5352c29745380f825a13836ca77507d,observed_source_value,194d1c116f51c4d89e24,0.06276496273500554,0.06087396741900607,UP,1101.57,1100.57,0.0009086200786865284,6.0,1124.283333333333,0.04877763515457974,2022-02-22,0.08218089877083146,0.0789783557018791,UP,8.0,,,0,TRAIN
2022-02-22,National,black_pepper,Grade 1,average,1266.92,"Department of Export Agriculture, Sri Lanka - Economic Research Unit",https://exagri.info/mkt/2022/22.02.2022.html,2022-02-22,2026-10-07,Sri Lanka,LKR,kg,farm_gate,weekly,0958bd7854729ff4bab3717db6258e58fb7fa1e7dc171d2f754b09344159d6b0,observed_source_value,7baaabdc3be9ae617c44,0.08218089877083146,0.0789783557018791,UP,1170.71,1101.57,0.06276496273500554,8.0,1179.7333333333333,0.04244284192255314,2022-03-08,0.06709973794714741,0.06494444306556746,UP,14.0,,,0,TRAIN
2022-03-08,National,black_pepper,Grade 1,average,1351.93,"Department of Export Agriculture, Sri Lanka - Economic Research Unit",https://exagri.info/mkt/2022/08.03.2022.html,2022-03-08,2026-10-07,Sri Lanka,LKR,kg,farm_gate,weekly,c3bc86e568e9a151b8f413645afb1e048e955b77e1cc36bd96f07e559df1820a,observed_source_value,bf067cacc58ff79a36a0,0.06709973794714741,0.06494444306556746,UP,1266.92,1170.71,0.08218089877083146,14.0,1263.1866666666667,0.010191583619806105,2022-03-15,0.05003217622214162,0.04882080772100084,UP,7.0,351.93000000000006,0.7396832676248031,0,TRAIN
2022-03-08,National,black_pepper,Grade 2,average,1000.0,"Department of Export Agriculture, Sri Lanka - Economic Research Unit",https://exagri.info/mkt/2022/08.03.2022.html,2022-03-08,2026-10-07,Sri Lanka,LKR,kg,farm_gate,weekly,c3bc86e568e9a151b8f413645afb1e048e955b77e1cc36bd96f07e559df1820a,observed_source_value,850448dfc789a6f89703,0.25,0.22314355131420976,UP,800.0,600.0,0.33333333333333326,126.0,800.0,0.10112316392206075,2022-06-07,0.5,0.4054651081081644,UP,91.0,351.93000000000006,0.7396832676248031,1,TRAIN
2022-03-15,National,black_pepper,Grade 1,average,1419.57,"Department of Export Agriculture, Sri Lanka - Economic Research Unit",https://exagri.info/mkt/2022/15.03.2022.html,2022-03-15,2026-10-07,Sri Lanka,LKR,kg,farm_gate,weekly,dc3ff81647f2d44edcd65863f0040304e5fe7891bf359baa96283730a4c7bf0e,observed_source_value,3358818df257315ed176,0.05003217622214162,0.04882080772100084,UP,1351.93,1266.92,0.06709973794714741,7.0,1346.1399999999996,0.01608458597819373,2022-03-22,0.07839697936699142,0.07547566013989011,UP,7.0,,,0,TRAIN
2022-03-22,National,black_pepper,Grade 1,average,1530.86,"Department of Export Agriculture, Sri Lanka - Economic Research Unit",https://exagri.info/mkt/2022/22.03.2022.html,2022-03-22,2026-10-07,Sri Lanka,LKR,kg,farm_gate,weekly,42a2576d4d3e5ab823368d8c17fe06e343090f1c08ca64aec295489597e5a407,observed_source_value,05bdfcf132c0fce65c4e,0.07839697936699142,0.07547566013989011,UP,1419.57,1351.93,0.05003217622214162,7.0,1434.1199999999997,0.014279889030738867,2022-03-29,-0.002430006662921369,-0.002432963920854671,DOWN,7.0,,,0,TRAIN
2022-03-29,National,black_pepper,Grade 1,average,1527.14,"Department of Export Agriculture, Sri Lanka - Economic Research Unit",https://exagri.info/mkt/2022/29.03.2022.html,2022-03-29,2026-10-07,Sri Lanka,LKR,kg,farm_gate,weekly,68d6bd90e302a6ffa7d05d51a5abef100a93291f1baf1b2edfc5c237828cbce1,observed_source_value,67e6d1eeffed4d33f268,-0.002430006662921369,-0.002432963920854671,DOWN,1530.86,1419.57,0.07839697936699142,7.0,1492.5233333333333,0.04100781299783348,2022-04-05,0.03742289508493002,0.03673965237056873,UP,7.0,,,0,TRAIN
2022-04-05,National,black_pepper,Grade 1,average,1584.29,"Department of Export Agriculture, Sri Lanka - Economic Research Unit",https://exagri.info/mkt/2022/05.04.2022.html,2022-04-05,2026-10-07,Sri Lanka,LKR,kg,farm_gate,weekly,858b10bafc6d82ffc2e417163047667ce1abcdf3e8f8a4047dd6b840ec5a80f7,observed_source_value,759a872528676f56f331,0.03742289508493002,0.03673965237056873,UP,1527.14,1530.86,-0.002430006662921369,7.0,1547.43,0.04041478902406307,2022-04-19,0.09420623749439816,0.09002920313801054,UP,14.0,,,0,TRAIN
2022-04-19,National,black_pepper,Grade 1,average,1733.54,"Department of Export Agriculture, Sri Lanka - Economic Research Unit",https://exagri.info/mkt/2022/19.04.2022.html,2022-04-19,2026-10-07,Sri Lanka,LKR,kg,farm_gate,weekly,97467558ede0ecd3824f6137c3a6cf53a65e5f6d04c87f2058c3ce562719d99a,observed_source_value,f77e4815e40d206f39d9,0.09420623749439816,0.09002920313801054,UP,1584.29,1527.14,0.03742289508493002,14.0,1614.9899999999998,0.04856467412593226,2022-04-26,0.09746530221396688,0.0930032501726244,UP,7.0,,,0,TRAIN
2022-04-26,National,black_pepper,Grade 1,average,1902.5,"Department of Export Agriculture, Sri Lanka - Economic Research Unit",https://exagri.info/mkt/2022/26.04.2022.html,2022-04-26,2026-10-07,Sri Lanka,LKR,kg,farm_gate,weekly,447f4a49c1c268732b5a64b3b9f40eb2d5d84b8d9086820106642d69a1406547,observed_source_value,8b2ac70301025f304d57,0.09746530221396688,0.0930032501726244,UP,1733.54,1584.29,0.09420623749439816,7.0,1740.1099999999997,0.03376403444467293,2022-05-04,0.04302759526938238,0.042127633261527644,UP,8.0,,,0,TRAIN
2022-05-04,National,black_pepper,Grade 1,average,1984.36,"Department of Export Agriculture, Sri Lanka - Economic Research Unit",https://exagri.info/mkt/2022/04.05.2022.html,2022-05-04,2026-10-07,Sri Lanka,LKR,kg,farm_gate,weekly,d322fa403186f8e8682ffdccbd5fc4c73f3252866eedef27349c5cfcae4905b0,observed_source_value,302d9b87bba7c013659a,0.04302759526938238,0.042127633261527644,UP,1902.5,1733.54,0.09746530221396688,8.0,1873.4666666666665,0.03053232947829528,2022-05-17,-0.0840522888991917,-0.08779599988844017,DOWN,13.0,,,0,TRAIN
2022-05-17,National,black_pepper,Grade 1,average,1817.57,"Department of Export Agriculture, Sri Lanka - Economic Research Unit",https://exagri.info/mkt/2022/17.05.2022.html,2022-05-17,2026-10-07,Sri Lanka,LKR,kg,farm_gate,weekly,ea24a06813d04050171a268422753e23930d2d768113eb4edc85abf0e4c1b605,observed_source_value,36a7d31a72d6ae03de9f,-0.0840522888991917,-0.08779599988844017,DOWN,1984.36,1902.5,0.04302759526938238,13.0,1901.4766666666665,0.09314987634739205,2022-05-24,-0.008406828897924101,-0.008442365591410865,DOWN,7.0,,,0,TRAIN
2022-05-24,National,black_pepper,Grade 1,average,1802.29,"Department of Export Agriculture, Sri Lanka - Economic Research Unit",https://exagri.info/mkt/2022/24.05.2022.html,2022-05-24,2026-10-07,Sri Lanka,LKR,kg,farm_gate,weekly,7f785b06d765de7e17f3fbc2c8ac059c66fb2396d87c321835ebe0a0bc2c92c6,observed_source_value,999a95a17c464eb1e64c,-0.008406828897924101,-0.008442365591410865,DOWN,1817.57,1984.36,-0.0840522888991917,7.0,1868.073333333333,0.06392317337831414,2022-05-31,-0.04783913798556283,-0.04902128576081045,DOWN,7.0,,,0,TRAIN
2022-05-31,National,black_pepper,Grade 1,average,1716.07,"Department of Export Agriculture, Sri Lanka - Economic Research Unit",https://exagri.info/mkt/2022/31.05.2022.html,2022-05-31,2026-10-07,Sri Lanka,LKR,kg,farm_gate,weekly,b64b6e3157a827039646341606e6bddb21ceffb0f1a195bcc2a217c4217c34df,observed_source_value,d9ca2dd82926f7ee814e,-0.04783913798556283,-0.04902128576081045,DOWN,1802.29,1817.57,-0.008406828897924101,7.0,1778.6433333333332,0.03783414445065853,2022-06-07,0.01157295448320883,0.011506500069966246,UP,7.0,,,0,TRAIN
2022-06-07,National,black_pepper,Grade 1,average,1735.93,"Department of Export Agriculture, Sri Lanka - Economic Research Unit",https://exagri.info/mkt/2022/07.06.2022.html,2022-06-07,2026-10-07,Sri Lanka,LKR,kg,farm_gate,weekly,cbda76bb382f8411a3402a9c1cb7c66aef532c3a1d95c010693be0b68fdab55c,observed_source_value,ee54d6e451dd96be3a5f,0.01157295448320883,0.011506500069966246,UP,1716.07,1802.29,-0.04783913798556283,7.0,1751.43,0.030232144800576153,2022-06-15,-0.008105165530868264,-0.00813819095709555,DOWN,8.0,235.93000000000006,0.8640901418836012,0,TRAIN
2022-06-07,National,black_pepper,Grade 2,average,1500.0,"Department of Export Agriculture, Sri Lanka - Economic Research Unit",https://exagri.info/mkt/2022/07.06.2022.html,2022-06-07,2026-10-07,Sri Lanka,LKR,kg,farm_gate,weekly,cbda76bb382f8411a3402a9c1cb7c66aef532c3a1d95c010693be0b68fdab55c,observed_source_value,8bc19d2266739c23f704,0.5,0.4054651081081644,UP,1000.0,800.0,0.25,91.0,1100.0,0.12729376930432845,2022-12-05,0.040000000000000036,0.03922071315328133,UP,181.0,235.93000000000006,0.8640901418836012,1,TRAIN
2022-06-15,National,black_pepper,Grade 1,average,1721.86,"Department of Export Agriculture, Sri Lanka - Economic Research Unit",https://exagri.info/mkt/2022/15.06.2022.html,2022-06-15,2026-10-07,Sri Lanka,LKR,kg,farm_gate,weekly,04b1544e276438c04e59b19381a97775e6ad0bcc866ddf05d3871279783c1980,observed_source_value,4bce39ee7ad132d193a2,-0.008105165530868264,-0.00813819095709555,DOWN,1735.93,1716.07,0.01157295448320883,8.0,1724.62,0.030264978952128808,2022-06-21,0.0020733392958778296,0.0020711928942604247,UP,6.0,,,0,TRAIN
2022-06-21,National,black_pepper,Grade 1,average,1725.43,"Department of Export Agriculture, Sri Lanka - Economic Research Unit",https://exagri.info/mkt/2022/21.06.2022.html,2022-06-21,2026-10-07,Sri Lanka,LKR,kg,farm_gate,weekly,2718b3dc62c6a17e7cea943bec6c828404d05997bf5d50fd38c3ea75d05496a0,observed_source_value,f90c59c115b351a3fdef,0.0020733392958778296,0.0020711928942604247,UP,1721.86,1735.93,-0.008105165530868264,6.0,1727.7399999999998,0.009841011605385294,2022-06-28,0.017218896159218344,0.01707233103427712,UP,7.0,,,0,TRAIN
2022-06-28,National,black_pepper,Grade 1,average,1755.14,"Department of Export Agriculture, Sri Lanka - Economic Research Unit",https://exagri.info/mkt/2022/28.06.2022.html,2022-06-28,2026-10-07,Sri Lanka,LKR,kg,farm_gate,weekly,c3f79788a468bc43dae330a476e05f1a49ddfb1c9d2381a37ae017a18bd71fcd,observed_source_value,293fbf99a410ba50e442,0.017218896159218344,0.01707233103427712,UP,1725.43,1721.86,0.0020733392958778296,7.0,1734.1433333333332,0.012742958537248267,2022-07-05,0.014813633100493329,0.014704982925999956,UP,7.0,,,0,TRAIN
2022-07-05,National,black_pepper,Grade 1,average,1781.14,"Department of Export Agriculture, Sri Lanka - Economic Research Unit",https://exagri.info/mkt/2022/05.07.2022.html,2022-07-05,2026-10-07,Sri Lanka,LKR,kg,farm_gate,weekly,fa8701b878725877833856773c6abb3e36d019dc98314c78e0bc196b7a5c5ac5,observed_source_value,d6fe3edb94538b75d48d,0.014813633100493329,0.014704982925999956,UP,1755.14,1725.43,0.017218896159218344,7.0,1753.9033333333334,0.0081392901954077,2022-07-12,0.004452204767732892,0.004442323023595256,UP,7.0,,,0,TRAIN
2022-07-12,National,black_pepper,Grade 1,average,1789.07,"Department of Export Agriculture, Sri Lanka - Economic Research Unit",https://exagri.info/mkt/2022/12.07.2022.html,2022-07-12,2026-10-07,Sri Lanka,LKR,kg,farm_gate,weekly,dea9455e0b08ac8a22e0f46b937f85df022fc280aba1a90b11768580dec2a6c2,observed_source_value,227170172165d6b58c7f,0.004452204767732892,0.004442323023595256,UP,1781.14,1755.14,0.014813633100493329,7.0,1775.1166666666666,0.006783962664034867,2022-07-19,0.009580396518861889,0.009534795539100756,UP,7.0,,,0,TRAIN
2022-07-19,National,black_pepper,Grade 1,average,1806.21,"Department of Export Agriculture, Sri Lanka - Economic Research Unit",https://exagri.info/mkt/2022/19.07.2022.html,2022-07-19,2026-10-07,Sri Lanka,LKR,kg,farm_gate,weekly,ac27fe7444f9b2d63a8f3eb8723cff30f7fd3ecb698f48888ae774d96f80236c,observed_source_value,b1961474d5f17667081b,0.009580396518861889,0.009534795539100756,UP,1789.07,1781.14,0.004452204767732892,7.0,1792.14,0.005180802911561914,2022-07-26,0.014516584450313008,0.014412227562941901,UP,7.0,,,0,TRAIN
2022-07-26,National,black_pepper,Grade 1,average,1832.43,"Department of Export Agriculture, Sri Lanka - Economic Research Unit",https://exagri.info/mkt/2022/26.07.2022.html,2022-07-26,2026-10-07,Sri Lanka,LKR,kg,farm_gate,weekly,ef2824a196b59afce21b7ce6e00b39ab294f85e8a35377a217a129b91b4b88db,observed_source_value,4b1f766fe8b9f6575676,0.014516584450313008,0.014412227562941901,UP,1806.21,1789.07,0.009580396518861889,7.0,1809.2366666666665,0.005032495079086338,2022-08-02,0.0075200689794425735,0.007491934222882019,UP,7.0,,,0,TRAIN
2022-08-02,National,black_pepper,Grade 1,average,1846.21,"Department of Export Agriculture, Sri Lanka - Economic Research Unit",https://exagri.info/mkt/2022/02.08.2022.html,2022-08-02,2026-10-07,Sri Lanka,LKR,kg,farm_gate,weekly,fbd7e6186d4259baab03b935c6e71bf597acfe83f2294eccbf03765582ff0ac0,observed_source_value,fac75a5e7492872909f4,0.0075200689794425735,0.007491934222882019,UP,1832.43,1806.21,0.014516584450313008,7.0,1828.283333333333,0.003595416749105953,2022-08-09,-0.004251954003065772,-0.004261019265332465,DOWN,7.0,,,0,TRAIN
2022-08-09,National,black_pepper,Grade 1,average,1838.36,"Department of Export Agriculture, Sri Lanka - Economic Research Unit",https://exagri.info/mkt/2022/09.08.2022.html,2022-08-09,2026-10-07,Sri Lanka,LKR,kg,farm_gate,weekly,bddf3bb3b3afdfa0daec00e54dc778cda2395ff814647789c76a870681dbfc8e,observed_source_value,67602a930f005e69e300,-0.004251954003065772,-0.004261019265332465,DOWN,1846.21,1832.43,0.0075200689794425735,7.0,1839.0,0.00948498628984141,2022-08-16,-0.014262712417589474,-0.0143654024958294,DOWN,7.0,,,0,TRAIN
2022-08-16,National,black_pepper,Grade 1,average,1812.14,"Department of Export Agriculture, Sri Lanka - Economic Research Unit",https://exagri.info/mkt/2022/16.08.2022.html,2022-08-16,2026-10-07,Sri Lanka,LKR,kg,farm_gate,weekly,cc59ce29a5a95fd4c88b4cb0ce1f59af2b3e5d85a80745ec3794381735f4a4f7,observed_source_value,9ffe95b6c2d2e66c77ea,-0.014262712417589474,-0.0143654024958294,DOWN,1838.36,1846.21,-0.004251954003065772,7.0,1832.2366666666665,0.010903251613820136,2022-08-23,-0.027867604048252392,-0.02826327397051333,DOWN,7.0,,,0,TRAIN
2022-08-23,National,black_pepper,Grade 1,average,1761.64,"Department of Export Agriculture, Sri Lanka - Economic Research Unit",https://exagri.info/mkt/2022/23.08.2022.html,2022-08-23,2026-10-07,Sri Lanka,LKR,kg,farm_gate,weekly,e141d0dade72d21292759ff01213f61ed03b7234b40981f91e669f37dedc8bb0,observed_source_value,7e0772e7ca565f9a44d9,-0.027867604048252392,-0.02826327397051333,DOWN,1812.14,1838.36,-0.014262712417589474,7.0,1804.0466666666664,0.011853320824230637,2022-08-30,-0.006079562226107504,-0.006098118010126812,DOWN,7.0,,,0,TRAIN
2022-08-30,National,black_pepper,Grade 1,average,1750.93,"Department of Export Agriculture, Sri Lanka - Economic Research Unit",https://exagri.info/mkt/2022/30.08.2022.html,2022-08-30,2026-10-07,Sri Lanka,LKR,kg,farm_gate,weekly,03bd3dc5c856e5f9c6a5c05bb6394df5dcde968811a6fb2c6937209141289558,observed_source_value,33313b5ac0931ae76e11,-0.006079562226107504,-0.006098118010126812,DOWN,1761.64,1812.14,-0.027867604048252392,7.0,1774.9033333333334,0.011005875626092062,2022-09-06,-0.0017133751777627104,-0.0017148446837959215,DOWN,7.0,,,0,TRAIN
2022-09-06,National,black_pepper,Grade 1,average,1747.93,"Department of Export Agriculture, Sri Lanka - Economic Research Unit",https://exagri.info/mkt/2022/06.09.2022.html,2022-09-06,2026-10-07,Sri Lanka,LKR,kg,farm_gate,weekly,83b8e10d28b5eb71f2c62c8087542ddfb19ed7b703a87cdae9c62c4d85a099e2,observed_source_value,ec1039dc01c72f36425d,-0.0017133751777627104,-0.0017148446837959215,DOWN,1750.93,1761.64,-0.006079562226107504,7.0,1753.5,0.014010865091032637,2022-09-13,-0.0007380158244323365,-0.0007382882921761451,DOWN,7.0,,,0,TRAIN
2022-09-13,National,black_pepper,Grade 1,average,1746.64,"Department of Export Agriculture, Sri Lanka - Economic Research Unit",https://exagri.info/mkt/2022/13.09.2022.html,2022-09-13,2026-10-07,Sri Lanka,LKR,kg,farm_gate,weekly,c2b65a22d2ded10862bbef95251cacda6678cd16881bdc854b1080424b8cbc12,observed_source_value,3b2ef4107c85c7c8db86,-0.0007380158244323365,-0.0007382882921761451,DOWN,1747.93,1750.93,-0.0017133751777627104,7.0,1748.5,0.0028444985841267105,2022-09-20,0.015171987358585604,0.01505804381293737,UP,7.0,,,0,TRAIN
2022-09-20,National,black_pepper,Grade 1,average,1773.14,"Department of Export Agriculture, Sri Lanka - Economic Research Unit",https://exagri.info/mkt/2022/20.09.2022.html,2022-09-20,2026-10-07,Sri Lanka,LKR,kg,farm_gate,weekly,fb6c3f6e9c2af3b3f8b234578090fcaed4c9f674b895fead21b0725116834e5f,observed_source_value,8a41dc503f32a9e0eb30,0.015171987358585604,0.01505804381293737,UP,1746.64,1747.93,-0.0007380158244323365,7.0,1755.903333333333,0.009479759096233843,2022-09-27,0.015351297697869137,0.015234658719123632,UP,7.0,,,0,TRAIN
2022-09-27,National,black_pepper,Grade 1,average,1800.36,"Department of Export Agriculture, Sri Lanka - Economic Research Unit",https://exagri.info/mkt/2022/27.09.2022.html,2022-09-27,2026-10-07,Sri Lanka,LKR,kg,farm_gate,weekly,3e5b1fd5b9ea4697f3d5a7edc3a3b08f583137836cdfbac385bcf0b857576d23,observed_source_value,755672fdf5e3f640c3f2,0.015351297697869137,0.015234658719123632,UP,1773.14,1746.64,0.015171987358585604,7.0,1773.3799999999999,0.009237842128083944,2022-10-11,0.004126952387300431,0.004118459876736701,UP,14.0,,,0,TRAIN
2022-10-11,National,black_pepper,Grade 1,average,1807.79,"Department of Export Agriculture, Sri Lanka - Economic Research Unit",https://exagri.info/mkt/2022/11.10.2022.html,2022-10-11,2026-10-07,Sri Lanka,LKR,kg,farm_gate,weekly,16015f09e3fd05362710a33eed0a1b83592e1a47171871b9c7612bd8613d372a,observed_source_value,39926ad859cbb09c665e,0.004126952387300431,0.004118459876736701,UP,1800.36,1773.14,0.015351297697869137,14.0,1793.763333333333,0.006429241497067128,2022-10-18,0.004027016412304407,0.004018929684698427,UP,7.0,,,0,TRAIN
2022-10-18,National,black_pepper,Grade 1,average,1815.07,"Department of Export Agriculture, Sri Lanka - Economic Research Unit",https://exagri.info/mkt/2022/18.10.2022.html,2022-10-18,2026-10-07,Sri Lanka,LKR,kg,farm_gate,weekly,29ea3e464c6c1aa0fe7d1e80fbeffd3af6bfe5d0b17ddac41d635a711bc29431,observed_source_value,bc951ed01e14a94fcff2,0.004027016412304407,0.004018929684698427,UP,1807.79,1800.36,0.004126952387300431,7.0,1807.7399999999998,0.006509419603987515,2022-10-25,-0.006611315266077944,-0.006633266816760263,DOWN,7.0,,,0,TRAIN
2022-10-25,National,black_pepper,Grade 1,average,1803.07,"Department of Export Agriculture, Sri Lanka - Economic Research Unit",https://exagri.info/mkt/2022/25.10.2022.html,2022-10-25,2026-10-07,Sri Lanka,LKR,kg,farm_gate,weekly,a54bd11eb745072a4aebfed4f2aac38f2fc7ebbfd6802a63f98ceb403103d3c5,observed_source_value,585c6fbd32a72f80d0a4,-0.006611315266077944,-0.006633266816760263,DOWN,1815.07,1807.79,0.004027016412304407,7.0,1808.6433333333332,0.0061710949905459415,2022-11-01,-0.00360496264704091,-0.0036114761836333487,DOWN,7.0,,,0,TRAIN
2022-11-01,National,black_pepper,Grade 1,average,1796.57,"Department of Export Agriculture, Sri Lanka - Economic Research Unit",https://exagri.info/mkt/2022/01.11.2022.html,2022-11-01,2026-10-07,Sri Lanka,LKR,kg,farm_gate,weekly,23839f10b2763cb338e058dd9107b611d03d8c2d16371a6e6b9c9834b7195796,observed_source_value,d0cdab59963fdba705d0,-0.00360496264704091,-0.0036114761836333487,DOWN,1803.07,1815.07,-0.006611315266077944,7.0,1804.903333333333,0.005484210081856696,2022-11-08,-0.00043416065057300113,-0.0004342549255962452,DOWN,7.0,,,0,TRAIN
2022-11-08,National,black_pepper,Grade 1,average,1795.79,"Department of Export Agriculture, Sri Lanka - Economic Research Unit",https://exagri.info/mkt/2022/08.11.2022.html,2022-11-08,2026-10-07,Sri Lanka,LKR,kg,farm_gate,weekly,60ca0d8336d85aa5cb2ffecae222ff9425a729cd908affc40d987a86029cf3e2,observed_source_value,17b5972c502ae4c5677b,-0.00043416065057300113,-0.0004342549255962452,DOWN,1796.57,1803.07,-0.00360496264704091,7.0,1798.4766666666665,0.003088942119742916,2022-11-15,-0.01642731054299218,-0.016563734929394135,DOWN,7.0,,,0,TRAIN
2022-11-15,National,black_pepper,Grade 1,average,1766.29,"Department of Export Agriculture, Sri Lanka - Economic Research Unit",https://exagri.info/mkt/2022/15.11.2022.html,2022-11-15,2026-10-07,Sri Lanka,LKR,kg,farm_gate,weekly,1f23dee6ba4e7bf3fccc8babf1fcf87be133c49498fbcb01b183bbaf9a05ada1,observed_source_value,f91b69ccf543e62d5d38,-0.01642731054299218,-0.016563734929394135,DOWN,1795.79,1796.57,-0.00043416065057300113,7.0,1786.2166666666665,0.008468052061986456,2022-11-22,-0.02337668219828004,-0.023654251127513373,DOWN,7.0,,,0,TRAIN
2022-11-22,National,black_pepper,Grade 1,average,1725.0,"Department of Export Agriculture, Sri Lanka - Economic Research Unit",https://exagri.info/mkt/2022/22.11.2022.html,2022-11-22,2026-10-07,Sri Lanka,LKR,kg,farm_gate,weekly,6063113dfc82db6b89ed3eae866c8189f3dc353debcf7e50fa875d57680448e7,observed_source_value,66b2f50ad23bdaaeaa6e,-0.02337668219828004,-0.023654251127513373,DOWN,1766.29,1795.79,-0.01642731054299218,7.0,1762.36,0.011764593100002685,2022-11-29,-0.048365217391304394,-0.049573949509798126,DOWN,7.0,,,0,TRAIN
2022-11-29,National,black_pepper,Grade 1,average,1641.57,"Department of Export Agriculture, Sri Lanka - Economic Research Unit",https://exagri.info/mkt/2022/29.11.2022.html,2022-11-29,2026-10-07,Sri Lanka,LKR,kg,farm_gate,weekly,6f9688a1328f0674092cc87cf1e952fec43bb4afeac1c7f6e488c71b65f5a38e,observed_source_value,bca5f2dd005096815aed,-0.048365217391304394,-0.049573949509798126,DOWN,1725.0,1766.29,-0.02337668219828004,7.0,1710.9533333333331,0.01679657976765842,2022-12-05,-0.025451244844874044,-0.025780730341824362,DOWN,6.0,,,0,TRAIN
2022-12-05,National,black_pepper,Grade 1,average,1599.79,"Department of Export Agriculture, Sri Lanka - Economic Research Unit",https://exagri.info/mkt/2022/05.12.2022.html,2022-12-05,2026-10-07,Sri Lanka,LKR,kg,farm_gate,weekly,7ff0df285815feaa20e8cfe82fe7aebf0d12d22ce0aa3f68b046f5f6d07e4d7d,observed_source_value,f7453174f80b85ea139f,-0.025451244844874044,-0.025780730341824362,DOWN,1641.57,1725.0,-0.048365217391304394,6.0,1655.4533333333331,0.013867112407457024,2022-12-13,0.015001969008432425,0.014890552401654673,UP,8.0,39.789999999999964,0.9751279855481032,0,TRAIN
2022-12-05,National,black_pepper,Grade 2,average,1560.0,"Department of Export Agriculture, Sri Lanka - Economic Research Unit",https://exagri.info/mkt/2022/05.12.2022.html,2022-12-05,2026-10-07,Sri Lanka,LKR,kg,farm_gate,weekly,7ff0df285815feaa20e8cfe82fe7aebf0d12d22ce0aa3f68b046f5f6d07e4d7d,observed_source_value,6458841f08afe06b5dee,0.040000000000000036,0.03922071315328133,UP,1500.0,1000.0,0.5,181.0,1353.3333333333333,0.23028967265887812,2022-12-13,0.012820512820512775,0.012739025777429712,UP,8.0,39.789999999999964,0.9751279855481032,1,TRAIN
2022-12-13,National,black_pepper,Grade 1,average,1623.79,"Department of Export Agriculture, Sri Lanka - Economic Research Unit",https://exagri.info/mkt/2022/13.12.2022.html,2022-12-13,2026-10-07,Sri Lanka,LKR,kg,farm_gate,weekly,be703d7b2ab930d13296a7b9ba96def582a07049cf6ba5027aeaeb6a18287246,observed_source_value,ebcc772fc5771d30f346,0.015001969008432425,0.014890552401654673,UP,1599.79,1641.57,-0.025451244844874044,8.0,1621.7166666666665,0.032085596356046776,2022-12-20,0.024849272381280985,0.024545550441928198,UP,7.0,43.789999999999964,0.973032227073698,0,TRAIN
2022-12-13,National,black_pepper,Grade 2,average,1580.0,"Department of Export Agriculture, Sri Lanka - Economic Research Unit",https://exagri.info/mkt/2022/13.12.2022.html,2022-12-13,2026-10-07,Sri Lanka,LKR,kg,farm_gate,weekly,be703d7b2ab930d13296a7b9ba96def582a07049cf6ba5027aeaeb6a18287246,observed_source_value,1bbaf23197519d9207bf,0.012820512820512775,0.012739025777429712,UP,1560.0,1500.0,0.040000000000000036,8.0,1546.6666666666667,0.27376467304718954,2022-12-20,0.03797468354430378,0.0372713947972316,UP,7.0,43.789999999999964,0.973032227073698,1,TRAIN
2022-12-20,National,black_pepper,Grade 1,average,1664.14,"Department of Export Agriculture, Sri Lanka - Economic Research Unit",https://exagri.info/mkt/2022/20.12.2022.html,2022-12-20,2026-10-07,Sri Lanka,LKR,kg,farm_gate,weekly,201f8ed505b82f03e427a6dd365abcf80de86ffb6bc1920e0c1ac98aeb7d5aea,observed_source_value,3fffef53eafb6a989c2c,0.024849272381280985,0.024545550441928198,UP,1623.79,1599.79,0.015001969008432425,7.0,1629.2399999999998,0.026657000106279354,2022-12-27,0.0030946915523932805,0.0030899128510238493,UP,7.0,24.1400000000001,0.9854940089175189,0,TRAIN
2022-12-20,National,black_pepper,Grade 2,average,1640.0,"Department of Export Agriculture, Sri Lanka - Economic Research Unit",https://exagri.info/mkt/2022/20.12.2022.html,2022-12-20,2026-10-07,Sri Lanka,LKR,kg,farm_gate,weekly,201f8ed505b82f03e427a6dd365abcf80de86ffb6bc1920e0c1ac98aeb7d5aea,observed_source_value,b2b0eb536e982933a31c,0.03797468354430378,0.0372713947972316,UP,1580.0,1560.0,0.012820512820512775,7.0,1593.3333333333333,0.015141327192417516,2022-12-27,0.012195121951219523,0.01212136053234482,UP,7.0,24.1400000000001,0.9854940089175189,1,TRAIN
2022-12-27,National,black_pepper,Grade 1,average,1669.29,"Department of Export Agriculture, Sri Lanka - Economic Research Unit",https://exagri.info/mkt/2022/27.12.2022.html,2022-12-27,2026-10-07,Sri Lanka,LKR,kg,farm_gate,weekly,4c60faeea8c24a79a48fc96e46eea1fbec2996d426c0cbf1a7a27e1f782d5b3a,observed_source_value,b2081e5d2cd05661787f,0.0030946915523932805,0.0030899128510238493,UP,1664.14,1623.79,0.024849272381280985,7.0,1652.4066666666665,0.01089353345776529,2023-01-03,-0.0013718407227024665,-0.001372782557650266,DOWN,7.0,9.289999999999964,0.9944347596882507,0,TRAIN
2022-12-27,National,black_pepper,Grade 2,average,1660.0,"Department of Export Agriculture, Sri Lanka - Economic Research Unit",https://exagri.info/mkt/2022/27.12.2022.html,2022-12-27,2026-10-07,Sri Lanka,LKR,kg,farm_gate,weekly,4c60faeea8c24a79a48fc96e46eea1fbec2996d426c0cbf1a7a27e1f782d5b3a,observed_source_value,0f7e21b874a73d82a85a,0.012195121951219523,0.01212136053234482,UP,1640.0,1580.0,0.03797468354430378,7.0,1626.6666666666667,0.014706626706309765,2023-01-03,-0.033132530120481896,-0.033693845786472644,DOWN,7.0,9.289999999999964,0.9944347596882507,1,TRAIN
2023-01-03,National,black_pepper,Grade 1,average,1667.0,"Department of Export Agriculture, Sri Lanka - Economic Research Unit",https://exagri.info/mkt/2023/03.01.2023.html,2023-01-03,2026-10-07,Sri Lanka,LKR,kg,farm_gate,weekly,14b35606f65483d70f6d74b421d49dcd96de530ffc7ecbc04743d0e08fbe157d,observed_source_value,5d3423d79567e9d2944d,-0.0013718407227024665,-0.001372782557650266,DOWN,1669.29,1664.14,0.0030946915523932805,7.0,1666.8100000000002,0.014028295631906844,2023-01-10,0.0021835632873425936,0.002181182777726783,UP,7.0,62.0,0.9628074385122976,0,TRAIN
2023-01-03,National,black_pepper,Grade 2,average,1605.0,"Department of Export Agriculture, Sri Lanka - Economic Research Unit",https://exagri.info/mkt/2023/03.01.2023.html,2023-01-03,2026-10-07,Sri Lanka,LKR,kg,farm_gate,weekly,14b35606f65483d70f6d74b421d49dcd96de530ffc7ecbc04743d0e08fbe157d,observed_source_value,1685319f5a8c89240793,-0.033132530120481896,-0.033693845786472644,DOWN,1660.0,1640.0,0.012195121951219523,7.0,1635.0,0.03599865199660067,2023-01-10,0.028037383177569986,0.02765153133050995,UP,7.0,62.0,0.9628074385122976,1,TRAIN
2023-01-10,National,black_pepper,Grade 1,average,1670.64,"Department of Export Agriculture, Sri Lanka - Economic Research Unit",https://exagri.info/mkt/2023/10.01.2023.html,2023-01-10,2026-10-07,Sri Lanka,LKR,kg,farm_gate,weekly,2fa4576aa37b406c5c8a9f69183c9777f88610a460fcb80c001dd604133e540e,observed_source_value,115b46012935dff5f151,0.0021835632873425936,0.002181182777726783,UP,1667.0,1669.29,-0.0013718407227024665,7.0,1668.9766666666665,0.0023601187454085747,2023-01-17,0.004788584015706476,0.004777155217918716,UP,7.0,20.6400000000001,0.9876454532394771,0,TRAIN
2023-01-10,National,black_pepper,Grade 2,average,1650.0,"Department of Export Agriculture, Sri Lanka - Economic Research Unit",https://exagri.info/mkt/2023/10.01.2023.html,2023-01-10,2026-10-07,Sri Lanka,LKR,kg,farm_gate,weekly,2fa4576aa37b406c5c8a9f69183c9777f88610a460fcb80c001dd604133e540e,observed_source_value,3056af59b239a224bc2d,0.028037383177569986,0.02765153133050995,UP,1605.0,1660.0,-0.033132530120481896,7.0,1638.3333333333333,0.03174726123617642,2023-01-17,-0.010909090909090868,-0.010969031370573933,DOWN,7.0,20.6400000000001,0.9876454532394771,1,TRAIN
2023-01-17,National,black_pepper,Grade 1,average,1678.64,"Department of Export Agriculture, Sri Lanka - Economic Research Unit",https://exagri.info/mkt/2023/17.01.2023.html,2023-01-17,2026-10-07,Sri Lanka,LKR,kg,farm_gate,weekly,03577ce338cacc10100e300dc16f2593fff2b75076a6a967ac3536acfe2827ae,observed_source_value,55fe2e3f47c7b3422382,0.004788584015706476,0.004777155217918716,UP,1670.64,1667.0,0.0021835632873425936,7.0,1672.0933333333332,0.0030924063884385697,2023-01-24,0.007488204737168047,0.0074603073132630225,UP,7.0,46.6400000000001,0.9722156031072773,0,TRAIN
2023-01-17,National,black_pepper,Grade 2,average,1632.0,"Department of Export Agriculture, Sri Lanka - Economic Research Unit",https://exagri.info/mkt/2023/17.01.2023.html,2023-01-17,2026-10-07,Sri Lanka,LKR,kg,farm_gate,weekly,03577ce338cacc10100e300dc16f2593fff2b75076a6a967ac3536acfe2827ae,observed_source_value,7953f2560b50b6f4b056,-0.010909090909090868,-0.010969031370573933,DOWN,1650.0,1605.0,0.028037383177569986,7.0,1629.0,0.030963600638643392,2023-01-24,-0.007352941176470562,-0.007380107297622534,DOWN,7.0,46.6400000000001,0.9722156031072773,1,TRAIN
2023-01-24,National,black_pepper,Grade 1,average,1691.21,"Department of Export Agriculture, Sri Lanka - Economic Research Unit",https://exagri.info/mkt/2023/24.01.2023.html,2023-01-24,2026-10-07,Sri Lanka,LKR,kg,farm_gate,weekly,8d048d4b36587e458117346179ca3df721e53d93bfac8ad2d1c7285190af3ff7,observed_source_value,99115fdc30deb70c7c0a,0.007488204737168047,0.0074603073132630225,UP,1678.64,1670.64,0.004788584015706476,7.0,1680.1633333333332,0.002652461308113692,2023-01-31,-0.002406560982964767,-0.0024094614051434473,DOWN,7.0,71.21000000000004,0.957894052187487,0,TRAIN
2023-01-24,National,black_pepper,Grade 2,average,1620.0,"Department of Export Agriculture, Sri Lanka - Economic Research Unit",https://exagri.info/mkt/2023/24.01.2023.html,2023-01-24,2026-10-07,Sri Lanka,LKR,kg,farm_gate,weekly,8d048d4b36587e458117346179ca3df721e53d93bfac8ad2d1c7285190af3ff7,observed_source_value,3074ef985c06dbb3a53f,-0.007352941176470562,-0.007380107297622534,DOWN,1632.0,1650.0,-0.010909090909090868,7.0,1634.0,0.021532723556592512,2023-01-31,0.0092592592592593,0.009216655104924048,UP,7.0,71.21000000000004,0.957894052187487,1,TRAIN
2023-01-31,National,black_pepper,Grade 1,average,1687.14,"Department of Export Agriculture, Sri Lanka - Economic Research Unit",https://exagri.info/mkt/2023/31.01.2023.html,2023-01-31,2026-10-07,Sri Lanka,LKR,kg,farm_gate,weekly,ab42dc35525b9bc4ab1ada23a400f50e41e056a0bd4ee5b3b1a7ffd722a4e131,observed_source_value,6ab1050f5e479fc7e0ee,-0.002406560982964767,-0.0024094614051434473,DOWN,1691.21,1678.64,0.007488204737168047,7.0,1685.6633333333332,0.005114757280784819,2023-02-07,-0.00787130884218279,-0.007902451121606865,DOWN,7.0,52.1400000000001,0.969095629289804,0,TRAIN
2023-01-31,National,black_pepper,Grade 2,average,1635.0,"Department of Export Agriculture, Sri Lanka - Economic Research Unit",https://exagri.info/mkt/2023/31.01.2023.html,2023-01-31,2026-10-07,Sri Lanka,LKR,kg,farm_gate,weekly,ab42dc35525b9bc4ab1ada23a400f50e41e056a0bd4ee5b3b1a7ffd722a4e131,observed_source_value,15481758b907c8cd337d,0.0092592592592593,0.009216655104924048,UP,1620.0,1632.0,-0.007352941176470562,7.0,1629.0,0.010765483057366935,2023-02-07,-0.030581039755351647,-0.03105839701997274,DOWN,7.0,52.1400000000001,0.969095629289804,1,TRAIN
2023-02-07,National,black_pepper,Grade 1,average,1673.86,"Department of Export Agriculture, Sri Lanka - Economic Research Unit",https://exagri.info/mkt/2023/07.02.2023.html,2023-02-07,2026-10-07,Sri Lanka,LKR,kg,farm_gate,weekly,9b276a2c19f230ce063dc510485546a085837a5d3985e4ae4b0409069a710cf4,observed_source_value,7465dfce886cf11ad2fd,-0.00787130884218279,-0.007902451121606865,DOWN,1687.14,1691.21,-0.002406560982964767,7.0,1684.0699999999997,0.007785504856414128,2023-02-14,-0.006314745558170909,-0.006334767899068128,DOWN,7.0,88.8599999999999,0.946913122961299,0,TRAIN
2023-02-07,National,black_pepper,Grade 2,average,1585.0,"Department of Export Agriculture, Sri Lanka - Economic Research Unit",https://exagri.info/mkt/2023/07.02.2023.html,2023-02-07,2026-10-07,Sri Lanka,LKR,kg,farm_gate,weekly,9b276a2c19f230ce063dc510485546a085837a5d3985e4ae4b0409069a710cf4,observed_source_value,de7a4c58170f5e4249be,-0.030581039755351647,-0.03105839701997274,DOWN,1635.0,1620.0,0.0092592592592593,7.0,1613.3333333333333,0.02001149333291813,2023-05-09,-0.11671924290220825,-0.12411217070803106,DOWN,91.0,88.8599999999999,0.946913122961299,1,TRAIN
2023-02-14,National,black_pepper,Grade 1,average,1663.29,"Department of Export Agriculture, Sri Lanka - Economic Research Unit",https://exagri.info/mkt/2023/14.02.2023.html,2023-02-14,2026-10-07,Sri Lanka,LKR,kg,farm_gate,weekly,bc2cf2591cb3a740c1a878f3c58e742e92484048aae7db834fc6404b4f7fbfa4,observed_source_value,8afb2638161b9133b1c8,-0.006314745558170909,-0.006334767899068128,DOWN,1673.86,1687.14,-0.00787130884218279,7.0,1674.763333333333,0.0028154415016689743,2023-02-21,-0.0020200927078259934,-0.0020221358471176547,DOWN,7.0,,,0,TRAIN
2023-02-21,National,black_pepper,Grade 1,average,1659.93,"Department of Export Agriculture, Sri Lanka - Economic Research Unit",https://exagri.info/mkt/2023/21.02.2023.html,2023-02-21,2026-10-07,Sri Lanka,LKR,kg,farm_gate,weekly,60e8db3fd7ba643e409afc9ef4bceddee72961c6583dd3a7e2c5c6e565d65a65,observed_source_value,75a3b0773946e4a6aac3,-0.0020200927078259934,-0.0020221358471176547,DOWN,1663.29,1673.86,-0.006314745558170909,7.0,1665.693333333333,0.003030502230465719,2023-02-28,0.006494249757519777,0.0064732529741063785,UP,7.0,,,0,TRAIN
2023-02-28,National,black_pepper,Grade 1,average,1670.71,"Department of Export Agriculture, Sri Lanka - Economic Research Unit",https://exagri.info/mkt/2023/28.02.2023.html,2023-02-28,2026-10-07,Sri Lanka,LKR,kg,farm_gate,weekly,7c2c86610983cf6306f339245cf5bfa4856121fcedd13f4642256a4bcb7aa618,observed_source_value,58a8483d6d44764014d3,0.006494249757519777,0.0064732529741063785,UP,1659.93,1663.29,-0.0020200927078259934,7.0,1664.6433333333332,0.006519310184874287,2023-03-07,-0.12594645390283177,-0.13461363964585848,DOWN,7.0,,,0,TRAIN
2023-03-07,National,black_pepper,Grade 1,average,1460.29,"Department of Export Agriculture, Sri Lanka - Economic Research Unit",https://exagri.info/mkt/2023/07.03.2023.html,2023-03-07,2026-10-07,Sri Lanka,LKR,kg,farm_gate,weekly,08168678c4f8ce7e3dfd9a3565698977115c9891ded45f60137a509535ee4f94,observed_source_value,9bd2115805ac90cb2d45,-0.12594645390283177,-0.13461363964585848,DOWN,1670.71,1659.93,0.006494249757519777,7.0,1596.9766666666665,0.07412914070807032,2023-03-14,-0.09470036773517587,-0.099489304703383,DOWN,7.0,,,0,TRAIN
2023-03-14,National,black_pepper,Grade 1,average,1322.0,"Department of Export Agriculture, Sri Lanka - Economic Research Unit",https://exagri.info/mkt/2023/14.03.2023.html,2023-03-14,2026-10-07,Sri Lanka,LKR,kg,farm_gate,weekly,152a060213514542742b02ca59fb102b57177fcbc8a22c7b8938db8afd9070d0,observed_source_value,2a94aae2b8a786aab448,-0.09470036773517587,-0.099489304703383,DOWN,1460.29,1670.71,-0.12594645390283177,7.0,1484.333333333333,0.06923054299023741,2023-03-21,0.0936913767019667,0.08955855880932305,UP,7.0,,,0,TRAIN
2023-03-21,National,black_pepper,Grade 1,average,1445.86,"Department of Export Agriculture, Sri Lanka - Economic Research Unit",https://exagri.info/mkt/2023/21.03.2023.html,2023-03-21,2026-10-07,Sri Lanka,LKR,kg,farm_gate,weekly,126c7ba9a1ea4ee7598e67d1d666d4a6e0a9f8fa49eb658f5e983322e1986549,observed_source_value,5a9051b4ba0bf9c7ee93,0.0936913767019667,0.08955855880932305,UP,1322.0,1460.29,-0.09470036773517587,7.0,1409.3833333333332,0.11881957183453155,2023-03-28,-0.025694050599643026,-0.026029908236366965,DOWN,7.0,,,0,TRAIN
2023-03-28,National,black_pepper,Grade 1,average,1408.71,"Department of Export Agriculture, Sri Lanka - Economic Research Unit",https://exagri.info/mkt/2023/28.03.2023.html,2023-03-28,2026-10-07,Sri Lanka,LKR,kg,farm_gate,weekly,423ef3120db76604020be489d8a72bf9d95bf5e75d21bf00fc54f36027b3c06d,observed_source_value,9805caf37662c960d48c,-0.025694050599643026,-0.026029908236366965,DOWN,1445.86,1322.0,0.0936913767019667,7.0,1392.1899999999998,0.09531194523656465,2023-04-03,0.036969993824137015,0.036302993268611,UP,6.0,,,0,TRAIN
2023-04-03,National,black_pepper,Grade 1,average,1460.79,"Department of Export Agriculture, Sri Lanka - Economic Research Unit",https://exagri.info/mkt/2023/03.04.2023.html,2023-04-03,2026-10-07,Sri Lanka,LKR,kg,farm_gate,weekly,1d7ede1981746b18c2698e5a7b2d63b4466297d6df4a5202b9e3db7c4102c28b,observed_source_value,9b054f3f18cb6ea4af54,0.036969993824137015,0.036302993268611,UP,1408.71,1445.86,-0.025694050599643026,6.0,1438.453333333333,0.05971735927280953,2023-04-10,-0.00010268416404812797,-0.00010268943642783078,DOWN,7.0,,,0,TRAIN
2023-04-10,National,black_pepper,Grade 1,average,1460.64,"Department of Export Agriculture, Sri Lanka - Economic Research Unit",https://exagri.info/mkt/2023/10.04.2023.html,2023-04-10,2026-10-07,Sri Lanka,LKR,kg,farm_gate,weekly,ef29265a28c0cec9a5c67ddebd49c43f500cbc7a929912178ecf6b5c32884693,observed_source_value,37d4bb1d2d7ead86d280,-0.00010268416404812797,-0.00010268943642783078,DOWN,1460.79,1408.71,0.036969993824137015,7.0,1443.3799999999999,0.031506835112406206,2023-04-18,-0.0025468287873808837,-0.002550077472886441,DOWN,8.0,,,0,TRAIN
2023-04-18,National,black_pepper,Grade 1,average,1456.92,"Department of Export Agriculture, Sri Lanka - Economic Research Unit",https://exagri.info/mkt/2023/18.04.2023.html,2023-04-18,2026-10-07,Sri Lanka,LKR,kg,farm_gate,weekly,54fb4ddc8c474c21edb3d2006963fe7c4fa7e475a874e22a52cf72fb35686e57,observed_source_value,d50f8f31f13bb5196de8,-0.0025468287873808837,-0.002550077472886441,DOWN,1460.64,1460.79,-0.00010268416404812797,8.0,1459.4499999999998,0.02214323284687554,2023-05-02,-0.007007934546852335,-0.007032605449102348,DOWN,14.0,,,0,TRAIN
2023-05-02,National,black_pepper,Grade 1,average,1446.71,"Department of Export Agriculture, Sri Lanka - Economic Research Unit",https://exagri.info/mkt/2023/02.05.2023.html,2023-05-02,2026-10-07,Sri Lanka,LKR,kg,farm_gate,weekly,1236a2a6c9f4deceb72c27d2282cc746b06fd9be3f53e26d232355f8df81b440,observed_source_value,09ce014ba558164aa3c4,-0.007007934546852335,-0.007032605449102348,DOWN,1456.92,1460.64,-0.0025468287873808837,14.0,1454.7566666666664,0.0035013756912164315,2023-05-09,0.011405188323851956,0.011340639494222522,UP,7.0,,,0,TRAIN
2023-05-09,National,black_pepper,Grade 1,average,1463.21,"Department of Export Agriculture, Sri Lanka - Economic Research Unit",https://exagri.info/mkt/2023/09.05.2023.html,2023-05-09,2026-10-07,Sri Lanka,LKR,kg,farm_gate,weekly,9df75795c10eb81f3bf44edad0a79bd5f7eda73a536287d22a799de90ce50803,observed_source_value,5a9b4fa46103630b051b,0.011405188323851956,0.011340639494222522,UP,1446.71,1456.92,-0.007007934546852335,7.0,1455.613333333333,0.009605582924537974,2023-05-16,-0.014201652531078857,-0.01430346104730108,DOWN,7.0,63.210000000000036,0.9568004592642204,0,TRAIN
2023-05-09,National,black_pepper,Grade 2,average,1400.0,"Department of Export Agriculture, Sri Lanka - Economic Research Unit",https://exagri.info/mkt/2023/09.05.2023.html,2023-05-09,2026-10-07,Sri Lanka,LKR,kg,farm_gate,weekly,9df75795c10eb81f3bf44edad0a79bd5f7eda73a536287d22a799de90ce50803,observed_source_value,283d1f6ea6b44fcc1bc5,-0.11671924290220825,-0.12411217070803106,DOWN,1585.0,1635.0,-0.030581039755351647,91.0,1540.0,0.06439153991246258,2023-05-16,0.0,0.0,FLAT,7.0,63.210000000000036,0.9568004592642204,1,TRAIN
2023-05-16,National,black_pepper,Grade 1,average,1442.43,"Department of Export Agriculture, Sri Lanka - Economic Research Unit",https://exagri.info/mkt/2023/16.05.2023.html,2023-05-16,2026-10-07,Sri Lanka,LKR,kg,farm_gate,weekly,004dde07af8f540880ec79273fbb8200f816024bdca45b8babedc114a4240441,observed_source_value,c4c67b509be920a0a675,-0.014201652531078857,-0.01430346104730108,DOWN,1463.21,1446.71,0.011405188323851956,7.0,1450.783333333333,0.013206708969674377,2023-05-23,-0.04045950236753271,-0.041300757408432254,DOWN,7.0,42.430000000000064,0.9705843611128443,0,TRAIN
2023-05-16,National,black_pepper,Grade 2,average,1400.0,"Department of Export Agriculture, Sri Lanka - Economic Research Unit",https://exagri.info/mkt/2023/16.05.2023.html,2023-05-16,2026-10-07,Sri Lanka,LKR,kg,farm_gate,weekly,004dde07af8f540880ec79273fbb8200f816024bdca45b8babedc114a4240441,observed_source_value,9132da2ef3907433976a,0.0,0.0,FLAT,1400.0,1585.0,-0.11671924290220825,7.0,1461.6666666666667,0.06052323479121078,2023-05-30,-0.0357142857142857,-0.03636764417087483,DOWN,14.0,42.430000000000064,0.9705843611128443,1,TRAIN
2023-05-23,National,black_pepper,Grade 1,average,1384.07,"Department of Export Agriculture, Sri Lanka - Economic Research Unit",https://exagri.info/mkt/2023/23.05.2023.html,2023-05-23,2026-10-07,Sri Lanka,LKR,kg,farm_gate,weekly,cc7d24f99d4b9239d3492bb2d9fbd6d72a026af956e424306b6bc4a2bad5989c,observed_source_value,ed5754489c1e07b89d6f,-0.04045950236753271,-0.041300757408432254,DOWN,1442.43,1463.21,-0.014201652531078857,7.0,1429.903333333333,0.02593302629568644,2023-05-30,-0.03494042931354624,-0.035565448267149025,DOWN,7.0,,,0,TRAIN
2023-05-30,National,black_pepper,Grade 1,average,1335.71,"Department of Export Agriculture, Sri Lanka - Economic Research Unit",https://exagri.info/mkt/2023/30.05.2023.html,2023-05-30,2026-10-07,Sri Lanka,LKR,kg,farm_gate,weekly,3bd7f8ca814c629d93fb96aada9619c744b4d375136f68327261b4683e8d9c52,observed_source_value,68b82f6ef38e6abb9cd8,-0.03494042931354624,-0.035565448267149025,DOWN,1384.07,1442.43,-0.04045950236753271,7.0,1387.403333333333,0.01384456396232874,2023-06-06,0.08069865464808967,0.07760773443686747,UP,7.0,-14.289999999999964,1.0106984300484387,0,TRAIN
2023-05-30,National,black_pepper,Grade 2,average,1350.0,"Department of Export Agriculture, Sri Lanka - Economic Research Unit",https://exagri.info/mkt/2023/30.05.2023.html,2023-05-30,2026-10-07,Sri Lanka,LKR,kg,farm_gate,weekly,3bd7f8ca814c629d93fb96aada9619c744b4d375136f68327261b4683e8d9c52,observed_source_value,65b8d4733e9139ea018d,-0.0357142857142857,-0.03636764417087483,DOWN,1400.0,1400.0,0.0,14.0,1383.3333333333333,0.05980620781151322,2023-07-11,-0.11111111111111116,-0.11778303565638351,DOWN,42.0,-14.289999999999964,1.0106984300484387,1,TRAIN
2023-06-06,National,black_pepper,Grade 1,average,1443.5,"Department of Export Agriculture, Sri Lanka - Economic Research Unit",https://exagri.info/mkt/2023/06.06.2023.html,2023-06-06,2026-10-07,Sri Lanka,LKR,kg,farm_gate,weekly,6e4014011ab54f60e0fbc037bb6de2d9a405a747f7fd05d68ccff5b7a45c2b61,observed_source_value,e97ae5fcac8558841e53,0.08069865464808967,0.07760773443686747,UP,1335.71,1384.07,-0.03494042931354624,7.0,1387.76,0.06841315287560305,2023-06-13,-0.08040872878420502,-0.08382597807400641,DOWN,7.0,,,0,TRAIN
2023-06-13,National,black_pepper,Grade 1,average,1327.43,"Department of Export Agriculture, Sri Lanka - Economic Research Unit",https://exagri.info/mkt/2023/13.06.2023.html,2023-06-13,2026-10-07,Sri Lanka,LKR,kg,farm_gate,weekly,493943ced91e205f0ecfdd6a1782968fd5bfbd57ed636d7a97bfa35dcd5be6a2,observed_source_value,a93423817f2d44614c04,-0.08040872878420502,-0.08382597807400641,DOWN,1443.5,1335.71,0.08069865464808967,7.0,1368.8799999999999,0.08306157654880734,2023-06-20,0.008716090490647366,0.008678324662189194,UP,7.0,,,0,TRAIN
2023-06-20,National,black_pepper,Grade 1,average,1339.0,"Department of Export Agriculture, Sri Lanka - Economic Research Unit",https://exagri.info/mkt/2023/20.06.2023.html,2023-06-20,2026-10-07,Sri Lanka,LKR,kg,farm_gate,weekly,01820eae812564c6d71da9ba9e7c8d85c9c3954811ad4f9d7e16e60f389fc79b,observed_source_value,d3b18ebdb4eaa2f5d9bf,0.008716090490647366,0.008678324662189194,UP,1327.43,1443.5,-0.08040872878420502,7.0,1369.9766666666667,0.08070554705208301,2023-06-27,0.005496639283046889,0.005481587890868598,UP,7.0,,,0,TRAIN
2023-06-27,National,black_pepper,Grade 1,average,1346.36,"Department of Export Agriculture, Sri Lanka - Economic Research Unit",https://exagri.info/mkt/2023/27.06.2023.html,2023-06-27,2026-10-07,Sri Lanka,LKR,kg,farm_gate,weekly,56e5a37a45c32e44640e3929866fbb7cbe5fedd6c033847e1809484bc124b6a1,observed_source_value,719c72a5c7dbecc98cde,0.005496639283046889,0.005481587890868598,UP,1339.0,1327.43,0.008716090490647366,7.0,1337.5966666666666,0.05055249835504889,2023-07-04,-0.014223536052764385,-0.014325660074758433,DOWN,7.0,,,0,TRAIN
2023-07-04,National,black_pepper,Grade 1,average,1327.21,"Department of Export Agriculture, Sri Lanka - Economic Research Unit",https://exagri.info/mkt/2023/04.07.2023.html,2023-07-04,2026-10-07,Sri Lanka,LKR,kg,farm_gate,weekly,a7d96871aa04891fdcfb5e8c2099eb559dd33fe00d50f89f715be701d45b026a,observed_source_value,bb10796b7242df630c5c,-0.014223536052764385,-0.014325660074758433,DOWN,1346.36,1339.0,0.005496639283046889,7.0,1337.5233333333333,0.012419585656699325,2023-07-11,0.014805494232261518,0.014696962831862836,UP,7.0,,,0,TRAIN
2023-07-11,National,black_pepper,Grade 1,average,1346.86,"Department of Export Agriculture, Sri Lanka - Economic Research Unit",https://exagri.info/mkt/2023/11.07.2023.html,2023-07-11,2026-10-07,Sri Lanka,LKR,kg,farm_gate,weekly,f2ff2846e64b1f639aeda273d86696d6ee6d08acd698b749b2b85001fe23f09b,observed_source_value,3959973e10e4c5b0d527,0.014805494232261518,0.014696962831862836,UP,1327.21,1346.36,-0.014223536052764385,7.0,1340.1433333333332,0.014822419365214405,2023-07-18,0.03537115958600001,0.034759970728397926,UP,7.0,146.8599999999999,0.8909611986397993,0,TRAIN
2023-07-11,National,black_pepper,Grade 2,average,1200.0,"Department of Export Agriculture, Sri Lanka - Economic Research Unit",https://exagri.info/mkt/2023/11.07.2023.html,2023-07-11,2026-10-07,Sri Lanka,LKR,kg,farm_gate,weekly,f2ff2846e64b1f639aeda273d86696d6ee6d08acd698b749b2b85001fe23f09b,observed_source_value,fa6bd7778d59864b17ee,-0.11111111111111116,-0.11778303565638351,DOWN,1350.0,1400.0,-0.0357142857142857,42.0,1316.6666666666667,0.056724290059236876,2023-07-18,0.0,0.0,FLAT,7.0,146.8599999999999,0.8909611986397993,1,TRAIN
2023-07-18,National,black_pepper,Grade 1,average,1394.5,"Department of Export Agriculture, Sri Lanka - Economic Research Unit",https://exagri.info/mkt/2023/18.07.2023.html,2023-07-18,2026-10-07,Sri Lanka,LKR,kg,farm_gate,weekly,f386f181b331a084d68a61116b975075616ac4ebfdd1b18ab8363dd1ffc9ca66,observed_source_value,221256e80c48d5137106,0.03537115958600001,0.034759970728397926,UP,1346.86,1327.21,0.014805494232261518,7.0,1356.1899999999998,0.024917413677428755,2023-07-25,0.12293295087845113,0.11594396861184969,UP,7.0,194.5,0.8605234851201148,0,TRAIN
2023-07-18,National,black_pepper,Grade 2,average,1200.0,"Department of Export Agriculture, Sri Lanka - Economic Research Unit",https://exagri.info/mkt/2023/18.07.2023.html,2023-07-18,2026-10-07,Sri Lanka,LKR,kg,farm_gate,weekly,f386f181b331a084d68a61116b975075616ac4ebfdd1b18ab8363dd1ffc9ca66,observed_source_value,65294984bf3a0ee123d3,0.0,0.0,FLAT,1200.0,1350.0,-0.11111111111111116,7.0,1250.0,0.056724290059236876,2023-07-25,0.0,0.0,FLAT,7.0,194.5,0.8605234851201148,1,TRAIN
2023-07-25,National,black_pepper,Grade 1,average,1565.93,"Department of Export Agriculture, Sri Lanka - Economic Research Unit",https://exagri.info/mkt/2023/25.07.2023.html,2023-07-25,2026-10-07,Sri Lanka,LKR,kg,farm_gate,weekly,04a3bae57f12a5c71eeeeb6767329075df6db10bd276e64c74338fb2525b619a,observed_source_value,89ecef72d695695dcdba,0.12293295087845113,0.11594396861184969,UP,1394.5,1346.86,0.03537115958600001,7.0,1435.7633333333333,0.05741887141372956,2023-07-31,0.059708926963529585,0.05799427321104282,UP,6.0,365.93000000000006,0.7663177792110758,0,TRAIN
2023-07-25,National,black_pepper,Grade 2,average,1200.0,"Department of Export Agriculture, Sri Lanka - Economic Research Unit",https://exagri.info/mkt/2023/25.07.2023.html,2023-07-25,2026-10-07,Sri Lanka,LKR,kg,farm_gate,weekly,04a3bae57f12a5c71eeeeb6767329075df6db10bd276e64c74338fb2525b619a,observed_source_value,40dcb0134cc04221fd69,0.0,0.0,FLAT,1200.0,1200.0,0.0,7.0,1200.0,0.06415002990995833,2023-08-15,0.45833333333333326,0.377294231141468,UP,21.0,365.93000000000006,0.7663177792110758,1,TRAIN
2023-07-31,National,black_pepper,Grade 1,average,1659.43,"Department of Export Agriculture, Sri Lanka - Economic Research Unit",https://exagri.info/mkt/2023/31.07.2023.html,2023-07-31,2026-10-07,Sri Lanka,LKR,kg,farm_gate,weekly,b17bb6da967a24df567e7346012761d8d91a8a964227910730cbb1de493ded07,observed_source_value,4b6f2eee838bcf94acfb,0.059708926963529585,0.05799427321104282,UP,1565.93,1394.5,0.12293295087845113,6.0,1539.9533333333331,0.045197107973962605,2023-08-08,0.17337881079647843,0.1598874593923217,UP,8.0,,,0,TRAIN
2023-08-08,National,black_pepper,Grade 1,average,1947.14,"Department of Export Agriculture, Sri Lanka - Economic Research Unit",https://exagri.info/mkt/2023/08.08.2023.html,2023-08-08,2026-10-07,Sri Lanka,LKR,kg,farm_gate,weekly,0e0e48999c7c3181861e8caf17923a260a4cafa159d79ad1118dcbb5755a4577,observed_source_value,42df2bbf1b04aae5c6fa,0.17337881079647843,0.1598874593923217,UP,1659.43,1565.93,0.059708926963529585,8.0,1724.1666666666667,0.0569545205602096,2023-08-15,-0.03851803157451439,-0.039279467716791826,DOWN,7.0,,,0,TRAIN
2023-08-15,National,black_pepper,Grade 1,average,1872.14,"Department of Export Agriculture, Sri Lanka - Economic Research Unit",https://exagri.info/mkt/2023/15.08.2023.html,2023-08-15,2026-10-07,Sri Lanka,LKR,kg,farm_gate,weekly,9a32bf2c0fe27ab811e06bd8084fca56be3d8a5101cb773b3e779154ba18f9a2,observed_source_value,13402a65a9a05172da5e,-0.03851803157451439,-0.039279467716791826,DOWN,1947.14,1659.43,0.17337881079647843,7.0,1826.2366666666665,0.10604216903432662,2023-08-22,0.016558590703686704,0.01642299207463395,UP,7.0,122.1400000000001,0.9347591526274744,0,TRAIN
2023-08-15,National,black_pepper,Grade 2,average,1750.0,"Department of Export Agriculture, Sri Lanka - Economic Research Unit",https://exagri.info/mkt/2023/15.08.2023.html,2023-08-15,2026-10-07,Sri Lanka,LKR,kg,farm_gate,weekly,9a32bf2c0fe27ab811e06bd8084fca56be3d8a5101cb773b3e779154ba18f9a2,observed_source_value,cf7b89ce89472b8ad106,0.45833333333333326,0.377294231141468,UP,1200.0,1200.0,0.0,21.0,1383.3333333333333,0.2646188733785784,2023-08-22,0.0714285714285714,0.06899287148695142,UP,7.0,122.1400000000001,0.9347591526274744,1,TRAIN
2023-08-22,National,black_pepper,Grade 1,average,1903.14,"Department of Export Agriculture, Sri Lanka - Economic Research Unit",https://exagri.info/mkt/2023/22.08.2023.html,2023-08-22,2026-10-07,Sri Lanka,LKR,kg,farm_gate,weekly,af14265330366a57776b9829803ae3627873ac0f038400cf31ea444d0d72bd97,observed_source_value,33d542f97ecb30bbeff3,0.016558590703686704,0.01642299207463395,UP,1872.14,1947.14,-0.03851803157451439,7.0,1907.4733333333334,0.10994414305934685,2023-08-28,0.020003783221413052,0.01980633632990227,UP,6.0,28.1400000000001,0.9852139096440619,0,TRAIN
2023-08-22,National,black_pepper,Grade 2,average,1875.0,"Department of Export Agriculture, Sri Lanka - Economic Research Unit",https://exagri.info/mkt/2023/22.08.2023.html,2023-08-22,2026-10-07,Sri Lanka,LKR,kg,farm_gate,weekly,af14265330366a57776b9829803ae3627873ac0f038400cf31ea444d0d72bd97,observed_source_value,ec3ee0c42c23707fb6ab,0.0714285714285714,0.06899287148695142,UP,1750.0,1200.0,0.45833333333333326,7.0,1608.3333333333333,0.2465991281565256,2023-08-28,0.040000000000000036,0.03922071315328133,UP,6.0,28.1400000000001,0.9852139096440619,1,TRAIN
2023-08-28,National,black_pepper,Grade 1,average,1941.21,"Department of Export Agriculture, Sri Lanka - Economic Research Unit",https://exagri.info/mkt/2023/28.08.2023.html,2023-08-28,2026-10-07,Sri Lanka,LKR,kg,farm_gate,weekly,d2fa21d931af0807a9d1fb274fc51adc94667f9099798a45796843486452d39b,observed_source_value,3187bd8fbef43b1ec6e2,0.020003783221413052,0.01980633632990227,UP,1903.14,1872.14,0.016558590703686704,6.0,1905.4966666666667,0.03283825634852522,2023-09-05,-0.005151426172335771,-0.005164740513052396,DOWN,8.0,-8.789999999999964,1.0045281036054832,0,TRAIN
2023-08-28,National,black_pepper,Grade 2,average,1950.0,"Department of Export Agriculture, Sri Lanka - Economic Research Unit",https://exagri.info/mkt/2023/28.08.2023.html,2023-08-28,2026-10-07,Sri Lanka,LKR,kg,farm_gate,weekly,d2fa21d931af0807a9d1fb274fc51adc94667f9099798a45796843486452d39b,observed_source_value,9022911897d5e03f3775,0.040000000000000036,0.03922071315328133,UP,1875.0,1750.0,0.0714285714285714,6.0,1858.3333333333333,0.23298277034450382,2023-09-05,-0.28205128205128205,-0.3313571359544425,DOWN,8.0,-8.789999999999964,1.0045281036054832,1,TRAIN
2023-09-05,National,black_pepper,Grade 1,average,1931.21,"Department of Export Agriculture, Sri Lanka - Economic Research Unit",https://exagri.info/mkt/2023/05.09.2023.html,2023-09-05,2026-10-07,Sri Lanka,LKR,kg,farm_gate,weekly,116b73caf0eb4697efec89dd344193f8733a7ff05525b8e00f03c89849105c42,observed_source_value,a618f498993785f4b2c1,-0.005151426172335771,-0.005164740513052396,DOWN,1941.21,1903.14,0.020003783221413052,8.0,1925.1866666666665,0.013638051815202015,2023-09-12,0.006695284303623206,0.006672970430779334,UP,7.0,531.21,0.7249341086676229,0,TRAIN
2023-09-05,National,black_pepper,Grade 2,average,1400.0,"Department of Export Agriculture, Sri Lanka - Economic Research Unit",https://exagri.info/mkt/2023/05.09.2023.html,2023-09-05,2026-10-07,Sri Lanka,LKR,kg,farm_gate,weekly,116b73caf0eb4697efec89dd344193f8733a7ff05525b8e00f03c89849105c42,observed_source_value,ab56bd250291440bb66b,-0.28205128205128205,-0.3313571359544425,DOWN,1950.0,1875.0,0.040000000000000036,8.0,1741.6666666666667,0.1956411639494842,2023-09-12,0.3214285714285714,0.2787134024690205,UP,7.0,531.21,0.7249341086676229,1,TRAIN
2023-09-12,National,black_pepper,Grade 1,average,1944.14,"Department of Export Agriculture, Sri Lanka - Economic Research Unit",https://exagri.info/mkt/2023/12.09.2023.html,2023-09-12,2026-10-07,Sri Lanka,LKR,kg,farm_gate,weekly,657fbb37b6949f430c700b1a09768e8e3e4a4173a6334bff3e08be847d544212,observed_source_value,11cafafde8f31448a578,0.006695284303623206,0.006672970430779334,UP,1931.21,1941.21,-0.005151426172335771,7.0,1938.8533333333332,0.012584681509606826,2023-09-19,-0.0038937525075355417,-0.0039013528976042013,DOWN,7.0,94.1400000000001,0.9515775612867385,0,TRAIN
2023-09-12,National,black_pepper,Grade 2,average,1850.0,"Department of Export Agriculture, Sri Lanka - Economic Research Unit",https://exagri.info/mkt/2023/12.09.2023.html,2023-09-12,2026-10-07,Sri Lanka,LKR,kg,farm_gate,weekly,657fbb37b6949f430c700b1a09768e8e3e4a4173a6334bff3e08be847d544212,observed_source_value,b09fbc9b4d6dd428a54a,0.3214285714285714,0.2787134024690205,UP,1400.0,1950.0,-0.28205128205128205,7.0,1733.3333333333333,0.30196771423538704,2023-09-26,-0.1351351351351351,-0.14518200984449783,DOWN,14.0,94.1400000000001,0.9515775612867385,1,VALIDATION
2023-09-19,National,black_pepper,Grade 1,average,1936.57,"Department of Export Agriculture, Sri Lanka - Economic Research Unit",https://exagri.info/mkt/2023/19.09.2023.html,2023-09-19,2026-10-07,Sri Lanka,LKR,kg,farm_gate,weekly,7b202aeba27349b38fb67c660466ed29bb1a5c8cff01ef21fba49766ca9b5b81,observed_source_value,c24515e6c33c145cbc2e,-0.0038937525075355417,-0.0039013528976042013,DOWN,1944.14,1931.21,0.006695284303623206,7.0,1937.3066666666664,0.006507098594822942,2023-09-26,-0.024527902425422243,-0.02483372253196883,DOWN,7.0,,,0,VALIDATION
2023-09-26,National,black_pepper,Grade 1,average,1889.07,"Department of Export Agriculture, Sri Lanka - Economic Research Unit",https://exagri.info/mkt/2023/26.09.2023.html,2023-09-26,2026-10-07,Sri Lanka,LKR,kg,farm_gate,weekly,19734c56569d9ef5c6fd666a5c35042a5eede47c42917e590b9188678261bbce,observed_source_value,c54fea0bd29bb883c001,-0.024527902425422243,-0.02483372253196883,DOWN,1936.57,1944.14,-0.0038937525075355417,7.0,1923.2599999999995,0.01587861892052125,2023-10-03,0.007220484153578344,0.007194541263171782,UP,7.0,289.06999999999994,0.8469776133229578,0,VALIDATION
2023-09-26,National,black_pepper,Grade 2,average,1600.0,"Department of Export Agriculture, Sri Lanka - Economic Research Unit",https://exagri.info/mkt/2023/26.09.2023.html,2023-09-26,2026-10-07,Sri Lanka,LKR,kg,farm_gate,weekly,19734c56569d9ef5c6fd666a5c35042a5eede47c42917e590b9188678261bbce,observed_source_value,fe0675192764443c4e71,-0.1351351351351351,-0.14518200984449783,DOWN,1850.0,1400.0,0.3214285714285714,14.0,1616.6666666666667,0.3147016327496947,2023-10-10,0.0625,0.06062462181643484,UP,14.0,289.06999999999994,0.8469776133229578,1,VALIDATION
2023-10-03,National,black_pepper,Grade 1,average,1902.71,"Department of Export Agriculture, Sri Lanka - Economic Research Unit",https://exagri.info/mkt/2023/03.10.2023.html,2023-10-03,2026-10-07,Sri Lanka,LKR,kg,farm_gate,weekly,5c81e2fd986ec7336a18bfd6dd61b2ea540e23988ff345cb30325993870c8792,observed_source_value,5adcf501ebeeda33702f,0.007220484153578344,0.007194541263171782,UP,1889.07,1936.57,-0.024527902425422243,7.0,1909.4499999999998,0.01611031993145393,2023-10-10,0.01242963982950629,0.012353026057495624,UP,7.0,,,0,VALIDATION
2023-10-10,National,black_pepper,Grade 1,average,1926.36,"Department of Export Agriculture, Sri Lanka - Economic Research Unit",https://exagri.info/mkt/2023/10.10.2023.html,2023-10-10,2026-10-07,Sri Lanka,LKR,kg,farm_gate,weekly,88e49a6642d502c4b301cb14e29ca833cb3396942b38f51ddc3187ac229a03fa,observed_source_value,345cc0e5ec5cd41f3c85,0.01242963982950629,0.012353026057495624,UP,1902.71,1889.07,0.007220484153578344,7.0,1906.0466666666664,0.020003979948794447,2023-10-17,0.00292780165701112,0.002923523993140019,UP,7.0,226.3599999999999,0.882493407255134,0,VALIDATION
2023-10-10,National,black_pepper,Grade 2,average,1700.0,"Department of Export Agriculture, Sri Lanka - Economic Research Unit",https://exagri.info/mkt/2023/10.10.2023.html,2023-10-10,2026-10-07,Sri Lanka,LKR,kg,farm_gate,weekly,88e49a6642d502c4b301cb14e29ca833cb3396942b38f51ddc3187ac229a03fa,observed_source_value,113d766988cf23f35b5d,0.0625,0.06062462181643484,UP,1600.0,1850.0,-0.1351351351351351,14.0,1716.6666666666667,0.2289665440965536,2023-10-24,-0.17647058823529416,-0.1941560144409575,DOWN,14.0,226.3599999999999,0.882493407255134,1,VALIDATION
2023-10-17,National,black_pepper,Grade 1,average,1932.0,"Department of Export Agriculture, Sri Lanka - Economic Research Unit",https://exagri.info/mkt/2023/17.10.2023.html,2023-10-17,2026-10-07,Sri Lanka,LKR,kg,farm_gate,weekly,8a6c2f3e1d25faf4214a9ce080f94bde08e0e571d22544fafb8a1e2fa0348433,observed_source_value,bb603b233cc63df0918d,0.00292780165701112,0.002923523993140019,UP,1926.36,1902.71,0.01242963982950629,7.0,1920.3566666666666,0.004758279705396941,2023-10-24,0.009166666666666767,0.009124907777000674,UP,7.0,,,0,VALIDATION
2023-10-24,National,black_pepper,Grade 1,average,1949.71,"Department of Export Agriculture, Sri Lanka - Economic Research Unit",https://exagri.info/mkt/2023/24.10.2023.html,2023-10-24,2026-10-07,Sri Lanka,LKR,kg,farm_gate,weekly,cc5e4d2366e27c47745912bd209c1d9ffb16841c3481f07636a8e40be435c8c4,observed_source_value,720caef4644245f59fc4,0.009166666666666767,0.009124907777000674,UP,1932.0,1926.36,0.00292780165701112,7.0,1936.0233333333333,0.004827962978428968,2023-10-31,0.008247380379646119,0.008213556582640233,UP,7.0,549.71,0.7180555056905898,0,VALIDATION
2023-10-24,National,black_pepper,Grade 2,average,1400.0,"Department of Export Agriculture, Sri Lanka - Economic Research Unit",https://exagri.info/mkt/2023/24.10.2023.html,2023-10-24,2026-10-07,Sri Lanka,LKR,kg,farm_gate,weekly,cc5e4d2366e27c47745912bd209c1d9ffb16841c3481f07636a8e40be435c8c4,observed_source_value,c20aab356ace243bd048,-0.17647058823529416,-0.1941560144409575,DOWN,1700.0,1600.0,0.0625,14.0,1566.6666666666667,0.12772053369525257,2023-11-14,0.2142857142857142,0.1941560144409574,UP,21.0,549.71,0.7180555056905898,1,VALIDATION
2023-10-31,National,black_pepper,Grade 1,average,1965.79,"Department of Export Agriculture, Sri Lanka - Economic Research Unit",https://exagri.info/mkt/2023/31.10.2023.html,2023-10-31,2026-10-07,Sri Lanka,LKR,kg,farm_gate,weekly,621d2f837625e01bdc1025139271fd7a226572cfddb10c7ddd7845aa9d1ce13c,observed_source_value,dc1179e47d1cc8b36438,0.008247380379646119,0.008213556582640233,UP,1949.71,1932.0,0.009166666666666767,7.0,1949.1666666666667,0.0033681459210422576,2023-11-07,-0.008032394101099238,-0.008064827574311647,DOWN,7.0,,,0,VALIDATION
2023-11-07,National,black_pepper,Grade 1,average,1950.0,"Department of Export Agriculture, Sri Lanka - Economic Research Unit",https://exagri.info/mkt/2023/07.11.2023.html,2023-11-07,2026-10-07,Sri Lanka,LKR,kg,farm_gate,weekly,16967258d742b86fae0840515a76c76fe2951e859ab900c823a6e6607b1e98e4,observed_source_value,5d6b8716990d075d6516,-0.008032394101099238,-0.008064827574311647,DOWN,1965.79,1949.71,0.008247380379646119,7.0,1955.1666666666667,0.009675431391888246,2023-11-14,-0.008276923076923182,-0.008311366996188299,DOWN,7.0,,,0,VALIDATION
2023-11-14,National,black_pepper,Grade 1,average,1933.86,"Department of Export Agriculture, Sri Lanka - Economic Research Unit",https://exagri.info/mkt/2023/14.11.2023.html,2023-11-14,2026-10-07,Sri Lanka,LKR,kg,farm_gate,weekly,3ae79acc8b30bd1fb8b2c2de90fc3ff809d736c543263f4675b6eff86959fe57,observed_source_value,6a413d696b1275a37ac6,-0.008276923076923182,-0.008311366996188299,DOWN,1950.0,1965.79,-0.008032394101099238,7.0,1949.8833333333332,0.009470510865213926,2023-11-21,-0.0015151045060137758,-0.0015162534374933304,DOWN,7.0,233.8599999999999,0.8790708737964485,0,VALIDATION
2023-11-14,National,black_pepper,Grade 2,average,1700.0,"Department of Export Agriculture, Sri Lanka - Economic Research Unit",https://exagri.info/mkt/2023/14.11.2023.html,2023-11-14,2026-10-07,Sri Lanka,LKR,kg,farm_gate,weekly,3ae79acc8b30bd1fb8b2c2de90fc3ff809d736c543263f4675b6eff86959fe57,observed_source_value,2a02f877db9d65cc61c3,0.2142857142857142,0.1941560144409574,UP,1400.0,1700.0,-0.17647058823529416,21.0,1600.0,0.19699252653448415,2023-11-21,0.024117647058823577,0.02383140972388164,UP,7.0,233.8599999999999,0.8790708737964485,1,VALIDATION
2023-11-21,National,black_pepper,Grade 1,average,1930.93,"Department of Export Agriculture, Sri Lanka - Economic Research Unit",https://exagri.info/mkt/2023/21.11.2023.html,2023-11-21,2026-10-07,Sri Lanka,LKR,kg,farm_gate,weekly,f80ab75a0c9ae300592ae55babc9bd9caeb119fd420d6b75e99e4a3e1a45126e,observed_source_value,218eaa24258b01dd94db,-0.0015151045060137758,-0.0015162534374933304,DOWN,1933.86,1950.0,-0.008276923076923182,7.0,1938.2633333333333,0.003835297651903896,2023-11-28,-0.005587980921110569,-0.005603652093907893,DOWN,7.0,189.93000000000006,0.9016380707741865,0,VALIDATION
2023-11-21,National,black_pepper,Grade 2,average,1741.0,"Department of Export Agriculture, Sri Lanka - Economic Research Unit",https://exagri.info/mkt/2023/21.11.2023.html,2023-11-21,2026-10-07,Sri Lanka,LKR,kg,farm_gate,weekly,f80ab75a0c9ae300592ae55babc9bd9caeb119fd420d6b75e99e4a3e1a45126e,observed_source_value,84d9aa37d3b7d6f734b1,0.024117647058823577,0.02383140972388164,UP,1700.0,1400.0,0.2142857142857142,7.0,1613.6666666666667,0.1954013058175018,2023-11-28,-0.023549684089603673,-0.02383140972388159,DOWN,7.0,189.93000000000006,0.9016380707741865,1,VALIDATION
2023-11-28,National,black_pepper,Grade 1,average,1920.14,"Department of Export Agriculture, Sri Lanka - Economic Research Unit",https://exagri.info/mkt/2023/28.11.2023.html,2023-11-28,2026-10-07,Sri Lanka,LKR,kg,farm_gate,weekly,91ea70d2bd3bce61e3086ddba912ed870f9e62f0cc20c77fb61b36c4d582c891,observed_source_value,acbc5a227b14b087b1f1,-0.005587980921110569,-0.005603652093907893,DOWN,1930.93,1933.86,-0.0015151045060137758,7.0,1928.3100000000002,0.0034044314893955678,2023-12-05,-0.017035216182153423,-0.017181984687444623,DOWN,7.0,220.1400000000001,0.885352109741998,0,VALIDATION
2023-11-28,National,black_pepper,Grade 2,average,1700.0,"Department of Export Agriculture, Sri Lanka - Economic Research Unit",https://exagri.info/mkt/2023/28.11.2023.html,2023-11-28,2026-10-07,Sri Lanka,LKR,kg,farm_gate,weekly,91ea70d2bd3bce61e3086ddba912ed870f9e62f0cc20c77fb61b36c4d582c891,observed_source_value,b8ca1a7163b3db2fb3a2,-0.023549684089603673,-0.02383140972388159,DOWN,1741.0,1700.0,0.024117647058823577,7.0,1713.6666666666667,0.12583172955179145,2023-12-05,-0.05882352941176472,-0.060624621816434854,DOWN,7.0,220.1400000000001,0.885352109741998,1,VALIDATION
2023-12-05,National,black_pepper,Grade 1,average,1887.43,"Department of Export Agriculture, Sri Lanka - Economic Research Unit",https://exagri.info/mkt/2023/05.12.2023.html,2023-12-05,2026-10-07,Sri Lanka,LKR,kg,farm_gate,weekly,791f7fe6c923df390b2085ae660ad1cc4cfc2bac46b8666bd97b44f1c8a888a5,observed_source_value,c6246fb997f27fc45c8f,-0.017035216182153423,-0.017181984687444623,DOWN,1920.14,1930.93,-0.005587980921110569,7.0,1912.8333333333333,0.00804675280112248,2023-12-12,0.008625485448466863,0.008588498483695603,UP,7.0,287.43000000000006,0.8477135575888907,0,VALIDATION
2023-12-05,National,black_pepper,Grade 2,average,1600.0,"Department of Export Agriculture, Sri Lanka - Economic Research Unit",https://exagri.info/mkt/2023/05.12.2023.html,2023-12-05,2026-10-07,Sri Lanka,LKR,kg,farm_gate,weekly,791f7fe6c923df390b2085ae660ad1cc4cfc2bac46b8666bd97b44f1c8a888a5,observed_source_value,1aa78285572a982cc2ea,-0.05882352941176472,-0.060624621816434854,DOWN,1700.0,1741.0,-0.023549684089603673,7.0,1680.3333333333333,0.041624626879109915,2023-12-12,0.0625,0.06062462181643484,UP,7.0,287.43000000000006,0.8477135575888907,1,VALIDATION
2023-12-12,National,black_pepper,Grade 1,average,1903.71,"Department of Export Agriculture, Sri Lanka - Economic Research Unit",https://exagri.info/mkt/2023/12.12.2023.html,2023-12-12,2026-10-07,Sri Lanka,LKR,kg,farm_gate,weekly,d29cdf214505aeded112adda5d3db303887e9e3ada7a363abc1ca6768195bec8,observed_source_value,0cfaa691b281cfaea6f5,0.008625485448466863,0.008588498483695603,UP,1887.43,1920.14,-0.017035216182153423,7.0,1903.76,0.012855176840068271,2023-12-19,-0.008325847949530174,-0.008360701412816718,DOWN,7.0,203.71000000000004,0.8929931554701084,0,VALIDATION
2023-12-12,National,black_pepper,Grade 2,average,1700.0,"Department of Export Agriculture, Sri Lanka - Economic Research Unit",https://exagri.info/mkt/2023/12.12.2023.html,2023-12-12,2026-10-07,Sri Lanka,LKR,kg,farm_gate,weekly,d29cdf214505aeded112adda5d3db303887e9e3ada7a363abc1ca6768195bec8,observed_source_value,f25eb3562a2c68729d29,0.0625,0.06062462181643484,UP,1600.0,1700.0,-0.05882352941176472,7.0,1666.6666666666667,0.06240751969202051,2023-12-19,-0.007352941176470562,-0.007380107297622534,DOWN,7.0,203.71000000000004,0.8929931554701084,1,VALIDATION
2023-12-19,National,black_pepper,Grade 1,average,1887.86,"Department of Export Agriculture, Sri Lanka - Economic Research Unit",https://exagri.info/mkt/2023/19.12.2023.html,2023-12-19,2026-10-07,Sri Lanka,LKR,kg,farm_gate,weekly,6c1f8b601ff68a41374bd3b9ff627b521720f6966b983c0bb39277465486af80,observed_source_value,5be685a914bf2f449396,-0.008325847949530174,-0.008360701412816718,DOWN,1903.71,1887.43,0.008625485448466863,7.0,1893.0,0.013049089413679861,2023-12-27,-0.006245166484802889,-0.006264749110760431,DOWN,8.0,200.3599999999999,0.8938692487790408,0,VALIDATION
2023-12-19,National,black_pepper,Grade 2,average,1687.5,"Department of Export Agriculture, Sri Lanka - Economic Research Unit",https://exagri.info/mkt/2023/19.12.2023.html,2023-12-19,2026-10-07,Sri Lanka,LKR,kg,farm_gate,weekly,6c1f8b601ff68a41374bd3b9ff627b521720f6966b983c0bb39277465486af80,observed_source_value,7efd5dbc3d79043de448,-0.007352941176470562,-0.007380107297622534,DOWN,1700.0,1600.0,0.0625,7.0,1662.5,0.060893422788258905,2023-12-27,0.0,0.0,FLAT,8.0,200.3599999999999,0.8938692487790408,1,VALIDATION
2023-12-27,National,black_pepper,Grade 1,average,1876.07,"Department of Export Agriculture, Sri Lanka - Economic Research Unit",https://exagri.info/mkt/2023/27.12.2023.html,2023-12-27,2026-10-07,Sri Lanka,LKR,kg,farm_gate,weekly,ac84a018c3a380beeb24991b87006afb3afd7f5215451f24b1a85021b6e77451,observed_source_value,69c8b8915ba7d8ba3eeb,-0.006245166484802889,-0.006264749110760431,DOWN,1887.86,1903.71,-0.008325847949530174,8.0,1889.2133333333331,0.009244937607940233,2024-01-02,0.0027024577974170683,0.0026988127239716123,UP,6.0,188.56999999999994,0.8994866929272363,0,VALIDATION
2023-12-27,National,black_pepper,Grade 2,average,1687.5,"Department of Export Agriculture, Sri Lanka - Economic Research Unit",https://exagri.info/mkt/2023/27.12.2023.html,2023-12-27,2026-10-07,Sri Lanka,LKR,kg,farm_gate,weekly,ac84a018c3a380beeb24991b87006afb3afd7f5215451f24b1a85021b6e77451,observed_source_value,acb500a65a6a820799d4,0.0,0.0,FLAT,1687.5,1700.0,-0.007352941176470562,8.0,1691.6666666666667,0.03838347981217094,2024-01-02,0.022222222222222143,0.021978906718775167,UP,6.0,188.56999999999994,0.8994866929272363,1,VALIDATION
2024-01-02,National,black_pepper,Grade 1,average,1881.14,"Department of Export Agriculture, Sri Lanka - Economic Research Unit",https://exagri.info/mkt/2024/02.01.2024.html,2024-01-02,2026-10-07,Sri Lanka,LKR,kg,farm_gate,weekly,e60083113db260a45806fc821913bbfcab5a19bc70bd85b31d67ee0d4dc60308,observed_source_value,aac26a9cc812fde9c105,0.0027024577974170683,0.0026988127239716123,UP,1876.07,1887.86,-0.006245166484802889,6.0,1881.6899999999998,0.005859646509555244,2024-01-09,0.00964840469077255,0.00960215607981376,UP,7.0,156.1400000000001,0.9169971400321082,0,VALIDATION
2024-01-02,National,black_pepper,Grade 2,average,1725.0,"Department of Export Agriculture, Sri Lanka - Economic Research Unit",https://exagri.info/mkt/2024/02.01.2024.html,2024-01-02,2026-10-07,Sri Lanka,LKR,kg,farm_gate,weekly,e60083113db260a45806fc821913bbfcab5a19bc70bd85b31d67ee0d4dc60308,observed_source_value,29f43f4af278c9e9e8c7,0.022222222222222143,0.021978906718775167,UP,1687.5,1687.5,0.0,6.0,1700.0,0.015397960874185771,2024-01-09,0.01449275362318847,0.01438873745209967,UP,7.0,156.1400000000001,0.9169971400321082,1,VALIDATION
2024-01-09,National,black_pepper,Grade 1,average,1899.29,"Department of Export Agriculture, Sri Lanka - Economic Research Unit",https://exagri.info/mkt/2024/09.01.2024.html,2024-01-09,2026-10-07,Sri Lanka,LKR,kg,farm_gate,weekly,3cd16fa1c805172c7cbc2ac64110f1f91799c59c4808944a79f3d0f92bc7996f,observed_source_value,6c3d9ac56d0cd37ebb8a,0.00964840469077255,0.00960215607981376,UP,1881.14,1876.07,0.0027024577974170683,7.0,1885.5,0.007967765927517455,2024-01-16,0.003569755013715703,0.0035633985611142373,UP,7.0,149.28999999999996,0.9213969430681992,0,VALIDATION
2024-01-09,National,black_pepper,Grade 2,average,1750.0,"Department of Export Agriculture, Sri Lanka - Economic Research Unit",https://exagri.info/mkt/2024/09.01.2024.html,2024-01-09,2026-10-07,Sri Lanka,LKR,kg,farm_gate,weekly,3cd16fa1c805172c7cbc2ac64110f1f91799c59c4808944a79f3d0f92bc7996f,observed_source_value,c53d31269bbce03a3595,0.01449275362318847,0.01438873745209967,UP,1725.0,1687.5,0.022222222222222143,7.0,1720.8333333333333,0.011281339702502995,2024-01-16,0.008571428571428674,0.008534902449837506,UP,7.0,149.28999999999996,0.9213969430681992,1,VALIDATION
2024-01-16,National,black_pepper,Grade 1,average,1906.07,"Department of Export Agriculture, Sri Lanka - Economic Research Unit",https://exagri.info/mkt/2024/16.01.2024.html,2024-01-16,2026-10-07,Sri Lanka,LKR,kg,farm_gate,weekly,8d7432583e31bdbb634525a2c148b35474c068e53c87367f23c44fd6be16c792,observed_source_value,39e1dfb5f70ece4b54ca,0.003569755013715703,0.0035633985611142373,UP,1899.29,1881.14,0.00964840469077255,7.0,1895.5,0.0037848021657496214,2024-01-24,-0.0026966480769331502,-0.002700290582202124,DOWN,8.0,141.06999999999994,0.9259890770013693,0,VALIDATION
2024-01-16,National,black_pepper,Grade 2,average,1765.0,"Department of Export Agriculture, Sri Lanka - Economic Research Unit",https://exagri.info/mkt/2024/16.01.2024.html,2024-01-16,2026-10-07,Sri Lanka,LKR,kg,farm_gate,weekly,8d7432583e31bdbb634525a2c148b35474c068e53c87367f23c44fd6be16c792,observed_source_value,ab1e30b4a471490b6eb7,0.008571428571428674,0.008534902449837506,UP,1750.0,1725.0,0.01449275362318847,7.0,1746.6666666666667,0.006845326172999353,2024-01-24,0.03399433427762033,0.033429296649194674,UP,8.0,141.06999999999994,0.9259890770013693,1,VALIDATION
2024-01-24,National,black_pepper,Grade 1,average,1900.93,"Department of Export Agriculture, Sri Lanka - Economic Research Unit",https://exagri.info/mkt/2024/24.01.2024.html,2024-01-24,2026-10-07,Sri Lanka,LKR,kg,farm_gate,weekly,891c7021aab431f0195cedb5608ae4b6e3180485f6b49acf352cb536ba9c9362,observed_source_value,a9b159fe7c9099a4fd6d,-0.0026966480769331502,-0.002700290582202124,DOWN,1906.07,1899.29,0.003569755013715703,8.0,1902.0966666666664,0.00617276433791208,2024-01-30,-0.015855397095106083,-0.015982438554950015,DOWN,6.0,75.93000000000006,0.9600563934495221,0,VALIDATION
2024-01-24,National,black_pepper,Grade 2,average,1825.0,"Department of Export Agriculture, Sri Lanka - Economic Research Unit",https://exagri.info/mkt/2024/24.01.2024.html,2024-01-24,2026-10-07,Sri Lanka,LKR,kg,farm_gate,weekly,891c7021aab431f0195cedb5608ae4b6e3180485f6b49acf352cb536ba9c9362,observed_source_value,a54c66d66ee297b2f9cb,0.03399433427762033,0.033429296649194674,UP,1765.0,1750.0,0.008571428571428674,8.0,1780.0,0.01330224212263817,2024-01-30,-0.01698630136986301,-0.01713222339785045,DOWN,6.0,75.93000000000006,0.9600563934495221,1,VALIDATION
2024-01-30,National,black_pepper,Grade 1,average,1870.79,"Department of Export Agriculture, Sri Lanka - Economic Research Unit",https://exagri.info/mkt/2024/30.01.2024.html,2024-01-30,2026-10-07,Sri Lanka,LKR,kg,farm_gate,weekly,c9dd099a4c040e4c2d27f304b3e713019f4e5af3276529658f0e6e2368883bb9,observed_source_value,8fc5c699c379ecbe2ed3,-0.015855397095106083,-0.015982438554950015,DOWN,1900.93,1906.07,-0.0026966480769331502,6.0,1892.5966666666664,0.00991427437140258,2024-02-06,-0.005767616889121641,-0.005784313823377333,DOWN,7.0,76.78999999999996,0.9589531695166214,0,VALIDATION
2024-01-30,National,black_pepper,Grade 2,average,1794.0,"Department of Export Agriculture, Sri Lanka - Economic Research Unit",https://exagri.info/mkt/2024/30.01.2024.html,2024-01-30,2026-10-07,Sri Lanka,LKR,kg,farm_gate,weekly,c9dd099a4c040e4c2d27f304b3e713019f4e5af3276529658f0e6e2368883bb9,observed_source_value,4e33d784516bafabc55e,-0.01698630136986301,-0.01713222339785045,DOWN,1825.0,1765.0,0.03399433427762033,6.0,1794.6666666666667,0.02549034753692485,2024-02-06,-0.06633221850613158,-0.06863459835957465,DOWN,7.0,76.78999999999996,0.9589531695166214,1,VALIDATION
2024-02-06,National,black_pepper,Grade 1,average,1860.0,"Department of Export Agriculture, Sri Lanka - Economic Research Unit",https://exagri.info/mkt/2024/06.02.2024.html,2024-02-06,2026-10-07,Sri Lanka,LKR,kg,farm_gate,weekly,951dd70066edafd704b842b1ffcb41d0c6126a02294224da7403001a4e00dc18,observed_source_value,f8bffd44c3b4a0844a69,-0.005767616889121641,-0.005784313823377333,DOWN,1870.79,1900.93,-0.015855397095106083,7.0,1877.2399999999998,0.00688412224679646,2024-02-13,-0.024387096774193484,-0.024689386789122726,DOWN,7.0,185.0,0.9005376344086021,0,VALIDATION
2024-02-06,National,black_pepper,Grade 2,average,1675.0,"Department of Export Agriculture, Sri Lanka - Economic Research Unit",https://exagri.info/mkt/2024/06.02.2024.html,2024-02-06,2026-10-07,Sri Lanka,LKR,kg,farm_gate,weekly,951dd70066edafd704b842b1ffcb41d0c6126a02294224da7403001a4e00dc18,observed_source_value,f21160181e821f6dcd3e,-0.06633221850613158,-0.06863459835957465,DOWN,1794.0,1825.0,-0.01698630136986301,7.0,1764.6666666666667,0.050165496014876895,2024-02-13,0.014925373134328401,0.014815085785140682,UP,7.0,185.0,0.9005376344086021,1,VALIDATION
2024-02-13,National,black_pepper,Grade 1,average,1814.64,"Department of Export Agriculture, Sri Lanka - Economic Research Unit",https://exagri.info/mkt/2024/13.02.2024.html,2024-02-13,2026-10-07,Sri Lanka,LKR,kg,farm_gate,weekly,2780f9253d0a31913433183097128439479cd3ab16b6873e4c908ad9a89a61fa,observed_source_value,dbcb8f5c910e316ca9ce,-0.024387096774193484,-0.024689386789122726,DOWN,1860.0,1870.79,-0.005767616889121641,7.0,1848.4766666666665,0.009320570798767797,2024-02-20,-0.018102764184631748,-0.018268623949496198,DOWN,7.0,114.6400000000001,0.936824934973328,0,VALIDATION
2024-02-13,National,black_pepper,Grade 2,average,1700.0,"Department of Export Agriculture, Sri Lanka - Economic Research Unit",https://exagri.info/mkt/2024/13.02.2024.html,2024-02-13,2026-10-07,Sri Lanka,LKR,kg,farm_gate,weekly,2780f9253d0a31913433183097128439479cd3ab16b6873e4c908ad9a89a61fa,observed_source_value,ebc38a5f91516b2c06f0,0.014925373134328401,0.014815085785140682,UP,1675.0,1794.0,-0.06633221850613158,7.0,1723.0,0.04093932646182759,2024-02-20,0.007352941176470562,0.007326040092072881,UP,7.0,114.6400000000001,0.936824934973328,1,VALIDATION
2024-02-20,National,black_pepper,Grade 1,average,1781.79,"Department of Export Agriculture, Sri Lanka - Economic Research Unit",https://exagri.info/mkt/2024/20.02.2024.html,2024-02-20,2026-10-07,Sri Lanka,LKR,kg,farm_gate,weekly,e691480904d2b572562b4d491b60d99bd4a38f37e053a1e27b4ea6d6209508fa,observed_source_value,a7869331cb9b97379add,-0.018102764184631748,-0.018268623949496198,DOWN,1814.64,1860.0,-0.024387096774193484,7.0,1818.8099999999997,0.00947218494759634,2024-02-27,0.00011785900695371332,0.00011785206212662152,UP,7.0,69.28999999999996,0.9611121400389496,0,VALIDATION
2024-02-20,National,black_pepper,Grade 2,average,1712.5,"Department of Export Agriculture, Sri Lanka - Economic Research Unit",https://exagri.info/mkt/2024/20.02.2024.html,2024-02-20,2026-10-07,Sri Lanka,LKR,kg,farm_gate,weekly,e691480904d2b572562b4d491b60d99bd4a38f37e053a1e27b4ea6d6209508fa,observed_source_value,e468cbd021faa1175896,0.007352941176470562,0.007326040092072881,UP,1700.0,1675.0,0.014925373134328401,7.0,1695.8333333333333,0.04488808431795422,2024-02-27,0.004379562043795637,0.004369999671118388,UP,7.0,69.28999999999996,0.9611121400389496,1,VALIDATION
2024-02-27,National,black_pepper,Grade 1,average,1782.0,"Department of Export Agriculture, Sri Lanka - Economic Research Unit",https://exagri.info/mkt/2024/27.02.2024.html,2024-02-27,2026-10-07,Sri Lanka,LKR,kg,farm_gate,weekly,462ae6b5df521b13f4885403713b9d8e1d661983816293450dbc7be2b15ab8d3,observed_source_value,7a61338ff782bce42d30,0.00011785900695371332,0.00011785206212662152,UP,1781.79,1814.64,-0.018102764184631748,7.0,1792.8099999999997,0.01272777018584442,2024-03-05,-0.00978114478114478,-0.009829294407330456,DOWN,7.0,62.0,0.9652076318742986,0,VALIDATION
2024-02-27,National,black_pepper,Grade 2,average,1720.0,"Department of Export Agriculture, Sri Lanka - Economic Research Unit",https://exagri.info/mkt/2024/27.02.2024.html,2024-02-27,2026-10-07,Sri Lanka,LKR,kg,farm_gate,weekly,462ae6b5df521b13f4885403713b9d8e1d661983816293450dbc7be2b15ab8d3,observed_source_value,909ddadc5b9193a83a9f,0.004379562043795637,0.004369999671118388,UP,1712.5,1700.0,0.007352941176470562,7.0,1710.8333333333333,0.005437475529142311,2024-03-05,-0.12790697674418605,-0.1368591827171973,DOWN,7.0,62.0,0.9652076318742986,1,VALIDATION
2024-03-05,National,black_pepper,Grade 1,average,1764.57,"Department of Export Agriculture, Sri Lanka - Economic Research Unit",https://exagri.info/mkt/2024/05.03.2024.html,2024-03-05,2026-10-07,Sri Lanka,LKR,kg,farm_gate,weekly,2b8688dc5e2bc87ed1d599dadfc76d28d56da6e59e005de73ff9737b3f124858,observed_source_value,1026ce1465369ef71d9c,-0.00978114478114478,-0.009829294407330456,DOWN,1782.0,1781.79,0.00011785900695371332,7.0,1776.1199999999997,0.009121684191923246,2024-03-12,-0.025541633372436312,-0.02587348375110323,DOWN,7.0,264.56999999999994,0.8500654550400382,0,VALIDATION
2024-03-05,National,black_pepper,Grade 2,average,1500.0,"Department of Export Agriculture, Sri Lanka - Economic Research Unit",https://exagri.info/mkt/2024/05.03.2024.html,2024-03-05,2026-10-07,Sri Lanka,LKR,kg,farm_gate,weekly,2b8688dc5e2bc87ed1d599dadfc76d28d56da6e59e005de73ff9737b3f124858,observed_source_value,8ff8198d3580c38d6029,-0.12790697674418605,-0.1368591827171973,DOWN,1720.0,1712.5,0.004379562043795637,7.0,1644.1666666666667,0.07724831683589557,2024-03-12,0.0,0.0,FLAT,7.0,264.56999999999994,0.8500654550400382,1,VALIDATION
2024-03-12,National,black_pepper,Grade 1,average,1719.5,"Department of Export Agriculture, Sri Lanka - Economic Research Unit",https://exagri.info/mkt/2024/12.03.2024.html,2024-03-12,2026-10-07,Sri Lanka,LKR,kg,farm_gate,weekly,6daf351465043ca53ade8cce2b5366788c1eb41b6ceca09b82eb65d796466699,observed_source_value,d08090b779881d18ce9c,-0.025541633372436312,-0.02587348375110323,DOWN,1764.57,1782.0,-0.00978114478114478,7.0,1755.3566666666666,0.012940845063860566,2024-03-19,-0.015330037801686514,-0.015448757714508626,DOWN,7.0,219.5,0.8723466123873219,0,VALIDATION
2024-03-12,National,black_pepper,Grade 2,average,1500.0,"Department of Export Agriculture, Sri Lanka - Economic Research Unit",https://exagri.info/mkt/2024/12.03.2024.html,2024-03-12,2026-10-07,Sri Lanka,LKR,kg,farm_gate,weekly,6daf351465043ca53ade8cce2b5366788c1eb41b6ceca09b82eb65d796466699,observed_source_value,5da150aaa9f46690111d,0.0,0.0,FLAT,1500.0,1720.0,-0.12790697674418605,7.0,1573.3333333333333,0.07514331153207322,2024-03-26,-0.19999999999999996,-0.2231435513142097,DOWN,14.0,219.5,0.8723466123873219,1,VALIDATION
2024-03-19,National,black_pepper,Grade 1,average,1693.14,"Department of Export Agriculture, Sri Lanka - Economic Research Unit",https://exagri.info/mkt/2024/19.03.2024.html,2024-03-19,2026-10-07,Sri Lanka,LKR,kg,farm_gate,weekly,df6b3c1dc92b0b5c728632cba08b49a94d42946de42ac4d2aa1eb78906af8696,observed_source_value,f30e572a46b75d4063a8,-0.015330037801686514,-0.015448757714508626,DOWN,1719.5,1764.57,-0.025541633372436312,7.0,1725.7366666666665,0.007994371962931951,2024-03-26,-0.03146815975052286,-0.031973920837098706,DOWN,7.0,,,0,VALIDATION
2024-03-26,National,black_pepper,Grade 1,average,1639.86,"Department of Export Agriculture, Sri Lanka - Economic Research Unit",https://exagri.info/mkt/2024/26.03.2024.html,2024-03-26,2026-10-07,Sri Lanka,LKR,kg,farm_gate,weekly,41362006925c53288cba0a3caeb0fa668631f50dadc6a45dd70a39c49a860a69,observed_source_value,01f59a79e2b2568853fa,-0.03146815975052286,-0.031973920837098706,DOWN,1693.14,1719.5,-0.015330037801686514,7.0,1684.1666666666667,0.008163326313930842,2024-04-02,-0.03241130340394904,-0.032948182211924394,DOWN,7.0,439.8599999999999,0.7317697852255681,0,VALIDATION
2024-03-26,National,black_pepper,Grade 2,average,1200.0,"Department of Export Agriculture, Sri Lanka - Economic Research Unit",https://exagri.info/mkt/2024/26.03.2024.html,2024-03-26,2026-10-07,Sri Lanka,LKR,kg,farm_gate,weekly,41362006925c53288cba0a3caeb0fa668631f50dadc6a45dd70a39c49a860a69,observed_source_value,8dfeae80a7f5572b7d0c,-0.19999999999999996,-0.2231435513142097,DOWN,1500.0,1500.0,0.0,14.0,1400.0,0.10128968251340711,2024-04-02,0.0,0.0,FLAT,7.0,439.8599999999999,0.7317697852255681,1,VALIDATION
2024-04-02,National,black_pepper,Grade 1,average,1586.71,"Department of Export Agriculture, Sri Lanka - Economic Research Unit",https://exagri.info/mkt/2024/02.04.2024.html,2024-04-02,2026-10-07,Sri Lanka,LKR,kg,farm_gate,weekly,13f136b8cac4ba64eb3e02ec2114402fbe135474adbc695463e728ccd74de301,observed_source_value,28b454d1c963e3e19fb1,-0.03241130340394904,-0.032948182211924394,DOWN,1639.86,1693.14,-0.03146815975052286,7.0,1639.903333333333,0.009601199009859968,2024-04-08,-0.002520939554171875,-0.0025241224727118837,DOWN,6.0,386.71000000000004,0.7562818662515519,0,VALIDATION
2024-04-02,National,black_pepper,Grade 2,average,1200.0,"Department of Export Agriculture, Sri Lanka - Economic Research Unit",https://exagri.info/mkt/2024/02.04.2024.html,2024-04-02,2026-10-07,Sri Lanka,LKR,kg,farm_gate,weekly,13f136b8cac4ba64eb3e02ec2114402fbe135474adbc695463e728ccd74de301,observed_source_value,5b2f9a1181d5faf4b3b1,0.0,0.0,FLAT,1200.0,1500.0,-0.19999999999999996,7.0,1300.0,0.11547005383792501,2024-04-08,0.0625,0.06062462181643484,UP,6.0,386.71000000000004,0.7562818662515519,1,VALIDATION
2024-04-08,National,black_pepper,Grade 1,average,1582.71,"Department of Export Agriculture, Sri Lanka - Economic Research Unit",https://exagri.info/mkt/2024/08.04.2024.html,2024-04-08,2026-10-07,Sri Lanka,LKR,kg,farm_gate,weekly,23f64b5f7900f95a7d88a754ee2791c5d4d289342b8d75da06c55fbc11e05a80,observed_source_value,24e2fd2be29f4890612a,-0.002520939554171875,-0.0025241224727118837,DOWN,1586.71,1639.86,-0.03241130340394904,6.0,1603.093333333333,0.016991492616989064,2024-04-16,-0.00516203221057554,-0.005175401527255416,DOWN,8.0,307.71000000000004,0.8055803021400003,0,VALIDATION
2024-04-08,National,black_pepper,Grade 2,average,1275.0,"Department of Export Agriculture, Sri Lanka - Economic Research Unit",https://exagri.info/mkt/2024/08.04.2024.html,2024-04-08,2026-10-07,Sri Lanka,LKR,kg,farm_gate,weekly,23f64b5f7900f95a7d88a754ee2791c5d4d289342b8d75da06c55fbc11e05a80,observed_source_value,e89fe9b041428a5b8856,0.0625,0.06062462181643484,UP,1200.0,1200.0,0.0,6.0,1225.0,0.137120688932536,2024-04-16,0.019607843137254832,0.019418085857101516,UP,8.0,307.71000000000004,0.8055803021400003,1,VALIDATION
2024-04-16,National,black_pepper,Grade 1,average,1574.54,"Department of Export Agriculture, Sri Lanka - Economic Research Unit",https://exagri.info/mkt/2024/16.04.2024.html,2024-04-16,2026-10-07,Sri Lanka,LKR,kg,farm_gate,weekly,054cbb986c1b79dbede39c238e85162bfcb4afed235718b15eb2e3f6e0f32158,observed_source_value,718329a42e96e72961b3,-0.00516203221057554,-0.005175401527255416,DOWN,1582.71,1586.71,-0.002520939554171875,8.0,1581.3199999999997,0.016547567807494966,2024-04-24,-0.029786477320360105,-0.03023910523513036,DOWN,8.0,274.53999999999996,0.8256379641038017,0,VALIDATION
2024-04-16,National,black_pepper,Grade 2,average,1300.0,"Department of Export Agriculture, Sri Lanka - Economic Research Unit",https://exagri.info/mkt/2024/16.04.2024.html,2024-04-16,2026-10-07,Sri Lanka,LKR,kg,farm_gate,weekly,054cbb986c1b79dbede39c238e85162bfcb4afed235718b15eb2e3f6e0f32158,observed_source_value,ab62a01b67693bd88cc7,0.019607843137254832,0.019418085857101516,UP,1275.0,1200.0,0.0625,8.0,1258.3333333333333,0.03196470614295675,2024-04-24,0.0,0.0,FLAT,8.0,274.53999999999996,0.8256379641038017,1,VALIDATION
2024-04-24,National,black_pepper,Grade 1,average,1527.64,"Department of Export Agriculture, Sri Lanka - Economic Research Unit",https://exagri.info/mkt/2024/24.04.2024.html,2024-04-24,2026-10-07,Sri Lanka,LKR,kg,farm_gate,weekly,cbdc61e490e01f4b0fe7d0a340217a5fc8f6735f6c9841aecb126f75bb5ce7e1,observed_source_value,42acf8066c73d5d7a720,-0.029786477320360105,-0.03023910523513036,DOWN,1574.54,1582.71,-0.00516203221057554,8.0,1561.6299999999999,0.01503744336128991,2024-04-30,0.00505354664711577,0.005040820337583526,UP,6.0,227.6400000000001,0.8509858343588803,0,VALIDATION
2024-04-24,National,black_pepper,Grade 2,average,1300.0,"Department of Export Agriculture, Sri Lanka - Economic Research Unit",https://exagri.info/mkt/2024/24.04.2024.html,2024-04-24,2026-10-07,Sri Lanka,LKR,kg,farm_gate,weekly,cbdc61e490e01f4b0fe7d0a340217a5fc8f6735f6c9841aecb126f75bb5ce7e1,observed_source_value,98dcce6e97bbec97bd29,0.0,0.0,FLAT,1300.0,1275.0,0.019607843137254832,8.0,1291.6666666666667,0.031964706142956746,2024-04-30,0.14423076923076916,0.13473259397015666,UP,6.0,227.6400000000001,0.8509858343588803,1,VALIDATION
2024-04-30,National,black_pepper,Grade 1,average,1535.36,"Department of Export Agriculture, Sri Lanka - Economic Research Unit",https://exagri.info/mkt/2024/30.04.2024.html,2024-04-30,2026-10-07,Sri Lanka,LKR,kg,farm_gate,weekly,9b0b4ea4407dedb23c61931a4ea498ffbd93484d46f083d1114b34799370d830,observed_source_value,bc56ab6c7c79ff716806,0.00505354664711577,0.005040820337583526,UP,1527.64,1574.54,-0.029786477320360105,6.0,1545.8466666666664,0.017909720909871217,2024-05-07,0.009626406836181767,0.009580368203823747,UP,7.0,47.8599999999999,0.9688281575656524,0,VALIDATION
2024-04-30,National,black_pepper,Grade 2,average,1487.5,"Department of Export Agriculture, Sri Lanka - Economic Research Unit",https://exagri.info/mkt/2024/30.04.2024.html,2024-04-30,2026-10-07,Sri Lanka,LKR,kg,farm_gate,weekly,9b0b4ea4407dedb23c61931a4ea498ffbd93484d46f083d1114b34799370d830,observed_source_value,7568dc8ce6202553165e,0.14423076923076916,0.13473259397015666,UP,1300.0,1300.0,0.0,6.0,1362.5,0.07822814499217878,2024-05-07,-0.05378151260504205,-0.05528177740593941,DOWN,7.0,47.8599999999999,0.9688281575656524,1,VALIDATION
2024-05-07,National,black_pepper,Grade 1,average,1550.14,"Department of Export Agriculture, Sri Lanka - Economic Research Unit",https://exagri.info/mkt/2024/07.05.2024.html,2024-05-07,2026-10-07,Sri Lanka,LKR,kg,farm_gate,weekly,0d78792f56899d3dd91ffd8829c2b8b4e2fd2acc0584a9867d72e03281f59634,observed_source_value,a636b79ed1c66c70195e,0.009626406836181767,0.009580368203823747,UP,1535.36,1527.64,0.00505354664711577,7.0,1537.7133333333331,0.02155656805515859,2024-05-14,0.013824557781877633,0.01372987026033836,UP,7.0,142.6400000000001,0.9079825048060175,0,VALIDATION
2024-05-07,National,black_pepper,Grade 2,average,1407.5,"Department of Export Agriculture, Sri Lanka - Economic Research Unit",https://exagri.info/mkt/2024/07.05.2024.html,2024-05-07,2026-10-07,Sri Lanka,LKR,kg,farm_gate,weekly,0d78792f56899d3dd91ffd8829c2b8b4e2fd2acc0584a9867d72e03281f59634,observed_source_value,d740bfa33c6e2eea4ab9,-0.05378151260504205,-0.05528177740593941,DOWN,1487.5,1300.0,0.14423076923076916,7.0,1398.3333333333333,0.10239126724547878,2024-05-14,-0.03197158081705154,-0.032493833476446334,DOWN,7.0,142.6400000000001,0.9079825048060175,1,VALIDATION
2024-05-14,National,black_pepper,Grade 1,average,1571.57,"Department of Export Agriculture, Sri Lanka - Economic Research Unit",https://exagri.info/mkt/2024/14.05.2024.html,2024-05-14,2026-10-07,Sri Lanka,LKR,kg,farm_gate,weekly,374f7cc519ff8aa3507eb3125d5423b7f84c2776034e217501e5cc0fb5f109d6,observed_source_value,fe67b77b399260181d19,0.013824557781877633,0.01372987026033836,UP,1550.14,1535.36,0.009626406836181767,7.0,1552.3566666666666,0.00438683937092505,2024-05-21,0.004638673428482232,0.004627947938135882,UP,7.0,209.06999999999994,0.8669674274769816,0,VALIDATION
2024-05-14,National,black_pepper,Grade 2,average,1362.5,"Department of Export Agriculture, Sri Lanka - Economic Research Unit",https://exagri.info/mkt/2024/14.05.2024.html,2024-05-14,2026-10-07,Sri Lanka,LKR,kg,farm_gate,weekly,374f7cc519ff8aa3507eb3125d5423b7f84c2776034e217501e5cc0fb5f109d6,observed_source_value,b54a7ce0d8dc8c52ba3d,-0.03197158081705154,-0.032493833476446334,DOWN,1407.5,1487.5,-0.05378151260504205,7.0,1419.1666666666667,0.10857547685427266,2024-05-21,-0.04587155963302747,-0.04695698308777098,DOWN,7.0,209.06999999999994,0.8669674274769816,1,VALIDATION
2024-05-21,National,black_pepper,Grade 1,average,1578.86,"Department of Export Agriculture, Sri Lanka - Economic Research Unit",https://exagri.info/mkt/2024/21.05.2024.html,2024-05-21,2026-10-07,Sri Lanka,LKR,kg,farm_gate,weekly,8aab25d6de60186c57e39b5023dde1d8407312e46786c7f9d602e8cef92f96f6,observed_source_value,08fa4dd8070f92edeca3,0.004638673428482232,0.004627947938135882,UP,1571.57,1550.14,0.013824557781877633,7.0,1566.8566666666666,0.004598594482070287,2024-05-28,0.017867321991816842,0.017709577602759635,UP,7.0,278.8599999999999,0.8233788936321144,0,VALIDATION
2024-05-21,National,black_pepper,Grade 2,average,1300.0,"Department of Export Agriculture, Sri Lanka - Economic Research Unit",https://exagri.info/mkt/2024/21.05.2024.html,2024-05-21,2026-10-07,Sri Lanka,LKR,kg,farm_gate,weekly,8aab25d6de60186c57e39b5023dde1d8407312e46786c7f9d602e8cef92f96f6,observed_source_value,45fa8dbe06fe01ba3987,-0.04587155963302747,-0.04695698308777098,DOWN,1362.5,1407.5,-0.03197158081705154,7.0,1356.6666666666667,0.011041209865021717,2024-05-28,0.09615384615384626,0.09180754925312289,UP,7.0,278.8599999999999,0.8233788936321144,1,VALIDATION
2024-05-28,National,black_pepper,Grade 1,average,1607.07,"Department of Export Agriculture, Sri Lanka - Economic Research Unit",https://exagri.info/mkt/2024/28.05.2024.html,2024-05-28,2026-10-07,Sri Lanka,LKR,kg,farm_gate,weekly,7b181ea530267356447821c7e8b019baddaf237df39786c97d97f3aef2b0a667,observed_source_value,2e6566a18f0a038d318b,0.017867321991816842,0.017709577602759635,UP,1578.86,1571.57,0.004638673428482232,7.0,1585.833333333333,0.0067789079334778755,2024-06-04,0.021156514650886304,0.020935822880491797,UP,7.0,182.06999999999994,0.8867068640445034,0,VALIDATION
2024-05-28,National,black_pepper,Grade 2,average,1425.0,"Department of Export Agriculture, Sri Lanka - Economic Research Unit",https://exagri.info/mkt/2024/28.05.2024.html,2024-05-28,2026-10-07,Sri Lanka,LKR,kg,farm_gate,weekly,7b181ea530267356447821c7e8b019baddaf237df39786c97d97f3aef2b0a667,observed_source_value,5935234077bd251ef0d4,0.09615384615384626,0.09180754925312289,UP,1300.0,1362.5,-0.04587155963302747,7.0,1362.5,0.07829490227816613,2024-06-04,-0.01754385964912286,-0.017699577099400975,DOWN,7.0,182.06999999999994,0.8867068640445034,1,VALIDATION
2024-06-04,National,black_pepper,Grade 1,average,1641.07,"Department of Export Agriculture, Sri Lanka - Economic Research Unit",https://exagri.info/mkt/2024/04.06.2024.html,2024-06-04,2026-10-07,Sri Lanka,LKR,kg,farm_gate,weekly,c91438b97d2d8bc5c8e61d725d1bfa233be75b9676aa95c868e945778f239623,observed_source_value,bbbdf1beb1d7dcdfd838,0.021156514650886304,0.020935822880491797,UP,1607.07,1578.86,0.017867321991816842,7.0,1608.9999999999998,0.008743140261650123,2024-06-11,0.07935066755226772,0.0763596265747405,UP,7.0,241.06999999999994,0.8531019395881956,0,VALIDATION
2024-06-04,National,black_pepper,Grade 2,average,1400.0,"Department of Export Agriculture, Sri Lanka - Economic Research Unit",https://exagri.info/mkt/2024/04.06.2024.html,2024-06-04,2026-10-07,Sri Lanka,LKR,kg,farm_gate,weekly,c91438b97d2d8bc5c8e61d725d1bfa233be75b9676aa95c868e945778f239623,observed_source_value,8ce292b87fbfb55656b2,-0.01754385964912286,-0.017699577099400975,DOWN,1425.0,1300.0,0.09615384615384626,7.0,1375.0,0.07516741623443264,2024-06-11,0.0714285714285714,0.06899287148695142,UP,7.0,241.06999999999994,0.8531019395881956,1,VALIDATION
2024-06-11,National,black_pepper,Grade 1,average,1771.29,"Department of Export Agriculture, Sri Lanka - Economic Research Unit",https://exagri.info/mkt/2024/11.06.2024.html,2024-06-11,2026-10-07,Sri Lanka,LKR,kg,farm_gate,weekly,563ffdd4ab809ba2fcf5834e009c6066ba63894090dfdc3b8b78ae5286f0d7fd,observed_source_value,9e56cc564833c55da66c,0.07935066755226772,0.0763596265747405,UP,1641.07,1607.07,0.021156514650886304,7.0,1673.1433333333332,0.03458703996577268,2024-06-18,-0.008107085796227542,-0.008140126915577564,DOWN,7.0,271.28999999999996,0.8468404383246109,0,VALIDATION
2024-06-11,National,black_pepper,Grade 2,average,1500.0,"Department of Export Agriculture, Sri Lanka - Economic Research Unit",https://exagri.info/mkt/2024/11.06.2024.html,2024-06-11,2026-10-07,Sri Lanka,LKR,kg,farm_gate,weekly,563ffdd4ab809ba2fcf5834e009c6066ba63894090dfdc3b8b78ae5286f0d7fd,observed_source_value,9a2bb6f9f613eefc8ff7,0.0714285714285714,0.06899287148695142,UP,1400.0,1425.0,-0.01754385964912286,7.0,1441.6666666666667,0.05979771596386973,2024-07-02,0.06666666666666665,0.06453852113757116,UP,21.0,271.28999999999996,0.8468404383246109,1,VALIDATION
2024-06-18,National,black_pepper,Grade 1,average,1756.93,"Department of Export Agriculture, Sri Lanka - Economic Research Unit",https://exagri.info/mkt/2024/18.06.2024.html,2024-06-18,2026-10-07,Sri Lanka,LKR,kg,farm_gate,weekly,b3a503252a348b57546ec7d7155a1854cd368625cd528d1ba02a43f650e68be3,observed_source_value,5438e92e600da2f32b09,-0.008107085796227542,-0.008140126915577564,DOWN,1771.29,1641.07,0.07935066755226772,7.0,1723.0966666666664,0.04451923996768888,2024-06-25,0.015231113362512927,0.015116284468621,UP,7.0,,,0,VALIDATION
2024-06-25,National,black_pepper,Grade 1,average,1783.69,"Department of Export Agriculture, Sri Lanka - Economic Research Unit",https://exagri.info/mkt/2024/25.06.2024.html,2024-06-25,2026-10-07,Sri Lanka,LKR,kg,farm_gate,weekly,1e4b5ca425e8d35431d847310505b4be363081b4571a8868a90ab5bc2496b7f0,observed_source_value,bd260c6446c835314388,0.015231113362512927,0.015116284468621,UP,1756.93,1771.29,-0.008107085796227542,7.0,1770.6366666666665,0.04528584655686634,2024-07-02,0.005101783381641356,0.005088813379528354,UP,7.0,,,0,VALIDATION
2024-07-02,National,black_pepper,Grade 1,average,1792.79,"Department of Export Agriculture, Sri Lanka - Economic Research Unit",https://exagri.info/mkt/2024/02.07.2024.html,2024-07-02,2026-10-07,Sri Lanka,LKR,kg,farm_gate,weekly,3518040820fed40316c0fc57a2cda7be353896206888a91d4ed52b89dda1b72e,observed_source_value,d4bcc99aea3f287790ce,0.005101783381641356,0.005088813379528354,UP,1783.69,1756.93,0.015231113362512927,7.0,1777.8033333333333,0.011702913389355616,2024-07-16,-0.02155857629727953,-0.021794357297397524,DOWN,14.0,192.78999999999996,0.8924637018278773,0,VALIDATION
2024-07-02,National,black_pepper,Grade 2,average,1600.0,"Department of Export Agriculture, Sri Lanka - Economic Research Unit",https://exagri.info/mkt/2024/02.07.2024.html,2024-07-02,2026-10-07,Sri Lanka,LKR,kg,farm_gate,weekly,3518040820fed40316c0fc57a2cda7be353896206888a91d4ed52b89dda1b72e,observed_source_value,9ad71bb98aa5c94c409e,0.06666666666666665,0.06453852113757116,UP,1500.0,1400.0,0.0714285714285714,21.0,1500.0,0.05005027800658508,2024-07-16,0.0,0.0,FLAT,14.0,192.78999999999996,0.8924637018278773,1,VALIDATION
2024-07-16,National,black_pepper,Grade 1,average,1754.14,"Department of Export Agriculture, Sri Lanka - Economic Research Unit",https://exagri.info/mkt/2024/16.07.2024.html,2024-07-16,2026-10-07,Sri Lanka,LKR,kg,farm_gate,weekly,3fc1ffb1ba49bc6a825f5d9b143570d2cc6e4f7f8ed3e5ba33c66260571cc30f,observed_source_value,b2c77658bec9511628ef,-0.02155857629727953,-0.021794357297397524,DOWN,1792.79,1783.69,0.005101783381641356,14.0,1776.8733333333332,0.019003768789965205,2024-07-23,-0.018647314353472333,-0.01882336756807748,DOWN,7.0,154.1400000000001,0.9121278803288221,0,VALIDATION
2024-07-16,National,black_pepper,Grade 2,average,1600.0,"Department of Export Agriculture, Sri Lanka - Economic Research Unit",https://exagri.info/mkt/2024/16.07.2024.html,2024-07-16,2026-10-07,Sri Lanka,LKR,kg,farm_gate,weekly,3fc1ffb1ba49bc6a825f5d9b143570d2cc6e4f7f8ed3e5ba33c66260571cc30f,observed_source_value,ad0781ce8865c85a1da3,0.0,0.0,FLAT,1600.0,1500.0,0.06666666666666665,14.0,1566.6666666666667,0.039935700398124094,2024-07-23,-0.125,-0.13353139262452263,DOWN,7.0,154.1400000000001,0.9121278803288221,1,VALIDATION
2024-07-23,National,black_pepper,Grade 1,average,1721.43,"Department of Export Agriculture, Sri Lanka - Economic Research Unit",https://exagri.info/mkt/2024/23.07.2024.html,2024-07-23,2026-10-07,Sri Lanka,LKR,kg,farm_gate,weekly,43baff7436725f48b1001450eeb5f52e009847a9e782f5574482b013e682bb12,observed_source_value,4dd9fe80e136427ab991,-0.018647314353472333,-0.01882336756807748,DOWN,1754.14,1792.79,-0.02155857629727953,7.0,1756.12,0.014624579011302333,2024-07-30,0.003502901657342905,0.003496780787038828,UP,7.0,321.43000000000006,0.8132773333798063,0,VALIDATION
2024-07-23,National,black_pepper,Grade 2,average,1400.0,"Department of Export Agriculture, Sri Lanka - Economic Research Unit",https://exagri.info/mkt/2024/23.07.2024.html,2024-07-23,2026-10-07,Sri Lanka,LKR,kg,farm_gate,weekly,43baff7436725f48b1001450eeb5f52e009847a9e782f5574482b013e682bb12,observed_source_value,b0007eb8d765cef5baae,-0.125,-0.13353139262452263,DOWN,1600.0,1600.0,0.0,7.0,1533.3333333333333,0.09730155493409431,2024-07-30,0.0714285714285714,0.06899287148695142,UP,7.0,321.43000000000006,0.8132773333798063,1,VALIDATION
2024-07-30,National,black_pepper,Grade 1,average,1727.46,"Department of Export Agriculture, Sri Lanka - Economic Research Unit",https://exagri.info/mkt/2024/30.07.2024.html,2024-07-30,2026-10-07,Sri Lanka,LKR,kg,farm_gate,weekly,d608413837d53bdcd253bec639ab23fee5707df1f2c8746e1852284012ec8153,observed_source_value,07f8fd10604f66bccefa,0.003502901657342905,0.003496780787038828,UP,1721.43,1754.14,-0.018647314353472333,7.0,1734.3433333333332,0.013706356145363955,2024-08-06,0.014576314357495956,0.014471101069655462,UP,7.0,227.46000000000004,0.8683269077142163,0,VALIDATION
2024-07-30,National,black_pepper,Grade 2,average,1500.0,"Department of Export Agriculture, Sri Lanka - Economic Research Unit",https://exagri.info/mkt/2024/30.07.2024.html,2024-07-30,2026-10-07,Sri Lanka,LKR,kg,farm_gate,weekly,d608413837d53bdcd253bec639ab23fee5707df1f2c8746e1852284012ec8153,observed_source_value,a139f8c95881dfdce256,0.0714285714285714,0.06899287148695142,UP,1400.0,1600.0,-0.125,7.0,1500.0,0.09942436362196458,2024-08-06,0.07766666666666677,0.07479821007518644,UP,7.0,227.46000000000004,0.8683269077142163,1,VALIDATION
2024-08-06,National,black_pepper,Grade 1,average,1752.64,"Department of Export Agriculture, Sri Lanka - Economic Research Unit",https://exagri.info/mkt/2024/06.08.2024.html,2024-08-06,2026-10-07,Sri Lanka,LKR,kg,farm_gate,weekly,21a3ef86b6ec5267c49043f1e99c964df0b345554919a9bf447245ae4f7fb646,observed_source_value,90493e8e2815e34ead86,0.014576314357495956,0.014471101069655462,UP,1727.46,1721.43,0.003502901657342905,7.0,1733.8433333333332,0.016916767041794373,2024-08-13,-0.009248904509768119,-0.009291941194079433,DOWN,7.0,136.1400000000001,0.9223228957458462,0,VALIDATION
2024-08-06,National,black_pepper,Grade 2,average,1616.5,"Department of Export Agriculture, Sri Lanka - Economic Research Unit",https://exagri.info/mkt/2024/06.08.2024.html,2024-08-06,2026-10-07,Sri Lanka,LKR,kg,farm_gate,weekly,21a3ef86b6ec5267c49043f1e99c964df0b345554919a9bf447245ae4f7fb646,observed_source_value,542d19de19a55fc410e0,0.07766666666666677,0.07479821007518644,UP,1500.0,1400.0,0.0714285714285714,7.0,1505.5,0.11525108479854371,2024-08-13,-0.010207237859573115,-0.01025968893761513,DOWN,7.0,136.1400000000001,0.9223228957458462,1,VALIDATION
2024-08-13,National,black_pepper,Grade 1,average,1736.43,"Department of Export Agriculture, Sri Lanka - Economic Research Unit",https://exagri.info/mkt/2024/13.08.2024.html,2024-08-13,2026-10-07,Sri Lanka,LKR,kg,farm_gate,weekly,b0bb77e1982a2eab6f966f20314bc65a4fd9ddb2392110add1ba2ad74aef62c8,observed_source_value,7a3f6a6e0ef2b3a2bd2c,-0.009248904509768119,-0.009291941194079433,DOWN,1752.64,1727.46,0.014576314357495956,7.0,1738.8433333333332,0.011922458383408165,2024-08-20,0.00036857230063969126,0.0003685043945543142,UP,7.0,136.43000000000006,0.9214307515995461,0,VALIDATION
2024-08-13,National,black_pepper,Grade 2,average,1600.0,"Department of Export Agriculture, Sri Lanka - Economic Research Unit",https://exagri.info/mkt/2024/13.08.2024.html,2024-08-13,2026-10-07,Sri Lanka,LKR,kg,farm_gate,weekly,b0bb77e1982a2eab6f966f20314bc65a4fd9ddb2392110add1ba2ad74aef62c8,observed_source_value,eac590ea814c910d67a7,-0.010207237859573115,-0.01025968893761513,DOWN,1616.5,1500.0,0.07766666666666677,7.0,1572.1666666666667,0.04903254410255929,2024-08-20,0.0625,0.06062462181643484,UP,7.0,136.43000000000006,0.9214307515995461,1,VALIDATION
2024-08-20,National,black_pepper,Grade 1,average,1737.07,"Department of Export Agriculture, Sri Lanka - Economic Research Unit",https://exagri.info/mkt/2024/20.08.2024.html,2024-08-20,2026-10-07,Sri Lanka,LKR,kg,farm_gate,weekly,180f165246730dd5b01b1a85ff3db52167ab37b76ca8c7464ca2a4b76bc950ab,observed_source_value,1bd84d3fb062298eab8a,0.00036857230063969126,0.0003685043945543142,UP,1736.43,1752.64,-0.009248904509768119,7.0,1742.0466666666664,0.011986081154308457,2024-08-27,-0.004317615294720412,-0.004326963112193619,DOWN,7.0,37.069999999999936,0.9786594668032952,0,VALIDATION
2024-08-20,National,black_pepper,Grade 2,average,1700.0,"Department of Export Agriculture, Sri Lanka - Economic Research Unit",https://exagri.info/mkt/2024/20.08.2024.html,2024-08-20,2026-10-07,Sri Lanka,LKR,kg,farm_gate,weekly,180f165246730dd5b01b1a85ff3db52167ab37b76ca8c7464ca2a4b76bc950ab,observed_source_value,c0bbb395eb539980beee,0.0625,0.06062462181643484,UP,1600.0,1616.5,-0.010207237859573115,7.0,1638.8333333333333,0.0469719655958619,2024-08-27,0.02941176470588225,0.028987536873252187,UP,7.0,37.069999999999936,0.9786594668032952,1,VALIDATION
2024-08-27,National,black_pepper,Grade 1,average,1729.57,"Department of Export Agriculture, Sri Lanka - Economic Research Unit",https://exagri.info/mkt/2024/27.08.2024.html,2024-08-27,2026-10-07,Sri Lanka,LKR,kg,farm_gate,weekly,93b82e857fdf8c81d14c7d4c8d469dbf3fb54a8e1478b650a7debe4c6f2e7c00,observed_source_value,cef595fa9932b52d0f31,-0.004317615294720412,-0.004326963112193619,DOWN,1737.07,1736.43,0.00036857230063969126,7.0,1734.3566666666666,0.00480925891207371,2024-09-03,0.004376810421087507,0.004367260043012312,UP,7.0,-20.430000000000064,1.0118121845314154,0,VALIDATION
2024-08-27,National,black_pepper,Grade 2,average,1750.0,"Department of Export Agriculture, Sri Lanka - Economic Research Unit",https://exagri.info/mkt/2024/27.08.2024.html,2024-08-27,2026-10-07,Sri Lanka,LKR,kg,farm_gate,weekly,93b82e857fdf8c81d14c7d4c8d469dbf3fb54a8e1478b650a7debe4c6f2e7c00,observed_source_value,070dbdfb02b30d01a81f,0.02941176470588225,0.028987536873252187,UP,1700.0,1600.0,0.0625,7.0,1683.3333333333333,0.036402470420583956,2024-09-03,-0.05714285714285716,-0.058840500022933465,DOWN,7.0,-20.430000000000064,1.0118121845314154,1,VALIDATION
2024-09-03,National,black_pepper,Grade 1,average,1737.14,"Department of Export Agriculture, Sri Lanka - Economic Research Unit",https://exagri.info/mkt/2024/03.09.2024.html,2024-09-03,2026-10-07,Sri Lanka,LKR,kg,farm_gate,weekly,493bc11f9bad3d9fa3ba136086dcc16101847ede42c98ac631fba04cbee5eed5,observed_source_value,c0b7838b732729e013e3,0.004376810421087507,0.004367260043012312,UP,1729.57,1737.07,-0.004317615294720412,7.0,1734.5933333333332,0.0043516158978954625,2024-09-10,0.02154691043899737,0.0213180573136152,UP,7.0,87.1400000000001,0.949837088547843,0,VALIDATION
2024-09-03,National,black_pepper,Grade 2,average,1650.0,"Department of Export Agriculture, Sri Lanka - Economic Research Unit",https://exagri.info/mkt/2024/03.09.2024.html,2024-09-03,2026-10-07,Sri Lanka,LKR,kg,farm_gate,weekly,493bc11f9bad3d9fa3ba136086dcc16101847ede42c98ac631fba04cbee5eed5,observed_source_value,15e25c19a90421c1460d,-0.05714285714285716,-0.058840500022933465,DOWN,1750.0,1700.0,0.02941176470588225,7.0,1700.0,0.06178045422240925,2024-09-10,-0.030303030303030276,-0.03077165866675366,DOWN,7.0,87.1400000000001,0.949837088547843,1,VALIDATION
2024-09-10,National,black_pepper,Grade 1,average,1774.57,"Department of Export Agriculture, Sri Lanka - Economic Research Unit",https://exagri.info/mkt/2024/10.09.2024.html,2024-09-10,2026-10-07,Sri Lanka,LKR,kg,farm_gate,weekly,ee23ad9e6b4d3f38fbc69eea8e30d334dfcdce219ab0e0475b76aa353043c824,observed_source_value,18f6ca982e2d6d769b15,0.02154691043899737,0.0213180573136152,UP,1737.14,1729.57,0.004376810421087507,7.0,1747.0933333333332,0.013161680899382121,2024-09-18,0.017829671413356563,0.017672587246545968,UP,8.0,174.56999999999994,0.9016268729889495,0,VALIDATION
2024-09-10,National,black_pepper,Grade 2,average,1600.0,"Department of Export Agriculture, Sri Lanka - Economic Research Unit",https://exagri.info/mkt/2024/10.09.2024.html,2024-09-10,2026-10-07,Sri Lanka,LKR,kg,farm_gate,weekly,ee23ad9e6b4d3f38fbc69eea8e30d334dfcdce219ab0e0475b76aa353043c824,observed_source_value,1923f67361f2a8f545c7,-0.030303030303030276,-0.03077165866675366,DOWN,1650.0,1750.0,-0.05714285714285716,7.0,1666.6666666666667,0.04430563472653432,2024-09-18,0.0,0.0,FLAT,8.0,174.56999999999994,0.9016268729889495,1,VALIDATION
2024-09-18,National,black_pepper,Grade 1,average,1806.21,"Department of Export Agriculture, Sri Lanka - Economic Research Unit",https://exagri.info/mkt/2024/18.09.2024.html,2024-09-18,2026-10-07,Sri Lanka,LKR,kg,farm_gate,weekly,76e0907db7b4b3c734e2336daf429b27f8c25508e91fe9a6038caaa8ebc28e1a,observed_source_value,83fcd4c700d4cc7f982f,0.017829671413356563,0.017672587246545968,UP,1774.57,1737.14,0.02154691043899737,8.0,1772.64,0.009033361034485573,2024-09-24,-0.006128855448701898,-0.006147713976869802,DOWN,6.0,206.21000000000004,0.8858327658467177,0,VALIDATION
2024-09-18,National,black_pepper,Grade 2,average,1600.0,"Department of Export Agriculture, Sri Lanka - Economic Research Unit",https://exagri.info/mkt/2024/18.09.2024.html,2024-09-18,2026-10-07,Sri Lanka,LKR,kg,farm_gate,weekly,76e0907db7b4b3c734e2336daf429b27f8c25508e91fe9a6038caaa8ebc28e1a,observed_source_value,3a9da7880e7d3fedf11c,0.0,0.0,FLAT,1600.0,1650.0,-0.030303030303030276,8.0,1616.6666666666667,0.028588914147466112,2024-09-24,0.046875,0.0458095360312942,UP,6.0,206.21000000000004,0.8858327658467177,1,VALIDATION
2024-09-24,National,black_pepper,Grade 1,average,1795.14,"Department of Export Agriculture, Sri Lanka - Economic Research Unit",https://exagri.info/mkt/2024/24.09.2024.html,2024-09-24,2026-10-07,Sri Lanka,LKR,kg,farm_gate,weekly,3756e56e612f09dd03103785e8af1a55f8222edf42b20607f6c9f683fb456747,observed_source_value,0c43aff76df69a4597cd,-0.006128855448701898,-0.006147713976869802,DOWN,1806.21,1774.57,0.017829671413356563,6.0,1791.9733333333331,0.015020968082675548,2024-10-01,-0.008077364439542323,-0.008110163084826287,DOWN,7.0,120.1400000000001,0.933074857671268,0,VALIDATION
2024-09-24,National,black_pepper,Grade 2,average,1675.0,"Department of Export Agriculture, Sri Lanka - Economic Research Unit",https://exagri.info/mkt/2024/24.09.2024.html,2024-09-24,2026-10-07,Sri Lanka,LKR,kg,farm_gate,weekly,3756e56e612f09dd03103785e8af1a55f8222edf42b20607f6c9f683fb456747,observed_source_value,8d8c0d3da72dc23b2dc0,0.046875,0.0458095360312942,UP,1600.0,1600.0,0.0,6.0,1625.0,0.03888441768455531,2024-10-01,-0.05970149253731338,-0.06155789299943332,DOWN,7.0,120.1400000000001,0.933074857671268,1,VALIDATION
2024-10-01,National,black_pepper,Grade 1,average,1780.64,"Department of Export Agriculture, Sri Lanka - Economic Research Unit",https://exagri.info/mkt/2024/01.10.2024.html,2024-10-01,2026-10-07,Sri Lanka,LKR,kg,farm_gate,weekly,c70e1eb72d2aab796d535b3d9d4ff2dda3b8f6bec9320e654e7396ab8aa46a35,observed_source_value,1488a5ca1ba138cbe6a9,-0.008077364439542323,-0.008110163084826287,DOWN,1795.14,1806.21,-0.006128855448701898,7.0,1793.9966666666667,0.014427879281509294,2024-10-15,-0.02013321053104511,-0.020338645670029968,DOWN,14.0,205.6400000000001,0.8845134333722706,0,VALIDATION
2024-10-01,National,black_pepper,Grade 2,average,1575.0,"Department of Export Agriculture, Sri Lanka - Economic Research Unit",https://exagri.info/mkt/2024/01.10.2024.html,2024-10-01,2026-10-07,Sri Lanka,LKR,kg,farm_gate,weekly,c70e1eb72d2aab796d535b3d9d4ff2dda3b8f6bec9320e654e7396ab8aa46a35,observed_source_value,ed6282efc35f45332e34,-0.05970149253731338,-0.06155789299943332,DOWN,1675.0,1600.0,0.046875,7.0,1616.6666666666667,0.05341673052165524,2024-10-15,0.031746031746031855,0.03125254350410453,UP,14.0,205.6400000000001,0.8845134333722706,1,VALIDATION
2024-10-15,National,black_pepper,Grade 1,average,1744.79,"Department of Export Agriculture, Sri Lanka - Economic Research Unit",https://exagri.info/mkt/2024/15.10.2024.html,2024-10-15,2026-10-07,Sri Lanka,LKR,kg,farm_gate,weekly,d8649c7b24bbf4189733e4d601f706e3d9f675a9bde1e03172259e91e9bc6496,observed_source_value,2632544c6981723d25a2,-0.02013321053104511,-0.020338645670029968,DOWN,1780.64,1795.14,-0.008077364439542323,14.0,1773.5233333333333,0.007585755000238019,2024-10-22,0.0004069257618395383,0.00040684299000561376,UP,7.0,119.78999999999996,0.9313441732242849,0,VALIDATION
2024-10-15,National,black_pepper,Grade 2,average,1625.0,"Department of Export Agriculture, Sri Lanka - Economic Research Unit",https://exagri.info/mkt/2024/15.10.2024.html,2024-10-15,2026-10-07,Sri Lanka,LKR,kg,farm_gate,weekly,d8649c7b24bbf4189733e4d601f706e3d9f675a9bde1e03172259e91e9bc6496,observed_source_value,2d46c32161115e5d4336,0.031746031746031855,0.03125254350410453,UP,1575.0,1675.0,-0.05970149253731338,14.0,1625.0,0.05766293457028025,2024-10-22,-0.01538461538461533,-0.015504186535965199,DOWN,7.0,119.78999999999996,0.9313441732242849,1,VALIDATION
2024-10-22,National,black_pepper,Grade 1,average,1745.5,"Department of Export Agriculture, Sri Lanka - Economic Research Unit",https://exagri.info/mkt/2024/22.10.2024.html,2024-10-22,2026-10-07,Sri Lanka,LKR,kg,farm_gate,weekly,33133b461b71b5053ff50302e9311e7af004559471fbbb92d0df820d97af8b77,observed_source_value,6eefd7b363aca36ccf52,0.0004069257618395383,0.00040684299000561376,UP,1744.79,1780.64,-0.02013321053104511,7.0,1756.9766666666665,0.010321690786345847,2024-10-29,0.008020624462904635,0.007988630216549143,UP,7.0,145.5,0.9166427957605271,0,VALIDATION
2024-10-22,National,black_pepper,Grade 2,average,1600.0,"Department of Export Agriculture, Sri Lanka - Economic Research Unit",https://exagri.info/mkt/2024/22.10.2024.html,2024-10-22,2026-10-07,Sri Lanka,LKR,kg,farm_gate,weekly,33133b461b71b5053ff50302e9311e7af004559471fbbb92d0df820d97af8b77,observed_source_value,a57e68dc2e62787a1802,-0.01538461538461533,-0.015504186535965199,DOWN,1625.0,1575.0,0.031746031746031855,7.0,1600.0,0.04573097636736291,2024-10-29,-0.015625,-0.015748356968139168,DOWN,7.0,145.5,0.9166427957605271,1,VALIDATION
2024-10-29,National,black_pepper,Grade 1,average,1759.5,"Department of Export Agriculture, Sri Lanka - Economic Research Unit",https://exagri.info/mkt/2024/29.10.2024.html,2024-10-29,2026-10-07,Sri Lanka,LKR,kg,farm_gate,weekly,4db31b2420cc432c035885f3b5d64956bc4b386153e18db5a8d83703a553b6bb,observed_source_value,3c7f2dc832cf88f723af,0.008020624462904635,0.007988630216549143,UP,1745.5,1744.79,0.0004069257618395383,7.0,1749.9299999999996,0.014563104246162084,2024-11-05,0.01668655868144353,0.016548867675974487,UP,7.0,184.5,0.8951406649616368,0,VALIDATION
2024-10-29,National,black_pepper,Grade 2,average,1575.0,"Department of Export Agriculture, Sri Lanka - Economic Research Unit",https://exagri.info/mkt/2024/29.10.2024.html,2024-10-29,2026-10-07,Sri Lanka,LKR,kg,farm_gate,weekly,4db31b2420cc432c035885f3b5d64956bc4b386153e18db5a8d83703a553b6bb,observed_source_value,7d221d7f979e1a736490,-0.015625,-0.015748356968139168,DOWN,1600.0,1625.0,-0.01538461538461533,7.0,1600.0,0.02728054964133594,2024-11-05,-0.04761904761904767,-0.048790164169432056,DOWN,7.0,184.5,0.8951406649616368,1,VALIDATION
2024-11-05,National,black_pepper,Grade 1,average,1788.86,"Department of Export Agriculture, Sri Lanka - Economic Research Unit",https://exagri.info/mkt/2024/05.11.2024.html,2024-11-05,2026-10-07,Sri Lanka,LKR,kg,farm_gate,weekly,cacfb050e93b8ba2e7df9f5b75596ff1a270ddccd15dd291488606c787884cc0,observed_source_value,e54edd5871c628766173,0.01668655868144353,0.016548867675974487,UP,1759.5,1745.5,0.008020624462904635,7.0,1764.62,0.008145482099378567,2024-11-12,0.003991368804713735,0.003983424424530638,UP,7.0,288.8599999999999,0.8385228581331128,0,VALIDATION
2024-11-05,National,black_pepper,Grade 2,average,1500.0,"Department of Export Agriculture, Sri Lanka - Economic Research Unit",https://exagri.info/mkt/2024/05.11.2024.html,2024-11-05,2026-10-07,Sri Lanka,LKR,kg,farm_gate,weekly,cacfb050e93b8ba2e7df9f5b75596ff1a270ddccd15dd291488606c787884cc0,observed_source_value,024f6cafb0bfd1d4e359,-0.04761904761904767,-0.048790164169432056,DOWN,1575.0,1600.0,-0.015625,7.0,1558.3333333333333,0.018541554633171493,2024-11-12,0.06666666666666665,0.06453852113757116,UP,7.0,288.8599999999999,0.8385228581331128,1,VALIDATION
2024-11-12,National,black_pepper,Grade 1,average,1796.0,"Department of Export Agriculture, Sri Lanka - Economic Research Unit",https://exagri.info/mkt/2024/12.11.2024.html,2024-11-12,2026-10-07,Sri Lanka,LKR,kg,farm_gate,weekly,407e3d86b99def8b684de58b917383a64e0a6685d5b704bfc4b5ed29b6051fc0,observed_source_value,e46dafa49baa6126ee04,0.003991368804713735,0.003983424424530638,UP,1788.86,1759.5,0.01668655868144353,7.0,1781.4533333333331,0.006487181758994838,2024-11-19,0.01054008908685966,0.010484929599948381,UP,7.0,196.0,0.89086859688196,0,VALIDATION
2024-11-12,National,black_pepper,Grade 2,average,1600.0,"Department of Export Agriculture, Sri Lanka - Economic Research Unit",https://exagri.info/mkt/2024/12.11.2024.html,2024-11-12,2026-10-07,Sri Lanka,LKR,kg,farm_gate,weekly,407e3d86b99def8b684de58b917383a64e0a6685d5b704bfc4b5ed29b6051fc0,observed_source_value,19a2d1da0067cae9a799,0.06666666666666665,0.06453852113757116,UP,1500.0,1575.0,-0.04761904761904767,7.0,1558.3333333333333,0.05895868889262423,2024-11-19,0.03125,0.030771658666753687,UP,7.0,196.0,0.89086859688196,1,VALIDATION
2024-11-19,National,black_pepper,Grade 1,average,1814.93,"Department of Export Agriculture, Sri Lanka - Economic Research Unit",https://exagri.info/mkt/2024/19.11.2024.html,2024-11-19,2026-10-07,Sri Lanka,LKR,kg,farm_gate,weekly,ee0d445e1df7e73a5613fa268cb1bd83a360f16619745de9ea4485aa741aaa53,observed_source_value,dc79185b47c00a3c9651,0.01054008908685966,0.010484929599948381,UP,1796.0,1788.86,0.003991368804713735,7.0,1799.9299999999996,0.0063486569684361735,2024-11-26,-0.00574677811265456,-0.00576335437925014,DOWN,7.0,164.93000000000006,0.9091259718005653,0,VALIDATION
2024-11-19,National,black_pepper,Grade 2,average,1650.0,"Department of Export Agriculture, Sri Lanka - Economic Research Unit",https://exagri.info/mkt/2024/19.11.2024.html,2024-11-19,2026-10-07,Sri Lanka,LKR,kg,farm_gate,weekly,ee0d445e1df7e73a5613fa268cb1bd83a360f16619745de9ea4485aa741aaa53,observed_source_value,32e6b3caccd9bb3dc0ed,0.03125,0.030771658666753687,UP,1600.0,1500.0,0.06666666666666665,7.0,1583.3333333333333,0.058503406510375174,2024-11-26,-0.06060606060606055,-0.06252035698133393,DOWN,7.0,164.93000000000006,0.9091259718005653,1,VALIDATION
2024-11-26,National,black_pepper,Grade 1,average,1804.5,"Department of Export Agriculture, Sri Lanka - Economic Research Unit",https://exagri.info/mkt/2024/26.11.2024.html,2024-11-26,2026-10-07,Sri Lanka,LKR,kg,farm_gate,weekly,bdc751060bc3fa1f8eebff61170abba9ebc50693ddf7d9fe65231fa43203e807,observed_source_value,90f4f16f763f10c57be0,-0.00574677811265456,-0.00576335437925014,DOWN,1814.93,1796.0,0.01054008908685966,7.0,1805.1433333333334,0.008195316608615878,2024-12-03,0.010451648656137458,0.010397407786645546,UP,7.0,254.5,0.85896370185647,0,VALIDATION
2024-11-26,National,black_pepper,Grade 2,average,1550.0,"Department of Export Agriculture, Sri Lanka - Economic Research Unit",https://exagri.info/mkt/2024/26.11.2024.html,2024-11-26,2026-10-07,Sri Lanka,LKR,kg,farm_gate,weekly,bdc751060bc3fa1f8eebff61170abba9ebc50693ddf7d9fe65231fa43203e807,observed_source_value,d66db8f111a8ad1d0354,-0.06060606060606055,-0.06252035698133393,DOWN,1650.0,1600.0,0.03125,7.0,1600.0,0.06568894282307586,2024-12-03,0.032258064516129004,0.03174869831458027,UP,7.0,254.5,0.85896370185647,1,VALIDATION
2024-12-03,National,black_pepper,Grade 1,average,1823.36,"Department of Export Agriculture, Sri Lanka - Economic Research Unit",https://exagri.info/mkt/2024/03.12.2024.html,2024-12-03,2026-10-07,Sri Lanka,LKR,kg,farm_gate,weekly,e188de24b66c7d5119bd862686104dcf54490c99850015988b9c7d24e24f93c2,observed_source_value,bcb514117775088117e6,0.010451648656137458,0.010397407786645546,UP,1804.5,1814.93,-0.00574677811265456,7.0,1814.2633333333333,0.00937780086754883,2024-12-10,-0.004349113724113618,-0.004358598629818766,DOWN,7.0,223.3599999999999,0.8775008775008776,0,VALIDATION
2024-12-03,National,black_pepper,Grade 2,average,1600.0,"Department of Export Agriculture, Sri Lanka - Economic Research Unit",https://exagri.info/mkt/2024/03.12.2024.html,2024-12-03,2026-10-07,Sri Lanka,LKR,kg,farm_gate,weekly,e188de24b66c7d5119bd862686104dcf54490c99850015988b9c7d24e24f93c2,observed_source_value,1e8b5720dd8bd8cdb6eb,0.032258064516129004,0.03174869831458027,UP,1550.0,1650.0,-0.06060606060606055,7.0,1600.0,0.05332650654043531,2024-12-10,0.0,0.0,FLAT,7.0,223.3599999999999,0.8775008775008776,1,VALIDATION
2024-12-10,National,black_pepper,Grade 1,average,1815.43,"Department of Export Agriculture, Sri Lanka - Economic Research Unit",https://exagri.info/mkt/2024/10.12.2024.html,2024-12-10,2026-10-07,Sri Lanka,LKR,kg,farm_gate,weekly,648fed64e847522891520a2fc9402c9731bef22545fa9ec6e270c17151c0919e,observed_source_value,4a6e3f072d6b65f2c6ac,-0.004349113724113618,-0.004358598629818766,DOWN,1823.36,1804.5,0.010451648656137458,7.0,1814.4299999999996,0.008975940643034282,2024-12-17,0.004169811008962077,0.004161141438993141,UP,7.0,215.43000000000006,0.8813338988559184,0,VALIDATION
2024-12-10,National,black_pepper,Grade 2,average,1600.0,"Department of Export Agriculture, Sri Lanka - Economic Research Unit",https://exagri.info/mkt/2024/10.12.2024.html,2024-12-10,2026-10-07,Sri Lanka,LKR,kg,farm_gate,weekly,648fed64e847522891520a2fc9402c9731bef22545fa9ec6e270c17151c0919e,observed_source_value,941f6e4b2bf3b9cbe8a4,0.0,0.0,FLAT,1600.0,1550.0,0.032258064516129004,7.0,1583.3333333333333,0.04714768117879147,2024-12-17,0.125,0.11778303565638346,UP,7.0,215.43000000000006,0.8813338988559184,1,VALIDATION
2024-12-17,National,black_pepper,Grade 1,average,1823.0,"Department of Export Agriculture, Sri Lanka - Economic Research Unit",https://exagri.info/mkt/2024/17.12.2024.html,2024-12-17,2026-10-07,Sri Lanka,LKR,kg,farm_gate,weekly,eac502effa3b8e3bd6e67723b8276f903a0ba1137132479418f60d88ba527aaf,observed_source_value,fa98d80fce435a5fa12e,0.004169811008962077,0.004161141438993141,UP,1815.43,1823.36,-0.004349113724113618,7.0,1820.5966666666664,0.007428505119582884,2024-12-24,-0.008935820076796497,-0.00897598396086971,DOWN,7.0,23.0,0.9873834339001646,0,VALIDATION
2024-12-17,National,black_pepper,Grade 2,average,1800.0,"Department of Export Agriculture, Sri Lanka - Economic Research Unit",https://exagri.info/mkt/2024/17.12.2024.html,2024-12-17,2026-10-07,Sri Lanka,LKR,kg,farm_gate,weekly,eac502effa3b8e3bd6e67723b8276f903a0ba1137132479418f60d88ba527aaf,observed_source_value,4e993f6482f873eb1093,0.125,0.11778303565638346,UP,1600.0,1600.0,0.0,7.0,1666.6666666666667,0.06489305217512531,2024-12-24,-0.05555555555555558,-0.05715841383994864,DOWN,7.0,23.0,0.9873834339001646,1,VALIDATION
2024-12-24,National,black_pepper,Grade 1,average,1806.71,"Department of Export Agriculture, Sri Lanka - Economic Research Unit",https://exagri.info/mkt/2024/24.12.2024.html,2024-12-24,2026-10-07,Sri Lanka,LKR,kg,farm_gate,weekly,468f969b54bd032d4394bcb3295e547f25bb597bef37d1ed99dfbc4df7490e6a,observed_source_value,5efcecec0d1bdcccea12,-0.008935820076796497,-0.00897598396086971,DOWN,1823.0,1815.43,0.004169811008962077,7.0,1815.0466666666664,0.006650407505429396,2024-12-31,-0.0033596980146232136,-0.0033653544728791227,DOWN,7.0,106.71000000000004,0.9409368409982786,0,VALIDATION
2024-12-24,National,black_pepper,Grade 2,average,1700.0,"Department of Export Agriculture, Sri Lanka - Economic Research Unit",https://exagri.info/mkt/2024/24.12.2024.html,2024-12-24,2026-10-07,Sri Lanka,LKR,kg,farm_gate,weekly,468f969b54bd032d4394bcb3295e547f25bb597bef37d1ed99dfbc4df7490e6a,observed_source_value,4501d92c4981a0eb07cd,-0.05555555555555558,-0.05715841383994864,DOWN,1800.0,1600.0,0.125,7.0,1700.0,0.09247677942332487,2024-12-31,-0.07352941176470584,-0.07637297878457397,DOWN,7.0,106.71000000000004,0.9409368409982786,1,VALIDATION
2024-12-31,National,black_pepper,Grade 1,average,1800.64,"Department of Export Agriculture, Sri Lanka - Economic Research Unit",https://exagri.info/mkt/2024/31.12.2024.html,2024-12-31,2026-10-07,Sri Lanka,LKR,kg,farm_gate,weekly,ce30e814ea91b5d9ea8d89c0f4990b338abbeaabd6c4774b0ece7b6cd303e88e,observed_source_value,3c517f6e12d5f5b5ccde,-0.0033596980146232136,-0.0033653544728791227,DOWN,1806.71,1823.0,-0.008935820076796497,7.0,1810.1166666666666,0.006577033393364464,2025-01-07,-0.004720543806646549,-0.004731720761637279,DOWN,7.0,225.6400000000001,0.8746889994668562,0,VALIDATION
2024-12-31,National,black_pepper,Grade 2,average,1575.0,"Department of Export Agriculture, Sri Lanka - Economic Research Unit",https://exagri.info/mkt/2024/31.12.2024.html,2024-12-31,2026-10-07,Sri Lanka,LKR,kg,farm_gate,weekly,ce30e814ea91b5d9ea8d89c0f4990b338abbeaabd6c4774b0ece7b6cd303e88e,observed_source_value,96f579954310230c8ce0,-0.07352941176470584,-0.07637297878457397,DOWN,1700.0,1800.0,-0.05555555555555558,7.0,1691.6666666666667,0.10980080106313932,2025-01-07,0.0793650793650793,0.07637297878457396,UP,7.0,225.6400000000001,0.8746889994668562,1,VALIDATION
2025-01-07,National,black_pepper,Grade 1,average,1792.14,"Department of Export Agriculture, Sri Lanka - Economic Research Unit",https://exagri.info/mkt/2025/07.01.2025.html,2025-01-07,2026-10-07,Sri Lanka,LKR,kg,farm_gate,weekly,f39657bda4a04f707da200e714747f735baf6a0c544635b45f0c22f75e1ce06e,observed_source_value,f2b719c6868ed97d43a0,-0.004720543806646549,-0.004731720761637279,DOWN,1800.64,1806.71,-0.0033596980146232136,7.0,1799.83,0.002907278009745247,2025-01-15,0.007655651902195082,0.007626496109026393,UP,8.0,92.1400000000001,0.9485866059571239,0,VALIDATION
2025-01-07,National,black_pepper,Grade 2,average,1700.0,"Department of Export Agriculture, Sri Lanka - Economic Research Unit",https://exagri.info/mkt/2025/07.01.2025.html,2025-01-07,2026-10-07,Sri Lanka,LKR,kg,farm_gate,weekly,f39657bda4a04f707da200e714747f735baf6a0c544635b45f0c22f75e1ce06e,observed_source_value,1be8f3f06ff323b50951,0.0793650793650793,0.07637297878457396,UP,1575.0,1700.0,-0.07352941176470584,7.0,1658.3333333333333,0.08356969412038703,2025-01-15,0.02941176470588225,0.028987536873252187,UP,8.0,92.1400000000001,0.9485866059571239,1,VALIDATION
2025-01-15,National,black_pepper,Grade 1,average,1805.86,"Department of Export Agriculture, Sri Lanka - Economic Research Unit",https://exagri.info/mkt/2025/15.01.2025.html,2025-01-15,2026-10-07,Sri Lanka,LKR,kg,farm_gate,weekly,44203e91cef14d9a3b5c142e343cdb7f408ed32cc393575414981da90764cd20,observed_source_value,37ca38b571fb79d42518,0.007655651902195082,0.007626496109026393,UP,1792.14,1800.64,-0.004720543806646549,8.0,1799.5466666666664,0.00678675247919609,2025-01-21,0.017720089043447462,0.017564918672538354,UP,6.0,55.8599999999999,0.9690673695635321,0,VALIDATION
2025-01-15,National,black_pepper,Grade 2,average,1750.0,"Department of Export Agriculture, Sri Lanka - Economic Research Unit",https://exagri.info/mkt/2025/15.01.2025.html,2025-01-15,2026-10-07,Sri Lanka,LKR,kg,farm_gate,weekly,44203e91cef14d9a3b5c142e343cdb7f408ed32cc393575414981da90764cd20,observed_source_value,aa5325162e65c38a9f9d,0.02941176470588225,0.028987536873252187,UP,1700.0,1575.0,0.0793650793650793,8.0,1675.0,0.0779625389491917,2025-01-21,0.02857142857142847,0.028170876966696224,UP,6.0,55.8599999999999,0.9690673695635321,1,VALIDATION
2025-01-21,National,black_pepper,Grade 1,average,1837.86,"Department of Export Agriculture, Sri Lanka - Economic Research Unit",https://exagri.info/mkt/2025/21.01.2025.html,2025-01-21,2026-10-07,Sri Lanka,LKR,kg,farm_gate,weekly,0446e99103005b8c3cdd01d0fbb8633cdc2dd1574c858a3a8b527e7a6884f7f2,observed_source_value,57f73d8b6c86f460cfd5,0.017720089043447462,0.017564918672538354,UP,1805.86,1792.14,0.007655651902195082,6.0,1811.953333333333,0.011240144704781537,2025-01-28,0.018499776914454813,0.018330737651272678,UP,7.0,37.8599999999999,0.9793999542946689,0,VALIDATION
2025-01-21,National,black_pepper,Grade 2,average,1800.0,"Department of Export Agriculture, Sri Lanka - Economic Research Unit",https://exagri.info/mkt/2025/21.01.2025.html,2025-01-21,2026-10-07,Sri Lanka,LKR,kg,farm_gate,weekly,0446e99103005b8c3cdd01d0fbb8633cdc2dd1574c858a3a8b527e7a6884f7f2,observed_source_value,54d03da85c566167d84e,0.02857142857142847,0.028170876966696224,UP,1750.0,1700.0,0.02941176470588225,6.0,1750.0,0.02908617876588735,2025-01-28,0.02777777777777768,0.027398974188114347,UP,7.0,37.8599999999999,0.9793999542946689,1,VALIDATION
2025-01-28,National,black_pepper,Grade 1,average,1871.86,"Department of Export Agriculture, Sri Lanka - Economic Research Unit",https://exagri.info/mkt/2025/28.01.2025.html,2025-01-28,2026-10-07,Sri Lanka,LKR,kg,farm_gate,weekly,b0824186adcc1cff0f568eda0b1efa5818aff7aef4806104fa47c4ecc171b3d9,observed_source_value,9f7cd18d20c24475af02,0.018499776914454813,0.018330737651272678,UP,1837.86,1805.86,0.017720089043447462,7.0,1838.5266666666664,0.006048358667550753,2025-02-05,0.008499567275330522,0.008463649334526719,UP,8.0,21.8599999999999,0.9883217762012116,0,VALIDATION
2025-01-28,National,black_pepper,Grade 2,average,1850.0,"Department of Export Agriculture, Sri Lanka - Economic Research Unit",https://exagri.info/mkt/2025/28.01.2025.html,2025-01-28,2026-10-07,Sri Lanka,LKR,kg,farm_gate,weekly,b0824186adcc1cff0f568eda0b1efa5818aff7aef4806104fa47c4ecc171b3d9,observed_source_value,781ea2dee949255e6434,0.02777777777777768,0.027398974188114347,UP,1800.0,1750.0,0.02857142857142847,7.0,1800.0,0.0008171046120602245,2025-02-05,0.0,0.0,FLAT,8.0,21.8599999999999,0.9883217762012116,1,VALIDATION
2025-02-05,National,black_pepper,Grade 1,average,1887.77,"Department of Export Agriculture, Sri Lanka - Economic Research Unit",https://exagri.info/mkt/2025/05.02.2025.html,2025-02-05,2026-10-07,Sri Lanka,LKR,kg,farm_gate,weekly,de6e002c0b904985de7f50a69f026a424b0e89f8afa7cc7380cdf7a1bdea8a87,observed_source_value,2c4c9b69c0e21e6fcf8a,0.008499567275330522,0.008463649334526719,UP,1871.86,1837.86,0.018499776914454813,8.0,1865.83,0.005562225688802299,2025-02-11,-0.003925266319519949,-0.00393299039669174,DOWN,6.0,37.76999999999998,0.9799922660069817,0,VALIDATION
2025-02-05,National,black_pepper,Grade 2,average,1850.0,"Department of Export Agriculture, Sri Lanka - Economic Research Unit",https://exagri.info/mkt/2025/05.02.2025.html,2025-02-05,2026-10-07,Sri Lanka,LKR,kg,farm_gate,weekly,de6e002c0b904985de7f50a69f026a424b0e89f8afa7cc7380cdf7a1bdea8a87,observed_source_value,823dfb24972633300556,0.0,0.0,FLAT,1850.0,1800.0,0.02777777777777768,8.0,1833.3333333333333,0.016271454301250207,2025-02-11,-0.08108108108108103,-0.084557388028063,DOWN,6.0,37.76999999999998,0.9799922660069817,1,VALIDATION
2025-02-11,National,black_pepper,Grade 1,average,1880.36,"Department of Export Agriculture, Sri Lanka - Economic Research Unit",https://exagri.info/mkt/2025/11.02.2025.html,2025-02-11,2026-10-07,Sri Lanka,LKR,kg,farm_gate,weekly,f647fc66d01e4ab48a5c5a416586123af6e86feca3284222bcf298b148cb1d3b,observed_source_value,e2c902169cd53dd89c81,-0.003925266319519949,-0.00393299039669174,DOWN,1887.77,1871.86,0.008499567275330522,6.0,1879.9966666666667,0.01123434649287531,2025-02-18,0.005998851283796736,0.00598092981188235,UP,7.0,180.3599999999999,0.9040821970261015,0,VALIDATION
2025-02-11,National,black_pepper,Grade 2,average,1700.0,"Department of Export Agriculture, Sri Lanka - Economic Research Unit",https://exagri.info/mkt/2025/11.02.2025.html,2025-02-11,2026-10-07,Sri Lanka,LKR,kg,farm_gate,weekly,f647fc66d01e4ab48a5c5a416586123af6e86feca3284222bcf298b148cb1d3b,observed_source_value,7652d9f6c6723bc1b0e9,-0.08108108108108103,-0.084557388028063,DOWN,1850.0,1850.0,0.0,6.0,1800.0,0.05656264638964668,2025-02-18,0.05882352941176472,0.05715841383994862,UP,7.0,180.3599999999999,0.9040821970261015,1,VALIDATION
2025-02-18,National,black_pepper,Grade 1,average,1891.64,"Department of Export Agriculture, Sri Lanka - Economic Research Unit",https://exagri.info/mkt/2025/18.02.2025.html,2025-02-18,2026-10-07,Sri Lanka,LKR,kg,farm_gate,weekly,bc2c74588807838698d77886e556567ef7b6d646dfb07789873fdd3501010ed3,observed_source_value,1dab48da816a99cad98d,0.005998851283796736,0.00598092981188235,UP,1880.36,1887.77,-0.003925266319519949,7.0,1886.59,0.006571633238581545,2025-02-25,0.011064473155568688,0.011003709672237206,UP,7.0,91.6400000000001,0.9515552642151783,0,VALIDATION
2025-02-18,National,black_pepper,Grade 2,average,1800.0,"Department of Export Agriculture, Sri Lanka - Economic Research Unit",https://exagri.info/mkt/2025/18.02.2025.html,2025-02-18,2026-10-07,Sri Lanka,LKR,kg,farm_gate,weekly,bc2c74588807838698d77886e556567ef7b6d646dfb07789873fdd3501010ed3,observed_source_value,cf5fc6f688d0e13bd43e,0.05882352941176472,0.05715841383994862,UP,1700.0,1850.0,-0.08108108108108103,7.0,1783.3333333333333,0.07024676666211334,2025-02-25,-0.08333333333333337,-0.08701137698962981,DOWN,7.0,91.6400000000001,0.9515552642151783,1,VALIDATION
2025-02-25,National,black_pepper,Grade 1,average,1912.57,"Department of Export Agriculture, Sri Lanka - Economic Research Unit",https://exagri.info/mkt/2025/25.02.2025.html,2025-02-25,2026-10-07,Sri Lanka,LKR,kg,farm_gate,weekly,e5a0638c8217fd30e21e7f9cc0b24f235ef79bc6bf064432f73c40870a9e83c4,observed_source_value,db2ecf6dfd424f814602,0.011064473155568688,0.011003709672237206,UP,1891.64,1880.36,0.005998851283796736,7.0,1894.8566666666666,0.007624969122159842,2025-03-04,0.00455931024746814,0.0045489480767980095,UP,7.0,262.56999999999994,0.8627135215965952,0,TEST
2025-02-25,National,black_pepper,Grade 2,average,1650.0,"Department of Export Agriculture, Sri Lanka - Economic Research Unit",https://exagri.info/mkt/2025/25.02.2025.html,2025-02-25,2026-10-07,Sri Lanka,LKR,kg,farm_gate,weekly,e5a0638c8217fd30e21e7f9cc0b24f235ef79bc6bf064432f73c40870a9e83c4,observed_source_value,ddc17b507da26371278b,-0.08333333333333337,-0.08701137698962981,DOWN,1800.0,1700.0,0.05882352941176472,7.0,1716.6666666666667,0.08143192075070152,2025-03-04,0.09090909090909083,0.08701137698962969,UP,7.0,262.56999999999994,0.8627135215965952,1,TEST
2025-03-04,National,black_pepper,Grade 1,average,1921.29,"Department of Export Agriculture, Sri Lanka - Economic Research Unit",https://exagri.info/mkt/2025/04.03.2025.html,2025-03-04,2026-10-07,Sri Lanka,LKR,kg,farm_gate,weekly,be46d6562241f831f8f75d28e5cf98593cea1f0d4636544fe31352e5d364a634,observed_source_value,3eade9c391861f39b7b2,0.00455931024746814,0.0045489480767980095,UP,1912.57,1891.64,0.011064473155568688,7.0,1908.5,0.0034168686396577,2025-03-11,0.007026529050794039,0.007001958027737111,UP,7.0,121.28999999999996,0.9368705401058663,0,TEST
2025-03-04,National,black_pepper,Grade 2,average,1800.0,"Department of Export Agriculture, Sri Lanka - Economic Research Unit",https://exagri.info/mkt/2025/04.03.2025.html,2025-03-04,2026-10-07,Sri Lanka,LKR,kg,farm_gate,weekly,be46d6562241f831f8f75d28e5cf98593cea1f0d4636544fe31352e5d364a634,observed_source_value,8bebe7b5bfec90d7be1a,0.09090909090909083,0.08701137698962969,UP,1650.0,1800.0,-0.08333333333333337,7.0,1750.0,0.09273481842329075,2025-03-11,-0.05555555555555558,-0.05715841383994864,DOWN,7.0,121.28999999999996,0.9368705401058663,1,TEST
2025-03-11,National,black_pepper,Grade 1,average,1934.79,"Department of Export Agriculture, Sri Lanka - Economic Research Unit",https://exagri.info/mkt/2025/11.03.2025.html,2025-03-11,2026-10-07,Sri Lanka,LKR,kg,farm_gate,weekly,60155227c77cde5eac4ff313eddfa37c2ca968013e32ccf558d3cabe5c4ae72e,observed_source_value,feddd6c9042eb5f2e45f,0.007026529050794039,0.007001958027737111,UP,1921.29,1912.57,0.00455931024746814,7.0,1922.8833333333332,0.0032840347561543482,2025-03-18,0.010259511368158947,0.010207239797911088,UP,7.0,234.78999999999996,0.8786483287591935,0,TEST
2025-03-11,National,black_pepper,Grade 2,average,1700.0,"Department of Export Agriculture, Sri Lanka - Economic Research Unit",https://exagri.info/mkt/2025/11.03.2025.html,2025-03-11,2026-10-07,Sri Lanka,LKR,kg,farm_gate,weekly,60155227c77cde5eac4ff313eddfa37c2ca968013e32ccf558d3cabe5c4ae72e,observed_source_value,b8b9f46ffc5334ee0daf,-0.05555555555555558,-0.05715841383994864,DOWN,1800.0,1650.0,0.09090909090909083,7.0,1716.6666666666667,0.09361616670226917,2025-03-18,0.05882352941176472,0.05715841383994862,UP,7.0,234.78999999999996,0.8786483287591935,1,TEST
2025-03-18,National,black_pepper,Grade 1,average,1954.64,"Department of Export Agriculture, Sri Lanka - Economic Research Unit",https://exagri.info/mkt/2025/18.03.2025.html,2025-03-18,2026-10-07,Sri Lanka,LKR,kg,farm_gate,weekly,a61f4cedbe9b7984d9855bd5a8a763f5a5585cc70f1c5f0c6f1a79fdd697a248,observed_source_value,19fd7d1fa114e7765f81,0.010259511368158947,0.010207239797911088,UP,1934.79,1921.29,0.007026529050794039,7.0,1936.9066666666665,0.00285866041192624,2025-03-25,0.012974256129005823,0.012890811448065979,UP,7.0,154.6400000000001,0.9208856873900053,0,TEST
2025-03-18,National,black_pepper,Grade 2,average,1800.0,"Department of Export Agriculture, Sri Lanka - Economic Research Unit",https://exagri.info/mkt/2025/18.03.2025.html,2025-03-18,2026-10-07,Sri Lanka,LKR,kg,farm_gate,weekly,a61f4cedbe9b7984d9855bd5a8a763f5a5585cc70f1c5f0c6f1a79fdd697a248,observed_source_value,4d38e87e07ee86649871,0.05882352941176472,0.05715841383994862,UP,1700.0,1800.0,-0.05555555555555558,7.0,1766.6666666666667,0.07698912368918742,2025-03-25,0.06944444444444442,0.06713930283762852,UP,7.0,154.6400000000001,0.9208856873900053,1,TEST
2025-03-25,National,black_pepper,Grade 1,average,1980.0,"Department of Export Agriculture, Sri Lanka - Economic Research Unit",https://exagri.info/mkt/2025/25.03.2025.html,2025-03-25,2026-10-07,Sri Lanka,LKR,kg,farm_gate,weekly,bd5741a060d142d314e2d0049ee5f3e5576a82591c5a0df5d9acbe09ec40981d,observed_source_value,bc1c80cdfb079be7559c,0.012974256129005823,0.012890811448065979,UP,1954.64,1934.79,0.010259511368158947,7.0,1956.4766666666665,0.0029776240857971657,2025-04-01,0.017909090909090875,0.01775061247968934,UP,7.0,55.0,0.9722222222222222,0,TEST
2025-03-25,National,black_pepper,Grade 2,average,1925.0,"Department of Export Agriculture, Sri Lanka - Economic Research Unit",https://exagri.info/mkt/2025/25.03.2025.html,2025-03-25,2026-10-07,Sri Lanka,LKR,kg,farm_gate,weekly,bd5741a060d142d314e2d0049ee5f3e5576a82591c5a0df5d9acbe09ec40981d,observed_source_value,587fe3e410ed1095360c,0.06944444444444442,0.06713930283762852,UP,1800.0,1700.0,0.05882352941176472,7.0,1808.3333333333333,0.06930653999214027,2025-04-01,-0.04415584415584417,-0.04516039611885331,DOWN,7.0,55.0,0.9722222222222222,1,TEST
2025-04-01,National,black_pepper,Grade 1,average,2015.46,"Department of Export Agriculture, Sri Lanka - Economic Research Unit",https://exagri.info/mkt/2025/01.04.2025.html,2025-04-01,2026-10-07,Sri Lanka,LKR,kg,farm_gate,weekly,3807c68afdb3e6db1532178c8f1937de455c941f2bae08b704cc2559312a624f,observed_source_value,6917c29a8c0a8b99116d,0.017909090909090875,0.01775061247968934,UP,1980.0,1954.64,0.012974256129005823,7.0,1983.3666666666666,0.0038781116662711707,2025-04-08,0.016537167693727373,0.01640191779923729,UP,7.0,175.46000000000004,0.9129429509888561,0,TEST
2025-04-01,National,black_pepper,Grade 2,average,1840.0,"Department of Export Agriculture, Sri Lanka - Economic Research Unit",https://exagri.info/mkt/2025/01.04.2025.html,2025-04-01,2026-10-07,Sri Lanka,LKR,kg,farm_gate,weekly,3807c68afdb3e6db1532178c8f1937de455c941f2bae08b704cc2559312a624f,observed_source_value,9d0a488b8308a7b7cf32,-0.04415584415584417,-0.04516039611885331,DOWN,1925.0,1800.0,0.06944444444444442,7.0,1855.0,0.06274628911547593,2025-04-08,0.01902173913043481,0.018843087801479915,UP,7.0,175.46000000000004,0.9129429509888561,1,TEST
2025-04-08,National,black_pepper,Grade 1,average,2048.79,"Department of Export Agriculture, Sri Lanka - Economic Research Unit",https://exagri.info/mkt/2025/08.04.2025.html,2025-04-08,2026-10-07,Sri Lanka,LKR,kg,farm_gate,weekly,7fcad078f05c6bff5233015bb3357bbd8bc82695404f7466e8a3a1c8269d2f81,observed_source_value,1d2b9daa02db1874f0d9,0.016537167693727373,0.01640191779923729,UP,2015.46,1980.0,0.017909090909090875,7.0,2014.7499999999998,0.0025471914740782674,2025-04-22,0.009620312477120585,0.009574331933958445,UP,14.0,173.78999999999996,0.9151743224049317,0,TEST
2025-04-08,National,black_pepper,Grade 2,average,1875.0,"Department of Export Agriculture, Sri Lanka - Economic Research Unit",https://exagri.info/mkt/2025/08.04.2025.html,2025-04-08,2026-10-07,Sri Lanka,LKR,kg,farm_gate,weekly,7fcad078f05c6bff5233015bb3357bbd8bc82695404f7466e8a3a1c8269d2f81,observed_source_value,232ee0389ebc15cb43b1,0.01902173913043481,0.018843087801479915,UP,1840.0,1925.0,-0.04415584415584417,7.0,1880.0,0.056919360811512644,2025-04-22,0.06133333333333324,0.059525979314026804,UP,14.0,173.78999999999996,0.9151743224049317,1,TEST
2025-04-22,National,black_pepper,Grade 1,average,2068.5,"Department of Export Agriculture, Sri Lanka - Economic Research Unit",https://exagri.info/mkt/2025/22.04.2025.html,2025-04-22,2026-10-07,Sri Lanka,LKR,kg,farm_gate,weekly,a2d9457ad09e4804911976883313b8db5a9d1c6aa20b24d5376491825fbbc640,observed_source_value,59429ddc42f9608a67bc,0.009620312477120585,0.009574331933958445,UP,2048.79,2015.46,0.016537167693727373,14.0,2044.2499999999998,0.004442763916203786,2025-04-29,0.024757070340826637,0.024455579954820814,UP,7.0,78.5,0.9620497945371042,0,TEST
2025-04-22,National,black_pepper,Grade 2,average,1990.0,"Department of Export Agriculture, Sri Lanka - Economic Research Unit",https://exagri.info/mkt/2025/22.04.2025.html,2025-04-22,2026-10-07,Sri Lanka,LKR,kg,farm_gate,weekly,a2d9457ad09e4804911976883313b8db5a9d1c6aa20b24d5376491825fbbc640,observed_source_value,512360cad54f1f79152a,0.06133333333333324,0.059525979314026804,UP,1875.0,1840.0,0.01902173913043481,14.0,1901.6666666666667,0.05308741941557117,2025-04-29,0.005025125628140614,0.0050125418235441935,UP,7.0,78.5,0.9620497945371042,1,TEST
2025-04-29,National,black_pepper,Grade 1,average,2119.71,"Department of Export Agriculture, Sri Lanka - Economic Research Unit",https://exagri.info/mkt/2025/29.04.2025.html,2025-04-29,2026-10-07,Sri Lanka,LKR,kg,farm_gate,weekly,af8f2d3b910054d665d5a3b6cbcaad8a37fa19a5bf5169eb709624436c8d4d77,observed_source_value,cf956684028e243fe3f0,0.024757070340826637,0.024455579954820814,UP,2068.5,2048.79,0.009620312477120585,7.0,2078.9999999999995,0.00757772090011065,2025-05-07,-0.0037835364271527894,-0.003790712106448182,DOWN,8.0,119.71000000000004,0.9435252935543069,0,TEST
2025-04-29,National,black_pepper,Grade 2,average,2000.0,"Department of Export Agriculture, Sri Lanka - Economic Research Unit",https://exagri.info/mkt/2025/29.04.2025.html,2025-04-29,2026-10-07,Sri Lanka,LKR,kg,farm_gate,weekly,af8f2d3b910054d665d5a3b6cbcaad8a37fa19a5bf5169eb709624436c8d4d77,observed_source_value,63cf57625f161e5d19d9,0.005025125628140614,0.0050125418235441935,UP,1990.0,1875.0,0.06133333333333324,7.0,1955.0,0.029316634778723663,2025-05-07,0.012499999999999956,0.01242251999855711,UP,8.0,119.71000000000004,0.9435252935543069,1,TEST
2025-05-07,National,black_pepper,Grade 1,average,2111.69,"Department of Export Agriculture, Sri Lanka - Economic Research Unit",https://exagri.info/mkt/2025/07.05.2025.html,2025-05-07,2026-10-07,Sri Lanka,LKR,kg,farm_gate,weekly,7c45e6d1f4d99532b71a8e8fbd74c1d29bacc04d17e346fc0f267e6ef900a6ae,observed_source_value,d890df9db6bbbe492a82,-0.0037835364271527894,-0.003790712106448182,DOWN,2119.71,2068.5,0.024757070340826637,8.0,2099.9666666666667,0.014279068823266999,2025-05-14,-0.0017142667721113947,-0.0017157378088009728,DOWN,7.0,86.69000000000005,0.9589475727971435,0,TEST
2025-05-07,National,black_pepper,Grade 2,average,2025.0,"Department of Export Agriculture, Sri Lanka - Economic Research Unit",https://exagri.info/mkt/2025/07.05.2025.html,2025-05-07,2026-10-07,Sri Lanka,LKR,kg,farm_gate,weekly,7c45e6d1f4d99532b71a8e8fbd74c1d29bacc04d17e346fc0f267e6ef900a6ae,observed_source_value,da6d899f88d7501488a2,0.012499999999999956,0.01242251999855711,UP,2000.0,1990.0,0.005025125628140614,8.0,2005.0,0.030580992043780463,2025-05-14,-0.11111111111111116,-0.11778303565638351,DOWN,7.0,86.69000000000005,0.9589475727971435,1,TEST
2025-05-14,National,black_pepper,Grade 1,average,2108.07,"Department of Export Agriculture, Sri Lanka - Economic Research Unit",https://exagri.info/mkt/2025/14.05.2025.html,2025-05-14,2026-10-07,Sri Lanka,LKR,kg,farm_gate,weekly,81892ee78a7917d0d08fe75bb3d0098e7f7a70b0f769a489ef94f044d2d5ae48,observed_source_value,1221072b25932d1fadd9,-0.0017142667721113947,-0.0017157378088009728,DOWN,2111.69,2119.71,-0.0037835364271527894,7.0,2113.1566666666663,0.015914248333577262,2025-05-20,0.0009819408273916697,0.00098145903886351,UP,6.0,308.07000000000016,0.8538615890364172,0,TEST
2025-05-14,National,black_pepper,Grade 2,average,1800.0,"Department of Export Agriculture, Sri Lanka - Economic Research Unit",https://exagri.info/mkt/2025/14.05.2025.html,2025-05-14,2026-10-07,Sri Lanka,LKR,kg,farm_gate,weekly,81892ee78a7917d0d08fe75bb3d0098e7f7a70b0f769a489ef94f044d2d5ae48,observed_source_value,82552fc0ca3b9d99bc86,-0.11111111111111116,-0.11778303565638351,DOWN,2025.0,2000.0,0.012499999999999956,7.0,1941.6666666666667,0.06930993918738491,2025-05-20,0.11111111111111116,0.10536051565782635,UP,6.0,308.07000000000016,0.8538615890364172,1,TEST
2025-05-20,National,black_pepper,Grade 1,average,2110.14,"Department of Export Agriculture, Sri Lanka - Economic Research Unit",https://exagri.info/mkt/2025/20.05.2025.html,2025-05-20,2026-10-07,Sri Lanka,LKR,kg,farm_gate,weekly,b90ba31fcf03b66ca575678849bab56236b32bf31dec71d62f645684f231b0dd,observed_source_value,5eccec78b00af32ec3c9,0.0009819408273916697,0.00098145903886351,UP,2108.07,2111.69,-0.0017142667721113947,6.0,2109.9666666666667,0.0023896019818006125,2025-05-27,-0.010288416882292206,-0.010341708482516927,DOWN,7.0,110.13999999999987,0.9478044110817292,0,TEST
2025-05-20,National,black_pepper,Grade 2,average,2000.0,"Department of Export Agriculture, Sri Lanka - Economic Research Unit",https://exagri.info/mkt/2025/20.05.2025.html,2025-05-20,2026-10-07,Sri Lanka,LKR,kg,farm_gate,weekly,b90ba31fcf03b66ca575678849bab56236b32bf31dec71d62f645684f231b0dd,observed_source_value,354c54b49c59ecf775cf,0.11111111111111116,0.10536051565782635,UP,1800.0,2025.0,-0.11111111111111116,6.0,1941.6666666666667,0.11134523943877893,2025-05-27,-0.050000000000000044,-0.05129329438755058,DOWN,7.0,110.13999999999987,0.9478044110817292,1,TEST
2025-05-27,National,black_pepper,Grade 1,average,2088.43,"Department of Export Agriculture, Sri Lanka - Economic Research Unit",https://exagri.info/mkt/2025/27.05.2025.html,2025-05-27,2026-10-07,Sri Lanka,LKR,kg,farm_gate,weekly,68f127c26ab6409c9263980c4fd5878c0c46095f00608e9fbccdf8784ff5b511,observed_source_value,a745f267ad51b5f154c9,-0.010288416882292206,-0.010341708482516927,DOWN,2110.14,2108.07,0.0009819408273916697,7.0,2102.2133333333327,0.005885101931088936,2025-06-03,-0.02777205843624142,-0.028164994232705097,DOWN,7.0,188.42999999999984,0.9097743280837759,0,TEST
2025-05-27,National,black_pepper,Grade 2,average,1900.0,"Department of Export Agriculture, Sri Lanka - Economic Research Unit",https://exagri.info/mkt/2025/27.05.2025.html,2025-05-27,2026-10-07,Sri Lanka,LKR,kg,farm_gate,weekly,68f127c26ab6409c9263980c4fd5878c0c46095f00608e9fbccdf8784ff5b511,observed_source_value,cb955679d5f89727437f,-0.050000000000000044,-0.05129329438755058,DOWN,2000.0,1800.0,0.11111111111111116,7.0,1900.0,0.1147998795542879,2025-06-03,-0.02631578947368418,-0.026668247082161294,DOWN,7.0,188.42999999999984,0.9097743280837759,1,TEST
2025-06-03,National,black_pepper,Grade 1,average,2030.43,"Department of Export Agriculture, Sri Lanka - Economic Research Unit",https://exagri.info/mkt/2025/03.06.2025.html,2025-06-03,2026-10-07,Sri Lanka,LKR,kg,farm_gate,weekly,ad8f1631b5cb22e12c0723bd8cc1a30801c5bc9f2d4160892dd2d48e1567b73a,observed_source_value,2a7cb007b0914b5c2ea9,-0.02777205843624142,-0.028164994232705097,DOWN,2088.43,2110.14,-0.010288416882292206,7.0,2076.333333333333,0.01448845033434274,2025-06-11,-0.01238161374684188,-0.01245890457914538,DOWN,8.0,180.43000000000006,0.9111370497874834,0,TEST
2025-06-03,National,black_pepper,Grade 2,average,1850.0,"Department of Export Agriculture, Sri Lanka - Economic Research Unit",https://exagri.info/mkt/2025/03.06.2025.html,2025-06-03,2026-10-07,Sri Lanka,LKR,kg,farm_gate,weekly,ad8f1631b5cb22e12c0723bd8cc1a30801c5bc9f2d4160892dd2d48e1567b73a,observed_source_value,e0586a3012a0e43b92cf,-0.02631578947368418,-0.026668247082161294,DOWN,1900.0,2000.0,-0.050000000000000044,7.0,1916.6666666666667,0.08699031072103647,2025-06-11,-0.013513513513513487,-0.013605652055778598,DOWN,8.0,180.43000000000006,0.9111370497874834,1,TEST
2025-06-11,National,black_pepper,Grade 1,average,2005.29,"Department of Export Agriculture, Sri Lanka - Economic Research Unit",https://exagri.info/mkt/2025/11.06.2025.html,2025-06-11,2026-10-07,Sri Lanka,LKR,kg,farm_gate,weekly,d1d8ea517796d1fcfd8796d3f3551d370e7c8ad20c5a6f043588da5790497539,observed_source_value,fbc00b76bd6df7cc334e,-0.01238161374684188,-0.01245890457914538,DOWN,2030.43,2088.43,-0.02777205843624142,8.0,2041.383333333333,0.009547468973836992,2025-06-17,-0.010402485426048047,-0.010456969453140622,DOWN,6.0,180.28999999999996,0.9100928045320128,0,TEST
2025-06-11,National,black_pepper,Grade 2,average,1825.0,"Department of Export Agriculture, Sri Lanka - Economic Research Unit",https://exagri.info/mkt/2025/11.06.2025.html,2025-06-11,2026-10-07,Sri Lanka,LKR,kg,farm_gate,weekly,d1d8ea517796d1fcfd8796d3f3551d370e7c8ad20c5a6f043588da5790497539,observed_source_value,3a23fd7beda23d4e78a2,-0.013513513513513487,-0.013605652055778598,DOWN,1850.0,1900.0,-0.02631578947368418,8.0,1858.3333333333333,0.018511725086836527,2025-06-17,0.021917808219177992,0.021681066061323948,UP,6.0,180.28999999999996,0.9100928045320128,1,TEST
2025-06-17,National,black_pepper,Grade 1,average,1984.43,"Department of Export Agriculture, Sri Lanka - Economic Research Unit",https://exagri.info/mkt/2025/17.06.2025.html,2025-06-17,2026-10-07,Sri Lanka,LKR,kg,farm_gate,weekly,486b8cdfbad41a3b1340f37c9a4156a198120205949e8f5395fa357dfd7b169b,observed_source_value,13d040a214b013484269,-0.010402485426048047,-0.010456969453140622,DOWN,2005.29,2030.43,-0.01238161374684188,6.0,2006.7166666666665,0.009508634700489743,2025-06-24,0.007342158705522461,0.007315336268006564,UP,7.0,119.43000000000006,0.939816471228514,0,TEST
2025-06-17,National,black_pepper,Grade 2,average,1865.0,"Department of Export Agriculture, Sri Lanka - Economic Research Unit",https://exagri.info/mkt/2025/17.06.2025.html,2025-06-17,2026-10-07,Sri Lanka,LKR,kg,farm_gate,weekly,486b8cdfbad41a3b1340f37c9a4156a198120205949e8f5395fa357dfd7b169b,observed_source_value,9e28744b7772ad49d0f8,0.021917808219177992,0.021681066061323948,UP,1825.0,1850.0,-0.013513513513513487,6.0,1846.6666666666667,0.024985851916243373,2025-06-24,-0.034852546916890104,-0.03547438819365988,DOWN,7.0,119.43000000000006,0.939816471228514,1,TEST
2025-06-24,National,black_pepper,Grade 1,average,1999.0,"Department of Export Agriculture, Sri Lanka - Economic Research Unit",https://exagri.info/mkt/2025/24.06.2025.html,2025-06-24,2026-10-07,Sri Lanka,LKR,kg,farm_gate,weekly,3e71bf5db17b2d0e5c76fe31038d568b5bb358806d627c5377513874ede9ca68,observed_source_value,4a20e5884436bea41621,0.007342158705522461,0.007315336268006564,UP,1984.43,2005.29,-0.010402485426048047,7.0,1996.2399999999998,0.010861373025688884,2025-07-01,-0.009719859929965047,-0.009767406114183048,DOWN,7.0,199.0,0.9004502251125562,0,TEST
2025-06-24,National,black_pepper,Grade 2,average,1800.0,"Department of Export Agriculture, Sri Lanka - Economic Research Unit",https://exagri.info/mkt/2025/24.06.2025.html,2025-06-24,2026-10-07,Sri Lanka,LKR,kg,farm_gate,weekly,3e71bf5db17b2d0e5c76fe31038d568b5bb358806d627c5377513874ede9ca68,observed_source_value,bd2369ecb443ef6c6237,-0.034852546916890104,-0.03547438819365988,DOWN,1865.0,1825.0,0.021917808219177992,7.0,1830.0,0.028675210340963864,2025-07-01,0.0,0.0,FLAT,7.0,199.0,0.9004502251125562,1,TEST
2025-07-01,National,black_pepper,Grade 1,average,1979.57,"Department of Export Agriculture, Sri Lanka - Economic Research Unit",https://exagri.info/mkt/2025/01.07.2025.html,2025-07-01,2026-10-07,Sri Lanka,LKR,kg,farm_gate,weekly,b931a7fd681906257bc160804373fe5a5ee112a8cd2bdbfe4cdafc72ecc750b6,observed_source_value,ebf7ef42741b0d1bc031,-0.009719859929965047,-0.009767406114183048,DOWN,1999.0,1984.43,0.007342158705522461,7.0,1987.6666666666663,0.010053613387250243,2025-07-08,0.0071076041766646725,0.007082464211090955,UP,7.0,179.56999999999994,0.9092883808099739,0,TEST
2025-07-01,National,black_pepper,Grade 2,average,1800.0,"Department of Export Agriculture, Sri Lanka - Economic Research Unit",https://exagri.info/mkt/2025/01.07.2025.html,2025-07-01,2026-10-07,Sri Lanka,LKR,kg,farm_gate,weekly,b931a7fd681906257bc160804373fe5a5ee112a8cd2bdbfe4cdafc72ecc750b6,observed_source_value,8c0454a3d9ed614d2249,0.0,0.0,FLAT,1800.0,1865.0,-0.034852546916890104,7.0,1821.6666666666667,0.02862971523319173,2025-07-08,0.02777777777777768,0.027398974188114347,UP,7.0,179.56999999999994,0.9092883808099739,1,TEST
2025-07-08,National,black_pepper,Grade 1,average,1993.64,"Department of Export Agriculture, Sri Lanka - Economic Research Unit",https://exagri.info/mkt/2025/08.07.2025.html,2025-07-08,2026-10-07,Sri Lanka,LKR,kg,farm_gate,weekly,ecbd959bda5e8c198e1aaef4160271d3ef51f9eeeea1745a3aab545bd25af392,observed_source_value,8d996f6f9c7bccee74b8,0.0071076041766646725,0.007082464211090955,UP,1979.57,1999.0,-0.009719859929965047,7.0,1990.7366666666665,0.009783753914906788,2025-07-15,0.00831143034850812,0.008277080610348021,UP,7.0,143.6400000000001,0.9279508838105174,0,TEST
2025-07-08,National,black_pepper,Grade 2,average,1850.0,"Department of Export Agriculture, Sri Lanka - Economic Research Unit",https://exagri.info/mkt/2025/08.07.2025.html,2025-07-08,2026-10-07,Sri Lanka,LKR,kg,farm_gate,weekly,ecbd959bda5e8c198e1aaef4160271d3ef51f9eeeea1745a3aab545bd25af392,observed_source_value,ad9b716f98fb4d64de83,0.02777777777777768,0.027398974188114347,UP,1800.0,1800.0,0.0,7.0,1816.6666666666667,0.03138168929016053,2025-07-15,-0.013513513513513487,-0.013605652055778598,DOWN,7.0,143.6400000000001,0.9279508838105174,1,TEST
2025-07-15,National,black_pepper,Grade 1,average,2010.21,"Department of Export Agriculture, Sri Lanka - Economic Research Unit",https://exagri.info/mkt/2025/15.07.2025.html,2025-07-15,2026-10-07,Sri Lanka,LKR,kg,farm_gate,weekly,bd645cd9b36b5026f20cf25574c787752c0630c5e2f632528e0bf427510c4435,observed_source_value,19195a9c7a94752fc2b0,0.00831143034850812,0.008277080610348021,UP,1993.64,1979.57,0.0071076041766646725,7.0,1994.4733333333331,0.010080841357236086,2025-07-22,0.002348013391635817,0.0023452611156042206,UP,7.0,185.21000000000004,0.9078653474015153,0,TEST
2025-07-15,National,black_pepper,Grade 2,average,1825.0,"Department of Export Agriculture, Sri Lanka - Economic Research Unit",https://exagri.info/mkt/2025/15.07.2025.html,2025-07-15,2026-10-07,Sri Lanka,LKR,kg,farm_gate,weekly,bd645cd9b36b5026f20cf25574c787752c0630c5e2f632528e0bf427510c4435,observed_source_value,f21133c1955649d1d6be,-0.013513513513513487,-0.013605652055778598,DOWN,1850.0,1800.0,0.02777777777777768,7.0,1825.0,0.021052279062109863,2025-07-22,0.021917808219177992,0.021681066061323948,UP,7.0,185.21000000000004,0.9078653474015153,1,TEST
2025-07-22,National,black_pepper,Grade 1,average,2014.93,"Department of Export Agriculture, Sri Lanka - Economic Research Unit",https://exagri.info/mkt/2025/22.07.2025.html,2025-07-22,2026-10-07,Sri Lanka,LKR,kg,farm_gate,weekly,41b5f52228a0ab4d0984ba243751f350e47c41714426cf1388db9ec7c509d666,observed_source_value,96a8b08053e8ffff3522,0.002348013391635817,0.0023452611156042206,UP,2010.21,1993.64,0.00831143034850812,7.0,2006.26,0.003153443717973044,2025-07-29,0.006451837036522301,0.006431113026810223,UP,7.0,149.93000000000006,0.9255904671626309,0,TEST
2025-07-22,National,black_pepper,Grade 2,average,1865.0,"Department of Export Agriculture, Sri Lanka - Economic Research Unit",https://exagri.info/mkt/2025/22.07.2025.html,2025-07-22,2026-10-07,Sri Lanka,LKR,kg,farm_gate,weekly,41b5f52228a0ab4d0984ba243751f350e47c41714426cf1388db9ec7c509d666,observed_source_value,20b98d6ca7362c7c9b5a,0.021917808219177992,0.021681066061323948,UP,1825.0,1850.0,-0.013513513513513487,7.0,1846.6666666666667,0.022340876360964452,2025-07-29,0.00536193029490617,0.005347606326595277,UP,7.0,149.93000000000006,0.9255904671626309,1,TEST
2025-07-29,National,black_pepper,Grade 1,average,2027.93,"Department of Export Agriculture, Sri Lanka - Economic Research Unit",https://exagri.info/mkt/2025/29.07.2025.html,2025-07-29,2026-10-07,Sri Lanka,LKR,kg,farm_gate,weekly,26088636980f211434d56e408910389c50683c6b1746b44c13938012456acaa1,observed_source_value,43fc1b74b61922ef9771,0.006451837036522301,0.006431113026810223,UP,2014.93,2010.21,0.002348013391635817,7.0,2017.6899999999998,0.0030512783549387613,2025-08-05,0.0005621495810999022,0.0005619916342145484,UP,7.0,152.93000000000006,0.9245881268091107,0,TEST
2025-07-29,National,black_pepper,Grade 2,average,1875.0,"Department of Export Agriculture, Sri Lanka - Economic Research Unit",https://exagri.info/mkt/2025/29.07.2025.html,2025-07-29,2026-10-07,Sri Lanka,LKR,kg,farm_gate,weekly,26088636980f211434d56e408910389c50683c6b1746b44c13938012456acaa1,observed_source_value,7e68c2b3be648a535c56,0.00536193029490617,0.005347606326595277,UP,1865.0,1825.0,0.021917808219177992,7.0,1855.0,0.0177283108451502,2025-08-05,-0.005333333333333301,-0.005347606326595242,DOWN,7.0,152.93000000000006,0.9245881268091107,1,TEST
2025-08-05,National,black_pepper,Grade 1,average,2029.07,"Department of Export Agriculture, Sri Lanka - Economic Research Unit",https://exagri.info/mkt/2025/05.08.2025.html,2025-08-05,2026-10-07,Sri Lanka,LKR,kg,farm_gate,weekly,642a2e7e1c585e07c611d4763594eb9f2bac77c0d8a7fb6f3d33f9a12c99dc23,observed_source_value,ef56a9a12a0ab55f7639,0.0005621495810999022,0.0005619916342145484,UP,2027.93,2014.93,0.006451837036522301,7.0,2023.9766666666665,0.003019908839152627,2025-08-12,-0.003484354901506559,-0.0034904394038683525,DOWN,7.0,164.06999999999994,0.9191402958005392,0,TEST
2025-08-05,National,black_pepper,Grade 2,average,1865.0,"Department of Export Agriculture, Sri Lanka - Economic Research Unit",https://exagri.info/mkt/2025/05.08.2025.html,2025-08-05,2026-10-07,Sri Lanka,LKR,kg,farm_gate,weekly,642a2e7e1c585e07c611d4763594eb9f2bac77c0d8a7fb6f3d33f9a12c99dc23,observed_source_value,21303067616e185ef139,-0.005333333333333301,-0.005347606326595242,DOWN,1875.0,1865.0,0.00536193029490617,7.0,1868.3333333333333,0.013730200738007377,2025-08-12,0.04557640750670244,0.0445683194798766,UP,7.0,164.06999999999994,0.9191402958005392,1,TEST
2025-08-12,National,black_pepper,Grade 1,average,2022.0,"Department of Export Agriculture, Sri Lanka - Economic Research Unit",https://exagri.info/mkt/2025/12.08.2025.html,2025-08-12,2026-10-07,Sri Lanka,LKR,kg,farm_gate,weekly,764a29a46bea709e81ea7776b54ce0a3bfa3be1e7190c0625ab3f8267c40cd1a,observed_source_value,45b935e5f14a4ab8c3b0,-0.003484354901506559,-0.0034904394038683525,DOWN,2029.07,2027.93,0.0005621495810999022,7.0,2026.333333333333,0.004996507564952158,2025-08-19,-0.003145400593471792,-0.0031503577635047866,DOWN,7.0,72.0,0.9643916913946587,0,TEST
2025-08-12,National,black_pepper,Grade 2,average,1950.0,"Department of Export Agriculture, Sri Lanka - Economic Research Unit",https://exagri.info/mkt/2025/12.08.2025.html,2025-08-12,2026-10-07,Sri Lanka,LKR,kg,farm_gate,weekly,764a29a46bea709e81ea7776b54ce0a3bfa3be1e7190c0625ab3f8267c40cd1a,observed_source_value,24e67d7d981381b0c145,0.04557640750670244,0.0445683194798766,UP,1865.0,1875.0,-0.005333333333333301,7.0,1896.6666666666667,0.026843355956037377,2025-08-19,-0.038461538461538436,-0.03922071315328127,DOWN,7.0,72.0,0.9643916913946587,1,TEST
2025-08-19,National,black_pepper,Grade 1,average,2015.64,"Department of Export Agriculture, Sri Lanka - Economic Research Unit",https://exagri.info/mkt/2025/19.08.2025.html,2025-08-19,2026-10-07,Sri Lanka,LKR,kg,farm_gate,weekly,8fb61180b92f92d0392e8e180c5828843c0daba4e88a9cbbdf9cbfce4131bd6f,observed_source_value,a3ef940dffd1a953d774,-0.003145400593471792,-0.0031503577635047866,DOWN,2022.0,2029.07,-0.003484354901506559,7.0,2022.2366666666665,0.0022448094517403087,2025-08-26,0.002267269948998729,0.002264703570870553,UP,7.0,140.6400000000001,0.9302256355301541,0,TEST
2025-08-19,National,black_pepper,Grade 2,average,1875.0,"Department of Export Agriculture, Sri Lanka - Economic Research Unit",https://exagri.info/mkt/2025/19.08.2025.html,2025-08-19,2026-10-07,Sri Lanka,LKR,kg,farm_gate,weekly,8fb61180b92f92d0392e8e180c5828843c0daba4e88a9cbbdf9cbfce4131bd6f,observed_source_value,eb9bfece352f607abc08,-0.038461538461538436,-0.03922071315328127,DOWN,1950.0,1865.0,0.04557640750670244,7.0,1896.6666666666667,0.042331343883653824,2025-08-26,-0.005333333333333301,-0.005347606326595242,DOWN,7.0,140.6400000000001,0.9302256355301541,1,TEST
2025-08-26,National,black_pepper,Grade 1,average,2020.21,"Department of Export Agriculture, Sri Lanka - Economic Research Unit",https://exagri.info/mkt/2025/26.08.2025.html,2025-08-26,2026-10-07,Sri Lanka,LKR,kg,farm_gate,weekly,8bbee80e887c3b442d51f199ba473cd8d50caef838835a582b577b30e75a80be,observed_source_value,5f0ccd9aab5e67ac1060,0.002267269948998729,0.002264703570870553,UP,2015.64,2022.0,-0.003145400593471792,7.0,2019.283333333333,0.003227307465088437,2025-09-02,0.0014849941342731654,0.0014838926208428998,UP,7.0,155.21000000000004,0.9231713534731537,0,TEST
2025-08-26,National,black_pepper,Grade 2,average,1865.0,"Department of Export Agriculture, Sri Lanka - Economic Research Unit",https://exagri.info/mkt/2025/26.08.2025.html,2025-08-26,2026-10-07,Sri Lanka,LKR,kg,farm_gate,weekly,8bbee80e887c3b442d51f199ba473cd8d50caef838835a582b577b30e75a80be,observed_source_value,1eb15a9b6562c0ccd78d,-0.005333333333333301,-0.005347606326595242,DOWN,1875.0,1950.0,-0.038461538461538436,7.0,1896.6666666666667,0.042331343883653824,2025-09-02,0.03217158176943702,0.0316649146439687,UP,7.0,155.21000000000004,0.9231713534731537,1,TEST
2025-09-02,National,black_pepper,Grade 1,average,2023.21,"Department of Export Agriculture, Sri Lanka - Economic Research Unit",https://exagri.info/mkt/2025/02.09.2025.html,2025-09-02,2026-10-07,Sri Lanka,LKR,kg,farm_gate,weekly,78e974e237b3b887402a3a0582e99e007fa932d54108406f6276d2bc6da6a0ef,observed_source_value,e76c446ba15ff9c3e985,0.0014849941342731654,0.0014838926208428998,UP,2020.21,2015.64,0.002267269948998729,7.0,2019.6866666666665,0.002925449059160022,2025-09-09,0.004309982651331312,0.0043007212774752186,UP,7.0,98.21000000000004,0.9514583261253157,0,TEST
2025-09-02,National,black_pepper,Grade 2,average,1925.0,"Department of Export Agriculture, Sri Lanka - Economic Research Unit",https://exagri.info/mkt/2025/02.09.2025.html,2025-09-02,2026-10-07,Sri Lanka,LKR,kg,farm_gate,weekly,78e974e237b3b887402a3a0582e99e007fa932d54108406f6276d2bc6da6a0ef,observed_source_value,c14a21f4e2710e0e2c2f,0.03217158176943702,0.0316649146439687,UP,1865.0,1875.0,-0.005333333333333301,7.0,1888.3333333333333,0.03533915275688284,2025-09-09,0.0,0.0,FLAT,7.0,98.21000000000004,0.9514583261253157,1,TEST
2025-09-09,National,black_pepper,Grade 1,average,2031.93,"Department of Export Agriculture, Sri Lanka - Economic Research Unit",https://exagri.info/mkt/2025/09.09.2025.html,2025-09-09,2026-10-07,Sri Lanka,LKR,kg,farm_gate,weekly,d89f99cb5599d9752e667fd3b8b27a54fbb03ec23fb773bfea61af0c943893c2,observed_source_value,c07d14d574f927ddb08e,0.004309982651331312,0.0043007212774752186,UP,2023.21,2020.21,0.0014849941342731654,7.0,2025.1166666666666,0.0014586061129361046,2025-09-16,-0.007278794052944737,-0.007305413725778958,DOWN,7.0,106.93000000000006,0.9473751556402041,0,TEST
2025-09-09,National,black_pepper,Grade 2,average,1925.0,"Department of Export Agriculture, Sri Lanka - Economic Research Unit",https://exagri.info/mkt/2025/09.09.2025.html,2025-09-09,2026-10-07,Sri Lanka,LKR,kg,farm_gate,weekly,d89f99cb5599d9752e667fd3b8b27a54fbb03ec23fb773bfea61af0c943893c2,observed_source_value,a74e370b9513ebb9dfd3,0.0,0.0,FLAT,1925.0,1865.0,0.03217158176943702,7.0,1905.0,0.02028987339724736,2025-09-16,0.0,0.0,FLAT,7.0,106.93000000000006,0.9473751556402041,1,TEST
2025-09-16,National,black_pepper,Grade 1,average,2017.14,"Department of Export Agriculture, Sri Lanka - Economic Research Unit",https://exagri.info/mkt/2025/16.09.2025.html,2025-09-16,2026-10-07,Sri Lanka,LKR,kg,farm_gate,weekly,3fc014f8b001e04ff0e0aee388fe5f0c4ff5e80acb848dd731e6ccf122ab7f96,observed_source_value,1ce8cf67857973787a09,-0.007278794052944737,-0.007305413725778958,DOWN,2031.93,2023.21,0.004309982651331312,7.0,2024.093333333333,0.006042685509682787,2025-09-23,0.000708924516890086,0.0007086733486039892,UP,7.0,92.1400000000001,0.954321465044568,0,TEST
2025-09-16,National,black_pepper,Grade 2,average,1925.0,"Department of Export Agriculture, Sri Lanka - Economic Research Unit",https://exagri.info/mkt/2025/16.09.2025.html,2025-09-16,2026-10-07,Sri Lanka,LKR,kg,farm_gate,weekly,3fc014f8b001e04ff0e0aee388fe5f0c4ff5e80acb848dd731e6ccf122ab7f96,observed_source_value,0cfe30c0faa1723251c8,0.0,0.0,FLAT,1925.0,1925.0,0.0,7.0,1925.0,0.01857427139484022,2025-09-23,-0.018181818181818188,-0.01834913866819654,DOWN,7.0,92.1400000000001,0.954321465044568,1,TEST
2025-09-23,National,black_pepper,Grade 1,average,2018.57,"Department of Export Agriculture, Sri Lanka - Economic Research Unit",https://exagri.info/mkt/2025/23.09.2025.html,2025-09-23,2026-10-07,Sri Lanka,LKR,kg,farm_gate,weekly,995003b198967567dfbae71e689e578d07367f7f3255a78eed9333b1a086a98e,observed_source_value,452f539366da3329f55a,0.000708924516890086,0.0007086733486039892,UP,2017.14,2031.93,-0.007278794052944737,7.0,2022.5466666666664,0.005931146785405568,2025-09-30,-0.0011295124766542708,-0.0011301508566224298,DOWN,7.0,128.56999999999994,0.9363063951212988,0,TEST
2025-09-23,National,black_pepper,Grade 2,average,1890.0,"Department of Export Agriculture, Sri Lanka - Economic Research Unit",https://exagri.info/mkt/2025/23.09.2025.html,2025-09-23,2026-10-07,Sri Lanka,LKR,kg,farm_gate,weekly,995003b198967567dfbae71e689e578d07367f7f3255a78eed9333b1a086a98e,observed_source_value,bf8f66dde9b052ccbb06,-0.018181818181818188,-0.01834913866819654,DOWN,1925.0,1925.0,0.0,7.0,1913.3333333333333,0.010497277621629563,2025-09-30,-0.005291005291005346,-0.005305052229693229,DOWN,7.0,128.56999999999994,0.9363063951212988,1,TEST
2025-09-30,National,black_pepper,Grade 1,average,2016.29,"Department of Export Agriculture, Sri Lanka - Economic Research Unit",https://exagri.info/mkt/2025/30.09.2025.html,2025-09-30,2026-10-07,Sri Lanka,LKR,kg,farm_gate,weekly,55ad15d352b033c92f9eed62653825d51e6c49647c27fd639563e802335a5cbf,observed_source_value,f342dc92f032066114f3,-0.0011295124766542708,-0.0011301508566224298,DOWN,2018.57,2017.14,0.000708924516890086,7.0,2017.333333333333,0.0041832436066347135,2025-10-07,-0.005495241259937722,-0.005510395641677894,DOWN,7.0,136.28999999999996,0.9324055567403499,0,TEST
2025-09-30,National,black_pepper,Grade 2,average,1880.0,"Department of Export Agriculture, Sri Lanka - Economic Research Unit",https://exagri.info/mkt/2025/30.09.2025.html,2025-09-30,2026-10-07,Sri Lanka,LKR,kg,farm_gate,weekly,55ad15d352b033c92f9eed62653825d51e6c49647c27fd639563e802335a5cbf,observed_source_value,0276716c7627f894d809,-0.005291005291005346,-0.005305052229693229,DOWN,1890.0,1925.0,-0.018181818181818188,7.0,1898.3333333333333,0.009351883111367532,2025-10-07,0.02393617021276606,0.02365419089788981,UP,7.0,136.28999999999996,0.9324055567403499,1,TEST
2025-10-07,National,black_pepper,Grade 1,average,2005.21,"Department of Export Agriculture, Sri Lanka - Economic Research Unit",https://exagri.info/mkt/2025/07.10.2025.html,2025-10-07,2026-10-07,Sri Lanka,LKR,kg,farm_gate,weekly,7d21535581c108eab4b99a51b94140763d16413c8a6c32ab918b79732c4b5109,observed_source_value,8e45817beb0201a904ab,-0.005495241259937722,-0.005510395641677894,DOWN,2016.29,2018.57,-0.0011295124766542708,7.0,2013.3566666666663,0.0031867201366206984,2025-10-14,-0.0025284134828770233,-0.0025316153184287054,DOWN,7.0,80.21000000000004,0.9599992020785852,0,TEST
2025-10-07,National,black_pepper,Grade 2,average,1925.0,"Department of Export Agriculture, Sri Lanka - Economic Research Unit",https://exagri.info/mkt/2025/07.10.2025.html,2025-10-07,2026-10-07,Sri Lanka,LKR,kg,farm_gate,weekly,7d21535581c108eab4b99a51b94140763d16413c8a6c32ab918b79732c4b5109,observed_source_value,830c06b8a1930f5de049,0.02393617021276606,0.02365419089788981,UP,1880.0,1890.0,-0.005291005291005346,7.0,1898.3333333333333,0.021580569158854205,2025-10-14,0.0025974025974024872,0.002594035177046528,UP,7.0,80.21000000000004,0.9599992020785852,1,TEST
2025-10-14,National,black_pepper,Grade 1,average,2000.14,"Department of Export Agriculture, Sri Lanka - Economic Research Unit",https://exagri.info/mkt/2025/14.10.2025.html,2025-10-14,2026-10-07,Sri Lanka,LKR,kg,farm_gate,weekly,37fb1ba3b53d98ecb8cef0e03ebd09e396f8fb5566551a30eec2991787919b5d,observed_source_value,2701c5bde57077347c47,-0.0025284134828770233,-0.0025316153184287054,DOWN,2005.21,2016.29,-0.005495241259937722,7.0,2007.2133333333331,0.0022292965592019807,2025-10-21,-0.00038997270191099,-0.0003900487610397399,DOWN,7.0,70.1400000000001,0.964932454728169,0,TEST
2025-10-14,National,black_pepper,Grade 2,average,1930.0,"Department of Export Agriculture, Sri Lanka - Economic Research Unit",https://exagri.info/mkt/2025/14.10.2025.html,2025-10-14,2026-10-07,Sri Lanka,LKR,kg,farm_gate,weekly,37fb1ba3b53d98ecb8cef0e03ebd09e396f8fb5566551a30eec2991787919b5d,observed_source_value,6ea9f8b5f927343372e6,0.0025974025974024872,0.002594035177046528,UP,1925.0,1880.0,0.02393617021276606,7.0,1911.6666666666667,0.015120613800838465,2025-10-21,0.0,0.0,FLAT,7.0,70.1400000000001,0.964932454728169,1,TEST
2025-10-21,National,black_pepper,Grade 1,average,1999.36,"Department of Export Agriculture, Sri Lanka - Economic Research Unit",https://exagri.info/mkt/2025/21.10.2025.html,2025-10-21,2026-10-07,Sri Lanka,LKR,kg,farm_gate,weekly,e9f55be6836b7dce30dc39df89370d22c1f4822da0162f11f58ddd20c62e7856,observed_source_value,efee3c80fab01ba8e9f6,-0.00038997270191099,-0.0003900487610397399,DOWN,2000.14,2005.21,-0.0025284134828770233,7.0,2001.5699999999997,0.0025638110656498975,2025-10-28,-0.00825264084507038,-0.008286882404522765,DOWN,7.0,69.3599999999999,0.9653088988476313,0,TEST
2025-10-21,National,black_pepper,Grade 2,average,1930.0,"Department of Export Agriculture, Sri Lanka - Economic Research Unit",https://exagri.info/mkt/2025/21.10.2025.html,2025-10-21,2026-10-07,Sri Lanka,LKR,kg,farm_gate,weekly,e9f55be6836b7dce30dc39df89370d22c1f4822da0162f11f58ddd20c62e7856,observed_source_value,4a786767bfe802915b71,0.0,0.0,FLAT,1930.0,1925.0,0.0025974025974024872,7.0,1928.3333333333333,0.013134114283358889,2025-10-28,-0.02849740932642486,-0.028911343494420035,DOWN,7.0,69.3599999999999,0.9653088988476313,1,TEST
2025-10-28,National,black_pepper,Grade 1,average,1982.86,"Department of Export Agriculture, Sri Lanka - Economic Research Unit",https://exagri.info/mkt/2025/28.10.2025.html,2025-10-28,2026-10-07,Sri Lanka,LKR,kg,farm_gate,weekly,fd4db528ca47be468c675097d02d6579c3f151216e4fdf8db301c87cd8506d37,observed_source_value,5ccdf3ad6539cb3a4d90,-0.00825264084507038,-0.008286882404522765,DOWN,1999.36,2000.14,-0.00038997270191099,7.0,1994.1199999999997,0.004065326108225393,2025-11-04,0.006051864478581415,0.006033625496321755,UP,7.0,107.8599999999999,0.9456038247783505,0,TEST
2025-10-28,National,black_pepper,Grade 2,average,1875.0,"Department of Export Agriculture, Sri Lanka - Economic Research Unit",https://exagri.info/mkt/2025/28.10.2025.html,2025-10-28,2026-10-07,Sri Lanka,LKR,kg,farm_gate,weekly,fd4db528ca47be468c675097d02d6579c3f151216e4fdf8db301c87cd8506d37,observed_source_value,ec189fbe32b10f4b2e80,-0.02849740932642486,-0.028911343494420035,DOWN,1930.0,1930.0,0.0,7.0,1911.6666666666667,0.01725174468060644,2025-11-04,0.026666666666666616,0.026317308317373358,UP,7.0,107.8599999999999,0.9456038247783505,1,TEST
2025-11-04,National,black_pepper,Grade 1,average,1994.86,"Department of Export Agriculture, Sri Lanka - Economic Research Unit",https://exagri.info/mkt/2025/04.11.2025.html,2025-11-04,2026-10-07,Sri Lanka,LKR,kg,farm_gate,weekly,f9bcb85b02a7216f16aec3f25265f0e25d3901651d9a181e81f0d54fa4e82696,observed_source_value,3aea5862d376aeaadda4,0.006051864478581415,0.006033625496321755,UP,1982.86,1999.36,-0.00825264084507038,7.0,1992.3599999999997,0.007164003642562475,2025-11-11,-0.0024011710094943295,-0.00240405844367765,DOWN,7.0,69.8599999999999,0.9649799985963928,0,TEST
2025-11-04,National,black_pepper,Grade 2,average,1925.0,"Department of Export Agriculture, Sri Lanka - Economic Research Unit",https://exagri.info/mkt/2025/04.11.2025.html,2025-11-04,2026-10-07,Sri Lanka,LKR,kg,farm_gate,weekly,f9bcb85b02a7216f16aec3f25265f0e25d3901651d9a181e81f0d54fa4e82696,observed_source_value,771b5e9bfb1d2e4ce184,0.026666666666666616,0.026317308317373358,UP,1875.0,1930.0,-0.02849740932642486,7.0,1910.0,0.027587100637799566,2025-11-11,-0.038961038961038974,-0.03974032864951411,DOWN,7.0,69.8599999999999,0.9649799985963928,1,TEST
2025-11-11,National,black_pepper,Grade 1,average,1990.07,"Department of Export Agriculture, Sri Lanka - Economic Research Unit",https://exagri.info/mkt/2025/11.11.2025.html,2025-11-11,2026-10-07,Sri Lanka,LKR,kg,farm_gate,weekly,a893546510d38dd083bbc1b7b8d9b7d7a1aefee841b9914564e3e830dc0806af,observed_source_value,78800ad72c6836985dfc,-0.0024011710094943295,-0.00240405844367765,DOWN,1994.86,1982.86,0.006051864478581415,7.0,1989.263333333333,0.007191573550039735,2025-11-18,0.0026933725949338516,0.002689751966643219,UP,7.0,140.06999999999994,0.9296155411618687,0,TEST
2025-11-11,National,black_pepper,Grade 2,average,1850.0,"Department of Export Agriculture, Sri Lanka - Economic Research Unit",https://exagri.info/mkt/2025/11.11.2025.html,2025-11-11,2026-10-07,Sri Lanka,LKR,kg,farm_gate,weekly,a893546510d38dd083bbc1b7b8d9b7d7a1aefee841b9914564e3e830dc0806af,observed_source_value,26bcc314066259a98b51,-0.038961038961038974,-0.03974032864951411,DOWN,1925.0,1875.0,0.026666666666666616,7.0,1883.3333333333333,0.035259888852298645,2025-11-18,0.008108108108108025,0.008075414005545331,UP,7.0,140.06999999999994,0.9296155411618687,1,TEST
2025-11-18,National,black_pepper,Grade 1,average,1995.43,"Department of Export Agriculture, Sri Lanka - Economic Research Unit",https://exagri.info/mkt/2025/18.11.2025.html,2025-11-18,2026-10-07,Sri Lanka,LKR,kg,farm_gate,weekly,b279129c4e47298054a0a6310fc0e0e823c596eceb9d9375517822da2242b16e,observed_source_value,76e508d971a6acb88e73,0.0026933725949338516,0.002689751966643219,UP,1990.07,1994.86,-0.0024011710094943295,7.0,1993.453333333333,0.004256126001281288,2025-11-25,-0.002400485108472794,-0.002403370891962665,DOWN,7.0,130.43000000000006,0.9346356424429821,0,TEST
2025-11-18,National,black_pepper,Grade 2,average,1865.0,"Department of Export Agriculture, Sri Lanka - Economic Research Unit",https://exagri.info/mkt/2025/18.11.2025.html,2025-11-18,2026-10-07,Sri Lanka,LKR,kg,farm_gate,weekly,b279129c4e47298054a0a6310fc0e0e823c596eceb9d9375517822da2242b16e,observed_source_value,52c1fe69d31b7f94ee0e,0.008108108108108025,0.008075414005545331,UP,1850.0,1925.0,-0.038961038961038974,7.0,1880.0,0.03383026368885611,2025-11-25,-0.07506702412868638,-0.07803400261245584,DOWN,7.0,130.43000000000006,0.9346356424429821,1,TEST
2025-11-25,National,black_pepper,Grade 1,average,1990.64,"Department of Export Agriculture, Sri Lanka - Economic Research Unit",https://exagri.info/mkt/2025/25.11.2025.html,2025-11-25,2026-10-07,Sri Lanka,LKR,kg,farm_gate,weekly,6ecdf31f7736a83637bc86ae4a66019b32c2ab3ee3504865df10c37c489a81ec,observed_source_value,3f2a83b23028f277b812,-0.002400485108472794,-0.002403370891962665,DOWN,1995.43,1990.07,0.0026933725949338516,7.0,1992.0466666666664,0.0029411381388422773,2025-12-02,-0.00044709239239648646,-0.00044719236800015423,DOWN,7.0,265.6400000000001,0.8665554796447373,0,TEST
2025-11-25,National,black_pepper,Grade 2,average,1725.0,"Department of Export Agriculture, Sri Lanka - Economic Research Unit",https://exagri.info/mkt/2025/25.11.2025.html,2025-11-25,2026-10-07,Sri Lanka,LKR,kg,farm_gate,weekly,6ecdf31f7736a83637bc86ae4a66019b32c2ab3ee3504865df10c37c489a81ec,observed_source_value,26a97855e1d8a775f2ad,-0.07506702412868638,-0.07803400261245584,DOWN,1865.0,1850.0,0.008108108108108025,7.0,1813.3333333333333,0.04170781180496766,2025-12-02,0.04347826086956519,0.0425596144187959,UP,7.0,265.6400000000001,0.8665554796447373,1,TEST
2025-12-02,National,black_pepper,Grade 1,average,1989.75,"Department of Export Agriculture, Sri Lanka - Economic Research Unit",https://exagri.info/mkt/2025/02.12.2025.html,2025-12-02,2026-10-07,Sri Lanka,LKR,kg,farm_gate,weekly,b804e840eb93d1b64221684bac6cced7a2c6528ca2996c0961dd947422e3c43a,observed_source_value,f9ee2472a54c4194afe7,-0.00044709239239648646,-0.00044719236800015423,DOWN,1990.64,1995.43,-0.002400485108472794,7.0,1991.9399999999998,0.0025698783934427513,2025-12-09,-0.0005930393265486389,-0.0005932152439241084,DOWN,7.0,189.75,0.9046362608367885,0,TEST
2025-12-02,National,black_pepper,Grade 2,average,1800.0,"Department of Export Agriculture, Sri Lanka - Economic Research Unit",https://exagri.info/mkt/2025/02.12.2025.html,2025-12-02,2026-10-07,Sri Lanka,LKR,kg,farm_gate,weekly,b804e840eb93d1b64221684bac6cced7a2c6528ca2996c0961dd947422e3c43a,observed_source_value,e1fcf510c0345ff0a4e7,0.04347826086956519,0.0425596144187959,UP,1725.0,1865.0,-0.07506702412868638,7.0,1796.6666666666667,0.06085794240728942,2025-12-09,0.04166666666666674,0.0408219945202552,UP,7.0,189.75,0.9046362608367885,1,TEST
2025-12-09,National,black_pepper,Grade 1,average,1988.57,"Department of Export Agriculture, Sri Lanka - Economic Research Unit",https://exagri.info/mkt/2025/09.12.2025.html,2025-12-09,2026-10-07,Sri Lanka,LKR,kg,farm_gate,weekly,2a499de3b76e887a0f48eab8dea23f90dd476a12c4aaeaefceea22e80a0111b8,observed_source_value,69484a51729b0dd0de4a,-0.0005930393265486389,-0.0005932152439241084,DOWN,1989.75,1990.64,-0.00044709239239648646,7.0,1989.653333333333,0.001088110278225802,2025-12-16,0.002946841197443373,0.002942507772112099,UP,7.0,113.56999999999994,0.9428886083969888,0,TEST
2025-12-09,National,black_pepper,Grade 2,average,1875.0,"Department of Export Agriculture, Sri Lanka - Economic Research Unit",https://exagri.info/mkt/2025/09.12.2025.html,2025-12-09,2026-10-07,Sri Lanka,LKR,kg,farm_gate,weekly,2a499de3b76e887a0f48eab8dea23f90dd476a12c4aaeaefceea22e80a0111b8,observed_source_value,0643f476cab8696a7db7,0.04166666666666674,0.0408219945202552,UP,1800.0,1725.0,0.04347826086956519,7.0,1800.0,0.06792522976967366,2025-12-16,-0.008000000000000007,-0.008032171697264267,DOWN,7.0,113.56999999999994,0.9428886083969888,1,TEST
2025-12-16,National,black_pepper,Grade 1,average,1994.43,"Department of Export Agriculture, Sri Lanka - Economic Research Unit",https://exagri.info/mkt/2025/16.12.2025.html,2025-12-16,2026-10-07,Sri Lanka,LKR,kg,farm_gate,weekly,65d07d472362f69e3afd0f2dec6946e421ba329d45366aafc6c5fadae48fd7ca,observed_source_value,a4f7c94af904f6f7ff65,0.002946841197443373,0.002942507772112099,UP,1988.57,1989.75,-0.0005930393265486389,7.0,1990.9166666666663,0.0020029494853028773,2025-12-23,0.006457985489588536,0.006437222046695215,UP,7.0,134.43000000000006,0.9325972834343647,0,TEST
2025-12-16,National,black_pepper,Grade 2,average,1860.0,"Department of Export Agriculture, Sri Lanka - Economic Research Unit",https://exagri.info/mkt/2025/16.12.2025.html,2025-12-16,2026-10-07,Sri Lanka,LKR,kg,farm_gate,weekly,65d07d472362f69e3afd0f2dec6946e421ba329d45366aafc6c5fadae48fd7ca,observed_source_value,87a025836e8aef900fd6,-0.008000000000000007,-0.008032171697264267,DOWN,1875.0,1800.0,0.04166666666666674,7.0,1845.0,0.029212072257569482,2025-12-23,-0.07258064516129037,-0.07534943724178685,DOWN,7.0,134.43000000000006,0.9325972834343647,1,TEST
2025-12-23,National,black_pepper,Grade 1,average,2007.31,"Department of Export Agriculture, Sri Lanka - Economic Research Unit",https://exagri.info/mkt/2025/23.12.2025.html,2025-12-23,2026-10-07,Sri Lanka,LKR,kg,farm_gate,weekly,6e3e34f0332d595b486fd47f440a99d1500cc86fe6959522f974af64699b0d02,observed_source_value,47b44eecdb9c87e4beab,0.006457985489588536,0.006437222046695215,UP,1994.43,1988.57,0.002946841197443373,7.0,1996.7699999999998,0.0035255221675251046,2025-12-30,-0.008374391598706676,-0.00840965382047005,DOWN,7.0,282.30999999999995,0.8593590426989354,0,TEST
2025-12-23,National,black_pepper,Grade 2,average,1725.0,"Department of Export Agriculture, Sri Lanka - Economic Research Unit",https://exagri.info/mkt/2025/23.12.2025.html,2025-12-23,2026-10-07,Sri Lanka,LKR,kg,farm_gate,weekly,6e3e34f0332d595b486fd47f440a99d1500cc86fe6959522f974af64699b0d02,observed_source_value,2e5f9747048388f405c9,-0.07258064516129037,-0.07534943724178685,DOWN,1860.0,1875.0,-0.008000000000000007,7.0,1820.0,0.05728566686228581,2025-12-30,0.06666666666666665,0.06453852113757116,UP,7.0,282.30999999999995,0.8593590426989354,1,TEST
2025-12-30,National,black_pepper,Grade 1,average,1990.5,"Department of Export Agriculture, Sri Lanka - Economic Research Unit",https://exagri.info/mkt/2025/30.12.2025.html,2025-12-30,2026-10-07,Sri Lanka,LKR,kg,farm_gate,weekly,a752b989dcb0123738e61207a9d12f9c1774d6b1fe2ee1ab4aec65d8c3b36cc3,observed_source_value,6cd07a392c8e8f69affb,-0.008374391598706676,-0.00840965382047005,DOWN,2007.31,1994.43,0.006457985489588536,7.0,1997.4133333333332,0.007751320923498054,2026-01-06,-0.0005375533785481057,-0.0005376979121641766,DOWN,7.0,150.5,0.9243908565687013,0,TEST
2025-12-30,National,black_pepper,Grade 2,average,1840.0,"Department of Export Agriculture, Sri Lanka - Economic Research Unit",https://exagri.info/mkt/2025/30.12.2025.html,2025-12-30,2026-10-07,Sri Lanka,LKR,kg,farm_gate,weekly,a752b989dcb0123738e61207a9d12f9c1774d6b1fe2ee1ab4aec65d8c3b36cc3,observed_source_value,ddc2ed48fcbe9d19d599,0.06666666666666665,0.06453852113757116,UP,1725.0,1860.0,-0.07258064516129037,7.0,1808.3333333333333,0.06968450890964684,2026-01-06,0.013586956521739024,0.013495481474884509,UP,7.0,150.5,0.9243908565687013,1,TEST
2026-01-06,National,black_pepper,Grade 1,average,1989.43,"Department of Export Agriculture, Sri Lanka - Economic Research Unit",https://exagri.info/mkt/2026/06.01.2026.html,2026-01-06,2026-10-07,Sri Lanka,LKR,kg,farm_gate,weekly,cedc56d56d1d58787a57d646405ef68ac4d28113484c2b2d95d1b00f9842e708,observed_source_value,65d0dc1d89297a0e9fb4,-0.0005375533785481057,-0.0005376979121641766,DOWN,1990.5,2007.31,-0.008374391598706676,7.0,1995.7466666666662,0.0074201640529260255,2026-01-13,-0.0054940359801551875,-0.005509183702728805,DOWN,7.0,124.43000000000006,0.9374544467510795,0,TEST
2026-01-06,National,black_pepper,Grade 2,average,1865.0,"Department of Export Agriculture, Sri Lanka - Economic Research Unit",https://exagri.info/mkt/2026/06.01.2026.html,2026-01-06,2026-10-07,Sri Lanka,LKR,kg,farm_gate,weekly,cedc56d56d1d58787a57d646405ef68ac4d28113484c2b2d95d1b00f9842e708,observed_source_value,e668c6e8c7a5fe55867d,0.013586956521739024,0.013495481474884509,UP,1840.0,1725.0,0.06666666666666665,7.0,1810.0,0.07027579604694045,2026-01-13,0.018766756032171594,0.018592833076615925,UP,7.0,124.43000000000006,0.9374544467510795,1,TEST
2026-01-13,National,black_pepper,Grade 1,average,1978.5,"Department of Export Agriculture, Sri Lanka - Economic Research Unit",https://exagri.info/mkt/2026/13.01.2026.html,2026-01-13,2026-10-07,Sri Lanka,LKR,kg,farm_gate,weekly,195d4845dc6014d21890f30e0fcffad29e967cea4188d45300b36b046c58fe28,observed_source_value,d10b0d860f027bb8d65d,-0.0054940359801551875,-0.005509183702728805,DOWN,1989.43,1990.5,-0.0005375533785481057,7.0,1986.1433333333332,0.003963987923761698,2026-01-20,0.009820571139752321,0.00977266273424362,UP,7.0,78.5,0.960323477381855,0,TEST
2026-01-13,National,black_pepper,Grade 2,average,1900.0,"Department of Export Agriculture, Sri Lanka - Economic Research Unit",https://exagri.info/mkt/2026/13.01.2026.html,2026-01-13,2026-10-07,Sri Lanka,LKR,kg,farm_gate,weekly,195d4845dc6014d21890f30e0fcffad29e967cea4188d45300b36b046c58fe28,observed_source_value,c8a678f3cd26e690ae8e,0.018766756032171594,0.018592833076615925,UP,1865.0,1840.0,0.013586956521739024,7.0,1868.3333333333333,0.029265131102930917,2026-01-20,0.015789473684210575,0.015666116744399456,UP,7.0,78.5,0.960323477381855,1,TEST
2026-01-20,National,black_pepper,Grade 1,average,1997.93,"Department of Export Agriculture, Sri Lanka - Economic Research Unit",https://exagri.info/mkt/2026/20.01.2026.html,2026-01-20,2026-10-07,Sri Lanka,LKR,kg,farm_gate,weekly,4b2e7012e92eaa8dcb027e88292fbe5a20c41d619063d74d98ed4328bb1f710e,observed_source_value,1664ada9a70695948a18,0.009820571139752321,0.00977266273424362,UP,1978.5,1989.43,-0.0054940359801551875,7.0,1988.6199999999997,0.007814459402861818,2026-01-27,-0.016947540704629338,-0.017092793732594837,DOWN,7.0,67.93000000000006,0.9659998098031463,0,TEST
2026-01-20,National,black_pepper,Grade 2,average,1930.0,"Department of Export Agriculture, Sri Lanka - Economic Research Unit",https://exagri.info/mkt/2026/20.01.2026.html,2026-01-20,2026-10-07,Sri Lanka,LKR,kg,farm_gate,weekly,4b2e7012e92eaa8dcb027e88292fbe5a20c41d619063d74d98ed4328bb1f710e,observed_source_value,26608ad4f261b33bde94,0.015789473684210575,0.015666116744399456,UP,1900.0,1865.0,0.018766756032171594,7.0,1898.3333333333333,0.002599538901379938,2026-01-27,0.0,0.0,FLAT,7.0,67.93000000000006,0.9659998098031463,1,TEST
2026-01-27,National,black_pepper,Grade 1,average,1964.07,"Department of Export Agriculture, Sri Lanka - Economic Research Unit",https://exagri.info/mkt/2026/27.01.2026.html,2026-01-27,2026-10-07,Sri Lanka,LKR,kg,farm_gate,weekly,eb219e7ee788eb8f3d9db23f91cfb993ba480ca7fb59d69945f1723113f9205c,observed_source_value,0d2efd7e542a78345f19,-0.016947540704629338,-0.017092793732594837,DOWN,1997.93,1978.5,0.009820571139752321,7.0,1980.1666666666663,0.013430387022371308,2026-02-03,0.004546681126436525,0.00453637619548761,UP,7.0,34.069999999999936,0.9826533677516586,0,TEST
2026-01-27,National,black_pepper,Grade 2,average,1930.0,"Department of Export Agriculture, Sri Lanka - Economic Research Unit",https://exagri.info/mkt/2026/27.01.2026.html,2026-01-27,2026-10-07,Sri Lanka,LKR,kg,farm_gate,weekly,eb219e7ee788eb8f3d9db23f91cfb993ba480ca7fb59d69945f1723113f9205c,observed_source_value,3b35c415b6a368a408f7,0.0,0.0,FLAT,1930.0,1900.0,0.015789473684210575,7.0,1920.0,0.010085987155247406,2026-02-03,-0.041450777202072575,-0.04233436382656077,DOWN,7.0,34.069999999999936,0.9826533677516586,1,TEST
2026-02-03,National,black_pepper,Grade 1,average,1973.0,"Department of Export Agriculture, Sri Lanka - Economic Research Unit",https://exagri.info/mkt/2026/03.02.2026.html,2026-02-03,2026-10-07,Sri Lanka,LKR,kg,farm_gate,weekly,a79c20adf3f9cb8c78220dad82acb99ffd92a206fb062b02dd584e6d8b4a4804,observed_source_value,adf228ba82a669c9aacf,0.004546681126436525,0.00453637619548761,UP,1964.07,1997.93,-0.016947540704629338,7.0,1978.333333333333,0.014179488117870747,2026-02-10,0.00550430816016223,0.005489214816281168,UP,7.0,123.0,0.937658388241257,0,TEST
2026-02-03,National,black_pepper,Grade 2,average,1850.0,"Department of Export Agriculture, Sri Lanka - Economic Research Unit",https://exagri.info/mkt/2026/03.02.2026.html,2026-02-03,2026-10-07,Sri Lanka,LKR,kg,farm_gate,weekly,a79c20adf3f9cb8c78220dad82acb99ffd92a206fb062b02dd584e6d8b4a4804,observed_source_value,efc1fbbf37b90b367f97,-0.041450777202072575,-0.04233436382656077,DOWN,1930.0,1930.0,0.0,7.0,1903.3333333333333,0.02956326755565896,2026-02-10,-0.043243243243243246,-0.04420609250449568,DOWN,7.0,123.0,0.937658388241257,1,TEST
2026-02-10,National,black_pepper,Grade 1,average,1983.86,"Department of Export Agriculture, Sri Lanka - Economic Research Unit",https://exagri.info/mkt/2026/10.02.2026.html,2026-02-10,2026-10-07,Sri Lanka,LKR,kg,farm_gate,weekly,616e5d04269f0a29cbbd3d099c58b283a4f9c57baa5a12c9fdbb7d85bc3e2846,observed_source_value,bcf2cc3a569db219947c,0.00550430816016223,0.005489214816281168,UP,1973.0,1964.07,0.004546681126436525,7.0,1973.6433333333327,0.012695170598212485,2026-02-17,0.00558003084895109,0.005564520150180744,UP,7.0,213.8599999999999,0.8922000544393254,0,TEST
2026-02-10,National,black_pepper,Grade 2,average,1770.0,"Department of Export Agriculture, Sri Lanka - Economic Research Unit",https://exagri.info/mkt/2026/10.02.2026.html,2026-02-10,2026-10-07,Sri Lanka,LKR,kg,farm_gate,weekly,616e5d04269f0a29cbbd3d099c58b283a4f9c57baa5a12c9fdbb7d85bc3e2846,observed_source_value,379dab93613a11536284,-0.043243243243243246,-0.04420609250449568,DOWN,1850.0,1930.0,-0.041450777202072575,7.0,1850.0,0.02446547891539868,2026-02-17,0.053672316384180796,0.0522815065100411,UP,7.0,213.8599999999999,0.8922000544393254,1,TEST
2026-02-17,National,black_pepper,Grade 1,average,1994.93,"Department of Export Agriculture, Sri Lanka - Economic Research Unit",https://exagri.info/mkt/2026/17.02.2026.html,2026-02-17,2026-10-07,Sri Lanka,LKR,kg,farm_gate,weekly,817fc3cab656d69309092db237fa42c6de03b60fef08da454a4f11805d80dffe,observed_source_value,1e31d0b6310b38080b17,0.00558003084895109,0.005564520150180744,UP,1983.86,1973.0,0.00550430816016223,7.0,1983.9299999999996,0.0005759911906767359,2026-02-24,0.006732065786769326,0.00670950662181554,UP,7.0,129.93000000000006,0.9348698951842922,0,TEST
2026-02-17,National,black_pepper,Grade 2,average,1865.0,"Department of Export Agriculture, Sri Lanka - Economic Research Unit",https://exagri.info/mkt/2026/17.02.2026.html,2026-02-17,2026-10-07,Sri Lanka,LKR,kg,farm_gate,weekly,817fc3cab656d69309092db237fa42c6de03b60fef08da454a4f11805d80dffe,observed_source_value,a880e5067a4085259214,0.053672316384180796,0.0522815065100411,UP,1770.0,1850.0,-0.043243243243243246,7.0,1828.3333333333333,0.055444028181317905,2026-02-24,-0.11528150134048254,-0.12248576518328959,DOWN,7.0,129.93000000000006,0.9348698951842922,1,TEST
2026-02-24,National,black_pepper,Grade 1,average,2008.36,"Department of Export Agriculture, Sri Lanka - Economic Research Unit",https://exagri.info/mkt/2026/24.02.2026.html,2026-02-24,2026-10-07,Sri Lanka,LKR,kg,farm_gate,weekly,8e942e73576d5eac8393b59f13a81be92130c0b1307888cee032c57d8abc744d,observed_source_value,062e5a4d9f4eec5708fe,0.006732065786769326,0.00670950662181554,UP,1994.93,1983.86,0.00558003084895109,7.0,1995.7166666666665,0.0006880294583477827,2026-03-03,0.004481268298512253,0.004471257312531194,UP,7.0,358.3599999999999,0.8215658547272402,0,TEST
2026-02-24,National,black_pepper,Grade 2,average,1650.0,"Department of Export Agriculture, Sri Lanka - Economic Research Unit",https://exagri.info/mkt/2026/24.02.2026.html,2026-02-24,2026-10-07,Sri Lanka,LKR,kg,farm_gate,weekly,8e942e73576d5eac8393b59f13a81be92130c0b1307888cee032c57d8abc744d,observed_source_value,e03312653f3eef150956,-0.11528150134048254,-0.12248576518328959,DOWN,1865.0,1770.0,0.053672316384180796,7.0,1761.6666666666667,0.08478161047786248,2026-03-03,0.1515151515151516,0.1410785982599056,UP,7.0,358.3599999999999,0.8215658547272402,1,TEST
2026-03-03,National,black_pepper,Grade 1,average,2017.36,"Department of Export Agriculture, Sri Lanka - Economic Research Unit",https://exagri.info/mkt/2026/03.03.2026.html,2026-03-03,2026-10-07,Sri Lanka,LKR,kg,farm_gate,weekly,9e78104c87db05e16c0a8c341dec1995917935d75d5845f6963a19e37592572e,observed_source_value,29bce3cbf8be90007b91,0.004481268298512253,0.004471257312531194,UP,2008.36,1994.93,0.006732065786769326,7.0,2006.883333333333,0.0011255038111462068,2026-03-10,-0.0011351469246936308,-0.0011357916919471794,DOWN,7.0,117.3599999999999,0.9418249593528176,0,TEST
2026-03-03,National,black_pepper,Grade 2,average,1900.0,"Department of Export Agriculture, Sri Lanka - Economic Research Unit",https://exagri.info/mkt/2026/03.03.2026.html,2026-03-03,2026-10-07,Sri Lanka,LKR,kg,farm_gate,weekly,9e78104c87db05e16c0a8c341dec1995917935d75d5845f6963a19e37592572e,observed_source_value,160cb44c877243373235,0.1515151515151516,0.1410785982599056,UP,1650.0,1865.0,-0.11528150134048254,7.0,1805.0,0.134968556143752,2026-03-10,-0.010526315789473717,-0.010582109330536972,DOWN,7.0,117.3599999999999,0.9418249593528176,1,TEST
2026-03-10,National,black_pepper,Grade 1,average,2015.07,"Department of Export Agriculture, Sri Lanka - Economic Research Unit",https://exagri.info/mkt/2026/10.03.2026.html,2026-03-10,2026-10-07,Sri Lanka,LKR,kg,farm_gate,weekly,5e05245982bee94bb2c4531951b87f382269e9e8af06f815c864f828a546a79d,observed_source_value,975f8a3ef655076d9edc,-0.0011351469246936308,-0.0011357916919471794,DOWN,2017.36,2008.36,0.004481268298512253,7.0,2013.5966666666664,0.0040518153367778515,2026-03-17,0.00889795391723358,0.008858600396869781,UP,7.0,135.06999999999994,0.9329700705186421,0,TEST
2026-03-10,National,black_pepper,Grade 2,average,1880.0,"Department of Export Agriculture, Sri Lanka - Economic Research Unit",https://exagri.info/mkt/2026/10.03.2026.html,2026-03-10,2026-10-07,Sri Lanka,LKR,kg,farm_gate,weekly,5e05245982bee94bb2c4531951b87f382269e9e8af06f815c864f828a546a79d,observed_source_value,c9def66e80bf69da7395,-0.010526315789473717,-0.010582109330536972,DOWN,1900.0,1650.0,0.1515151515151516,7.0,1810.0,0.13441945543771555,2026-03-17,-0.007978723404255317,-0.008010723746078972,DOWN,7.0,135.06999999999994,0.9329700705186421,1,TEST
2026-03-17,National,black_pepper,Grade 1,average,2033.0,"Department of Export Agriculture, Sri Lanka - Economic Research Unit",https://exagri.info/mkt/2026/17.03.2026.html,2026-03-17,2026-10-07,Sri Lanka,LKR,kg,farm_gate,weekly,b82f690a38dd8c60bb77c0f865b8f45b4a14806cd005623aefec258d2eb7ccbc,observed_source_value,874d56d0f542e3785d6c,0.00889795391723358,0.008858600396869781,UP,2015.07,2017.36,-0.0011351469246936308,7.0,2021.8099999999995,0.005028491230287027,2026-03-24,-0.008573536645351765,-0.00861050083820691,DOWN,7.0,168.0,0.9173635022134776,0,TEST
2026-03-17,National,black_pepper,Grade 2,average,1865.0,"Department of Export Agriculture, Sri Lanka - Economic Research Unit",https://exagri.info/mkt/2026/17.03.2026.html,2026-03-17,2026-10-07,Sri Lanka,LKR,kg,farm_gate,weekly,b82f690a38dd8c60bb77c0f865b8f45b4a14806cd005623aefec258d2eb7ccbc,observed_source_value,5e06b6bc81cca61aae96,-0.007978723404255317,-0.008010723746078972,DOWN,1880.0,1900.0,-0.010526315789473717,7.0,1881.6666666666667,0.09282799819200079,2026-03-24,-0.04825737265415553,-0.04946063016839978,DOWN,7.0,168.0,0.9173635022134776,1,TEST
2026-03-24,National,black_pepper,Grade 1,average,2015.57,"Department of Export Agriculture, Sri Lanka - Economic Research Unit",https://exagri.info/mkt/2026/24.03.2026.html,2026-03-24,2026-10-07,Sri Lanka,LKR,kg,farm_gate,weekly,b799c517145d7bd99880853082aeba532847d5c5799e47ebd070402c0b6ae7b6,observed_source_value,41bc0a669ddd60ff8234,-0.008573536645351765,-0.00861050083820691,DOWN,2033.0,2015.07,0.00889795391723358,7.0,2021.2133333333331,0.008767798437267117,2026-03-31,0.006732586811671215,0.006710024162464905,UP,7.0,240.56999999999994,0.8806441850196223,0,TEST
2026-03-24,National,black_pepper,Grade 2,average,1775.0,"Department of Export Agriculture, Sri Lanka - Economic Research Unit",https://exagri.info/mkt/2026/24.03.2026.html,2026-03-24,2026-10-07,Sri Lanka,LKR,kg,farm_gate,weekly,b799c517145d7bd99880853082aeba532847d5c5799e47ebd070402c0b6ae7b6,observed_source_value,19a686ca113f9ffdfb5f,-0.04825737265415553,-0.04946063016839978,DOWN,1865.0,1880.0,-0.007978723404255317,7.0,1840.0,0.02255545929660042,2026-03-31,0.005633802816901401,0.005617992304223274,UP,7.0,240.56999999999994,0.8806441850196223,1,TEST
2026-03-31,National,black_pepper,Grade 1,average,2029.14,"Department of Export Agriculture, Sri Lanka - Economic Research Unit",https://exagri.info/mkt/2026/31.03.2026.html,2026-03-31,2026-10-07,Sri Lanka,LKR,kg,farm_gate,weekly,90448a3977df58db73fd6cd35462af47af1550c75927deb151732f44bfb6befc,observed_source_value,946f9bb83e02ef3fe009,0.006732586811671215,0.006710024162464905,UP,2015.57,2033.0,-0.008573536645351765,7.0,2025.903333333333,0.009523822870938529,2026-04-07,-0.001123628729412518,-0.0011242604734481353,DOWN,7.0,244.1400000000001,0.8796830184215972,0,TEST
2026-03-31,National,black_pepper,Grade 2,average,1785.0,"Department of Export Agriculture, Sri Lanka - Economic Research Unit",https://exagri.info/mkt/2026/31.03.2026.html,2026-03-31,2026-10-07,Sri Lanka,LKR,kg,farm_gate,weekly,90448a3977df58db73fd6cd35462af47af1550c75927deb151732f44bfb6befc,observed_source_value,c8a92b18defb007934ab,0.005633802816901401,0.005617992304223274,UP,1775.0,1865.0,-0.04825737265415553,7.0,1808.3333333333333,0.028023589019403043,2026-04-07,-0.0056022408963585235,-0.005617992304223261,DOWN,7.0,244.1400000000001,0.8796830184215972,1,TEST
2026-04-07,National,black_pepper,Grade 1,average,2026.86,"Department of Export Agriculture, Sri Lanka - Economic Research Unit",https://exagri.info/mkt/2026/07.04.2026.html,2026-04-07,2026-10-07,Sri Lanka,LKR,kg,farm_gate,weekly,63feb7359d0c17135d660b4b8bf798fb19d3f4894ff473b788120e46015e46e4,observed_source_value,d04647569f5fa698b337,-0.001123628729412518,-0.0011242604734481353,DOWN,2029.14,2015.57,0.006732586811671215,7.0,2023.8566666666663,0.007653960476616544,2026-04-21,-0.00010854227721690535,-0.0001085481683561727,DOWN,14.0,251.8599999999999,0.8757388275460565,0,TEST
2026-04-07,National,black_pepper,Grade 2,average,1775.0,"Department of Export Agriculture, Sri Lanka - Economic Research Unit",https://exagri.info/mkt/2026/07.04.2026.html,2026-04-07,2026-10-07,Sri Lanka,LKR,kg,farm_gate,weekly,63feb7359d0c17135d660b4b8bf798fb19d3f4894ff473b788120e46015e46e4,observed_source_value,4e31369dd6105750de0a,-0.0056022408963585235,-0.005617992304223261,DOWN,1785.0,1775.0,0.005633802816901401,7.0,1778.3333333333333,0.02843110895144491,2026-04-21,0.07887323943661961,0.0759171997052301,UP,14.0,251.8599999999999,0.8757388275460565,1,TEST
2026-04-21,National,black_pepper,Grade 1,average,2026.64,"Department of Export Agriculture, Sri Lanka - Economic Research Unit",https://exagri.info/mkt/2026/21.04.2026.html,2026-04-21,2026-10-07,Sri Lanka,LKR,kg,farm_gate,weekly,d5bdc774dedfaabc27088b0b9d064ffce1fd14f2a9c08ae8b5a7b8fa68cdaca1,observed_source_value,fefa9c986d7072b3afe5,-0.00010854227721690535,-0.0001085481683561727,DOWN,2026.86,2029.14,-0.001123628729412518,14.0,2027.5466666666664,0.004273007729619132,2026-04-28,0.0019293017013382041,0.0019274429891046273,UP,7.0,111.6400000000001,0.9449137488651166,0,TEST
2026-04-21,National,black_pepper,Grade 2,average,1915.0,"Department of Export Agriculture, Sri Lanka - Economic Research Unit",https://exagri.info/mkt/2026/21.04.2026.html,2026-04-21,2026-10-07,Sri Lanka,LKR,kg,farm_gate,weekly,d5bdc774dedfaabc27088b0b9d064ffce1fd14f2a9c08ae8b5a7b8fa68cdaca1,observed_source_value,3891854fa35e648a29ec,0.07887323943661961,0.0759171997052301,UP,1775.0,1785.0,-0.0056022408963585235,14.0,1825.0,0.045873686234026365,2026-04-28,0.01305483028720622,0.012970350442627405,UP,7.0,111.6400000000001,0.9449137488651166,1,TEST
2026-04-28,National,black_pepper,Grade 1,average,2030.55,"Department of Export Agriculture, Sri Lanka - Economic Research Unit",https://exagri.info/mkt/2026/28.04.2026.html,2026-04-28,2026-10-07,Sri Lanka,LKR,kg,farm_gate,weekly,c9338f2d36e65ce9e49b93aca4b257520e5c5a37e77b40a49e016105d53dfadd,observed_source_value,e6b01b3c8770a313a923,0.0019293017013382041,0.0019274429891046273,UP,2026.64,2026.86,-0.00010854227721690535,7.0,2028.0166666666664,0.0015547557579594703,2026-05-05,-0.010671985422668673,-0.010729339478507153,DOWN,7.0,90.54999999999995,0.9554061707419172,0,TEST
2026-04-28,National,black_pepper,Grade 2,average,1940.0,"Department of Export Agriculture, Sri Lanka - Economic Research Unit",https://exagri.info/mkt/2026/28.04.2026.html,2026-04-28,2026-10-07,Sri Lanka,LKR,kg,farm_gate,weekly,c9338f2d36e65ce9e49b93aca4b257520e5c5a37e77b40a49e016105d53dfadd,observed_source_value,1247b9275a77407de18d,0.01305483028720622,0.012970350442627405,UP,1915.0,1775.0,0.07887323943661961,7.0,1876.6666666666667,0.044377652156604636,2026-05-05,-0.005154639175257714,-0.005167970158442561,DOWN,7.0,90.54999999999995,0.9554061707419172,1,TEST
2026-05-05,National,black_pepper,Grade 1,average,2008.88,"Department of Export Agriculture, Sri Lanka - Economic Research Unit",https://exagri.info/mkt/2026/05.05.2026.html,2026-05-05,2026-10-07,Sri Lanka,LKR,kg,farm_gate,weekly,49c58dbf286a81b5c25e4c232dbd151ff3bf95fda2f6ea2e6dc5a97f18bb33dd,observed_source_value,e5b1d4a37553af7b854d,-0.010671985422668673,-0.010729339478507153,DOWN,2030.55,2026.64,0.0019293017013382041,7.0,2022.0233333333333,0.006764263649871853,2026-05-12,0.001777109633228413,0.0017755324421886256,UP,7.0,78.88000000000011,0.9607343395324758,0,TEST
2026-05-05,National,black_pepper,Grade 2,average,1930.0,"Department of Export Agriculture, Sri Lanka - Economic Research Unit",https://exagri.info/mkt/2026/05.05.2026.html,2026-05-05,2026-10-07,Sri Lanka,LKR,kg,farm_gate,weekly,49c58dbf286a81b5c25e4c232dbd151ff3bf95fda2f6ea2e6dc5a97f18bb33dd,observed_source_value,ca8c4ab834112276018a,-0.005154639175257714,-0.005167970158442561,DOWN,1940.0,1915.0,0.01305483028720622,7.0,1928.3333333333333,0.04420469836468441,2026-05-12,0.0,0.0,FLAT,7.0,78.88000000000011,0.9607343395324758,1,TEST
2026-05-12,National,black_pepper,Grade 1,average,2012.45,"Department of Export Agriculture, Sri Lanka - Economic Research Unit",https://exagri.info/mkt/2026/12.05.2026.html,2026-05-12,2026-10-07,Sri Lanka,LKR,kg,farm_gate,weekly,4e6aed0d14b24e7126793412c667c0e54676866d50101fd9b0c01865ec83f622,observed_source_value,f0f34a7ed4c5efdc0154,0.001777109633228413,0.0017755324421886256,UP,2008.88,2030.55,-0.010671985422668673,7.0,2017.293333333333,0.00723182281445577,2026-05-19,-0.007145519143332835,-0.007171170633765086,DOWN,7.0,82.45000000000005,0.9590300380133667,0,TEST
2026-05-12,National,black_pepper,Grade 2,average,1930.0,"Department of Export Agriculture, Sri Lanka - Economic Research Unit",https://exagri.info/mkt/2026/12.05.2026.html,2026-05-12,2026-10-07,Sri Lanka,LKR,kg,farm_gate,weekly,4e6aed0d14b24e7126793412c667c0e54676866d50101fd9b0c01865ec83f622,observed_source_value,c321dbf2a0b03ae0ee50,0.0,0.0,FLAT,1930.0,1940.0,-0.005154639175257714,7.0,1933.3333333333333,0.009386015101906366,2026-05-19,0.010362694300518172,0.010309369658861287,UP,7.0,82.45000000000005,0.9590300380133667,1,TEST
2026-05-19,National,black_pepper,Grade 1,average,1998.07,"Department of Export Agriculture, Sri Lanka - Economic Research Unit",https://exagri.info/mkt/2026/19.05.2026.html,2026-05-19,2026-10-07,Sri Lanka,LKR,kg,farm_gate,weekly,c8bb19aaae5c6893cceb7d5d4beb436dcfeae5d5ebd2e071d1369c62d5ac6b5a,observed_source_value,8c281fdaf095b2bc96bc,-0.007145519143332835,-0.007171170633765086,DOWN,2012.45,2008.88,0.001777109633228413,7.0,2006.4666666666662,0.006416505232788994,2026-05-26,-0.009829485453462516,-0.00987811376888163,DOWN,7.0,48.069999999999936,0.9759417838213876,0,TEST
2026-05-19,National,black_pepper,Grade 2,average,1950.0,"Department of Export Agriculture, Sri Lanka - Economic Research Unit",https://exagri.info/mkt/2026/19.05.2026.html,2026-05-19,2026-10-07,Sri Lanka,LKR,kg,farm_gate,weekly,c8bb19aaae5c6893cceb7d5d4beb436dcfeae5d5ebd2e071d1369c62d5ac6b5a,observed_source_value,d85171df36c178d213a6,0.010362694300518172,0.010309369658861287,UP,1930.0,1930.0,0.0,7.0,1936.6666666666667,0.007902988637129097,2026-05-26,0.0,0.0,FLAT,7.0,48.069999999999936,0.9759417838213876,1,TEST
2026-05-26,National,black_pepper,Grade 1,average,1978.43,"Department of Export Agriculture, Sri Lanka - Economic Research Unit",https://exagri.info/mkt/2026/26.05.2026.html,2026-05-26,2026-10-07,Sri Lanka,LKR,kg,farm_gate,weekly,a880bdfd6543b7a03e82f7c9fca838f3ed4db889658755ee49afab95d70aafc0,observed_source_value,8ea71674dfe9d7299d60,-0.009829485453462516,-0.00987811376888163,DOWN,1998.07,2012.45,-0.007145519143332835,7.0,1996.3166666666664,0.006076320555301901,2026-06-02,-0.024625586955313028,-0.024933868319390533,DOWN,7.0,28.430000000000064,0.9856300197631455,0,TEST
2026-05-26,National,black_pepper,Grade 2,average,1950.0,"Department of Export Agriculture, Sri Lanka - Economic Research Unit",https://exagri.info/mkt/2026/26.05.2026.html,2026-05-26,2026-10-07,Sri Lanka,LKR,kg,farm_gate,weekly,a880bdfd6543b7a03e82f7c9fca838f3ed4db889658755ee49afab95d70aafc0,observed_source_value,c0c918e4ad476ab6e097,0.0,0.0,FLAT,1950.0,1930.0,0.010362694300518172,7.0,1943.3333333333333,0.005982904343934262,2026-06-09,-0.02564102564102566,-0.025975486403260677,DOWN,14.0,28.430000000000064,0.9856300197631455,1,TEST
2026-06-02,National,black_pepper,Grade 1,average,1929.71,"Department of Export Agriculture, Sri Lanka - Economic Research Unit",https://exagri.info/mkt/2026/02.06.2026.html,2026-06-02,2026-10-07,Sri Lanka,LKR,kg,farm_gate,weekly,7ea511f9ceb11a6851eb27dcba2948190b8deae1678c60727a0cc5fe554e52f1,observed_source_value,9b11eee5f2eb99e75888,-0.024625586955313028,-0.024933868319390533,DOWN,1978.43,1998.07,-0.009829485453462516,7.0,1968.7366666666665,0.009413474965162748,2026-06-09,-0.010695907675246641,-0.010753520075289836,DOWN,7.0,,,0,TEST
2026-06-09,National,black_pepper,Grade 1,average,1909.07,"Department of Export Agriculture, Sri Lanka - Economic Research Unit",https://exagri.info/mkt/2026/09.06.2026.html,2026-06-09,2026-10-07,Sri Lanka,LKR,kg,farm_gate,weekly,15b0d657a6bc8b474a4830ac5d9a973fdf20ed0c1b0003ebde2561aa0d17e43d,observed_source_value,2732d5c58274b6e4d635,-0.010695907675246641,-0.010753520075289836,DOWN,1929.71,1978.43,-0.024625586955313028,7.0,1939.0699999999997,0.008303726793485051,2026-06-16,-0.03449847307851461,-0.035107595632182124,DOWN,7.0,9.069999999999936,0.9952489955842374,0,TEST
2026-06-09,National,black_pepper,Grade 2,average,1900.0,"Department of Export Agriculture, Sri Lanka - Economic Research Unit",https://exagri.info/mkt/2026/09.06.2026.html,2026-06-09,2026-10-07,Sri Lanka,LKR,kg,farm_gate,weekly,15b0d657a6bc8b474a4830ac5d9a973fdf20ed0c1b0003ebde2561aa0d17e43d,observed_source_value,486497ec824e05df32e2,-0.02564102564102566,-0.025975486403260677,DOWN,1950.0,1950.0,0.0,14.0,1933.3333333333333,0.018534272212664443,2026-06-16,-0.052631578947368474,-0.05406722127027582,DOWN,7.0,9.069999999999936,0.9952489955842374,1,TEST
2026-06-16,National,black_pepper,Grade 1,average,1843.21,"Department of Export Agriculture, Sri Lanka - Economic Research Unit",https://exagri.info/mkt/2026/16.06.2026.html,2026-06-16,2026-10-07,Sri Lanka,LKR,kg,farm_gate,weekly,32dae81231adcdeb6f628bcdc41a72c561549f5043efe5a541235366eaf41564,observed_source_value,4a2b8db84998212a2b64,-0.03449847307851461,-0.035107595632182124,DOWN,1909.07,1929.71,-0.010695907675246641,7.0,1893.9966666666662,0.01195876223405623,2026-06-30,-0.018560012152711858,-0.01873441043878206,DOWN,14.0,43.210000000000036,0.9765572018380977,0,TEST
2026-06-16,National,black_pepper,Grade 2,average,1800.0,"Department of Export Agriculture, Sri Lanka - Economic Research Unit",https://exagri.info/mkt/2026/16.06.2026.html,2026-06-16,2026-10-07,Sri Lanka,LKR,kg,farm_gate,weekly,32dae81231adcdeb6f628bcdc41a72c561549f5043efe5a541235366eaf41564,observed_source_value,a26f0e41fb781116fa54,-0.052631578947368474,-0.05406722127027582,DOWN,1900.0,1950.0,-0.02564102564102566,7.0,1883.3333333333333,0.02631867292183561,2026-06-30,0.0,0.0,FLAT,14.0,43.210000000000036,0.9765572018380977,1,TEST
2026-06-30,National,black_pepper,Grade 1,average,1809.0,"Department of Export Agriculture, Sri Lanka - Economic Research Unit",https://exagri.info/mkt/2026/30.06.2026.html,2026-06-30,2026-10-07,Sri Lanka,LKR,kg,farm_gate,weekly,7fcecd111c621eec3aa669946ca9e1cfad4df4c35539ccfb4caab8919114fff0,observed_source_value,a7486a4f9f317a496e38,-0.018560012152711858,-0.01873441043878206,DOWN,1843.21,1909.07,-0.03449847307851461,14.0,1853.7599999999995,0.012127384959206655,2026-07-07,-0.007346600331674891,-0.00737371950400815,DOWN,7.0,9.0,0.9950248756218906,0,TEST
2026-06-30,National,black_pepper,Grade 2,average,1800.0,"Department of Export Agriculture, Sri Lanka - Economic Research Unit",https://exagri.info/mkt/2026/30.06.2026.html,2026-06-30,2026-10-07,Sri Lanka,LKR,kg,farm_gate,weekly,7fcecd111c621eec3aa669946ca9e1cfad4df4c35539ccfb4caab8919114fff0,observed_source_value,020eb9f03699edc3308f,0.0,0.0,FLAT,1800.0,1900.0,-0.052631578947368474,14.0,1833.3333333333333,0.02631867292183561,2026-07-07,0.0,0.0,FLAT,7.0,9.0,0.9950248756218906,1,TEST
2026-07-07,National,black_pepper,Grade 1,average,1795.71,"Department of Export Agriculture, Sri Lanka - Economic Research Unit",https://exagri.info/mkt/2026/07.07.2026.html,2026-07-07,2026-10-07,Sri Lanka,LKR,kg,farm_gate,weekly,273c3270f020e2fcf02d32641aeb774a41d0bf19263fb04d78e6f3472baa458c,observed_source_value,fd812a17ee07328eaaad,-0.007346600331674891,-0.00737371950400815,DOWN,1809.0,1843.21,-0.018560012152711858,7.0,1815.9733333333331,0.01364428656380979,2026-07-14,0.03363572068986631,0.03308241294000463,UP,7.0,-4.289999999999964,1.002389027181449,0,TEST
2026-07-07,National,black_pepper,Grade 2,average,1800.0,"Department of Export Agriculture, Sri Lanka - Economic Research Unit",https://exagri.info/mkt/2026/07.07.2026.html,2026-07-07,2026-10-07,Sri Lanka,LKR,kg,farm_gate,weekly,273c3270f020e2fcf02d32641aeb774a41d0bf19263fb04d78e6f3472baa458c,observed_source_value,67e247c3ff98abdffb5b,0.0,0.0,FLAT,1800.0,1800.0,0.0,7.0,1800.0,0.030386856273138304,2026-07-14,0.0,0.0,FLAT,7.0,-4.289999999999964,1.002389027181449,1,TEST
2026-07-14,National,black_pepper,Grade 1,average,1856.11,"Department of Export Agriculture, Sri Lanka - Economic Research Unit",https://exagri.info/mkt/2026/14.07.2026.html,2026-07-14,2026-10-07,Sri Lanka,LKR,kg,farm_gate,weekly,04973049da5c71e87983f2e4ae18156f0ee21006dcf4197dbf7a1bb7660f81e3,observed_source_value,8225f58639796d5d0b4a,0.03363572068986631,0.03308241294000463,UP,1795.71,1809.0,-0.007346600331674891,7.0,1820.2733333333333,0.02747631030528755,2026-07-21,-0.010026345421338068,-0.010076947744299784,DOWN,7.0,56.1099999999999,0.9697701106076688,0,TEST
2026-07-14,National,black_pepper,Grade 2,average,1800.0,"Department of Export Agriculture, Sri Lanka - Economic Research Unit",https://exagri.info/mkt/2026/14.07.2026.html,2026-07-14,2026-10-07,Sri Lanka,LKR,kg,farm_gate,weekly,04973049da5c71e87983f2e4ae18156f0ee21006dcf4197dbf7a1bb7660f81e3,observed_source_value,c6b741c039a1874766e5,0.0,0.0,FLAT,1800.0,1800.0,0.0,7.0,1800.0,0.0,2026-07-21,0.0,0.0,FLAT,7.0,56.1099999999999,0.9697701106076688,1,TEST
2026-07-21,National,black_pepper,Grade 1,average,1837.5,"Department of Export Agriculture, Sri Lanka - Economic Research Unit",https://exagri.info/mkt/2026/21.07.2026.html,2026-07-21,2026-10-07,Sri Lanka,LKR,kg,farm_gate,weekly,9c804fc3660e02f33520ddf6f4d2ec84ce2947c13cc25de6ac726b81a88aa96b,observed_source_value,6b23582b5d0a17b38c2c,-0.010026345421338068,-0.010076947744299784,DOWN,1856.11,1795.71,0.03363572068986631,7.0,1829.7733333333333,0.024471438069572374,2026-07-28,-0.0019809523809524165,-0.001982917062175621,DOWN,7.0,37.5,0.9795918367346939,0,TEST
2026-07-21,National,black_pepper,Grade 2,average,1800.0,"Department of Export Agriculture, Sri Lanka - Economic Research Unit",https://exagri.info/mkt/2026/21.07.2026.html,2026-07-21,2026-10-07,Sri Lanka,LKR,kg,farm_gate,weekly,9c804fc3660e02f33520ddf6f4d2ec84ce2947c13cc25de6ac726b81a88aa96b,observed_source_value,80a7d1801035258c889b,0.0,0.0,FLAT,1800.0,1800.0,0.0,7.0,1800.0,0.0,2026-07-28,0.0,0.0,FLAT,7.0,37.5,0.9795918367346939,1,TEST
2026-07-28,National,black_pepper,Grade 1,average,1833.86,"Department of Export Agriculture, Sri Lanka - Economic Research Unit",https://exagri.info/mkt/2026/28.07.2026.html,2026-07-28,2026-10-07,Sri Lanka,LKR,kg,farm_gate,weekly,37c418f0559bd7247d511574a90cbae2ef1d49c7cf132f85ffb78e5b455cb8e1,observed_source_value,56202fe501b15efaef0a,-0.0019809523809524165,-0.001982917062175621,DOWN,1837.5,1856.11,-0.010026345421338068,7.0,1842.4899999999998,0.02323665124649396,2026-08-04,0.006189131122332103,0.006170057110888494,UP,7.0,33.8599999999999,0.9815362132332894,0,TEST
2026-07-28,National,black_pepper,Grade 2,average,1800.0,"Department of Export Agriculture, Sri Lanka - Economic Research Unit",https://exagri.info/mkt/2026/28.07.2026.html,2026-07-28,2026-10-07,Sri Lanka,LKR,kg,farm_gate,weekly,37c418f0559bd7247d511574a90cbae2ef1d49c7cf132f85ffb78e5b455cb8e1,observed_source_value,763a89ba618642814cbb,0.0,0.0,FLAT,1800.0,1800.0,0.0,7.0,1800.0,0.0,2026-08-04,0.0,0.0,FLAT,7.0,33.8599999999999,0.9815362132332894,1,TEST
2026-08-04,National,black_pepper,Grade 1,average,1845.21,"Department of Export Agriculture, Sri Lanka - Economic Research Unit",https://exagri.info/mkt/2026/04.08.2026.html,2026-08-04,2026-10-07,Sri Lanka,LKR,kg,farm_gate,weekly,dbd35258015cb65f709fef733cfcd13f880ff87ea19a8cf6da758c99fc92e310,observed_source_value,20ea7f6152756e2ac50d,0.006189131122332103,0.006170057110888494,UP,1833.86,1837.5,-0.0019809523809524165,7.0,1838.8566666666663,0.008107818173048835,2026-08-11,0.005961381089415241,0.005943682361577004,UP,7.0,45.210000000000036,0.9754987237225031,0,TEST
2026-08-04,National,black_pepper,Grade 2,average,1800.0,"Department of Export Agriculture, Sri Lanka - Economic Research Unit",https://exagri.info/mkt/2026/04.08.2026.html,2026-08-04,2026-10-07,Sri Lanka,LKR,kg,farm_gate,weekly,dbd35258015cb65f709fef733cfcd13f880ff87ea19a8cf6da758c99fc92e310,observed_source_value,a895dfbb2b2b46077d19,0.0,0.0,FLAT,1800.0,1800.0,0.0,7.0,1800.0,0.0,2026-08-11,0.0,0.0,FLAT,7.0,45.210000000000036,0.9754987237225031,1,TEST
2026-08-11,National,black_pepper,Grade 1,average,1856.21,"Department of Export Agriculture, Sri Lanka - Economic Research Unit",https://exagri.info/mkt/2026/11.08.2026.html,2026-08-11,2026-10-07,Sri Lanka,LKR,kg,farm_gate,weekly,5d76cec21e7bb2db9fdd090da940ba4d5b88f0abc9ee289c944261b1af2bd8a0,observed_source_value,1962749992c5f745eeb8,0.005961381089415241,0.005943682361577004,UP,1845.21,1833.86,0.006189131122332103,7.0,1845.093333333333,0.004652647910647953,2026-08-18,0.016124253182560278,0.01599563811821807,UP,7.0,56.210000000000036,0.9697178659742163,0,TEST
2026-08-11,National,black_pepper,Grade 2,average,1800.0,"Department of Export Agriculture, Sri Lanka - Economic Research Unit",https://exagri.info/mkt/2026/11.08.2026.html,2026-08-11,2026-10-07,Sri Lanka,LKR,kg,farm_gate,weekly,5d76cec21e7bb2db9fdd090da940ba4d5b88f0abc9ee289c944261b1af2bd8a0,observed_source_value,d4f3db839809ef6f20be,0.0,0.0,FLAT,1800.0,1800.0,0.0,7.0,1800.0,0.0,2026-08-18,0.0,0.0,FLAT,7.0,56.210000000000036,0.9697178659742163,1,TEST
2026-08-18,National,black_pepper,Grade 1,average,1886.14,"Department of Export Agriculture, Sri Lanka - Economic Research Unit",https://exagri.info/mkt/2026/18.08.2026.html,2026-08-18,2026-10-07,Sri Lanka,LKR,kg,farm_gate,weekly,a8a3d5e9144c1e28a93d93d162e63fa77c11c48e37aff76b73c3362c1d3a4832,observed_source_value,31a7bdced1874b9f872e,0.016124253182560278,0.01599563811821807,UP,1856.21,1845.21,0.005961381089415241,7.0,1862.5199999999998,0.005802908604180575,2026-08-25,0.003334853192233922,0.0033293049010628168,UP,7.0,86.1400000000001,0.9543300073165301,0,EXTERNAL_NEWEST
2026-08-18,National,black_pepper,Grade 2,average,1800.0,"Department of Export Agriculture, Sri Lanka - Economic Research Unit",https://exagri.info/mkt/2026/18.08.2026.html,2026-08-18,2026-10-07,Sri Lanka,LKR,kg,farm_gate,weekly,a8a3d5e9144c1e28a93d93d162e63fa77c11c48e37aff76b73c3362c1d3a4832,observed_source_value,c1678c5a07a15fffbdbc,0.0,0.0,FLAT,1800.0,1800.0,0.0,7.0,1800.0,0.0,2026-08-25,0.0,0.0,FLAT,7.0,86.1400000000001,0.9543300073165301,1,EXTERNAL_NEWEST
2026-08-25,National,black_pepper,Grade 1,average,1892.43,"Department of Export Agriculture, Sri Lanka - Economic Research Unit",https://exagri.info/mkt/2026/25.08.2026.html,2026-08-25,2026-10-07,Sri Lanka,LKR,kg,farm_gate,weekly,e7b0d99c930ca4c63a050314090cd8f1273cb034394a2f4308becbc2ee647f07,observed_source_value,4a49783567c3ba84cef8,0.003334853192233922,0.0033293049010628168,UP,1886.14,1856.21,0.016124253182560278,7.0,1878.26,0.0067546449461209366,2026-09-01,0.013812928351378817,0.013718399343492053,UP,7.0,92.43000000000006,0.9511580349074998,0,EXTERNAL_NEWEST
2026-08-25,National,black_pepper,Grade 2,average,1800.0,"Department of Export Agriculture, Sri Lanka - Economic Research Unit",https://exagri.info/mkt/2026/25.08.2026.html,2026-08-25,2026-10-07,Sri Lanka,LKR,kg,farm_gate,weekly,e7b0d99c930ca4c63a050314090cd8f1273cb034394a2f4308becbc2ee647f07,observed_source_value,c511cd273d885208a4e7,0.0,0.0,FLAT,1800.0,1800.0,0.0,7.0,1800.0,0.0,2026-09-01,-0.033333333333333326,-0.03390155167568134,DOWN,7.0,92.43000000000006,0.9511580349074998,1,EXTERNAL_NEWEST
2026-09-01,National,black_pepper,Grade 1,average,1918.57,"Department of Export Agriculture, Sri Lanka - Economic Research Unit",https://exagri.info/mkt/2026/01.09.2026.html,2026-09-01,2026-10-07,Sri Lanka,LKR,kg,farm_gate,weekly,6e209f41624f90b233558777097cd57b40c9a3f3162b6534d0aab042a747ebb3,observed_source_value,db9b266db581faa1313a,0.013812928351378817,0.013718399343492053,UP,1892.43,1886.14,0.003334853192233922,7.0,1899.0466666666664,0.0068154363228944154,2026-09-08,0.02029115434933315,0.020088032004903607,UP,7.0,178.56999999999994,0.9069254705327405,0,EXTERNAL_NEWEST
2026-09-01,National,black_pepper,Grade 2,average,1740.0,"Department of Export Agriculture, Sri Lanka - Economic Research Unit",https://exagri.info/mkt/2026/01.09.2026.html,2026-09-01,2026-10-07,Sri Lanka,LKR,kg,farm_gate,weekly,6e209f41624f90b233558777097cd57b40c9a3f3162b6534d0aab042a747ebb3,observed_source_value,178118111f9e8e69bdd0,-0.033333333333333326,-0.03390155167568134,DOWN,1800.0,1800.0,0.0,7.0,1780.0,0.01924500897298752,2026-09-08,0.08477011494252884,0.08136808891460515,UP,7.0,178.56999999999994,0.9069254705327405,1,EXTERNAL_NEWEST
2026-09-08,National,black_pepper,Grade 1,average,1957.5,"Department of Export Agriculture, Sri Lanka - Economic Research Unit",https://exagri.info/mkt/2026/08.09.2026.html,2026-09-08,2026-10-07,Sri Lanka,LKR,kg,farm_gate,weekly,f4e991e36b3fc9fb3e0756545d7faabadcb627aa0765c4e99b0c4d3f4727adf9,observed_source_value,2aae3d10b05d90c01272,0.02029115434933315,0.020088032004903607,UP,1918.57,1892.43,0.013812928351378817,7.0,1922.833333333333,0.00855641689076676,2026-09-15,0.015325670498084198,0.015209418663528708,UP,7.0,70.0,0.9642401021711366,0,EXTERNAL_NEWEST
2026-09-08,National,black_pepper,Grade 2,average,1887.5,"Department of Export Agriculture, Sri Lanka - Economic Research Unit",https://exagri.info/mkt/2026/08.09.2026.html,2026-09-08,2026-10-07,Sri Lanka,LKR,kg,farm_gate,weekly,f4e991e36b3fc9fb3e0756545d7faabadcb627aa0765c4e99b0c4d3f4727adf9,observed_source_value,e0ecea3a1dea9365e332,0.08477011494252884,0.08136808891460515,UP,1740.0,1800.0,-0.033333333333333326,7.0,1809.1666666666667,0.060889938951534946,2026-09-15,0.027814569536423805,0.02743477093419401,UP,7.0,70.0,0.9642401021711366,1,EXTERNAL_NEWEST
2026-09-15,National,black_pepper,Grade 1,average,1987.5,"Department of Export Agriculture, Sri Lanka - Economic Research Unit",https://exagri.info/mkt/2026/15.09.2026.html,2026-09-15,2026-10-07,Sri Lanka,LKR,kg,farm_gate,weekly,05c9d474ad60c307adec381e0895f3651e30b161bf5e5a1dff5aa4b31db9d3f6,observed_source_value,ec23c2c853e692bf5124,0.015325670498084198,0.015209418663528708,UP,1957.5,1918.57,0.02029115434933315,7.0,1954.5233333333329,0.0033889976581110482,2026-09-29,0.006002515723270374,0.005984572393377305,UP,14.0,47.5,0.9761006289308176,0,EXTERNAL_NEWEST
2026-09-15,National,black_pepper,Grade 2,average,1940.0,"Department of Export Agriculture, Sri Lanka - Economic Research Unit",https://exagri.info/mkt/2026/15.09.2026.html,2026-09-15,2026-10-07,Sri Lanka,LKR,kg,farm_gate,weekly,05c9d474ad60c307adec381e0895f3651e30b161bf5e5a1dff5aa4b31db9d3f6,observed_source_value,5e8f3f9dea1e47ef5d9f,0.027814569536423805,0.02743477093419401,UP,1887.5,1740.0,0.08477011494252884,7.0,1855.8333333333333,0.059064124295161044,2026-09-29,-0.02577319587628868,-0.026111144003685773,DOWN,14.0,47.5,0.9761006289308176,1,EXTERNAL_NEWEST
2026-09-29,National,black_pepper,Grade 1,average,1999.43,"Department of Export Agriculture, Sri Lanka - Economic Research Unit",https://exagri.info/mkt/2026/29.09.2026.html,2026-09-29,2026-10-07,Sri Lanka,LKR,kg,farm_gate,weekly,cd17b5f79cbe9444b307acbaf06c4b6c3f6e947c3afeca02123cc424b3fb6a09,observed_source_value,dcf77aef055ce6c139df,0.006002515723270374,0.005984572393377305,UP,1987.5,1957.5,0.015325670498084198,14.0,1981.4766666666665,0.007254222202947841,,,,,,109.43000000000006,0.9452694017795071,0,NO_TARGET
2026-09-29,National,black_pepper,Grade 2,average,1890.0,"Department of Export Agriculture, Sri Lanka - Economic Research Unit",https://exagri.info/mkt/2026/29.09.2026.html,2026-09-29,2026-10-07,Sri Lanka,LKR,kg,farm_gate,weekly,cd17b5f79cbe9444b307acbaf06c4b6c3f6e947c3afeca02123cc424b3fb6a09,observed_source_value,ab65d8bfe31a996be442,-0.02577319587628868,-0.026111144003685773,DOWN,1940.0,1887.5,0.027814569536423805,14.0,1905.8333333333333,0.055280204897745724,,,,,,109.43000000000006,0.9452694017795071,1,NO_TARGET
