source_date,source_url,retrieval_date,http_status,page_sha256,page_bytes,parse_status,pepper_table_rows,observations_extracted,missing_grade1_highest_cells,missing_grade1_average_cells,missing_grade2_highest_cells,missing_grade2_average_cells,error,local_page_path
2016-10-04,https://exagri.info/mkt/2016/04.10.2016.html,2026-10-07,200,89222ec8a35c568cb4ef5f109423a433bb6dc13ffd365eb5e807a50c7d7e760f,102161,parsed,15,36,0,0,12,12,,data/raw/market_prices/eac_phase4/pages/2016/04.10.2016.html
2016-10-11,https://exagri.info/mkt/2016/11.10.2016.html,2026-10-07,200,968cc0dfd95b6c172c67e3f4943c12b7bb1ab592a551e5376b79b4b56ab7504c,102040,parsed,15,34,1,1,12,12,,data/raw/market_prices/eac_phase4/pages/2016/11.10.2016.html
2016-10-18,https://exagri.info/mkt/2016/18.10.2016.html,2026-10-07,200,68971a965c303bb0837afa3b8d1b725d923c4acd7c49095b7791ef27371abd81,102161,parsed,15,36,0,0,12,12,,data/raw/market_prices/eac_phase4/pages/2016/18.10.2016.html
2016-10-25,https://exagri.info/mkt/2016/25.10.2016.html,2026-10-07,200,3e45e8ce172dcaa0fcdd3d630e7f7857c95847dccd161b2c1d0c24ba53a347a9,102151,parsed,15,38,0,0,11,11,,data/raw/market_prices/eac_phase4/pages/2016/25.10.2016.html
2016-11-01,https://exagri.info/mkt/2016/01.11.2016.html,2026-10-07,200,0a566b42a5e25756e090d2e7b2e154cdd630de6951da215dbb07739af114dd41,102057,parsed,15,36,1,1,11,11,,data/raw/market_prices/eac_phase4/pages/2016/01.11.2016.html
2016-11-08,https://exagri.info/mkt/2016/08.11.2016.html,2026-10-07,200,8a49437fa0821d34d38791fe19b8ad74c1bb4c164a836d7a8ce188dd3dc5bfa5,102177,parsed,15,38,0,0,11,11,,data/raw/market_prices/eac_phase4/pages/2016/08.11.2016.html
2016-11-15,https://exagri.info/mkt/2016/15.11.2016.html,2026-10-07,200,f98ce675c0a9aaa06a486b2a9003977c24ed98394647552e3e390aa4a73bf82b,102142,parsed,15,38,0,0,11,11,,data/raw/market_prices/eac_phase4/pages/2016/15.11.2016.html
2016-11-22,https://exagri.info/mkt/2016/22.11.2016.html,2026-10-07,200,5360b589494a9e412ff806fd870c13061accabf6feaf6f4eb06bf3ce408fe931,102142,parsed,15,40,0,0,10,10,,data/raw/market_prices/eac_phase4/pages/2016/22.11.2016.html
2016-11-29,https://exagri.info/mkt/2016/29.11.2016.html,2026-10-07,200,b0996e770173a4a43b3b3f5b1ca8c40102966b5e78c0ad519eff3df7a3c596ce,102015,parsed,15,36,1,1,11,11,,data/raw/market_prices/eac_phase4/pages/2016/29.11.2016.html
2016-12-06,https://exagri.info/mkt/2016/06.12.2016.html,2026-10-07,200,e5d7e2bf33f1ae42189a797ed0c22b4f068e578a6dc16fc25f8083ae225e4270,102108,parsed,15,38,0,0,11,11,,data/raw/market_prices/eac_phase4/pages/2016/06.12.2016.html
2016-12-14,https://exagri.info/mkt/2016/14.12.2016.html,2026-10-07,200,bc4b6004d7ce7a051518881e114c62e4203ae2bc2f97390812060ba8c78bed6f,101934,parsed,15,34,1,1,12,12,,data/raw/market_prices/eac_phase4/pages/2016/14.12.2016.html
2016-12-20,https://exagri.info/mkt/2016/20.12.2016.html,2026-10-07,200,6e443448297f8591c711685c40657165f8df91b19db0ead9484dfd1d1c0bf395,102089,parsed,15,36,0,0,12,12,,data/raw/market_prices/eac_phase4/pages/2016/20.12.2016.html
2016-12-24,https://exagri.info/mkt/2018/24.12.2016.html,2026-10-07,200,e3e5783de0d58fcd92073a30c010094b33908f7f9c7f78de55ab5671b758d661,101756,parsed,15,32,2,2,12,12,,data/raw/market_prices/eac_phase4/pages/2016/24.12.2016.html
2016-12-27,https://exagri.info/mkt/2016/27.12.2016.html,2026-10-07,200,a336c1ae5340b3990796924a85ca090e964572395783a32f975f154191feb6c6,101942,parsed,15,34,1,1,12,12,,data/raw/market_prices/eac_phase4/pages/2016/27.12.2016.html
2017-01-03,https://exagri.info/mkt/2017/03.01.2017.html,2026-10-07,200,7390de1604686fdadefa5f339b3ab4bedb52fd3812d9542b8e1037dd5837206f,102045,parsed,15,36,0,0,12,12,,data/raw/market_prices/eac_phase4/pages/2017/03.01.2017.html
2017-01-10,https://exagri.info/mkt/2017/10.01.2017.html,2026-10-07,200,ba4112f76f13b684dbec67a9b4179cb40a600dea6d37466d127f3d191f22e90f,102079,parsed,15,36,0,0,12,12,,data/raw/market_prices/eac_phase4/pages/2017/10.01.2017.html
2017-01-17,https://exagri.info/mkt/2017/17.01.2017.html,2026-10-07,200,4158dbd17b04d9ac6880399511c9f0d8ead3c489c617a942ad28688b6dc0d6ef,102001,parsed,15,34,1,1,12,12,,data/raw/market_prices/eac_phase4/pages/2017/17.01.2017.html
2017-01-24,https://exagri.info/mkt/2017/24.01.2017.html,2026-10-07,200,a3532b5a16dad19062fa05e542d922c4408b474d69f340fadc957669b4ed75e5,102047,parsed,15,36,0,0,12,12,,data/raw/market_prices/eac_phase4/pages/2017/24.01.2017.html
2017-01-31,https://exagri.info/mkt/2017/31.01.2017.html,2026-10-07,200,acd9ca8b40a1ebf72bd6af49f451bef3dc679492dc8642d19c464197de6bf541,102091,parsed,15,38,0,0,11,11,,data/raw/market_prices/eac_phase4/pages/2017/31.01.2017.html
2017-02-07,https://exagri.info/mkt/2017/07.02.2017.html,2026-10-07,200,6c443dcab9f78e08e99a843e5e3000f2dc4a5e28c406089db55f093ab0952d3c,102147,parsed,15,36,0,0,12,12,,data/raw/market_prices/eac_phase4/pages/2017/07.02.2017.html
2017-02-14,https://exagri.info/mkt/2017/14.02.2017.html,2026-10-07,200,5f3be1bb24e7f45216b8b42841823b8bac822e3eb33d5531d71883199bcaf118,102178,parsed,15,38,0,0,11,11,,data/raw/market_prices/eac_phase4/pages/2017/14.02.2017.html
2017-02-21,https://exagri.info/mkt/2017/21.02.2017.html,2026-10-07,200,b7993a64bc2482eeb68d9e2ea7e50c5949a92785eedcf05d8a74958ef1ba7841,102163,parsed,15,36,0,0,12,12,,data/raw/market_prices/eac_phase4/pages/2017/21.02.2017.html
2017-02-28,https://exagri.info/mkt/2017/28.02.2017.html,2026-10-07,200,c8081a4695874ee2dd91ad6cc6a14748d1f2c6710c643d578a929d1223ef384a,102038,parsed,15,34,1,1,12,12,,data/raw/market_prices/eac_phase4/pages/2017/28.02.2017.html
2017-03-07,https://exagri.info/mkt/2017/07.03.2017.html,2026-10-07,200,86019e871d0d9109f5501ae841ab3c7f8b556ef17476fe4d5f6802288aac6b2f,101874,parsed,15,32,2,2,12,12,,data/raw/market_prices/eac_phase4/pages/2017/07.03.2017.html
2017-03-14,https://exagri.info/mkt/2017/14.03.2017.html,2026-10-07,200,2dfcab85642b2fbe97042ec7ca7b84378d729c035d77a9b91f30554272b9fb7f,101980,parsed,15,34,1,1,12,12,,data/raw/market_prices/eac_phase4/pages/2017/14.03.2017.html
2017-03-21,https://exagri.info/mkt/2017/21.03.2017.html,2026-10-07,200,c88c704185d2b19564db4be5b636a637599995350beec8a4d6446661dd3207f8,102189,parsed,15,38,0,0,11,11,,data/raw/market_prices/eac_phase4/pages/2017/21.03.2017.html
2017-03-28,https://exagri.info/mkt/2017/28.03.2017.html,2026-10-07,200,b91fe8b1f5617167373a375d3eef57a36f885f39b1ee17c4f4763e9130a56a88,102063,parsed,15,36,1,1,11,11,,data/raw/market_prices/eac_phase4/pages/2017/28.03.2017.html
2017-04-04,https://exagri.info/mkt/2017/04.04.2017.html,2026-10-07,200,d965029accc0bea211092fe5c0c7a19d842d07a9ab4b89c0724f021313b4c02f,102018,parsed,15,36,1,1,11,11,,data/raw/market_prices/eac_phase4/pages/2017/04.04.2017.html
2017-04-18,https://exagri.info/mkt/2017/18.04.2017.html,2026-10-07,200,58b81e4d1abc6bd5fe22830880fa5fc2c85096b18b937609c4dfcd802932ae08,101970,parsed,15,36,1,1,11,11,,data/raw/market_prices/eac_phase4/pages/2017/18.04.2017.html
2017-04-25,https://exagri.info/mkt/2017/25.04.2017.html,2026-10-07,200,207373e314ddd0a03f8a5ab840ca711dad5447f2483d541467b7d1e3aa068873,101958,parsed,15,36,1,1,11,11,,data/raw/market_prices/eac_phase4/pages/2017/25.04.2017.html
2017-05-02,https://exagri.info/mkt/2017/02.05.2017.html,2026-10-07,200,248c7c35f075db9c7152e4fc5bec7145664d5da4201a68d51a5d08d904759ed2,101770,parsed,15,32,2,2,12,12,,data/raw/market_prices/eac_phase4/pages/2017/02.05.2017.html
2017-05-08,https://exagri.info/mkt/2017/08.05.2017.html,2026-10-07,200,10f685a7516356c6aed54aa5898f46020dd788b27495d1991cbd4c9826b4d5f5,102073,parsed,15,42,0,0,9,9,,data/raw/market_prices/eac_phase4/pages/2017/08.05.2017.html
2017-05-16,https://exagri.info/mkt/2017/16.05.2017.html,2026-10-07,200,2ea5462b9306e7fb352ed85b9136dd3d6de9ef6839cbeb50589b46d9e972ec99,102091,parsed,15,40,0,0,10,10,,data/raw/market_prices/eac_phase4/pages/2017/16.05.2017.html
2017-05-23,https://exagri.info/mkt/2017/23.05.2017.html,2026-10-07,200,5d7daf63f65c0780f272273607665a81330099999616320dbc55beb624f59e9d,102080,parsed,15,40,0,0,10,10,,data/raw/market_prices/eac_phase4/pages/2017/23.05.2017.html
2017-05-30,https://exagri.info/mkt/2017/30.05.2017.html,2026-10-07,200,2895b1408db8be5c0e5729802ffb645b56f8f91e09dd8e2bf12ea58e8c0263fc,101623,parsed,15,32,3,3,11,11,,data/raw/market_prices/eac_phase4/pages/2017/30.05.2017.html
2017-06-06,https://exagri.info/mkt/2017/06.06.2017.html,2026-10-07,200,7792e338f51954600593f0cbec8721a6975237e8323444ec645337dc9e54f561,102083,parsed,15,40,0,0,10,10,,data/raw/market_prices/eac_phase4/pages/2017/06.06.2017.html
2017-06-13,https://exagri.info/mkt/2017/13.06.2017.html,2026-10-07,200,cf488c38f7a278674a4967978f43d13ca7036ca599eb89ff1677831a3e3eb3d0,101987,parsed,15,38,1,1,10,10,,data/raw/market_prices/eac_phase4/pages/2017/13.06.2017.html
2017-06-20,https://exagri.info/mkt/2017/20.06.2017.html,2026-10-07,200,9526c23881da06f4c259bfa787e70cbbf6a01c8c1f95fff6d3b889c443ce2205,101956,parsed,15,38,1,1,10,10,,data/raw/market_prices/eac_phase4/pages/2017/20.06.2017.html
2017-06-27,https://exagri.info/mkt/2017/27.06.2017.html,2026-10-07,200,2bab501b3274df96e9cee4f6a46e659a849c49d02a406673537ced3b4d736f87,101936,parsed,15,36,1,1,11,11,,data/raw/market_prices/eac_phase4/pages/2017/27.06.2017.html
2017-07-04,https://exagri.info/mkt/2017/04.07.2017.html,2026-10-07,200,cbd436e4b4ba5dff9abb8886974127347377cfeea03bd358eb406f11cab1e93b,101830,parsed,15,34,2,2,11,11,,data/raw/market_prices/eac_phase4/pages/2017/04.07.2017.html
2017-07-11,https://exagri.info/mkt/2017/11.07.2017.html,2026-10-07,200,7d5c81affd4d62aed3c79d9169d54fc147ae060a1fbe187b1f3581de9f1716fc,102020,parsed,15,38,0,0,11,11,,data/raw/market_prices/eac_phase4/pages/2017/11.07.2017.html
2017-07-18,https://exagri.info/mkt/2017/18.07.2017.html,2026-10-07,200,d04fd4eac9c19b8b41c0ea0f507868a48ea9050232d709384df81625397dd9af,101912,parsed,15,36,1,1,11,11,,data/raw/market_prices/eac_phase4/pages/2017/18.07.2017.html
2017-07-25,https://exagri.info/mkt/2017/25.07.2017.html,2026-10-07,200,9a1b535638529ed4c17a735570b6f8b489f78f3e7530e752d20cc2d3733c6d0d,102010,parsed,15,38,0,0,11,11,,data/raw/market_prices/eac_phase4/pages/2017/25.07.2017.html
2017-08-01,https://exagri.info/mkt/2017/01.08.2017.html,2026-10-07,200,1b36514c285986865fc5529a6d94ba79a1e12619bdc291458aa2b6d91ce56cba,102031,parsed,15,38,0,0,11,11,,data/raw/market_prices/eac_phase4/pages/2017/01.08.2017.html
2017-08-08,https://exagri.info/mkt/2017/08.08.2017.html,2026-10-07,200,7fe105211c329049e92e4565a077e034b724b97ed77dc2734005b3c84a9eb295,102023,parsed,15,36,0,0,12,12,,data/raw/market_prices/eac_phase4/pages/2017/08.08.2017.html
2017-08-15,https://exagri.info/mkt/2017/15.08.2017.html,2026-10-07,200,d234760789d26dc9e6ec638071be2c7031719157cda78b9d5b6071d031fbf8fc,101946,parsed,15,38,1,1,10,10,,data/raw/market_prices/eac_phase4/pages/2017/15.08.2017.html
2017-08-22,https://exagri.info/mkt/2017/22.08.2017.html,2026-10-07,200,044f4b1f17b441388649fa03e76a8ebc955e4b26d1287794168869f36d2eae53,102069,parsed,15,40,0,0,10,10,,data/raw/market_prices/eac_phase4/pages/2017/22.08.2017.html
2017-08-29,https://exagri.info/mkt/2017/29.08.2017.html,2026-10-07,200,8da0dde990876bcebc6b307864fa9595c2bbaf599206e39b0301824ee4bd43e2,102046,parsed,15,40,0,0,10,10,,data/raw/market_prices/eac_phase4/pages/2017/29.08.2017.html
2017-09-04,https://exagri.info/mkt/2017/04.09.2017.html,2026-10-07,200,452c8af9e6b5815c2b18e5689ada73c05d34d90fef18d9b37cc2dad8f8b7fb4d,102027,parsed,15,40,0,0,10,10,,data/raw/market_prices/eac_phase4/pages/2017/04.09.2017.html
2017-09-12,https://exagri.info/mkt/2017/12.09.2017.html,2026-10-07,200,8b38e9bc59475d533b0958ca1e0f3960033bd45de902997eabeb65baabc1857a,102061,parsed,15,40,0,0,10,10,,data/raw/market_prices/eac_phase4/pages/2017/12.09.2017.html
2017-09-19,https://exagri.info/mkt/2017/19.09.2017.html,2026-10-07,200,bf893f0c0e03f434d39d27d8e03b369bdf8062d832e8cabd1fb72d1cc725b9d1,102058,parsed,15,40,0,0,10,10,,data/raw/market_prices/eac_phase4/pages/2017/19.09.2017.html
2017-09-26,https://exagri.info/mkt/2017/26.09.2017.html,2026-10-07,200,f6125e5c99066f560020c7daa1358c248a819bf70385399ed9b335da5f2132ab,102050,parsed,15,40,0,0,10,10,,data/raw/market_prices/eac_phase4/pages/2017/26.09.2017.html
2017-10-03,https://exagri.info/mkt/2017/03.10.2017.html,2026-10-07,200,39491cbc47ea2126a8f1abe48c7d6a17cac73e743f89b9e9e787c1b1b2496a43,101882,parsed,15,36,1,1,11,11,,data/raw/market_prices/eac_phase4/pages/2017/03.10.2017.html
2017-10-10,https://exagri.info/mkt/2017/10.10.2017.html,2026-10-07,200,0fbee0e9f185eb9724a8d1a76b76ff96c2d43b154c47229ea3e8d91ba7018810,101941,parsed,15,38,1,1,10,10,,data/raw/market_prices/eac_phase4/pages/2017/10.10.2017.html
2017-10-16,https://exagri.info/mkt/2017/16.10.2017.html,2026-10-07,200,7d7c0936fcadbfc4ce7282536d9f56fbdf9536a3ab53226b94799dcf030b893c,101983,parsed,15,40,0,0,10,10,,data/raw/market_prices/eac_phase4/pages/2017/16.10.2017.html
2017-10-24,https://exagri.info/mkt/2017/24.10.2017.html,2026-10-07,200,b153dc0ec8a5007a42f11e3b54c625339e4e41d6e36278baaa92f1bf5ead9c97,101922,parsed,15,38,1,1,10,10,,data/raw/market_prices/eac_phase4/pages/2017/24.10.2017.html
2017-10-31,https://exagri.info/mkt/2017/31.10.2017.html,2026-10-07,200,d9012a8fc32227a10648f6b36a8fe25ea73a8f3e80af725eee8e3552a6bb7f7b,101964,parsed,15,40,1,1,9,9,,data/raw/market_prices/eac_phase4/pages/2017/31.10.2017.html
2017-11-07,https://exagri.info/mkt/2017/07.11.2017.html,2026-10-07,200,e91e1565902a7ddd52ddfb410e76c97944d075758cd67eb5b230fcf87ff90dfe,102021,parsed,15,38,1,1,10,10,,data/raw/market_prices/eac_phase4/pages/2017/07.11.2017.html
2017-11-14,https://exagri.info/mkt/2017/14.11.2017.html,2026-10-07,200,3a86719fa4d66b3822b6e03a32e6d6fcfbb8c486818456ed84558a2886caab48,102004,parsed,15,38,1,1,10,10,,data/raw/market_prices/eac_phase4/pages/2017/14.11.2017.html
2017-11-21,https://exagri.info/mkt/2017/21.11.2017.html,2026-10-07,200,acdf6156f03fa35443c0df8668229fe223a6f54977e888561ac76f368aef7187,101896,parsed,15,36,2,2,10,10,,data/raw/market_prices/eac_phase4/pages/2017/21.11.2017.html
2017-11-28,https://exagri.info/mkt/2017/28.11.2017.html,2026-10-07,200,85618f3ad6c78b01ded7a375ef70d273707182bd323094c3e6037e095239ad64,101991,parsed,15,38,1,1,10,10,,data/raw/market_prices/eac_phase4/pages/2017/28.11.2017.html
2017-12-05,https://exagri.info/mkt/2017/05.12.2017.html,2026-10-07,200,9b4cec2b0546bc0bac4f62e8d43ce9bd5be4ccd219b8ba99b7c1aca1b7ee81ef,101982,parsed,15,38,0,0,11,11,,data/raw/market_prices/eac_phase4/pages/2017/05.12.2017.html
2017-12-12,https://exagri.info/mkt/2017/12.12.2017.html,2026-10-07,200,2a4559a7914aead9ff2bf837e5fd4b343200541c418b88068d592739ba9f28da,102027,parsed,15,38,1,1,10,10,,data/raw/market_prices/eac_phase4/pages/2017/12.12.2017.html
2017-12-19,https://exagri.info/mkt/2017/19.12.2017.html,2026-10-07,200,5bcbc0c67c2be0b2cecefb862307e105b88eeaef5b52a45b852ff38b98b3e347,102032,parsed,15,38,0,0,11,11,,data/raw/market_prices/eac_phase4/pages/2017/19.12.2017.html
2017-12-26,https://exagri.info/mkt/2017/26.12.2017.html,2026-10-07,200,57c3925370493d04af64e031b1ffbe14f6448f067e1250151257381689fd84ff,101790,parsed,15,36,2,2,10,10,,data/raw/market_prices/eac_phase4/pages/2017/26.12.2017.html
2018-01-03,https://exagri.info/mkt/2018/03.01.2018.html,2026-10-07,200,e8a0f00458acc36da034fefd03b4bec2dbf1902aeacb48f567f72a55a3a4b071,101923,parsed,15,38,2,2,9,9,,data/raw/market_prices/eac_phase4/pages/2018/03.01.2018.html
2018-01-09,https://exagri.info/mkt/2018/09.01.2018.html,2026-10-07,200,4a4af60b20156b3a87fa5bac0d208a0ebea9c0781ddcf2c66bb6909da01c344c,101931,parsed,15,38,2,2,9,9,,data/raw/market_prices/eac_phase4/pages/2018/09.01.2018.html
2018-01-16,https://exagri.info/mkt/2018/16.01.2018.html,2026-10-07,200,131de9bb87f3ffc12c3a4cb88a2b1d2b88542bac29ed2d5602fbd437ef71c755,102067,parsed,15,48,0,0,6,6,,data/raw/market_prices/eac_phase4/pages/2018/16.01.2018.html
2018-01-23,https://exagri.info/mkt/2018/23.01.2018.html,2026-10-07,200,688132cc78dd87ac4fce4ace0c65f3681c630d57f6af0c9e09ba4f0c13782691,101916,parsed,15,42,1,1,8,8,,data/raw/market_prices/eac_phase4/pages/2018/23.01.2018.html
2018-01-29,https://exagri.info/mkt/2018/29.01.2018.html,2026-10-07,200,adab24f34da94233d195de0a300b4357688dcbfb42a234dd18817100af101410,102002,parsed,15,46,0,0,7,7,,data/raw/market_prices/eac_phase4/pages/2018/29.01.2018.html
2018-02-06,https://exagri.info/mkt/2018/06.02.2018.html,2026-10-07,200,b8504dba473645461d0075e508dc03d9313da50833f982353182976a19eedaec,102048,parsed,15,44,0,0,8,8,,data/raw/market_prices/eac_phase4/pages/2018/06.02.2018.html
2018-02-12,https://exagri.info/mkt/2018/12.02.2018.html,2026-10-07,200,65120c889286d26d1721163b19a1a2b6e92782790891f2a78528ff5cc9cb86be,102023,parsed,15,46,0,0,7,7,,data/raw/market_prices/eac_phase4/pages/2018/12.02.2018.html
2018-02-20,https://exagri.info/mkt/2018/20.02.2018.html,2026-10-07,200,b3a944a7eabdbd6ff957e18b6b0a9b5c0f7e8e31646a25cf71d6815e6748951f,101964,parsed,15,44,1,1,7,7,,data/raw/market_prices/eac_phase4/pages/2018/20.02.2018.html
2018-02-27,https://exagri.info/mkt/2018/27.02.2018.html,2026-10-07,200,1401206cbf051d6b5b5f208563502eb87f9e7ddef44dd9f40cf07603d49a477b,101969,parsed,15,44,1,1,7,7,,data/raw/market_prices/eac_phase4/pages/2018/27.02.2018.html
2018-03-06,https://exagri.info/mkt/2018/06.03.2018.html,2026-10-07,200,3c3ca385f3e4fbab91094f69c79e78acd652f34c4c7c13df00666c6073cbd91e,101552,parsed,15,32,3,3,11,11,,data/raw/market_prices/eac_phase4/pages/2018/06.03.2018.html
2018-03-13,https://exagri.info/mkt/2018/13.03.2018.html,2026-10-07,200,8d5e8a2032274746e1f39e72687eb0a909a28862c213ad21032640cef2fc82e5,101939,parsed,15,44,1,1,7,7,,data/raw/market_prices/eac_phase4/pages/2018/13.03.2018.html
2018-03-20,https://exagri.info/mkt/2018/20.03.2018.html,2026-10-07,200,9e55656ac2bd1eca42007add9df0592abc3b7d7ede56b78d49761e5d72bdaf7f,102049,parsed,15,46,0,0,7,7,,data/raw/market_prices/eac_phase4/pages/2018/20.03.2018.html
2018-03-27,https://exagri.info/mkt/2018/27.03.2018.html,2026-10-07,200,9fc5d753c2f692e771d99bef75b68226f5250841ce7690ca76dbd2fdc805b8b2,102048,parsed,15,44,0,0,8,8,,data/raw/market_prices/eac_phase4/pages/2018/27.03.2018.html
2018-04-03,https://exagri.info/mkt/2018/03.04.2018.html,2026-10-07,200,80d9e4cef771ec6c64f8c1e694191d0caef44296a79ac402dc97f18bcfa72558,102059,parsed,15,46,0,0,7,7,,data/raw/market_prices/eac_phase4/pages/2018/03.04.2018.html
2018-04-09,https://exagri.info/mkt/2018/09.04.2018.html,2026-10-07,200,a4fca52f226325ab324b0a032407afdd52e75e8cacb03e6ccb8e617c5cc1652b,101988,parsed,15,42,0,0,9,9,,data/raw/market_prices/eac_phase4/pages/2018/09.04.2018.html
2018-04-17,https://exagri.info/mkt/2018/17.04.2018.html,2026-10-07,200,24b7635d15943ce1dd2ee6aa87a00f94c922d7d041f21fd4d465549dc3732041,101810,parsed,15,40,1,1,9,9,,data/raw/market_prices/eac_phase4/pages/2018/17.04.2018.html
2018-04-24,https://exagri.info/mkt/2018/24.04.2018.html,2026-10-07,200,81f5dc00356abf82a53cfc74d0609933de2735096f3ac73f9c823b68a592aa52,102076,parsed,15,42,0,0,9,9,,data/raw/market_prices/eac_phase4/pages/2018/24.04.2018.html
2018-05-01,https://exagri.info/mkt/2018/01.05.2018.html,2026-10-07,200,265d09eb9e0ff3abe1d3924f1079b575591d2a8e690995d2eb551ef6dde2d48d,101935,parsed,15,40,1,1,9,9,,data/raw/market_prices/eac_phase4/pages/2018/01.05.2018.html
2018-05-08,https://exagri.info/mkt/2018/08.05.2018.html,2026-10-07,200,09d27c2fecc0a886cac1858fc22c240d12a6fe48fb22e0fe83acaad94eb85422,102042,parsed,15,38,0,0,11,11,,data/raw/market_prices/eac_phase4/pages/2018/08.05.2018.html
2018-05-15,https://exagri.info/mkt/2018/15.05.2018.html,2026-10-07,200,7382507b2d94f9e8611e23ab525be8656384039f33cc1f87f249fd71e8c55512,101916,parsed,15,38,1,1,10,10,,data/raw/market_prices/eac_phase4/pages/2018/15.05.2018.html
2018-05-22,https://exagri.info/mkt/2018/22.05.2018.html,2026-10-07,200,5a38ca2a40b811d0255758068a9b2170286f15b8f28539a1f05a681f2e0001c6,102008,parsed,15,38,0,0,11,11,,data/raw/market_prices/eac_phase4/pages/2018/22.05.2018.html
2018-05-28,https://exagri.info/mkt/2018/28.05.2018.html,2026-10-07,200,d47009494aa1b58200e734e5d1f30ff2823797c44a3e6316b54bbcbe9f38567c,101980,parsed,15,40,0,0,10,10,,data/raw/market_prices/eac_phase4/pages/2018/28.05.2018.html
2018-06-05,https://exagri.info/mkt/2018/05.06.2018.html,2026-10-07,200,3f1f75b824120fb50c794986f8914d65bbd039f9c85f67906f656a656844df5e,102028,parsed,15,40,0,0,10,10,,data/raw/market_prices/eac_phase4/pages/2018/05.06.2018.html
2018-06-12,https://exagri.info/mkt/2018/12.06.2018.html,2026-10-07,200,9c4e7ed80b592e3149de7854588102c18dc7b2b7d92c7a84d544b3fd6965b0de,102030,parsed,15,38,0,0,11,11,,data/raw/market_prices/eac_phase4/pages/2018/12.06.2018.html
2018-06-19,https://exagri.info/mkt/2018/19.06.2018.html,2026-10-07,200,e1b57887cec83a83dbe874d9ec09e45ab0774b6cc60802231e6691b900069514,102058,parsed,15,38,0,0,11,11,,data/raw/market_prices/eac_phase4/pages/2018/19.06.2018.html
2018-06-25,https://exagri.info/mkt/2018/25.06.2018.html,2026-10-07,200,941119ce18842189fb0d3981c133f93876efbf0afb0245dbecb1d9c7b13e4598,101999,parsed,15,36,0,0,12,12,,data/raw/market_prices/eac_phase4/pages/2018/25.06.2018.html
2018-07-03,https://exagri.info/mkt/2018/03.07.2018.html,2026-10-07,200,7eb2647426bbc47c68c8493ee63e589167a1e2c01a04c88e970dc3da256c404a,102007,parsed,15,38,0,0,11,11,,data/raw/market_prices/eac_phase4/pages/2018/03.07.2018.html
2018-07-10,https://exagri.info/mkt/2018/10.07.2018.html,2026-10-07,200,53c9c72559b69aa67752826df6705968c4e751c1735b5f946d8dc819f1a80396,102000,parsed,15,36,0,0,12,12,,data/raw/market_prices/eac_phase4/pages/2018/10.07.2018.html
2018-07-17,https://exagri.info/mkt/2018/17.07.2018.html,2026-10-07,200,6a493d37370a838fe523da4993acade0a10a0c1c4dd6c04d0ad556f740414ca3,102087,parsed,15,38,0,0,11,11,,data/raw/market_prices/eac_phase4/pages/2018/17.07.2018.html
2018-07-24,https://exagri.info/mkt/2018/24.07.2018.html,2026-10-07,200,4a57b2c53fdd0bb6d451efa0f1a842f68a35cd0d6eec14aa4589dcfffbc159a2,102080,parsed,15,38,0,0,11,11,,data/raw/market_prices/eac_phase4/pages/2018/24.07.2018.html
2018-07-31,https://exagri.info/mkt/2018/31.07.2018.html,2026-10-07,200,f7e5d67707d79a2bbabb1a83cf49fecff8854e1a47c0ac3b591c80b627ecc046,101850,parsed,15,32,2,2,12,12,,data/raw/market_prices/eac_phase4/pages/2018/31.07.2018.html
2018-08-07,https://exagri.info/mkt/2018/07.08.2018.html,2026-10-07,200,4283106f7d2f634987f5f2f7c4731c902ff0c5fef453171e96a4769bc0ed63c2,102050,parsed,15,38,0,0,11,11,,data/raw/market_prices/eac_phase4/pages/2018/07.08.2018.html
2018-08-14,https://exagri.info/mkt/2018/14.08.2018.html,2026-10-07,200,02ebc0a4ed1eb7d94e47c0a0592c2bddd8b7474608ef8183a0f5c67c25b95e7d,102083,parsed,15,38,0,0,11,11,,data/raw/market_prices/eac_phase4/pages/2018/14.08.2018.html
2018-08-20,https://exagri.info/mkt/2018/20.08.2018.html,2026-10-07,200,9622c9aa1066f3f2a922c7bde31ac0c7ae17970f984212080b42bfa49764f961,101997,parsed,15,38,0,0,11,11,,data/raw/market_prices/eac_phase4/pages/2018/20.08.2018.html
2018-08-28,https://exagri.info/mkt/2018/28.08.2018.html,2026-10-07,200,2005d5da77f15b797f251582d32e18d7609ab3738b4804199b074f0b5ba39128,101976,parsed,15,36,1,1,11,11,,data/raw/market_prices/eac_phase4/pages/2018/28.08.2018.html
2018-09-04,https://exagri.info/mkt/2018/04.09.2018.html,2026-10-07,200,ac2724e685c6bdcb2aaddd5e748607a4a1c2cfa5cddf50432585cc3f83377784,102105,parsed,15,40,0,0,10,10,,data/raw/market_prices/eac_phase4/pages/2018/04.09.2018.html
2018-09-11,https://exagri.info/mkt/2018/11.09.2018.html,2026-10-07,200,3926cd540d8c38cfdf7bdf839ce919cea5eefd25d562b316efc9f1d3957a943f,102086,parsed,15,40,0,0,10,10,,data/raw/market_prices/eac_phase4/pages/2018/11.09.2018.html
2018-09-18,https://exagri.info/mkt/2018/18.09.2018.html,2026-10-07,200,f7fe3f54438dbbefb50d821ffe5cb9f1b061897acea3aa19dbe57d076f541539,102095,parsed,15,40,0,0,10,10,,data/raw/market_prices/eac_phase4/pages/2018/18.09.2018.html
2018-09-25,https://exagri.info/mkt/2018/25.09.2018.html,2026-10-07,200,9043d2e979c5d713254787e90243376a3e2f72e6f055a94599ae41e3f1384e08,102125,parsed,15,42,0,0,9,9,,data/raw/market_prices/eac_phase4/pages/2018/25.09.2018.html
2018-10-02,https://exagri.info/mkt/2018/02.10.2018.html,2026-10-07,200,8b59fa9abace29e45e483141d6b69825e0d703bb2d0d04ace0a174f439d63c25,102113,parsed,15,38,0,0,11,11,,data/raw/market_prices/eac_phase4/pages/2018/02.10.2018.html
2018-10-09,https://exagri.info/mkt/2018/09.10.2018.html,2026-10-07,200,ddef4d731b012b4084df501e9656d0e3d2de1fb03071aac5036a5d744378c719,102112,parsed,15,40,0,0,10,10,,data/raw/market_prices/eac_phase4/pages/2018/09.10.2018.html
2018-10-16,https://exagri.info/mkt/2018/16.10.2018.html,2026-10-07,200,a8161bb84a427c387ccdf5ea1632c58a142e426f86f3c289ae442aac79d34332,102104,parsed,15,40,0,0,10,10,,data/raw/market_prices/eac_phase4/pages/2018/16.10.2018.html
2018-10-22,https://exagri.info/mkt/2018/22.10.2018.html,2026-10-07,200,4a344ed6c8bc210f3175c542d186d0f39da8bc1e1d1b0e266e84c7d9e1f38204,101938,parsed,15,38,1,1,10,10,,data/raw/market_prices/eac_phase4/pages/2018/22.10.2018.html
2018-10-30,https://exagri.info/mkt/2018/30.10.2018.html,2026-10-07,200,9eacbffa3d253c138d71f60bf68018abc997ad550198a344f0e66c35284cd917,102108,parsed,15,41,1,0,9,9,,data/raw/market_prices/eac_phase4/pages/2018/30.10.2018.html
2018-11-05,https://exagri.info/mkt/2018/05.11.2018.html,2026-10-07,200,f885c3695168f34d47556e9b90204bdb760bf3548cd5ed91e5cd56e6ad93049f,102039,parsed,15,40,0,0,10,10,,data/raw/market_prices/eac_phase4/pages/2018/05.11.2018.html
2018-11-13,https://exagri.info/mkt/2018/13.11.2018.html,2026-10-07,200,dcf91b61016e344c101708271ab9bd64cf4083d3d9b66898d56cd845039e13c6,102067,parsed,15,38,0,0,11,11,,data/raw/market_prices/eac_phase4/pages/2018/13.11.2018.html
2018-11-19,https://exagri.info/mkt/2018/19.11.2018.html,2026-10-07,200,421f53d7e7aebcb8ff167226183992bd1838f94c944d81296b15aa58e9ab2a5f,102020,parsed,15,38,0,0,11,11,,data/raw/market_prices/eac_phase4/pages/2018/19.11.2018.html
2018-11-27,https://exagri.info/mkt/2018/27.11.2018.html,2026-10-07,200,3422203c1eb7876714ddcf7e92e921681b10f533fadb1ad506afa06c5c61c7aa,102054,parsed,15,40,0,0,10,10,,data/raw/market_prices/eac_phase4/pages/2018/27.11.2018.html
2018-12-04,https://exagri.info/mkt/2018/04.12.2018.html,2026-10-07,200,da72221144f76a3601814d4abde44740fa8514a553c4b86879b279112b429521,102068,parsed,15,40,0,0,10,10,,data/raw/market_prices/eac_phase4/pages/2018/04.12.2018.html
2018-12-11,https://exagri.info/mkt/2018/11.12.2018.html,2026-10-07,200,b0ed7a8261b1fb0101d8a87aae4d49fc09cc92f554a8bca24f39e1a23a585db0,102056,parsed,15,40,0,0,10,10,,data/raw/market_prices/eac_phase4/pages/2018/11.12.2018.html
2018-12-18,https://exagri.info/mkt/2018/18.12.2018.html,2026-10-07,200,47fc1e026bb562ce94ec41aee798becf99ecc0bea9178241a3554c8b22febc98,102044,parsed,15,40,0,0,10,10,,data/raw/market_prices/eac_phase4/pages/2018/18.12.2018.html
2018-12-31,https://exagri.info/mkt/2018/31.12.2018.html,2026-10-07,200,15b62e746a6a92179025c5ed504bdc44809cda454ad131ed7b00ff592181377f,101900,parsed,15,36,1,1,11,11,,data/raw/market_prices/eac_phase4/pages/2018/31.12.2018.html
2019-01-08,https://exagri.info/mkt/2019/08.01.2019.html,2026-10-07,200,add87776c3d373d76f9f3e746ab662645de0ae081410172306c3d6b430b781e1,102069,parsed,15,40,0,0,10,10,,data/raw/market_prices/eac_phase4/pages/2019/08.01.2019.html
2019-01-14,https://exagri.info/mkt/2019/14.01.2019.html,2026-10-07,200,e63e3d00afaf3f78f77a7abd1211363255bb0652dbd39c4c8b89d2966bb8cebc,102005,parsed,15,38,0,0,11,11,,data/raw/market_prices/eac_phase4/pages/2019/14.01.2019.html
2019-01-22,https://exagri.info/mkt/2019/22.01.2019.html,2026-10-07,200,04ec9541432637762cd63811637f5cb9ff7b1a4dc593f250c5e591cf5e7fa45d,102070,parsed,15,38,0,0,11,11,,data/raw/market_prices/eac_phase4/pages/2019/22.01.2019.html
2019-01-29,https://exagri.info/mkt/2019/29.01.2019.html,2026-10-07,200,205004214fdfca2d5b7c2f95ed3fc0e51ec49d210576c0ab5cc7fed9e9dc5373,102067,parsed,15,38,0,0,11,11,,data/raw/market_prices/eac_phase4/pages/2019/29.01.2019.html
2019-02-05,https://exagri.info/mkt/2019/05.02.2019.html,2026-10-07,200,b73b91fa05182c58b0039789090cd542f00ca392504f1f05f157039aec387210,102069,parsed,15,38,0,0,11,11,,data/raw/market_prices/eac_phase4/pages/2019/05.02.2019.html
2019-02-12,https://exagri.info/mkt/2019/12.02.2019.html,2026-10-07,200,70ec92cae1db67b998a7c8e1d391e3684df952f04ff3badab41f4a1ed2f0ef31,102077,parsed,15,38,0,0,11,11,,data/raw/market_prices/eac_phase4/pages/2019/12.02.2019.html
2019-02-18,https://exagri.info/mkt/2019/18.02.2019.html,2026-10-07,200,e01412d7b2e7dc78a0d3b31ce72395e086fa9a224b9e2a9a03597ab8d4d1e098,102022,parsed,15,38,0,0,11,11,,data/raw/market_prices/eac_phase4/pages/2019/18.02.2019.html
2019-02-26,https://exagri.info/mkt/2019/26.02.2019.html,2026-10-07,200,e42dc42703af821a0c1eaae9561a37704477b4edc7fb99ef4af7bd2fc34d574b,102062,parsed,15,38,0,0,11,11,,data/raw/market_prices/eac_phase4/pages/2019/26.02.2019.html
2019-03-05,https://exagri.info/mkt/2019/05.03.2019.html,2026-10-07,200,8dc9a114826fda0a39277f48b8f6a6fae78e2959d041a16d66f0e17bf794d17c,102066,parsed,15,38,0,0,11,11,,data/raw/market_prices/eac_phase4/pages/2019/05.03.2019.html
2019-03-12,https://exagri.info/mkt/2019/12.03.2019.html,2026-10-07,200,3bde1408990b68d052b9c99bc14e2d99fe861dd7f43e1c3ce7a4523ff4c4408e,102057,parsed,15,38,0,0,11,11,,data/raw/market_prices/eac_phase4/pages/2019/12.03.2019.html
2019-03-18,https://exagri.info/mkt/2019/18.03.2019.html,2026-10-07,200,246fa31fad95d969eb67d71c1ad89fd1aaed62fe62f316259db2a94b4e53e6b3,102010,parsed,15,38,0,0,11,11,,data/raw/market_prices/eac_phase4/pages/2019/18.03.2019.html
2019-03-26,https://exagri.info/mkt/2019/26.03.2019.html,2026-10-07,200,6f877e462b8e6d288815dcf422ccabf8bd04b7d3ea3d3e9472f268afc42f89cc,102049,parsed,15,38,0,0,11,11,,data/raw/market_prices/eac_phase4/pages/2019/26.03.2019.html
2019-04-02,https://exagri.info/mkt/2019/02.04.2019.html,2026-10-07,200,f4968a76156db1bcbe24dfd507faf512db454f7d4aeddefaa7c7c1d7cc500de8,102021,parsed,15,38,0,0,11,11,,data/raw/market_prices/eac_phase4/pages/2019/02.04.2019.html
2019-04-09,https://exagri.info/mkt/2019/09.04.2019.html,2026-10-07,200,c9fe3b31b206f03ed4b827de462619076b584c2212803a0c7ee77fe0532e7a6a,102019,parsed,15,36,0,0,12,12,,data/raw/market_prices/eac_phase4/pages/2019/09.04.2019.html
2019-04-23,https://exagri.info/mkt/2019/23.04.2019.html,2026-10-07,200,0d0130c1b7e0db089ef93278cd061f10918cbc327f10d24dc9adee89160de85b,101906,parsed,15,34,1,1,12,12,,data/raw/market_prices/eac_phase4/pages/2019/23.04.2019.html
2019-04-29,https://exagri.info/mkt/2019/29.04.2019.html,2026-10-07,200,b738bfb1d24fb5c5b391d72c6f2da89f4d8e98ee9730a5fa5af31bedbb6994cd,101953,parsed,15,36,0,0,12,12,,data/raw/market_prices/eac_phase4/pages/2019/29.04.2019.html
2019-05-07,https://exagri.info/mkt/2019/07.05.2019.html,2026-10-07,200,3057f9db524eb9d7ae85703ab522c9bed328c069a7acdc4ed3b945038380b437,102063,parsed,15,38,0,0,11,11,,data/raw/market_prices/eac_phase4/pages/2019/07.05.2019.html
2019-05-14,https://exagri.info/mkt/2019/14.05.2019.html,2026-10-07,200,7144ea321047c57092637c7177e4c6a8b3edfdcf57965d6f75bda01a03318683,101840,parsed,15,34,1,1,12,12,,data/raw/market_prices/eac_phase4/pages/2019/14.05.2019.html
2019-05-21,https://exagri.info/mkt/2019/21.05.2019.html,2026-10-07,200,c0b38c19cb92b19b80671de72298e73151baececbbdf85915b643ba52d84f9bd,102049,parsed,15,36,0,0,12,12,,data/raw/market_prices/eac_phase4/pages/2019/21.05.2019.html
2019-05-28,https://exagri.info/mkt/2019/28.05.2019.html,2026-10-07,200,faee245537b329a9dab98f91a33edf9ef3ef37741f381c7112884ec1683b15a6,101886,parsed,15,34,1,1,12,12,,data/raw/market_prices/eac_phase4/pages/2019/28.05.2019.html
2019-06-03,https://exagri.info/mkt/2019/03.06.2019.html,2026-10-07,200,b8014009fa33ca93f0fcc055cb009d114d1c892456991a4cd46b464da7d5686a,101958,parsed,15,36,0,0,12,12,,data/raw/market_prices/eac_phase4/pages/2019/03.06.2019.html
2019-06-11,https://exagri.info/mkt/2019/11.06.2019.html,2026-10-07,200,2a564380809cf8ae3c23f20db36245776f3c365e02b985426e78b5e668e5bca3,101983,parsed,15,36,0,0,12,12,,data/raw/market_prices/eac_phase4/pages/2019/11.06.2019.html
2019-06-18,https://exagri.info/mkt/2019/18.06.2019.html,2026-10-07,200,fea8297efc535ffefc532c53f06ae7733ccb9147db81e350ca393fc47f2fffce,101985,parsed,15,36,0,0,12,12,,data/raw/market_prices/eac_phase4/pages/2019/18.06.2019.html
2019-06-25,https://exagri.info/mkt/2019/25.06.2019.html,2026-10-07,200,a24c40250da8b3c70c20a175fe1d0fecd52be73999bfb572c69b393183da8262,101963,parsed,15,36,0,0,12,12,,data/raw/market_prices/eac_phase4/pages/2019/25.06.2019.html
2019-07-02,https://exagri.info/mkt/2019/02.07.2019.html,2026-10-07,200,49cf58175b92f2211aaf208c13695509daf86ce6ef7740e3d27df54d75fbe1f0,101942,parsed,15,36,0,0,12,12,,data/raw/market_prices/eac_phase4/pages/2019/02.07.2019.html
2019-07-09,https://exagri.info/mkt/2019/09.07.2019.html,2026-10-07,200,11f0c19bf802492899143851308cd0a20bbc4bcf61a27099c9178e8041ba82a7,101852,parsed,15,32,1,1,13,13,,data/raw/market_prices/eac_phase4/pages/2019/09.07.2019.html
2019-07-15,https://exagri.info/mkt/2019/15.07.2019.html,2026-10-07,200,19a06c0099463ece1af1e81c43faa84c2e284a5f15cc82bab5e6d0bb2c31fe33,101882,parsed,15,34,0,0,13,13,,data/raw/market_prices/eac_phase4/pages/2019/15.07.2019.html
2019-07-23,https://exagri.info/mkt/2019/23.07.2019.html,2026-10-07,200,c371976ef1f7ae643bc1c7718e861a2eea44c9dfd6eab661e181db776ab384a3,101957,parsed,15,36,0,0,12,12,,data/raw/market_prices/eac_phase4/pages/2019/23.07.2019.html
2019-07-30,https://exagri.info/mkt/2019/30.07.2019.html,2026-10-07,200,88d7c0a40f6536ad4c5eb00f7a94dc9f89c4b087439f46234a745fe74f7ec7d6,101919,parsed,15,36,0,0,12,12,,data/raw/market_prices/eac_phase4/pages/2019/30.07.2019.html
2019-08-06,https://exagri.info/mkt/2019/06.08.2019.html,2026-10-07,200,66dc45ebbebbcd08de0815d8bd34c03428ceb25ed49c6dbd7095d8f5bb71a2a2,101920,parsed,15,38,0,0,11,11,,data/raw/market_prices/eac_phase4/pages/2019/06.08.2019.html
2019-08-13,https://exagri.info/mkt/2019/13.08.2019.html,2026-10-07,200,66fc195a3b62aba8bf7d5ec051600d36ad223ed004e874596ae59a28892b1c80,101881,parsed,15,36,0,0,12,12,,data/raw/market_prices/eac_phase4/pages/2019/13.08.2019.html
2019-08-20,https://exagri.info/mkt/2019/20.08.2019.html,2026-10-07,200,520b676cfc058e1cd4a4407829832a36ecd36c9a4e34d64bd97530881ef6f5d1,101927,parsed,15,38,0,0,11,11,,data/raw/market_prices/eac_phase4/pages/2019/20.08.2019.html
2019-08-27,https://exagri.info/mkt/2019/27.08.2019.html,2026-10-07,200,ef6b14dbd62bea9478dc68ec78cb717864ac7a21df52125219805e1160c749bc,101915,parsed,15,38,0,0,11,11,,data/raw/market_prices/eac_phase4/pages/2019/27.08.2019.html
2019-09-03,https://exagri.info/mkt/2019/03.09.2019.html,2026-10-07,200,64503949e556ffc20181b54b609539aa62fc96214532e3ca69ccf5a376dd7a7d,101936,parsed,15,38,0,0,11,11,,data/raw/market_prices/eac_phase4/pages/2019/03.09.2019.html
2019-09-10,https://exagri.info/mkt/2019/10.09.2019.html,2026-10-07,200,2f813223777d0952c35d23385ad4c81246820dadd4a13f395c117e4744975c80,101858,parsed,15,38,0,0,11,11,,data/raw/market_prices/eac_phase4/pages/2019/10.09.2019.html
2019-09-17,https://exagri.info/mkt/2019/17.09.2019.html,2026-10-07,200,ba6adc83f3a3acdde818fed7654ec0f14e0b512a82f349145774af0b4e6868eb,101920,parsed,15,36,0,0,12,12,,data/raw/market_prices/eac_phase4/pages/2019/17.09.2019.html
2019-09-24,https://exagri.info/mkt/2019/24.09.2019.html,2026-10-07,200,f4043875245c77982c7a85bce6f4c34950dd08ecb6507ff22bf5a1b399755fbb,101844,parsed,15,36,0,0,12,12,,data/raw/market_prices/eac_phase4/pages/2019/24.09.2019.html
2019-10-01,https://exagri.info/mkt/2019/01.10.2019.html,2026-10-07,200,79fc7f25b886fee4d3f0d5a9b328039b008d65889f19f3c332105b2221d37e8f,101867,parsed,15,36,0,0,12,12,,data/raw/market_prices/eac_phase4/pages/2019/01.10.2019.html
2019-10-08,https://exagri.info/mkt/2019/08.10.2019.html,2026-10-07,200,49b29a81ab59dbf2691535a4e1cf084ca0e4f7c623a79562d9ecfe452e11efe6,101891,parsed,15,34,0,0,13,13,,data/raw/market_prices/eac_phase4/pages/2019/08.10.2019.html
2019-10-15,https://exagri.info/mkt/2019/15.10.2019.html,2026-10-07,200,c29747d04be6593e7a26e6da6bbf697ce1ac90377c59f93022ab8fff4731786d,101928,parsed,15,38,0,0,11,11,,data/raw/market_prices/eac_phase4/pages/2019/15.10.2019.html
2019-10-22,https://exagri.info/mkt/2019/22.10.2019.html,2026-10-07,200,9e6d374c38b9e899a56b9599ec45f72298365c0785a666b684416db4d482fafe,101911,parsed,15,36,0,0,12,12,,data/raw/market_prices/eac_phase4/pages/2019/22.10.2019.html
2019-10-29,https://exagri.info/mkt/2019/29.10.2019.html,2026-10-07,200,6712fac8af4321c0463f35d1e5321c510e27a6802a5f79c201c2d1ce8027920c,101940,parsed,15,36,0,0,12,12,,data/raw/market_prices/eac_phase4/pages/2019/29.10.2019.html
2019-11-05,https://exagri.info/mkt/2019/05.11.2019.html,2026-10-07,200,d30327e5fc5f4f7d6bd3191c7bb554e1b04c87e6fd8f8fc5c2a7bb49d380cd8e,101939,parsed,15,36,0,0,12,12,,data/raw/market_prices/eac_phase4/pages/2019/05.11.2019.html
2019-11-11,https://exagri.info/mkt/2019/11.11.2019.html,2026-10-07,200,49a8945bf7ad52e1310a057822a19ba2a395081dd3dd56554383f9da9f966349,101892,parsed,15,36,0,0,12,12,,data/raw/market_prices/eac_phase4/pages/2019/11.11.2019.html
2019-11-19,https://exagri.info/mkt/2019/19.11.2019.html,2026-10-07,200,844cfd23c408f138be60f72a8477945d4dd1343f21537cfb77901ab6617241c0,101961,parsed,15,36,0,0,12,12,,data/raw/market_prices/eac_phase4/pages/2019/19.11.2019.html
2019-11-26,https://exagri.info/mkt/2019/26.11.2019.html,2026-10-07,200,2e9eeb787a800d18941d9960e5c16894ce98b83c0f7df6f92f6b8e1e7e6aea4f,101841,parsed,15,34,1,1,12,12,,data/raw/market_prices/eac_phase4/pages/2019/26.11.2019.html
2019-12-03,https://exagri.info/mkt/2019/03.12.2019.html,2026-10-07,200,a3d4ebff85a451b5d5d1c4ce76d3c746b1f89be541abfa8ed48d76a5dd67146d,101950,parsed,15,34,0,0,13,13,,data/raw/market_prices/eac_phase4/pages/2019/03.12.2019.html
2019-12-09,https://exagri.info/mkt/2019/09.12.2019.html,2026-10-07,200,7e8fe02025fd52055cb6a0b15d46b6a12d744360c55114813bf0c7a938682fbb,101909,parsed,15,34,0,0,13,13,,data/raw/market_prices/eac_phase4/pages/2019/09.12.2019.html
2019-12-17,https://exagri.info/mkt/2019/17.12.2019.html,2026-10-07,200,8cf5c707b553cb7f05ba39f487afb385e1f0dce7f64fcd624d137dc3c5f38ddd,101985,parsed,15,36,0,0,12,12,,data/raw/market_prices/eac_phase4/pages/2019/17.12.2019.html
2019-12-23,https://exagri.info/mkt/2019/23.12.2019.html,2026-10-07,200,d23250d325c19ff8193308ea7d94470ea53799838406311230e2809d938367c4,101913,parsed,15,34,0,0,13,13,,data/raw/market_prices/eac_phase4/pages/2019/23.12.2019.html
2019-12-31,https://exagri.info/mkt/2019/31.12.2019.html,2026-10-07,200,86c00bba084305d54f04703da9d6a5c560316a8be52e2eeb983c70dda0ea89de,101962,parsed,15,34,0,0,13,13,,data/raw/market_prices/eac_phase4/pages/2019/31.12.2019.html
2020-01-07,https://exagri.info/mkt/2020/07.01.2020.html,2026-10-07,200,20134f5173590f8e000a269130b7356c019af6c75a8dc15564dad3b9dcc219de,101969,parsed,15,34,0,0,13,13,,data/raw/market_prices/eac_phase4/pages/2020/07.01.2020.html
2020-01-13,https://exagri.info/mkt/2020/13.01.2020.html,2026-10-07,200,154efcd02e919c0287ed4ee37ee146c861ae04540584d0501cc8aca9fa4fed20,101924,parsed,15,34,0,0,13,13,,data/raw/market_prices/eac_phase4/pages/2020/13.01.2020.html
2020-01-21,https://exagri.info/mkt/2020/21.01.2020.html,2026-10-07,200,12a4eaddc0941e696b8319963be39bcea24d8b09a77798d7518eb291febe5821,101862,parsed,15,34,1,1,12,12,,data/raw/market_prices/eac_phase4/pages/2020/21.01.2020.html
2020-01-28,https://exagri.info/mkt/2020/28.01.2020.html,2026-10-07,200,58925a2a94e095ec512b584f38127170f12e6852fc227e19acb86c827f26ef0f,101954,parsed,15,34,0,0,13,13,,data/raw/market_prices/eac_phase4/pages/2020/28.01.2020.html
2020-02-03,https://exagri.info/mkt/2020/03.02.2020.html,2026-10-07,200,6f223368c1dbc0fb484c9a8e22bb107fd6a41aa15e199bf76da4e7bf1f442f2a,101912,parsed,15,36,0,0,12,12,,data/raw/market_prices/eac_phase4/pages/2020/03.02.2020.html
2020-02-11,https://exagri.info/mkt/2020/11.02.2020.html,2026-10-07,200,201eea48575d923a4d79c07a695a42e94eb5a162a52ec0695fc0b90765d1f56e,101964,parsed,15,34,0,0,13,13,,data/raw/market_prices/eac_phase4/pages/2020/11.02.2020.html
2020-02-18,https://exagri.info/mkt/2020/18.02.2020.html,2026-10-07,200,00bf2bc1711d60244a9c9e6031c4facf7d7bd67787080fbb16e32cdf7a613e9a,101947,parsed,15,36,0,0,12,12,,data/raw/market_prices/eac_phase4/pages/2020/18.02.2020.html
2020-02-25,https://exagri.info/mkt/2020/25.02.2020.html,2026-10-07,200,3ae1619b18739ebb1eb55f8b88edeac63f936092213473f8624dd30997b2a88d,101960,parsed,15,34,0,0,13,13,,data/raw/market_prices/eac_phase4/pages/2020/25.02.2020.html
2020-03-03,https://exagri.info/mkt/2020/03.03.2020.html,2026-10-07,200,7afec1ada8ebca0fafbc1de15676a9b09b4df2a0b48fed447247d3d2ce28db84,101919,parsed,15,34,0,0,13,13,,data/raw/market_prices/eac_phase4/pages/2020/03.03.2020.html
2020-03-10,https://exagri.info/mkt/2020/10.03.2020.html,2026-10-07,200,450a003e84af3adc3d5485e7db1c4eb116ca35a524bb0bef84df2a3deda43748,101963,parsed,15,36,0,0,12,12,,data/raw/market_prices/eac_phase4/pages/2020/10.03.2020.html
2020-04-21,https://exagri.info/mkt/2020/21.04.2020.html,2026-10-07,200,b34b4ab0c203ff83faba9b85b7ed3981a16e21986fd2a67eff7ed9f16a1c5332,101296,parsed,15,22,4,4,15,15,,data/raw/market_prices/eac_phase4/pages/2020/21.04.2020.html
2020-04-28,https://exagri.info/mkt/2020/28.04.2020.html,2026-10-07,200,67c359eab583da819ef2c0aa3c839636cb8689e50cd1a5165111afcff4c1516e,101401,parsed,15,30,3,3,12,12,,data/raw/market_prices/eac_phase4/pages/2020/28.04.2020.html
2020-05-05,https://exagri.info/mkt/2020/05.05.2020.html,2026-10-07,200,f5eefc8367309bba89ad5f36a2e6ef699eb38359676264a255afa64d44b42a8a,101357,parsed,15,24,3,3,15,15,,data/raw/market_prices/eac_phase4/pages/2020/05.05.2020.html
2020-05-12,https://exagri.info/mkt/2020/12.05.2020.html,2026-10-07,200,f004b8fdd16db219148f658d24226a4c61e0cdbd3e47b93edf7a058fd9f3e703,101492,parsed,15,26,2,2,15,15,,data/raw/market_prices/eac_phase4/pages/2020/12.05.2020.html
2020-05-19,https://exagri.info/mkt/2020/19.05.2020.html,2026-10-07,200,e6a096ca3dd7a74b36a2fab65e4bc7282774197fbbe69b9099ee0220a3042821,101490,parsed,15,26,2,2,15,15,,data/raw/market_prices/eac_phase4/pages/2020/19.05.2020.html
2020-05-26,https://exagri.info/mkt/2020/26.05.2020.html,2026-10-07,200,0197a9958f66f695a022361e2ac520669a5c01d71ea13c2b287d483e929ce5e2,101455,parsed,15,26,2,2,15,15,,data/raw/market_prices/eac_phase4/pages/2020/26.05.2020.html
2020-06-02,https://exagri.info/mkt/2020/02.06.2020.html,2026-10-07,200,54584fc713ddbed4102a7c49951f81caa3eda7c9664ed4e72e8026889877c7f1,101785,parsed,15,34,0,0,13,13,,data/raw/market_prices/eac_phase4/pages/2020/02.06.2020.html
2020-06-09,https://exagri.info/mkt/2020/09.06.2020.html,2026-10-07,200,addba2f28cf64ae87c33162c82ffbe53f811baec998864553af3ac21a5d3eb13,101737,parsed,15,34,0,0,13,13,,data/raw/market_prices/eac_phase4/pages/2020/09.06.2020.html
2020-06-16,https://exagri.info/mkt/2020/16.06.2020.html,2026-10-07,200,558135e35ca38f17ad963a3c5bb4c30fa23907f6deb4bf32098d8d5ca395ef37,103857,parsed,15,30,0,0,15,15,,data/raw/market_prices/eac_phase4/pages/2020/16.06.2020.html
2020-06-23,https://exagri.info/mkt/2020/23.06.2020.html,2026-10-07,200,afcab4b52337d1c4c0abecadbeeb36d33572706cdab72b0cf6e5d5ee4e6dd974,101790,parsed,15,34,0,0,13,13,,data/raw/market_prices/eac_phase4/pages/2020/23.06.2020.html
2020-06-30,https://exagri.info/mkt/2020/30.06.2020.html,2026-10-07,200,9ff1f27acca7a1ae9ddce7a572669b312d091c1a3d2845b49d60b4fdfd9b8978,103864,parsed,15,30,0,0,15,15,,data/raw/market_prices/eac_phase4/pages/2020/30.06.2020.html
2020-07-07,https://exagri.info/mkt/2020/07.07.2020.html,2026-10-07,200,1ad3531635c57745e716ed52097e117893b0943f36fab3d854f98c6677549f2b,103900,parsed,15,30,0,0,15,15,,data/raw/market_prices/eac_phase4/pages/2020/07.07.2020.html
2020-07-14,https://exagri.info/mkt/2020/14.07.2020.html,2026-10-07,200,d98e0ea8697ae11244b8f4a9b942770de015c44b797492ae6e7761b0d03d627d,101825,parsed,15,34,0,0,13,13,,data/raw/market_prices/eac_phase4/pages/2020/14.07.2020.html
2020-07-21,https://exagri.info/mkt/2020/21.07.2020.html,2026-10-07,200,15fed412bd6194c89d103adc1c6053040d0ab3709e5b5794d4e569e7b9fe76e1,103922,parsed,15,30,0,0,15,15,,data/raw/market_prices/eac_phase4/pages/2020/21.07.2020.html
2020-07-28,https://exagri.info/mkt/2020/28.07.2020.html,2026-10-07,200,abcd0023baa2e2c12c098e420face7a7c6b443db4785e80b58d76ff5e8b0ed3c,101835,parsed,15,30,0,0,15,15,,data/raw/market_prices/eac_phase4/pages/2020/28.07.2020.html
2020-08-04,https://exagri.info/mkt/2020/04.08.2020.html,2026-10-07,200,08c17c7b69aaf250616d5910080fcb4c73b1a6f7098a22ea9a40fb918df591a2,101666,parsed,15,32,1,1,13,13,,data/raw/market_prices/eac_phase4/pages/2020/04.08.2020.html
2020-08-11,https://exagri.info/mkt/2020/11.08.2020.html,2026-10-07,200,9d17d76d6daa69290e7d6f0973c3ecd157279ef2b33726a47c4a19f1e31c266e,101891,parsed,15,30,0,0,15,15,,data/raw/market_prices/eac_phase4/pages/2020/11.08.2020.html
2020-08-18,https://exagri.info/mkt/2020/18.08.2020.html,2026-10-07,200,1f6fbcda770a0696ddf5fd271f669f480246a6a13588cc12ac35127ac251e42f,101871,parsed,15,30,0,0,15,15,,data/raw/market_prices/eac_phase4/pages/2020/18.08.2020.html
2020-08-25,https://exagri.info/mkt/2020/25.08.2020.html,2026-10-07,200,38729511a80f1ff7fc3e364e01b3f7be90dbf222af0ce294666b0cf43c4e47fa,101837,parsed,15,30,0,0,15,15,,data/raw/market_prices/eac_phase4/pages/2020/25.08.2020.html
2020-08-31,https://exagri.info/mkt/2020/31.08.2020.html,2026-10-07,200,482eecada7c42daaa107bc1f471dd0e6b1fc65f3bcc1cc7f81428d73f5a027d7,101689,parsed,15,28,1,1,15,15,,data/raw/market_prices/eac_phase4/pages/2020/31.08.2020.html
2020-09-08,https://exagri.info/mkt/2020/08.09.2020.html,2026-10-07,200,913e5c109350f9be8a3178043a762281527f68507081287f0738e9fa7e1868c8,101821,parsed,15,30,0,0,15,15,,data/raw/market_prices/eac_phase4/pages/2020/08.09.2020.html
2020-09-15,https://exagri.info/mkt/2020/15.09.2020.html,2026-10-07,200,ff9211b3aee721875b3bb87471082062e696297b6e0af4e62ad5f943eedabb5d,101906,parsed,15,34,0,0,13,13,,data/raw/market_prices/eac_phase4/pages/2020/15.09.2020.html
2020-09-22,https://exagri.info/mkt/2020/22.09.2020.html,2026-10-07,200,29e947f7dcba9759ce206f10067bc047a7da649f50173db502c8045f46a8cf16,101901,parsed,15,30,0,0,15,15,,data/raw/market_prices/eac_phase4/pages/2020/22.09.2020.html
2020-09-29,https://exagri.info/mkt/2020/29.09.2020.html,2026-10-07,200,f03ed47f64a7997916dac6497bd52a1b0b9606f76c9c8b311efb796df9e5db78,101864,parsed,15,30,0,0,15,15,,data/raw/market_prices/eac_phase4/pages/2020/29.09.2020.html
2020-10-06,https://exagri.info/mkt/2020/06.10.2020.html,2026-10-07,200,7093f4d5ffc0526977d5d50ddd2ef0b8d7a2dcd003c6794bf99dfa260ed00aea,101819,parsed,15,30,0,0,15,15,,data/raw/market_prices/eac_phase4/pages/2020/06.10.2020.html
2020-10-13,https://exagri.info/mkt/2020/13.10.2020.html,2026-10-07,200,47e13a84bfb458ac867bc503344d986eff92d708bf81ca464df8e6c069628dbe,101677,parsed,15,28,1,1,15,15,,data/raw/market_prices/eac_phase4/pages/2020/13.10.2020.html
2020-10-20,https://exagri.info/mkt/2020/20.10.2020.html,2026-10-07,200,35caf0ebdf05d77b47a8f4ccba0af32dec6417bd019dceb80ac9139dee6103b5,101434,parsed,15,26,2,2,15,15,,data/raw/market_prices/eac_phase4/pages/2020/20.10.2020.html
2020-10-27,https://exagri.info/mkt/2020/27.10.2020.html,2026-10-07,200,7a027949d5c293d620dd1550c1484e8c5cc6d9585a75bbfb14c4fbc7b46354fe,101432,parsed,15,26,2,2,15,15,,data/raw/market_prices/eac_phase4/pages/2020/27.10.2020.html
2020-11-03,https://exagri.info/mkt/2020/03.11.2020.html,2026-10-07,200,c81844223de9e1552f9aaafec42f01f3d480f5e06ddc798cfd825100d35eb6fa,101204,parsed,15,22,4,4,15,15,,data/raw/market_prices/eac_phase4/pages/2020/03.11.2020.html
2020-11-10,https://exagri.info/mkt/2020/10.11.2020.html,2026-10-07,200,020372df817601e85e40b31814def6abe822819d7b918def53294b9e3c4be6a5,101487,parsed,15,30,2,2,13,13,,data/raw/market_prices/eac_phase4/pages/2020/10.11.2020.html
2020-11-17,https://exagri.info/mkt/2020/17.11.2020.html,2026-10-07,200,6cfc7634ffa3e2321081b1f90041f13cb18b8c615657a2341bca1207aab11143,101508,parsed,15,26,2,2,15,15,,data/raw/market_prices/eac_phase4/pages/2020/17.11.2020.html
2020-11-24,https://exagri.info/mkt/2020/24.11.2020.html,2026-10-07,200,8134a14178139dab8d99bc409ec9832873bdd1930b3c2b42d5534970f66ebbc5,101488,parsed,15,26,2,2,15,15,,data/raw/market_prices/eac_phase4/pages/2020/24.11.2020.html
2020-12-01,https://exagri.info/mkt/2020/01.12.2020.html,2026-10-07,200,958f997a177ba4ee949568f010f27e7bb0660c7578b5fd0361bee804e23ff70f,101509,parsed,15,26,2,2,15,15,,data/raw/market_prices/eac_phase4/pages/2020/01.12.2020.html
2020-12-08,https://exagri.info/mkt/2020/08.12.2020.html,2026-10-07,200,23608469f94fe1e47da7646b295c18dff693f562d412096ac219e7512a43f246,101792,parsed,15,30,0,0,15,15,,data/raw/market_prices/eac_phase4/pages/2020/08.12.2020.html
2020-12-15,https://exagri.info/mkt/2020/15.12.2020.html,2026-10-07,200,93a47dfd2ed3daab8e4c3ec9204c520c4940c5bb8865a3c7570add4f406e94f1,101727,parsed,15,30,0,0,15,15,,data/raw/market_prices/eac_phase4/pages/2020/15.12.2020.html
2020-12-22,https://exagri.info/mkt/2020/22.12.2020.html,2026-10-07,200,005d4bc4a91ad41906a0d68976ee13c465d483d2c8a5cab4e14205fa36e2e9c1,101688,parsed,15,28,1,1,15,15,,data/raw/market_prices/eac_phase4/pages/2020/22.12.2020.html
2020-12-28,https://exagri.info/mkt/2020/28.12.2020.html,2026-10-07,200,19add3561da9be20679f5571cbf65b0dee7cb3c3a48ff39fe078151274c28c98,101752,parsed,15,30,0,0,15,15,,data/raw/market_prices/eac_phase4/pages/2020/28.12.2020.html
2021-01-05,https://exagri.info/mkt/2021/05.01.2021.html,2026-10-07,200,faaf491d6ef632ef59c636df2b787b5989721601227d9ccd5b9d326812c6e7b1,101787,parsed,15,30,0,0,15,15,,data/raw/market_prices/eac_phase4/pages/2021/05.01.2021.html
2021-01-12,https://exagri.info/mkt/2021/12.01.2021.html,2026-10-07,200,b2de5612a1d96f0f93c9d9c3cab8c36a4cee35efe4a0d9da8a08b28549327e3f,101798,parsed,15,30,0,0,15,15,,data/raw/market_prices/eac_phase4/pages/2021/12.01.2021.html
2021-01-19,https://exagri.info/mkt/2021/19.01.2021.html,2026-10-07,200,30483ae70c332100c1b8ea29ce2ed9a4fe75a44b9d8b6a11fee16620199aea5f,101861,parsed,15,34,0,0,13,13,,data/raw/market_prices/eac_phase4/pages/2021/19.01.2021.html
2021-01-26,https://exagri.info/mkt/2021/26.01.2021.html,2026-10-07,200,b432d6e524aa03f7912bc6ada76555ef85a16afcf1b4904992c14eacc8eb6b46,101867,parsed,15,30,0,0,15,15,,data/raw/market_prices/eac_phase4/pages/2021/26.01.2021.html
2021-02-02,https://exagri.info/mkt/2021/02.02.2021.html,2026-10-07,200,64ec24b43333598083aad7d3a997aaf855ca1fb66122c696a50ee3eceace3ecf,101882,parsed,15,30,0,0,15,15,,data/raw/market_prices/eac_phase4/pages/2021/02.02.2021.html
2021-02-09,https://exagri.info/mkt/2021/09.02.2021.html,2026-10-07,200,085cb190776443364801ff7b526e17e210aa0acc569cfd9b2808d697ed4068f5,101873,parsed,15,30,0,0,15,15,,data/raw/market_prices/eac_phase4/pages/2021/09.02.2021.html
2021-02-16,https://exagri.info/mkt/2021/16.02.2021.html,2026-10-07,200,34111bb117f6abd649a1b2e04f8a3251b2ef15e3136d286df4bde994380c53fe,101893,parsed,15,30,0,0,15,15,,data/raw/market_prices/eac_phase4/pages/2021/16.02.2021.html
2021-02-23,https://exagri.info/mkt/2021/23.02.2021.html,2026-10-07,200,acdeb57889b99098fe13b3c5ce44bb84febefc98e245fa4b6d7ae4cf0f25e07c,101880,parsed,15,30,0,0,15,15,,data/raw/market_prices/eac_phase4/pages/2021/23.02.2021.html
2021-03-02,https://exagri.info/mkt/2021/02.03.2021.html,2026-10-07,200,eeb367e49dbaf043bfc616eded7364cb15a6c27e94fae731dc0d596a4196b7ef,101801,parsed,15,32,1,1,13,13,,data/raw/market_prices/eac_phase4/pages/2021/02.03.2021.html
2021-03-09,https://exagri.info/mkt/2021/09.03.2021.html,2026-10-07,200,fe8c5994ee3a57584bbf4cec5aed67817d075acf1ee77e4fbd2baa09fcaa7191,101951,parsed,15,36,0,0,12,12,,data/raw/market_prices/eac_phase4/pages/2021/09.03.2021.html
2021-03-16,https://exagri.info/mkt/2021/16.03.2021.html,2026-10-07,200,cde57b4b3dd2c8e9a589d3513fef2463d5a9eb981a061d5d6b7d287e893a6877,102043,parsed,15,34,0,0,13,13,,data/raw/market_prices/eac_phase4/pages/2021/16.03.2021.html
2021-03-23,https://exagri.info/mkt/2021/23.03.2021.html,2026-10-07,200,dfafc4c4239c466f2191b3d9299ab24cd8c1c08fd728b20ad7bd263b087fbdc1,102074,parsed,15,30,0,0,15,15,,data/raw/market_prices/eac_phase4/pages/2021/23.03.2021.html
2021-03-30,https://exagri.info/mkt/2021/30.03.2021.html,2026-10-07,200,34892cae30f9a8ebd1634e76e8d432e19ab8cd8a3f2c736c45e9e4c094029f70,102077,parsed,15,30,0,0,15,15,,data/raw/market_prices/eac_phase4/pages/2021/30.03.2021.html
2021-04-06,https://exagri.info/mkt/2021/06.04.2021.html,2026-10-07,200,2cd2ff8a80ae9788322ada41223749198b9dd146c6b27f68cee4acda00320e2b,102129,parsed,15,30,0,0,15,15,,data/raw/market_prices/eac_phase4/pages/2021/06.04.2021.html
2021-04-20,https://exagri.info/mkt/2021/20.04.2021.html,2026-10-07,200,41ae2bee15db4374cd352b19043c1fbe799c246f60daad5331675f7103a1a68a,101932,parsed,15,28,1,1,15,15,,data/raw/market_prices/eac_phase4/pages/2021/20.04.2021.html
2021-04-27,https://exagri.info/mkt/2021/27.04.2021.html,2026-10-07,200,2c31fa669f506514fc57921f2382449e01725e2391a099ac375e2461345cd179,101980,parsed,15,30,0,0,15,15,,data/raw/market_prices/eac_phase4/pages/2021/27.04.2021.html
2021-05-04,https://exagri.info/mkt/2021/04.05.2021.html,2026-10-07,200,8d6305236971b2ff32ca4e13f3e5c99ce9675fa7e8247bd9ee5e15d95b688124,101792,parsed,15,28,1,1,15,15,,data/raw/market_prices/eac_phase4/pages/2021/04.05.2021.html
2021-05-11,https://exagri.info/mkt/2021/11.05.2021.html,2026-10-07,200,da75d3f59115c7f3f14506dcac5c0bb6a77ac93bb70cff4cce425d16d36ae1a2,101584,parsed,15,28,1,1,15,15,,data/raw/market_prices/eac_phase4/pages/2021/11.05.2021.html
2021-05-18,https://exagri.info/mkt/2021/18.05.2021.html,2026-10-07,200,d425a0b8dda0d22cdde7fcea74d91797678949de80d89643ed6435a5b4bd3553,101583,parsed,15,28,1,1,15,15,,data/raw/market_prices/eac_phase4/pages/2021/18.05.2021.html
2021-06-22,https://exagri.info/mkt/2021/22.06.2021.html,2026-10-07,200,7bdc23f8b5da92b048402dde8867bdcbaeb0b7fe584b4218d6d2fe9893aa23e1,103767,parsed,15,28,1,1,15,15,,data/raw/market_prices/eac_phase4/pages/2021/22.06.2021.html
2021-06-29,https://exagri.info/mkt/2021/29.06.2021.html,2026-10-07,200,731ca35842e622e6e532f7050c4b23702365c90a06c6e8f4b60cc3570fc8ed0d,103823,parsed,15,28,1,1,15,15,,data/raw/market_prices/eac_phase4/pages/2021/29.06.2021.html
2021-07-06,https://exagri.info/mkt/2021/06.07.2021.html,2026-10-07,200,93762f50a9f0b8fa67b66f29f3c2da415ea87cc8f6fd2e312180f314374d98c1,101884,parsed,15,30,0,0,15,15,,data/raw/market_prices/eac_phase4/pages/2021/06.07.2021.html
2021-07-13,https://exagri.info/mkt/2021/13.07.2021.html,2026-10-07,200,cb64db17559da21e31c896243e5238f9514097e82d7be2035ec4faf06330e5e1,101907,parsed,15,30,0,0,15,15,,data/raw/market_prices/eac_phase4/pages/2021/13.07.2021.html
2021-07-19,https://exagri.info/mkt/2021/19.07.2021.html,2026-10-07,200,c7fd6078b9bba976f9f7825178a7930e02e9183a2f17cb526f37cc419d8ade39,101742,parsed,15,28,1,1,15,15,,data/raw/market_prices/eac_phase4/pages/2021/19.07.2021.html
2021-07-27,https://exagri.info/mkt/2021/27.07.2021.html,2026-10-07,200,a32e17936ddea89991233e2e710d54706e60b854031ef053595eaae8b5a8b53a,101933,parsed,15,28,1,1,15,15,,data/raw/market_prices/eac_phase4/pages/2021/27.07.2021.html
2021-08-03,https://exagri.info/mkt/2021/03.08.2021.html,2026-10-07,200,f596439060f266b370864cffe0285887db09db0947c5b0660c8739986478bbd2,101972,parsed,15,30,0,0,15,15,,data/raw/market_prices/eac_phase4/pages/2021/03.08.2021.html
2021-08-10,https://exagri.info/mkt/2021/10.08.2021.html,2026-10-07,200,4827f99de98bd72cc530f2aeadc5341c40cf99a3fe207e207a084a30437a87a2,101917,parsed,15,30,0,0,15,15,,data/raw/market_prices/eac_phase4/pages/2021/10.08.2021.html
2021-08-17,https://exagri.info/mkt/2021/17.08.2021.html,2026-10-07,200,b289711a7ca5f29be4460bc3ce391cebc2f2018403a155209c67d9d18110c691,101735,parsed,15,28,1,1,15,15,,data/raw/market_prices/eac_phase4/pages/2021/17.08.2021.html
2021-10-05,https://exagri.info/mkt/2021/05.10.2021.html,2026-10-07,200,67ff07f8d3e6326d9c8e0078e5c734c6dbbdcf9fd5566fd253b27694a55cf355,101390,parsed,15,24,3,3,15,15,,data/raw/market_prices/eac_phase4/pages/2021/05.10.2021.html
2021-10-12,https://exagri.info/mkt/2021/12.10.2021.html,2026-10-07,200,0cdf994ceea58c7c78853c2fa8b1b99f17be41b5af9550be89815c11163bf773,101955,parsed,15,30,0,0,15,15,,data/raw/market_prices/eac_phase4/pages/2021/12.10.2021.html
2021-10-18,https://exagri.info/mkt/2021/18.10.2021.html,2026-10-07,200,1290cc9597cbb4612e043523266eb9ae000d30cd95aad99baf87b0143aba7656,101882,parsed,15,30,0,0,15,15,,data/raw/market_prices/eac_phase4/pages/2021/18.10.2021.html
2021-10-26,https://exagri.info/mkt/2021/26.10.2021.html,2026-10-07,200,16295267ec8be851f11f8386bdcc2b68f9f6d4a9e72b8de7bf6416ecf83e404d,101830,parsed,15,28,1,1,15,15,,data/raw/market_prices/eac_phase4/pages/2021/26.10.2021.html
2021-11-02,https://exagri.info/mkt/2021/02.11.2021.html,2026-10-07,200,0a28ef81a8649776b74e1f4826c107873075294b9d74d14f9797a8e50a2fb496,101983,parsed,15,34,0,0,13,13,,data/raw/market_prices/eac_phase4/pages/2021/02.11.2021.html
2021-11-09,https://exagri.info/mkt/2021/09.11.2021.html,2026-10-07,200,99541dca53724ad037a895c77679cf70f32b61d4239ce4def605d3b0475ed55c,102000,parsed,15,30,0,0,15,15,,data/raw/market_prices/eac_phase4/pages/2021/09.11.2021.html
2021-11-16,https://exagri.info/mkt/2021/16.11.2021.html,2026-10-07,200,262fef95b120d8da75694370c4a579091470f56d86d2d72e1205da61dc11e140,102090,parsed,15,30,0,0,15,15,,data/raw/market_prices/eac_phase4/pages/2021/16.11.2021.html
2021-11-23,https://exagri.info/mkt/2021/23.11.2021.html,2026-10-07,200,84d9a08d489573f85e396bae7eb739949d46ad008f2eebd5219967131e46285b,102101,parsed,15,30,0,0,15,15,,data/raw/market_prices/eac_phase4/pages/2021/23.11.2021.html
2021-11-30,https://exagri.info/mkt/2021/30.11.2021.html,2026-10-07,200,7503a242a675934c15b75a7d93a0b918a2d10cfee0c4f8b587f847d2e17ec327,102138,parsed,15,30,0,0,15,15,,data/raw/market_prices/eac_phase4/pages/2021/30.11.2021.html
2021-12-07,https://exagri.info/mkt/2021/07.12.2021.html,2026-10-07,200,288d41c3215385e9d4ab8b490a9eae094a0d73c72dcd53f658e6ea07cc282cbf,102206,parsed,15,30,0,0,15,15,,data/raw/market_prices/eac_phase4/pages/2021/07.12.2021.html
2021-12-14,https://exagri.info/mkt/2021/14.12.2021.html,2026-10-07,200,c93c8f41f3ad4628eec29f3bf52687e4ee0a3756bce764339790f03cefb701e1,102208,parsed,15,30,0,0,15,15,,data/raw/market_prices/eac_phase4/pages/2021/14.12.2021.html
2021-12-21,https://exagri.info/mkt/2021/21.12.2021.html,2026-10-07,200,96d46c6ef12916167994a2a85c19c2d20d93c232f954329ba8d084ce0e5d33c6,102218,parsed,15,30,0,0,15,15,,data/raw/market_prices/eac_phase4/pages/2021/21.12.2021.html
2021-12-28,https://exagri.info/mkt/2021/28.12.2021.html,2026-10-07,200,7fa6c1fad2bad7e8247314478fd6b3dd9e2395d2a99acb7023592754ac85b3d8,102218,parsed,15,30,0,0,15,15,,data/raw/market_prices/eac_phase4/pages/2021/28.12.2021.html
2022-01-04,https://exagri.info/mkt/2022/04.01.2022.html,2026-10-07,200,c0804d0a3c92051caea6742fa7145b09618f8986185de33414e6db9d7c192ce5,104278,parsed,15,30,0,0,15,15,,data/raw/market_prices/eac_phase4/pages/2022/04.01.2022.html
2022-01-11,https://exagri.info/mkt/2022/11.01.2022.html,2026-10-07,200,b22db9387bb25c51095fe0864792959197bee5c63f4224cd3337fca573579e4d,102187,parsed,15,30,0,0,15,15,,data/raw/market_prices/eac_phase4/pages/2022/11.01.2022.html
2022-01-18,https://exagri.info/mkt/2022/18.01.2022.html,2026-10-07,200,022baaf14e59407e482c249a46eb7a3db891f087fd37a6e7fdae382c979f0132,102039,parsed,15,28,1,1,15,15,,data/raw/market_prices/eac_phase4/pages/2022/18.01.2022.html
2022-01-25,https://exagri.info/mkt/2022/25.01.2022.html,2026-10-07,200,c7f64a7faee19b28e67f64b2523aa7aebe6a1b0f61c7741eee7d660b4dfa750c,102162,parsed,15,30,0,0,15,15,,data/raw/market_prices/eac_phase4/pages/2022/25.01.2022.html
2022-02-01,https://exagri.info/mkt/2022/01.02.2022.html,2026-10-07,200,551d4326be5adb0d977343e5a3c27be13082af31fd70c6870f6b74f4c0e7979e,102148,parsed,15,30,0,0,15,15,,data/raw/market_prices/eac_phase4/pages/2022/01.02.2022.html
2022-02-08,https://exagri.info/mkt/2022/08.02.2022.html,2026-10-07,200,eb728296b7b5d3ddf7b89c754fc5749227d493cb5edc114370fe2576a1471c22,102198,parsed,15,30,0,0,15,15,,data/raw/market_prices/eac_phase4/pages/2022/08.02.2022.html
2022-02-14,https://exagri.info/mkt/2022/14.02.2022.html,2026-10-07,200,d9d1243146601bb5e32dc33c08cee46ea5352c29745380f825a13836ca77507d,102134,parsed,15,30,0,0,15,15,,data/raw/market_prices/eac_phase4/pages/2022/14.02.2022.html
2022-02-22,https://exagri.info/mkt/2022/22.02.2022.html,2026-10-07,200,0958bd7854729ff4bab3717db6258e58fb7fa1e7dc171d2f754b09344159d6b0,101965,parsed,15,28,1,1,15,15,,data/raw/market_prices/eac_phase4/pages/2022/22.02.2022.html
2022-03-08,https://exagri.info/mkt/2022/08.03.2022.html,2026-10-07,200,c3bc86e568e9a151b8f413645afb1e048e955b77e1cc36bd96f07e559df1820a,104268,parsed,15,34,0,0,13,13,,data/raw/market_prices/eac_phase4/pages/2022/08.03.2022.html
2022-03-15,https://exagri.info/mkt/2022/15.03.2022.html,2026-10-07,200,dc3ff81647f2d44edcd65863f0040304e5fe7891bf359baa96283730a4c7bf0e,16405,parsed,15,30,0,0,15,15,,data/raw/market_prices/eac_phase4/pages/2022/15.03.2022.html
2022-03-22,https://exagri.info/mkt/2022/22.03.2022.html,2026-10-07,200,42a2576d4d3e5ab823368d8c17fe06e343090f1c08ca64aec295489597e5a407,102195,parsed,15,30,0,0,15,15,,data/raw/market_prices/eac_phase4/pages/2022/22.03.2022.html
2022-03-29,https://exagri.info/mkt/2022/29.03.2022.html,2026-10-07,200,68d6bd90e302a6ffa7d05d51a5abef100a93291f1baf1b2edfc5c237828cbce1,102206,parsed,15,30,0,0,15,15,,data/raw/market_prices/eac_phase4/pages/2022/29.03.2022.html
2022-04-05,https://exagri.info/mkt/2022/05.04.2022.html,2026-10-07,200,858b10bafc6d82ffc2e417163047667ce1abcdf3e8f8a4047dd6b840ec5a80f7,102220,parsed,15,30,0,0,15,15,,data/raw/market_prices/eac_phase4/pages/2022/05.04.2022.html
2022-04-19,https://exagri.info/mkt/2022/19.04.2022.html,2026-10-07,200,97467558ede0ecd3824f6137c3a6cf53a65e5f6d04c87f2058c3ce562719d99a,102087,parsed,15,28,1,1,15,15,,data/raw/market_prices/eac_phase4/pages/2022/19.04.2022.html
2022-04-26,https://exagri.info/mkt/2022/26.04.2022.html,2026-10-07,200,447f4a49c1c268732b5a64b3b9f40eb2d5d84b8d9086820106642d69a1406547,102263,parsed,15,30,0,0,15,15,,data/raw/market_prices/eac_phase4/pages/2022/26.04.2022.html
2022-05-04,https://exagri.info/mkt/2022/04.05.2022.html,2026-10-07,200,d322fa403186f8e8682ffdccbd5fc4c73f3252866eedef27349c5cfcae4905b0,102186,parsed,15,30,0,0,15,15,,data/raw/market_prices/eac_phase4/pages/2022/04.05.2022.html
2022-05-17,https://exagri.info/mkt/2022/17.05.2022.html,2026-10-07,200,ea24a06813d04050171a268422753e23930d2d768113eb4edc85abf0e4c1b605,104372,parsed,15,30,0,0,15,15,,data/raw/market_prices/eac_phase4/pages/2022/17.05.2022.html
2022-05-24,https://exagri.info/mkt/2022/24.05.2022.html,2026-10-07,200,7f785b06d765de7e17f3fbc2c8ac059c66fb2396d87c321835ebe0a0bc2c92c6,104357,parsed,15,30,0,0,15,15,,data/raw/market_prices/eac_phase4/pages/2022/24.05.2022.html
2022-05-31,https://exagri.info/mkt/2022/31.05.2022.html,2026-10-07,200,b64b6e3157a827039646341606e6bddb21ceffb0f1a195bcc2a217c4217c34df,102254,parsed,15,30,0,0,15,15,,data/raw/market_prices/eac_phase4/pages/2022/31.05.2022.html
2022-06-07,https://exagri.info/mkt/2022/07.06.2022.html,2026-10-07,200,cbda76bb382f8411a3402a9c1cb7c66aef532c3a1d95c010693be0b68fdab55c,102284,parsed,15,34,0,0,13,13,,data/raw/market_prices/eac_phase4/pages/2022/07.06.2022.html
2022-06-15,https://exagri.info/mkt/2022/15.06.2022.html,2026-10-07,200,04b1544e276438c04e59b19381a97775e6ad0bcc866ddf05d3871279783c1980,102164,parsed,15,30,0,0,15,15,,data/raw/market_prices/eac_phase4/pages/2022/15.06.2022.html
2022-06-21,https://exagri.info/mkt/2022/21.06.2022.html,2026-10-07,200,2718b3dc62c6a17e7cea943bec6c828404d05997bf5d50fd38c3ea75d05496a0,102262,parsed,15,30,0,0,15,15,,data/raw/market_prices/eac_phase4/pages/2022/21.06.2022.html
2022-06-28,https://exagri.info/mkt/2022/28.06.2022.html,2026-10-07,200,c3f79788a468bc43dae330a476e05f1a49ddfb1c9d2381a37ae017a18bd71fcd,102256,parsed,15,30,0,0,15,15,,data/raw/market_prices/eac_phase4/pages/2022/28.06.2022.html
2022-07-05,https://exagri.info/mkt/2022/05.07.2022.html,2026-10-07,200,fa8701b878725877833856773c6abb3e36d019dc98314c78e0bc196b7a5c5ac5,102262,parsed,15,30,0,0,15,15,,data/raw/market_prices/eac_phase4/pages/2022/05.07.2022.html
2022-07-12,https://exagri.info/mkt/2022/12.07.2022.html,2026-10-07,200,dea9455e0b08ac8a22e0f46b937f85df022fc280aba1a90b11768580dec2a6c2,102192,parsed,15,30,0,0,15,15,,data/raw/market_prices/eac_phase4/pages/2022/12.07.2022.html
2022-07-19,https://exagri.info/mkt/2022/19.07.2022.html,2026-10-07,200,ac27fe7444f9b2d63a8f3eb8723cff30f7fd3ecb698f48888ae774d96f80236c,102249,parsed,15,30,0,0,15,15,,data/raw/market_prices/eac_phase4/pages/2022/19.07.2022.html
2022-07-26,https://exagri.info/mkt/2022/26.07.2022.html,2026-10-07,200,ef2824a196b59afce21b7ce6e00b39ab294f85e8a35377a217a129b91b4b88db,102165,parsed,15,30,0,0,15,15,,data/raw/market_prices/eac_phase4/pages/2022/26.07.2022.html
2022-08-02,https://exagri.info/mkt/2022/02.08.2022.html,2026-10-07,200,fbd7e6186d4259baab03b935c6e71bf597acfe83f2294eccbf03765582ff0ac0,102301,parsed,15,30,0,0,15,15,,data/raw/market_prices/eac_phase4/pages/2022/02.08.2022.html
2022-08-09,https://exagri.info/mkt/2022/09.08.2022.html,2026-10-07,200,bddf3bb3b3afdfa0daec00e54dc778cda2395ff814647789c76a870681dbfc8e,104409,parsed,15,30,0,0,15,15,,data/raw/market_prices/eac_phase4/pages/2022/09.08.2022.html
2022-08-16,https://exagri.info/mkt/2022/16.08.2022.html,2026-10-07,200,cc59ce29a5a95fd4c88b4cb0ce1f59af2b3e5d85a80745ec3794381735f4a4f7,102335,parsed,15,30,0,0,15,15,,data/raw/market_prices/eac_phase4/pages/2022/16.08.2022.html
2022-08-23,https://exagri.info/mkt/2022/23.08.2022.html,2026-10-07,200,e141d0dade72d21292759ff01213f61ed03b7234b40981f91e669f37dedc8bb0,102301,parsed,15,30,0,0,15,15,,data/raw/market_prices/eac_phase4/pages/2022/23.08.2022.html
2022-08-30,https://exagri.info/mkt/2022/30.08.2022.html,2026-10-07,200,03bd3dc5c856e5f9c6a5c05bb6394df5dcde968811a6fb2c6937209141289558,104385,parsed,15,30,0,0,15,15,,data/raw/market_prices/eac_phase4/pages/2022/30.08.2022.html
2022-09-06,https://exagri.info/mkt/2022/06.09.2022.html,2026-10-07,200,83b8e10d28b5eb71f2c62c8087542ddfb19ed7b703a87cdae9c62c4d85a099e2,102309,parsed,15,30,0,0,15,15,,data/raw/market_prices/eac_phase4/pages/2022/06.09.2022.html
2022-09-13,https://exagri.info/mkt/2022/13.09.2022.html,2026-10-07,200,c2b65a22d2ded10862bbef95251cacda6678cd16881bdc854b1080424b8cbc12,102290,parsed,15,30,0,0,15,15,,data/raw/market_prices/eac_phase4/pages/2022/13.09.2022.html
2022-09-20,https://exagri.info/mkt/2022/20.09.2022.html,2026-10-07,200,fb6c3f6e9c2af3b3f8b234578090fcaed4c9f674b895fead21b0725116834e5f,102318,parsed,15,30,0,0,15,15,,data/raw/market_prices/eac_phase4/pages/2022/20.09.2022.html
2022-09-27,https://exagri.info/mkt/2022/27.09.2022.html,2026-10-07,200,3e5b1fd5b9ea4697f3d5a7edc3a3b08f583137836cdfbac385bcf0b857576d23,102290,parsed,15,30,0,0,15,15,,data/raw/market_prices/eac_phase4/pages/2022/27.09.2022.html
2022-10-11,https://exagri.info/mkt/2022/11.10.2022.html,2026-10-07,200,16015f09e3fd05362710a33eed0a1b83592e1a47171871b9c7612bd8613d372a,102179,parsed,15,30,0,0,15,15,,data/raw/market_prices/eac_phase4/pages/2022/11.10.2022.html
2022-10-18,https://exagri.info/mkt/2022/18.10.2022.html,2026-10-07,200,29ea3e464c6c1aa0fe7d1e80fbeffd3af6bfe5d0b17ddac41d635a711bc29431,102237,parsed,15,30,0,0,15,15,,data/raw/market_prices/eac_phase4/pages/2022/18.10.2022.html
2022-10-25,https://exagri.info/mkt/2022/25.10.2022.html,2026-10-07,200,a54bd11eb745072a4aebfed4f2aac38f2fc7ebbfd6802a63f98ceb403103d3c5,102175,parsed,15,30,0,0,15,15,,data/raw/market_prices/eac_phase4/pages/2022/25.10.2022.html
2022-11-01,https://exagri.info/mkt/2022/01.11.2022.html,2026-10-07,200,23839f10b2763cb338e058dd9107b611d03d8c2d16371a6e6b9c9834b7195796,102181,parsed,15,30,0,0,15,15,,data/raw/market_prices/eac_phase4/pages/2022/01.11.2022.html
2022-11-08,https://exagri.info/mkt/2022/08.11.2022.html,2026-10-07,200,60ca0d8336d85aa5cb2ffecae222ff9425a729cd908affc40d987a86029cf3e2,102188,parsed,15,30,0,0,15,15,,data/raw/market_prices/eac_phase4/pages/2022/08.11.2022.html
2022-11-15,https://exagri.info/mkt/2022/15.11.2022.html,2026-10-07,200,1f23dee6ba4e7bf3fccc8babf1fcf87be133c49498fbcb01b183bbaf9a05ada1,102175,parsed,15,30,0,0,15,15,,data/raw/market_prices/eac_phase4/pages/2022/15.11.2022.html
2022-11-22,https://exagri.info/mkt/2022/22.11.2022.html,2026-10-07,200,6063113dfc82db6b89ed3eae866c8189f3dc353debcf7e50fa875d57680448e7,102176,parsed,15,30,0,0,15,15,,data/raw/market_prices/eac_phase4/pages/2022/22.11.2022.html
2022-11-29,https://exagri.info/mkt/2022/29.11.2022.html,2026-10-07,200,6f9688a1328f0674092cc87cf1e952fec43bb4afeac1c7f6e488c71b65f5a38e,102162,parsed,15,30,0,0,15,15,,data/raw/market_prices/eac_phase4/pages/2022/29.11.2022.html
2022-12-05,https://exagri.info/mkt/2022/05.12.2022.html,2026-10-07,200,7ff0df285815feaa20e8cfe82fe7aebf0d12d22ce0aa3f68b046f5f6d07e4d7d,102070,parsed,15,34,0,0,13,13,,data/raw/market_prices/eac_phase4/pages/2022/05.12.2022.html
2022-12-13,https://exagri.info/mkt/2022/13.12.2022.html,2026-10-07,200,be703d7b2ab930d13296a7b9ba96def582a07049cf6ba5027aeaeb6a18287246,102125,parsed,15,34,0,0,13,13,,data/raw/market_prices/eac_phase4/pages/2022/13.12.2022.html
2022-12-20,https://exagri.info/mkt/2022/20.12.2022.html,2026-10-07,200,201f8ed505b82f03e427a6dd365abcf80de86ffb6bc1920e0c1ac98aeb7d5aea,102127,parsed,15,34,0,0,13,13,,data/raw/market_prices/eac_phase4/pages/2022/20.12.2022.html
2022-12-27,https://exagri.info/mkt/2022/27.12.2022.html,2026-10-07,200,4c60faeea8c24a79a48fc96e46eea1fbec2996d426c0cbf1a7a27e1f782d5b3a,102112,parsed,15,34,0,0,13,13,,data/raw/market_prices/eac_phase4/pages/2022/27.12.2022.html
2023-01-03,https://exagri.info/mkt/2023/03.01.2023.html,2026-10-07,200,14b35606f65483d70f6d74b421d49dcd96de530ffc7ecbc04743d0e08fbe157d,102126,parsed,15,34,0,0,13,13,,data/raw/market_prices/eac_phase4/pages/2023/03.01.2023.html
2023-01-10,https://exagri.info/mkt/2023/10.01.2023.html,2026-10-07,200,2fa4576aa37b406c5c8a9f69183c9777f88610a460fcb80c001dd604133e540e,102167,parsed,15,34,0,0,13,13,,data/raw/market_prices/eac_phase4/pages/2023/10.01.2023.html
2023-01-17,https://exagri.info/mkt/2023/17.01.2023.html,2026-10-07,200,03577ce338cacc10100e300dc16f2593fff2b75076a6a967ac3536acfe2827ae,102137,parsed,15,34,0,0,13,13,,data/raw/market_prices/eac_phase4/pages/2023/17.01.2023.html
2023-01-24,https://exagri.info/mkt/2023/24.01.2023.html,2026-10-07,200,8d048d4b36587e458117346179ca3df721e53d93bfac8ad2d1c7285190af3ff7,102145,parsed,15,34,0,0,13,13,,data/raw/market_prices/eac_phase4/pages/2023/24.01.2023.html
2023-01-31,https://exagri.info/mkt/2023/31.01.2023.html,2026-10-07,200,ab42dc35525b9bc4ab1ada23a400f50e41e056a0bd4ee5b3b1a7ffd722a4e131,102142,parsed,15,34,0,0,13,13,,data/raw/market_prices/eac_phase4/pages/2023/31.01.2023.html
2023-02-07,https://exagri.info/mkt/2023/07.02.2023.html,2026-10-07,200,9b276a2c19f230ce063dc510485546a085837a5d3985e4ae4b0409069a710cf4,102209,parsed,15,36,0,0,12,12,,data/raw/market_prices/eac_phase4/pages/2023/07.02.2023.html
2023-02-14,https://exagri.info/mkt/2023/14.02.2023.html,2026-10-07,200,bc2cf2591cb3a740c1a878f3c58e742e92484048aae7db834fc6404b4f7fbfa4,102164,parsed,15,30,0,0,15,15,,data/raw/market_prices/eac_phase4/pages/2023/14.02.2023.html
2023-02-21,https://exagri.info/mkt/2023/21.02.2023.html,2026-10-07,200,60e8db3fd7ba643e409afc9ef4bceddee72961c6583dd3a7e2c5c6e565d65a65,102165,parsed,15,30,0,0,15,15,,data/raw/market_prices/eac_phase4/pages/2023/21.02.2023.html
2023-02-28,https://exagri.info/mkt/2023/28.02.2023.html,2026-10-07,200,7c2c86610983cf6306f339245cf5bfa4856121fcedd13f4642256a4bcb7aa618,102177,parsed,15,30,0,0,15,15,,data/raw/market_prices/eac_phase4/pages/2023/28.02.2023.html
2023-03-07,https://exagri.info/mkt/2023/07.03.2023.html,2026-10-07,200,08168678c4f8ce7e3dfd9a3565698977115c9891ded45f60137a509535ee4f94,102157,parsed,15,30,0,0,15,15,,data/raw/market_prices/eac_phase4/pages/2023/07.03.2023.html
2023-03-14,https://exagri.info/mkt/2023/14.03.2023.html,2026-10-07,200,152a060213514542742b02ca59fb102b57177fcbc8a22c7b8938db8afd9070d0,102181,parsed,15,30,0,0,15,15,,data/raw/market_prices/eac_phase4/pages/2023/14.03.2023.html
2023-03-21,https://exagri.info/mkt/2023/21.03.2023.html,2026-10-07,200,126c7ba9a1ea4ee7598e67d1d666d4a6e0a9f8fa49eb658f5e983322e1986549,102243,parsed,15,30,0,0,15,15,,data/raw/market_prices/eac_phase4/pages/2023/21.03.2023.html
2023-03-28,https://exagri.info/mkt/2023/28.03.2023.html,2026-10-07,200,423ef3120db76604020be489d8a72bf9d95bf5e75d21bf00fc54f36027b3c06d,102120,parsed,15,30,0,0,15,15,,data/raw/market_prices/eac_phase4/pages/2023/28.03.2023.html
2023-04-03,https://exagri.info/mkt/2023/03.04.2023.html,2026-10-07,200,1d7ede1981746b18c2698e5a7b2d63b4466297d6df4a5202b9e3db7c4102c28b,104247,parsed,15,30,0,0,15,15,,data/raw/market_prices/eac_phase4/pages/2023/03.04.2023.html
2023-04-10,https://exagri.info/mkt/2023/10.04.2023.html,2026-10-07,200,ef29265a28c0cec9a5c67ddebd49c43f500cbc7a929912178ecf6b5c32884693,104231,parsed,15,30,0,0,15,15,,data/raw/market_prices/eac_phase4/pages/2023/10.04.2023.html
2023-04-18,https://exagri.info/mkt/2023/18.04.2023.html,2026-10-07,200,54fb4ddc8c474c21edb3d2006963fe7c4fa7e475a874e22a52cf72fb35686e57,415620,parsed,15,28,1,1,15,15,,data/raw/market_prices/eac_phase4/pages/2023/18.04.2023.html
2023-04-25,https://exagri.info/mkt/2023/25.04.2023.html,2026-10-07,404,,0,broken_index_link,0,0,0,0,0,0,HTTPError: HTTP Error 404: Not Found,
2023-05-02,https://exagri.info/mkt/2023/02.05.2023.html,2026-10-07,200,1236a2a6c9f4deceb72c27d2282cc746b06fd9be3f53e26d232355f8df81b440,102178,parsed,15,30,0,0,15,15,,data/raw/market_prices/eac_phase4/pages/2023/02.05.2023.html
2023-05-09,https://exagri.info/mkt/2023/09.05.2023.html,2026-10-07,200,9df75795c10eb81f3bf44edad0a79bd5f7eda73a536287d22a799de90ce50803,102246,parsed,15,34,0,0,13,13,,data/raw/market_prices/eac_phase4/pages/2023/09.05.2023.html
2023-05-16,https://exagri.info/mkt/2023/16.05.2023.html,2026-10-07,200,004dde07af8f540880ec79273fbb8200f816024bdca45b8babedc114a4240441,102182,parsed,15,34,0,0,13,13,,data/raw/market_prices/eac_phase4/pages/2023/16.05.2023.html
2023-05-23,https://exagri.info/mkt/2023/23.05.2023.html,2026-10-07,200,cc7d24f99d4b9239d3492bb2d9fbd6d72a026af956e424306b6bc4a2bad5989c,102200,parsed,15,30,0,0,15,15,,data/raw/market_prices/eac_phase4/pages/2023/23.05.2023.html
2023-05-30,https://exagri.info/mkt/2023/30.05.2023.html,2026-10-07,200,3bd7f8ca814c629d93fb96aada9619c744b4d375136f68327261b4683e8d9c52,102129,parsed,15,34,0,0,13,13,,data/raw/market_prices/eac_phase4/pages/2023/30.05.2023.html
2023-06-06,https://exagri.info/mkt/2023/06.06.2023.html,2026-10-07,200,6e4014011ab54f60e0fbc037bb6de2d9a405a747f7fd05d68ccff5b7a45c2b61,102192,parsed,15,30,0,0,15,15,,data/raw/market_prices/eac_phase4/pages/2023/06.06.2023.html
2023-06-13,https://exagri.info/mkt/2023/13.06.2023.html,2026-10-07,200,493943ced91e205f0ecfdd6a1782968fd5bfbd57ed636d7a97bfa35dcd5be6a2,102195,parsed,15,30,0,0,15,15,,data/raw/market_prices/eac_phase4/pages/2023/13.06.2023.html
2023-06-20,https://exagri.info/mkt/2023/20.06.2023.html,2026-10-07,200,01820eae812564c6d71da9ba9e7c8d85c9c3954811ad4f9d7e16e60f389fc79b,104250,parsed,15,30,0,0,15,15,,data/raw/market_prices/eac_phase4/pages/2023/20.06.2023.html
2023-06-27,https://exagri.info/mkt/2023/27.06.2023.html,2026-10-07,200,56e5a37a45c32e44640e3929866fbb7cbe5fedd6c033847e1809484bc124b6a1,102157,parsed,15,30,0,0,15,15,,data/raw/market_prices/eac_phase4/pages/2023/27.06.2023.html
2023-07-04,https://exagri.info/mkt/2023/04.07.2023.html,2026-10-07,200,a7d96871aa04891fdcfb5e8c2099eb559dd33fe00d50f89f715be701d45b026a,102206,parsed,15,30,0,0,15,15,,data/raw/market_prices/eac_phase4/pages/2023/04.07.2023.html
2023-07-11,https://exagri.info/mkt/2023/11.07.2023.html,2026-10-07,200,f2ff2846e64b1f639aeda273d86696d6ee6d08acd698b749b2b85001fe23f09b,102229,parsed,15,34,0,0,13,13,,data/raw/market_prices/eac_phase4/pages/2023/11.07.2023.html
2023-07-18,https://exagri.info/mkt/2023/18.07.2023.html,2026-10-07,200,f386f181b331a084d68a61116b975075616ac4ebfdd1b18ab8363dd1ffc9ca66,102225,parsed,15,34,0,0,13,13,,data/raw/market_prices/eac_phase4/pages/2023/18.07.2023.html
2023-07-25,https://exagri.info/mkt/2023/25.07.2023.html,2026-10-07,200,04a3bae57f12a5c71eeeeb6767329075df6db10bd276e64c74338fb2525b619a,102251,parsed,15,34,0,0,13,13,,data/raw/market_prices/eac_phase4/pages/2023/25.07.2023.html
2023-07-31,https://exagri.info/mkt/2023/31.07.2023.html,2026-10-07,200,b17bb6da967a24df567e7346012761d8d91a8a964227910730cbb1de493ded07,102201,parsed,15,30,0,0,15,15,,data/raw/market_prices/eac_phase4/pages/2023/31.07.2023.html
2023-08-08,https://exagri.info/mkt/2023/08.08.2023.html,2026-10-07,200,0e0e48999c7c3181861e8caf17923a260a4cafa159d79ad1118dcbb5755a4577,102270,parsed,15,30,0,0,15,15,,data/raw/market_prices/eac_phase4/pages/2023/08.08.2023.html
2023-08-15,https://exagri.info/mkt/2023/15.08.2023.html,2026-10-07,200,9a32bf2c0fe27ab811e06bd8084fca56be3d8a5101cb773b3e779154ba18f9a2,102251,parsed,15,34,0,0,13,13,,data/raw/market_prices/eac_phase4/pages/2023/15.08.2023.html
2023-08-22,https://exagri.info/mkt/2023/22.08.2023.html,2026-10-07,200,af14265330366a57776b9829803ae3627873ac0f038400cf31ea444d0d72bd97,102257,parsed,15,36,0,0,12,12,,data/raw/market_prices/eac_phase4/pages/2023/22.08.2023.html
2023-08-28,https://exagri.info/mkt/2023/28.08.2023.html,2026-10-07,200,d2fa21d931af0807a9d1fb274fc51adc94667f9099798a45796843486452d39b,102203,parsed,15,34,0,0,13,13,,data/raw/market_prices/eac_phase4/pages/2023/28.08.2023.html
2023-09-05,https://exagri.info/mkt/2023/05.09.2023.html,2026-10-07,200,116b73caf0eb4697efec89dd344193f8733a7ff05525b8e00f03c89849105c42,102278,parsed,15,34,0,0,13,13,,data/raw/market_prices/eac_phase4/pages/2023/05.09.2023.html
2023-09-12,https://exagri.info/mkt/2023/12.09.2023.html,2026-10-07,200,657fbb37b6949f430c700b1a09768e8e3e4a4173a6334bff3e08be847d544212,102224,parsed,15,34,0,0,13,13,,data/raw/market_prices/eac_phase4/pages/2023/12.09.2023.html
2023-09-19,https://exagri.info/mkt/2023/19.09.2023.html,2026-10-07,200,7b202aeba27349b38fb67c660466ed29bb1a5c8cff01ef21fba49766ca9b5b81,102200,parsed,15,30,0,0,15,15,,data/raw/market_prices/eac_phase4/pages/2023/19.09.2023.html
2023-09-26,https://exagri.info/mkt/2023/26.09.2023.html,2026-10-07,200,19734c56569d9ef5c6fd666a5c35042a5eede47c42917e590b9188678261bbce,102205,parsed,15,34,0,0,13,13,,data/raw/market_prices/eac_phase4/pages/2023/26.09.2023.html
2023-10-03,https://exagri.info/mkt/2023/03.10.2023.html,2026-10-07,200,5c81e2fd986ec7336a18bfd6dd61b2ea540e23988ff345cb30325993870c8792,102198,parsed,15,30,0,0,15,15,,data/raw/market_prices/eac_phase4/pages/2023/03.10.2023.html
2023-10-10,https://exagri.info/mkt/2023/10.10.2023.html,2026-10-07,200,88e49a6642d502c4b301cb14e29ca833cb3396942b38f51ddc3187ac229a03fa,102222,parsed,15,34,0,0,13,13,,data/raw/market_prices/eac_phase4/pages/2023/10.10.2023.html
2023-10-17,https://exagri.info/mkt/2023/17.10.2023.html,2026-10-07,200,8a6c2f3e1d25faf4214a9ce080f94bde08e0e571d22544fafb8a1e2fa0348433,102143,parsed,15,30,0,0,15,15,,data/raw/market_prices/eac_phase4/pages/2023/17.10.2023.html
2023-10-24,https://exagri.info/mkt/2023/24.10.2023.html,2026-10-07,200,cc5e4d2366e27c47745912bd209c1d9ffb16841c3481f07636a8e40be435c8c4,104293,parsed,15,34,0,0,13,13,,data/raw/market_prices/eac_phase4/pages/2023/24.10.2023.html
2023-10-31,https://exagri.info/mkt/2023/31.10.2023.html,2026-10-07,200,621d2f837625e01bdc1025139271fd7a226572cfddb10c7ddd7845aa9d1ce13c,102137,parsed,15,30,0,0,15,15,,data/raw/market_prices/eac_phase4/pages/2023/31.10.2023.html
2023-11-07,https://exagri.info/mkt/2023/07.11.2023.html,2026-10-07,200,16967258d742b86fae0840515a76c76fe2951e859ab900c823a6e6607b1e98e4,102138,parsed,15,30,0,0,15,15,,data/raw/market_prices/eac_phase4/pages/2023/07.11.2023.html
2023-11-14,https://exagri.info/mkt/2023/14.11.2023.html,2026-10-07,200,3ae79acc8b30bd1fb8b2c2de90fc3ff809d736c543263f4675b6eff86959fe57,102126,parsed,15,34,0,0,13,13,,data/raw/market_prices/eac_phase4/pages/2023/14.11.2023.html
2023-11-21,https://exagri.info/mkt/2023/21.11.2023.html,2026-10-07,200,f80ab75a0c9ae300592ae55babc9bd9caeb119fd420d6b75e99e4a3e1a45126e,102175,parsed,15,36,0,0,12,12,,data/raw/market_prices/eac_phase4/pages/2023/21.11.2023.html
2023-11-28,https://exagri.info/mkt/2023/28.11.2023.html,2026-10-07,200,91ea70d2bd3bce61e3086ddba912ed870f9e62f0cc20c77fb61b36c4d582c891,104212,parsed,15,34,0,0,13,13,,data/raw/market_prices/eac_phase4/pages/2023/28.11.2023.html
2023-12-05,https://exagri.info/mkt/2023/05.12.2023.html,2026-10-07,200,791f7fe6c923df390b2085ae660ad1cc4cfc2bac46b8666bd97b44f1c8a888a5,102153,parsed,15,34,0,0,13,13,,data/raw/market_prices/eac_phase4/pages/2023/05.12.2023.html
2023-12-12,https://exagri.info/mkt/2023/12.12.2023.html,2026-10-07,200,d29cdf214505aeded112adda5d3db303887e9e3ada7a363abc1ca6768195bec8,102157,parsed,15,36,0,0,12,12,,data/raw/market_prices/eac_phase4/pages/2023/12.12.2023.html
2023-12-19,https://exagri.info/mkt/2023/19.12.2023.html,2026-10-07,200,6c1f8b601ff68a41374bd3b9ff627b521720f6966b983c0bb39277465486af80,102166,parsed,15,36,0,0,12,12,,data/raw/market_prices/eac_phase4/pages/2023/19.12.2023.html
2023-12-27,https://exagri.info/mkt/2023/27.12.2023.html,2026-10-07,200,ac84a018c3a380beeb24991b87006afb3afd7f5215451f24b1a85021b6e77451,102104,parsed,15,36,0,0,12,12,,data/raw/market_prices/eac_phase4/pages/2023/27.12.2023.html
2024-01-02,https://exagri.info/mkt/2024/02.01.2024.html,2026-10-07,200,e60083113db260a45806fc821913bbfcab5a19bc70bd85b31d67ee0d4dc60308,102170,parsed,15,34,0,0,13,13,,data/raw/market_prices/eac_phase4/pages/2024/02.01.2024.html
2024-01-09,https://exagri.info/mkt/2024/09.01.2024.html,2026-10-07,200,3cd16fa1c805172c7cbc2ac64110f1f91799c59c4808944a79f3d0f92bc7996f,102164,parsed,15,36,0,0,12,12,,data/raw/market_prices/eac_phase4/pages/2024/09.01.2024.html
2024-01-16,https://exagri.info/mkt/2024/16.01.2024.html,2026-10-07,200,8d7432583e31bdbb634525a2c148b35474c068e53c87367f23c44fd6be16c792,102222,parsed,15,36,0,0,12,12,,data/raw/market_prices/eac_phase4/pages/2024/16.01.2024.html
2024-01-24,https://exagri.info/mkt/2024/24.01.2024.html,2026-10-07,200,891c7021aab431f0195cedb5608ae4b6e3180485f6b49acf352cb536ba9c9362,102191,parsed,15,36,0,0,12,12,,data/raw/market_prices/eac_phase4/pages/2024/24.01.2024.html
2024-01-30,https://exagri.info/mkt/2024/30.01.2024.html,2026-10-07,200,c9dd099a4c040e4c2d27f304b3e713019f4e5af3276529658f0e6e2368883bb9,102213,parsed,15,36,0,0,12,12,,data/raw/market_prices/eac_phase4/pages/2024/30.01.2024.html
2024-02-06,https://exagri.info/mkt/2024/06.02.2024.html,2026-10-07,200,951dd70066edafd704b842b1ffcb41d0c6126a02294224da7403001a4e00dc18,102212,parsed,15,36,0,0,12,12,,data/raw/market_prices/eac_phase4/pages/2024/06.02.2024.html
2024-02-13,https://exagri.info/mkt/2024/13.02.2024.html,2026-10-07,200,2780f9253d0a31913433183097128439479cd3ab16b6873e4c908ad9a89a61fa,102183,parsed,15,34,0,0,13,13,,data/raw/market_prices/eac_phase4/pages/2024/13.02.2024.html
2024-02-20,https://exagri.info/mkt/2024/20.02.2024.html,2026-10-07,200,e691480904d2b572562b4d491b60d99bd4a38f37e053a1e27b4ea6d6209508fa,102173,parsed,15,36,0,0,12,12,,data/raw/market_prices/eac_phase4/pages/2024/20.02.2024.html
2024-02-27,https://exagri.info/mkt/2024/27.02.2024.html,2026-10-07,200,462ae6b5df521b13f4885403713b9d8e1d661983816293450dbc7be2b15ab8d3,102185,parsed,15,34,0,0,13,13,,data/raw/market_prices/eac_phase4/pages/2024/27.02.2024.html
2024-03-05,https://exagri.info/mkt/2024/05.03.2024.html,2026-10-07,200,2b8688dc5e2bc87ed1d599dadfc76d28d56da6e59e005de73ff9737b3f124858,102203,parsed,15,34,0,0,13,13,,data/raw/market_prices/eac_phase4/pages/2024/05.03.2024.html
2024-03-12,https://exagri.info/mkt/2024/12.03.2024.html,2026-10-07,200,6daf351465043ca53ade8cce2b5366788c1eb41b6ceca09b82eb65d796466699,102206,parsed,15,36,0,0,12,12,,data/raw/market_prices/eac_phase4/pages/2024/12.03.2024.html
2024-03-19,https://exagri.info/mkt/2024/19.03.2024.html,2026-10-07,200,df6b3c1dc92b0b5c728632cba08b49a94d42946de42ac4d2aa1eb78906af8696,102177,parsed,15,30,0,0,15,15,,data/raw/market_prices/eac_phase4/pages/2024/19.03.2024.html
2024-03-26,https://exagri.info/mkt/2024/26.03.2024.html,2026-10-07,200,41362006925c53288cba0a3caeb0fa668631f50dadc6a45dd70a39c49a860a69,102187,parsed,15,34,0,0,13,13,,data/raw/market_prices/eac_phase4/pages/2024/26.03.2024.html
2024-04-02,https://exagri.info/mkt/2024/02.04.2024.html,2026-10-07,200,13f136b8cac4ba64eb3e02ec2114402fbe135474adbc695463e728ccd74de301,102206,parsed,15,34,0,0,13,13,,data/raw/market_prices/eac_phase4/pages/2024/02.04.2024.html
2024-04-08,https://exagri.info/mkt/2024/08.04.2024.html,2026-10-07,200,23f64b5f7900f95a7d88a754ee2791c5d4d289342b8d75da06c55fbc11e05a80,102174,parsed,15,36,0,0,12,12,,data/raw/market_prices/eac_phase4/pages/2024/08.04.2024.html
2024-04-16,https://exagri.info/mkt/2024/16.04.2024.html,2026-10-07,200,054cbb986c1b79dbede39c238e85162bfcb4afed235718b15eb2e3f6e0f32158,102080,parsed,15,32,1,1,13,13,,data/raw/market_prices/eac_phase4/pages/2024/16.04.2024.html
2024-04-24,https://exagri.info/mkt/2024/24.04.2024.html,2026-10-07,200,cbdc61e490e01f4b0fe7d0a340217a5fc8f6735f6c9841aecb126f75bb5ce7e1,104212,parsed,15,36,0,0,12,12,,data/raw/market_prices/eac_phase4/pages/2024/24.04.2024.html
2024-04-30,https://exagri.info/mkt/2024/30.04.2024.html,2026-10-07,200,9b0b4ea4407dedb23c61931a4ea498ffbd93484d46f083d1114b34799370d830,102219,parsed,15,36,0,0,12,12,,data/raw/market_prices/eac_phase4/pages/2024/30.04.2024.html
2024-05-07,https://exagri.info/mkt/2024/07.05.2024.html,2026-10-07,200,0d78792f56899d3dd91ffd8829c2b8b4e2fd2acc0584a9867d72e03281f59634,102124,parsed,15,36,0,0,12,12,,data/raw/market_prices/eac_phase4/pages/2024/07.05.2024.html
2024-05-14,https://exagri.info/mkt/2024/14.05.2024.html,2026-10-07,200,374f7cc519ff8aa3507eb3125d5423b7f84c2776034e217501e5cc0fb5f109d6,102208,parsed,15,36,0,0,12,12,,data/raw/market_prices/eac_phase4/pages/2024/14.05.2024.html
2024-05-21,https://exagri.info/mkt/2024/21.05.2024.html,2026-10-07,200,8aab25d6de60186c57e39b5023dde1d8407312e46786c7f9d602e8cef92f96f6,102214,parsed,15,34,0,0,13,13,,data/raw/market_prices/eac_phase4/pages/2024/21.05.2024.html
2024-05-28,https://exagri.info/mkt/2024/28.05.2024.html,2026-10-07,200,7b181ea530267356447821c7e8b019baddaf237df39786c97d97f3aef2b0a667,102232,parsed,15,36,0,0,12,12,,data/raw/market_prices/eac_phase4/pages/2024/28.05.2024.html
2024-06-04,https://exagri.info/mkt/2024/04.06.2024.html,2026-10-07,200,c91438b97d2d8bc5c8e61d725d1bfa233be75b9676aa95c868e945778f239623,102208,parsed,15,34,0,0,13,13,,data/raw/market_prices/eac_phase4/pages/2024/04.06.2024.html
2024-06-11,https://exagri.info/mkt/2024/11.06.2024.html,2026-10-07,200,563ffdd4ab809ba2fcf5834e009c6066ba63894090dfdc3b8b78ae5286f0d7fd,102215,parsed,15,34,0,0,13,13,,data/raw/market_prices/eac_phase4/pages/2024/11.06.2024.html
2024-06-18,https://exagri.info/mkt/2024/18.06.2024.html,2026-10-07,200,b3a503252a348b57546ec7d7155a1854cd368625cd528d1ba02a43f650e68be3,102171,parsed,15,30,0,0,15,15,,data/raw/market_prices/eac_phase4/pages/2024/18.06.2024.html
2024-06-25,https://exagri.info/mkt/2024/25.06.2024.html,2026-10-07,200,1e4b5ca425e8d35431d847310505b4be363081b4571a8868a90ab5bc2496b7f0,102069,parsed,15,28,1,1,15,15,,data/raw/market_prices/eac_phase4/pages/2024/25.06.2024.html
2024-07-02,https://exagri.info/mkt/2024/02.07.2024.html,2026-10-07,200,3518040820fed40316c0fc57a2cda7be353896206888a91d4ed52b89dda1b72e,102246,parsed,15,34,0,0,13,13,,data/raw/market_prices/eac_phase4/pages/2024/02.07.2024.html
2024-07-16,https://exagri.info/mkt/2024/16.07.2024.html,2026-10-07,200,3fc1ffb1ba49bc6a825f5d9b143570d2cc6e4f7f8ed3e5ba33c66260571cc30f,102248,parsed,15,34,0,0,13,13,,data/raw/market_prices/eac_phase4/pages/2024/16.07.2024.html
2024-07-23,https://exagri.info/mkt/2024/23.07.2024.html,2026-10-07,200,43baff7436725f48b1001450eeb5f52e009847a9e782f5574482b013e682bb12,102258,parsed,15,34,0,0,13,13,,data/raw/market_prices/eac_phase4/pages/2024/23.07.2024.html
2024-07-30,https://exagri.info/mkt/2024/30.07.2024.html,2026-10-07,200,d608413837d53bdcd253bec639ab23fee5707df1f2c8746e1852284012ec8153,102134,parsed,15,32,1,1,13,13,,data/raw/market_prices/eac_phase4/pages/2024/30.07.2024.html
2024-08-06,https://exagri.info/mkt/2024/06.08.2024.html,2026-10-07,200,21a3ef86b6ec5267c49043f1e99c964df0b345554919a9bf447245ae4f7fb646,102257,parsed,15,36,0,0,12,12,,data/raw/market_prices/eac_phase4/pages/2024/06.08.2024.html
2024-08-13,https://exagri.info/mkt/2024/13.08.2024.html,2026-10-07,200,b0bb77e1982a2eab6f966f20314bc65a4fd9ddb2392110add1ba2ad74aef62c8,102235,parsed,15,34,0,0,13,13,,data/raw/market_prices/eac_phase4/pages/2024/13.08.2024.html
2024-08-20,https://exagri.info/mkt/2024/20.08.2024.html,2026-10-07,200,180f165246730dd5b01b1a85ff3db52167ab37b76ca8c7464ca2a4b76bc950ab,102248,parsed,15,34,0,0,13,13,,data/raw/market_prices/eac_phase4/pages/2024/20.08.2024.html
2024-08-27,https://exagri.info/mkt/2024/27.08.2024.html,2026-10-07,200,93b82e857fdf8c81d14c7d4c8d469dbf3fb54a8e1478b650a7debe4c6f2e7c00,102245,parsed,15,34,0,0,13,13,,data/raw/market_prices/eac_phase4/pages/2024/27.08.2024.html
2024-09-03,https://exagri.info/mkt/2024/03.09.2024.html,2026-10-07,200,493bc11f9bad3d9fa3ba136086dcc16101847ede42c98ac631fba04cbee5eed5,102276,parsed,15,36,0,0,12,12,,data/raw/market_prices/eac_phase4/pages/2024/03.09.2024.html
2024-09-10,https://exagri.info/mkt/2024/10.09.2024.html,2026-10-07,200,ee23ad9e6b4d3f38fbc69eea8e30d334dfcdce219ab0e0475b76aa353043c824,102288,parsed,15,36,0,0,12,12,,data/raw/market_prices/eac_phase4/pages/2024/10.09.2024.html
2024-09-18,https://exagri.info/mkt/2024/18.09.2024.html,2026-10-07,200,76e0907db7b4b3c734e2336daf429b27f8c25508e91fe9a6038caaa8ebc28e1a,102243,parsed,15,36,0,0,12,12,,data/raw/market_prices/eac_phase4/pages/2024/18.09.2024.html
2024-09-24,https://exagri.info/mkt/2024/24.09.2024.html,2026-10-07,200,3756e56e612f09dd03103785e8af1a55f8222edf42b20607f6c9f683fb456747,104367,parsed,15,36,0,0,12,12,,data/raw/market_prices/eac_phase4/pages/2024/24.09.2024.html
2024-10-01,https://exagri.info/mkt/2024/01.10.2024.html,2026-10-07,200,c70e1eb72d2aab796d535b3d9d4ff2dda3b8f6bec9320e654e7396ab8aa46a35,105569,parsed,15,36,0,0,12,12,,data/raw/market_prices/eac_phase4/pages/2024/01.10.2024.html
2024-10-15,https://exagri.info/mkt/2024/15.10.2024.html,2026-10-07,200,d8649c7b24bbf4189733e4d601f706e3d9f675a9bde1e03172259e91e9bc6496,104360,parsed,15,36,0,0,12,12,,data/raw/market_prices/eac_phase4/pages/2024/15.10.2024.html
2024-10-22,https://exagri.info/mkt/2024/22.10.2024.html,2026-10-07,200,33133b461b71b5053ff50302e9311e7af004559471fbbb92d0df820d97af8b77,104330,parsed,15,36,0,0,12,12,,data/raw/market_prices/eac_phase4/pages/2024/22.10.2024.html
2024-10-29,https://exagri.info/mkt/2024/29.10.2024.html,2026-10-07,200,4db31b2420cc432c035885f3b5d64956bc4b386153e18db5a8d83703a553b6bb,102232,parsed,15,36,0,0,12,12,,data/raw/market_prices/eac_phase4/pages/2024/29.10.2024.html
2024-11-05,https://exagri.info/mkt/2024/05.11.2024.html,2026-10-07,200,cacfb050e93b8ba2e7df9f5b75596ff1a270ddccd15dd291488606c787884cc0,102211,parsed,15,34,0,0,13,13,,data/raw/market_prices/eac_phase4/pages/2024/05.11.2024.html
2024-11-12,https://exagri.info/mkt/2024/12.11.2024.html,2026-10-07,200,407e3d86b99def8b684de58b917383a64e0a6685d5b704bfc4b5ed29b6051fc0,102203,parsed,15,36,0,0,12,12,,data/raw/market_prices/eac_phase4/pages/2024/12.11.2024.html
2024-11-19,https://exagri.info/mkt/2024/19.11.2024.html,2026-10-07,200,ee0d445e1df7e73a5613fa268cb1bd83a360f16619745de9ea4485aa741aaa53,102214,parsed,15,36,0,0,12,12,,data/raw/market_prices/eac_phase4/pages/2024/19.11.2024.html
2024-11-26,https://exagri.info/mkt/2024/26.11.2024.html,2026-10-07,200,bdc751060bc3fa1f8eebff61170abba9ebc50693ddf7d9fe65231fa43203e807,102220,parsed,15,36,0,0,12,12,,data/raw/market_prices/eac_phase4/pages/2024/26.11.2024.html
2024-12-03,https://exagri.info/mkt/2024/03.12.2024.html,2026-10-07,200,e188de24b66c7d5119bd862686104dcf54490c99850015988b9c7d24e24f93c2,104321,parsed,15,34,0,0,13,13,,data/raw/market_prices/eac_phase4/pages/2024/03.12.2024.html
2024-12-10,https://exagri.info/mkt/2024/10.12.2024.html,2026-10-07,200,648fed64e847522891520a2fc9402c9731bef22545fa9ec6e270c17151c0919e,104317,parsed,15,34,0,0,13,13,,data/raw/market_prices/eac_phase4/pages/2024/10.12.2024.html
2024-12-17,https://exagri.info/mkt/2024/17.12.2024.html,2026-10-07,200,eac502effa3b8e3bd6e67723b8276f903a0ba1137132479418f60d88ba527aaf,102181,parsed,15,32,1,1,13,13,,data/raw/market_prices/eac_phase4/pages/2024/17.12.2024.html
2024-12-24,https://exagri.info/mkt/2024/24.12.2024.html,2026-10-07,200,468f969b54bd032d4394bcb3295e547f25bb597bef37d1ed99dfbc4df7490e6a,102176,parsed,15,34,0,0,13,13,,data/raw/market_prices/eac_phase4/pages/2024/24.12.2024.html
2024-12-31,https://exagri.info/mkt/2024/31.12.2024.html,2026-10-07,200,ce30e814ea91b5d9ea8d89c0f4990b338abbeaabd6c4774b0ece7b6cd303e88e,102231,parsed,15,36,0,0,12,12,,data/raw/market_prices/eac_phase4/pages/2024/31.12.2024.html
2025-01-07,https://exagri.info/mkt/2025/07.01.2025.html,2026-10-07,200,f39657bda4a04f707da200e714747f735baf6a0c544635b45f0c22f75e1ce06e,102291,parsed,15,36,0,0,12,12,,data/raw/market_prices/eac_phase4/pages/2025/07.01.2025.html
2025-01-15,https://exagri.info/mkt/2025/15.01.2025.html,2026-10-07,200,44203e91cef14d9a3b5c142e343cdb7f408ed32cc393575414981da90764cd20,104324,parsed,15,34,0,0,13,13,,data/raw/market_prices/eac_phase4/pages/2025/15.01.2025.html
2025-01-21,https://exagri.info/mkt/2025/21.01.2025.html,2026-10-07,200,0446e99103005b8c3cdd01d0fbb8633cdc2dd1574c858a3a8b527e7a6884f7f2,102294,parsed,15,34,0,0,13,13,,data/raw/market_prices/eac_phase4/pages/2025/21.01.2025.html
2025-01-28,https://exagri.info/mkt/2025/28.01.2025.html,2026-10-07,200,b0824186adcc1cff0f568eda0b1efa5818aff7aef4806104fa47c4ecc171b3d9,102299,parsed,15,32,1,1,13,13,,data/raw/market_prices/eac_phase4/pages/2025/28.01.2025.html
2025-02-05,https://exagri.info/mkt/2025/05.02.2025.html,2026-10-07,200,de6e002c0b904985de7f50a69f026a424b0e89f8afa7cc7380cdf7a1bdea8a87,102100,parsed,15,32,1,1,13,13,,data/raw/market_prices/eac_phase4/pages/2025/05.02.2025.html
2025-02-11,https://exagri.info/mkt/2025/11.02.2025.html,2026-10-07,200,f647fc66d01e4ab48a5c5a416586123af6e86feca3284222bcf298b148cb1d3b,102312,parsed,15,34,0,0,13,13,,data/raw/market_prices/eac_phase4/pages/2025/11.02.2025.html
2025-02-18,https://exagri.info/mkt/2025/18.02.2025.html,2026-10-07,200,bc2c74588807838698d77886e556567ef7b6d646dfb07789873fdd3501010ed3,102226,parsed,15,34,0,0,13,13,,data/raw/market_prices/eac_phase4/pages/2025/18.02.2025.html
2025-02-25,https://exagri.info/mkt/2025/25.02.2025.html,2026-10-07,200,e5a0638c8217fd30e21e7f9cc0b24f235ef79bc6bf064432f73c40870a9e83c4,102304,parsed,15,36,0,0,12,12,,data/raw/market_prices/eac_phase4/pages/2025/25.02.2025.html
2025-03-04,https://exagri.info/mkt/2025/04.03.2025.html,2026-10-07,200,be46d6562241f831f8f75d28e5cf98593cea1f0d4636544fe31352e5d364a634,306163,parsed,15,34,0,0,13,13,,data/raw/market_prices/eac_phase4/pages/2025/04.03.2025.html
2025-03-11,https://exagri.info/mkt/2025/11.03.2025.html,2026-10-07,200,60155227c77cde5eac4ff313eddfa37c2ca968013e32ccf558d3cabe5c4ae72e,102349,parsed,15,36,0,0,12,12,,data/raw/market_prices/eac_phase4/pages/2025/11.03.2025.html
2025-03-18,https://exagri.info/mkt/2025/18.03.2025.html,2026-10-07,200,a61f4cedbe9b7984d9855bd5a8a763f5a5585cc70f1c5f0c6f1a79fdd697a248,102349,parsed,15,36,0,0,12,12,,data/raw/market_prices/eac_phase4/pages/2025/18.03.2025.html
2025-03-25,https://exagri.info/mkt/2025/25.03.2025.html,2026-10-07,200,bd5741a060d142d314e2d0049ee5f3e5576a82591c5a0df5d9acbe09ec40981d,102334,parsed,15,36,0,0,12,12,,data/raw/market_prices/eac_phase4/pages/2025/25.03.2025.html
2025-04-01,https://exagri.info/mkt/2025/01.04.2025.html,2026-10-07,200,3807c68afdb3e6db1532178c8f1937de455c941f2bae08b704cc2559312a624f,102205,parsed,15,34,1,1,12,12,,data/raw/market_prices/eac_phase4/pages/2025/01.04.2025.html
2025-04-08,https://exagri.info/mkt/2025/08.04.2025.html,2026-10-07,200,7fcad078f05c6bff5233015bb3357bbd8bc82695404f7466e8a3a1c8269d2f81,102342,parsed,15,36,0,0,12,12,,data/raw/market_prices/eac_phase4/pages/2025/08.04.2025.html
2025-04-22,https://exagri.info/mkt/2025/22.04.2025.html,2026-10-07,200,a2d9457ad09e4804911976883313b8db5a9d1c6aa20b24d5376491825fbbc640,102344,parsed,15,36,0,0,12,12,,data/raw/market_prices/eac_phase4/pages/2025/22.04.2025.html
2025-04-29,https://exagri.info/mkt/2025/29.04.2025.html,2026-10-07,200,af8f2d3b910054d665d5a3b6cbcaad8a37fa19a5bf5169eb709624436c8d4d77,102333,parsed,15,36,0,0,12,12,,data/raw/market_prices/eac_phase4/pages/2025/29.04.2025.html
2025-05-07,https://exagri.info/mkt/2025/07.05.2025.html,2026-10-07,200,7c45e6d1f4d99532b71a8e8fbd74c1d29bacc04d17e346fc0f267e6ef900a6ae,102137,parsed,15,34,1,1,12,12,,data/raw/market_prices/eac_phase4/pages/2025/07.05.2025.html
2025-05-14,https://exagri.info/mkt/2025/14.05.2025.html,2026-10-07,200,81892ee78a7917d0d08fe75bb3d0098e7f7a70b0f769a489ef94f044d2d5ae48,102273,parsed,15,34,0,0,13,13,,data/raw/market_prices/eac_phase4/pages/2025/14.05.2025.html
2025-05-20,https://exagri.info/mkt/2025/20.05.2025.html,2026-10-07,200,b90ba31fcf03b66ca575678849bab56236b32bf31dec71d62f645684f231b0dd,102301,parsed,15,36,0,0,12,12,,data/raw/market_prices/eac_phase4/pages/2025/20.05.2025.html
2025-05-27,https://exagri.info/mkt/2025/27.05.2025.html,2026-10-07,200,68f127c26ab6409c9263980c4fd5878c0c46095f00608e9fbccdf8784ff5b511,102284,parsed,15,36,0,0,12,12,,data/raw/market_prices/eac_phase4/pages/2025/27.05.2025.html
2025-06-03,https://exagri.info/mkt/2025/03.06.2025.html,2026-10-07,200,ad8f1631b5cb22e12c0723bd8cc1a30801c5bc9f2d4160892dd2d48e1567b73a,102298,parsed,15,36,0,0,12,12,,data/raw/market_prices/eac_phase4/pages/2025/03.06.2025.html
2025-06-11,https://exagri.info/mkt/2025/11.06.2025.html,2026-10-07,200,d1d8ea517796d1fcfd8796d3f3551d370e7c8ad20c5a6f043588da5790497539,102252,parsed,15,36,0,0,12,12,,data/raw/market_prices/eac_phase4/pages/2025/11.06.2025.html
2025-06-17,https://exagri.info/mkt/2025/17.06.2025.html,2026-10-07,200,486b8cdfbad41a3b1340f37c9a4156a198120205949e8f5395fa357dfd7b169b,102294,parsed,15,36,0,0,12,12,,data/raw/market_prices/eac_phase4/pages/2025/17.06.2025.html
2025-06-24,https://exagri.info/mkt/2025/24.06.2025.html,2026-10-07,200,3e71bf5db17b2d0e5c76fe31038d568b5bb358806d627c5377513874ede9ca68,102292,parsed,15,36,0,0,12,12,,data/raw/market_prices/eac_phase4/pages/2025/24.06.2025.html
2025-07-01,https://exagri.info/mkt/2025/01.07.2025.html,2026-10-07,200,b931a7fd681906257bc160804373fe5a5ee112a8cd2bdbfe4cdafc72ecc750b6,102275,parsed,15,36,0,0,12,12,,data/raw/market_prices/eac_phase4/pages/2025/01.07.2025.html
2025-07-08,https://exagri.info/mkt/2025/08.07.2025.html,2026-10-07,200,ecbd959bda5e8c198e1aaef4160271d3ef51f9eeeea1745a3aab545bd25af392,102332,parsed,15,36,0,0,12,12,,data/raw/market_prices/eac_phase4/pages/2025/08.07.2025.html
2025-07-15,https://exagri.info/mkt/2025/15.07.2025.html,2026-10-07,200,bd645cd9b36b5026f20cf25574c787752c0630c5e2f632528e0bf427510c4435,102301,parsed,15,36,0,0,12,12,,data/raw/market_prices/eac_phase4/pages/2025/15.07.2025.html
2025-07-22,https://exagri.info/mkt/2025/22.07.2025.html,2026-10-07,200,41b5f52228a0ab4d0984ba243751f350e47c41714426cf1388db9ec7c509d666,102330,parsed,15,36,0,0,12,12,,data/raw/market_prices/eac_phase4/pages/2025/22.07.2025.html
2025-07-29,https://exagri.info/mkt/2025/29.07.2025.html,2026-10-07,200,26088636980f211434d56e408910389c50683c6b1746b44c13938012456acaa1,102336,parsed,15,36,0,0,12,12,,data/raw/market_prices/eac_phase4/pages/2025/29.07.2025.html
2025-08-05,https://exagri.info/mkt/2025/05.08.2025.html,2026-10-07,200,642a2e7e1c585e07c611d4763594eb9f2bac77c0d8a7fb6f3d33f9a12c99dc23,102346,parsed,15,36,0,0,12,12,,data/raw/market_prices/eac_phase4/pages/2025/05.08.2025.html
2025-08-12,https://exagri.info/mkt/2025/12.08.2025.html,2026-10-07,200,764a29a46bea709e81ea7776b54ce0a3bfa3be1e7190c0625ab3f8267c40cd1a,102329,parsed,15,34,0,0,13,13,,data/raw/market_prices/eac_phase4/pages/2025/12.08.2025.html
2025-08-19,https://exagri.info/mkt/2025/19.08.2025.html,2026-10-07,200,8fb61180b92f92d0392e8e180c5828843c0daba4e88a9cbbdf9cbfce4131bd6f,102354,parsed,15,36,0,0,12,12,,data/raw/market_prices/eac_phase4/pages/2025/19.08.2025.html
2025-08-26,https://exagri.info/mkt/2025/26.08.2025.html,2026-10-07,200,8bbee80e887c3b442d51f199ba473cd8d50caef838835a582b577b30e75a80be,102339,parsed,15,36,0,0,12,12,,data/raw/market_prices/eac_phase4/pages/2025/26.08.2025.html
2025-09-02,https://exagri.info/mkt/2025/02.09.2025.html,2026-10-07,200,78e974e237b3b887402a3a0582e99e007fa932d54108406f6276d2bc6da6a0ef,102383,parsed,15,36,0,0,12,12,,data/raw/market_prices/eac_phase4/pages/2025/02.09.2025.html
2025-09-09,https://exagri.info/mkt/2025/09.09.2025.html,2026-10-07,200,d89f99cb5599d9752e667fd3b8b27a54fbb03ec23fb773bfea61af0c943893c2,102370,parsed,15,36,0,0,12,12,,data/raw/market_prices/eac_phase4/pages/2025/09.09.2025.html
2025-09-16,https://exagri.info/mkt/2025/16.09.2025.html,2026-10-07,200,3fc014f8b001e04ff0e0aee388fe5f0c4ff5e80acb848dd731e6ccf122ab7f96,102351,parsed,15,36,0,0,12,12,,data/raw/market_prices/eac_phase4/pages/2025/16.09.2025.html
2025-09-23,https://exagri.info/mkt/2025/23.09.2025.html,2026-10-07,200,995003b198967567dfbae71e689e578d07367f7f3255a78eed9333b1a086a98e,102335,parsed,15,36,0,0,12,12,,data/raw/market_prices/eac_phase4/pages/2025/23.09.2025.html
2025-09-30,https://exagri.info/mkt/2025/30.09.2025.html,2026-10-07,200,55ad15d352b033c92f9eed62653825d51e6c49647c27fd639563e802335a5cbf,102325,parsed,15,36,0,0,12,12,,data/raw/market_prices/eac_phase4/pages/2025/30.09.2025.html
2025-10-07,https://exagri.info/mkt/2025/07.10.2025.html,2026-10-07,200,7d21535581c108eab4b99a51b94140763d16413c8a6c32ab918b79732c4b5109,102294,parsed,15,36,0,0,12,12,,data/raw/market_prices/eac_phase4/pages/2025/07.10.2025.html
2025-10-14,https://exagri.info/mkt/2025/14.10.2025.html,2026-10-07,200,37fb1ba3b53d98ecb8cef0e03ebd09e396f8fb5566551a30eec2991787919b5d,102310,parsed,15,36,0,0,12,12,,data/raw/market_prices/eac_phase4/pages/2025/14.10.2025.html
2025-10-21,https://exagri.info/mkt/2025/21.10.2025.html,2026-10-07,200,e9f55be6836b7dce30dc39df89370d22c1f4822da0162f11f58ddd20c62e7856,102327,parsed,15,36,0,0,12,12,,data/raw/market_prices/eac_phase4/pages/2025/21.10.2025.html
2025-10-28,https://exagri.info/mkt/2025/28.10.2025.html,2026-10-07,200,fd4db528ca47be468c675097d02d6579c3f151216e4fdf8db301c87cd8506d37,102287,parsed,15,36,0,0,12,12,,data/raw/market_prices/eac_phase4/pages/2025/28.10.2025.html
2025-11-04,https://exagri.info/mkt/2025/04.11.2025.html,2026-10-07,200,f9bcb85b02a7216f16aec3f25265f0e25d3901651d9a181e81f0d54fa4e82696,102300,parsed,15,36,0,0,12,12,,data/raw/market_prices/eac_phase4/pages/2025/04.11.2025.html
2025-11-11,https://exagri.info/mkt/2025/11.11.2025.html,2026-10-07,200,a893546510d38dd083bbc1b7b8d9b7d7a1aefee841b9914564e3e830dc0806af,102290,parsed,15,36,0,0,12,12,,data/raw/market_prices/eac_phase4/pages/2025/11.11.2025.html
2025-11-18,https://exagri.info/mkt/2025/18.11.2025.html,2026-10-07,200,b279129c4e47298054a0a6310fc0e0e823c596eceb9d9375517822da2242b16e,102255,parsed,15,36,0,0,12,12,,data/raw/market_prices/eac_phase4/pages/2025/18.11.2025.html
2025-11-25,https://exagri.info/mkt/2025/25.11.2025.html,2026-10-07,200,6ecdf31f7736a83637bc86ae4a66019b32c2ab3ee3504865df10c37c489a81ec,102296,parsed,15,36,0,0,12,12,,data/raw/market_prices/eac_phase4/pages/2025/25.11.2025.html
2025-12-02,https://exagri.info/mkt/2025/02.12.2025.html,2026-10-07,200,b804e840eb93d1b64221684bac6cced7a2c6528ca2996c0961dd947422e3c43a,101975,parsed,15,30,2,2,13,13,,data/raw/market_prices/eac_phase4/pages/2025/02.12.2025.html
2025-12-09,https://exagri.info/mkt/2025/09.12.2025.html,2026-10-07,200,2a499de3b76e887a0f48eab8dea23f90dd476a12c4aaeaefceea22e80a0111b8,102288,parsed,15,36,0,0,12,12,,data/raw/market_prices/eac_phase4/pages/2025/09.12.2025.html
2025-12-16,https://exagri.info/mkt/2025/16.12.2025.html,2026-10-07,200,65d07d472362f69e3afd0f2dec6946e421ba329d45366aafc6c5fadae48fd7ca,102283,parsed,15,36,0,0,12,12,,data/raw/market_prices/eac_phase4/pages/2025/16.12.2025.html
2025-12-23,https://exagri.info/mkt/2025/23.12.2025.html,2026-10-07,200,6e3e34f0332d595b486fd47f440a99d1500cc86fe6959522f974af64699b0d02,102139,parsed,15,34,1,1,12,12,,data/raw/market_prices/eac_phase4/pages/2025/23.12.2025.html
2025-12-30,https://exagri.info/mkt/2025/30.12.2025.html,2026-10-07,200,a752b989dcb0123738e61207a9d12f9c1774d6b1fe2ee1ab4aec65d8c3b36cc3,102309,parsed,15,36,0,0,12,12,,data/raw/market_prices/eac_phase4/pages/2025/30.12.2025.html
2026-01-06,https://exagri.info/mkt/2026/06.01.2026.html,2026-10-07,200,cedc56d56d1d58787a57d646405ef68ac4d28113484c2b2d95d1b00f9842e708,102307,parsed,15,36,0,0,12,12,,data/raw/market_prices/eac_phase4/pages/2026/06.01.2026.html
2026-01-13,https://exagri.info/mkt/2026/13.01.2026.html,2026-10-07,200,195d4845dc6014d21890f30e0fcffad29e967cea4188d45300b36b046c58fe28,102321,parsed,15,34,0,0,13,13,,data/raw/market_prices/eac_phase4/pages/2026/13.01.2026.html
2026-01-20,https://exagri.info/mkt/2026/20.01.2026.html,2026-10-07,200,4b2e7012e92eaa8dcb027e88292fbe5a20c41d619063d74d98ed4328bb1f710e,102304,parsed,15,34,0,0,13,13,,data/raw/market_prices/eac_phase4/pages/2026/20.01.2026.html
2026-01-27,https://exagri.info/mkt/2026/27.01.2026.html,2026-10-07,200,eb219e7ee788eb8f3d9db23f91cfb993ba480ca7fb59d69945f1723113f9205c,102341,parsed,15,34,0,0,13,13,,data/raw/market_prices/eac_phase4/pages/2026/27.01.2026.html
2026-02-03,https://exagri.info/mkt/2026/03.02.2026.html,2026-10-07,200,a79c20adf3f9cb8c78220dad82acb99ffd92a206fb062b02dd584e6d8b4a4804,102273,parsed,15,36,0,0,12,12,,data/raw/market_prices/eac_phase4/pages/2026/03.02.2026.html
2026-02-10,https://exagri.info/mkt/2026/10.02.2026.html,2026-10-07,200,616e5d04269f0a29cbbd3d099c58b283a4f9c57baa5a12c9fdbb7d85bc3e2846,102244,parsed,15,36,0,0,12,12,,data/raw/market_prices/eac_phase4/pages/2026/10.02.2026.html
2026-02-17,https://exagri.info/mkt/2026/17.02.2026.html,2026-10-07,200,817fc3cab656d69309092db237fa42c6de03b60fef08da454a4f11805d80dffe,102265,parsed,15,36,0,0,12,12,,data/raw/market_prices/eac_phase4/pages/2026/17.02.2026.html
2026-02-24,https://exagri.info/mkt/2026/24.02.2026.html,2026-10-07,200,8e942e73576d5eac8393b59f13a81be92130c0b1307888cee032c57d8abc744d,102213,parsed,15,34,0,0,13,13,,data/raw/market_prices/eac_phase4/pages/2026/24.02.2026.html
2026-03-03,https://exagri.info/mkt/2026/03.03.2026.html,2026-10-07,200,9e78104c87db05e16c0a8c341dec1995917935d75d5845f6963a19e37592572e,102189,parsed,15,34,0,0,13,13,,data/raw/market_prices/eac_phase4/pages/2026/03.03.2026.html
2026-03-10,https://exagri.info/mkt/2026/10.03.2026.html,2026-10-07,200,5e05245982bee94bb2c4531951b87f382269e9e8af06f815c864f828a546a79d,102235,parsed,15,36,0,0,12,12,,data/raw/market_prices/eac_phase4/pages/2026/10.03.2026.html
2026-03-17,https://exagri.info/mkt/2026/17.03.2026.html,2026-10-07,200,b82f690a38dd8c60bb77c0f865b8f45b4a14806cd005623aefec258d2eb7ccbc,102195,parsed,15,36,0,0,12,12,,data/raw/market_prices/eac_phase4/pages/2026/17.03.2026.html
2026-03-24,https://exagri.info/mkt/2026/24.03.2026.html,2026-10-07,200,b799c517145d7bd99880853082aeba532847d5c5799e47ebd070402c0b6ae7b6,102222,parsed,15,36,0,0,12,12,,data/raw/market_prices/eac_phase4/pages/2026/24.03.2026.html
2026-03-31,https://exagri.info/mkt/2026/31.03.2026.html,2026-10-07,200,90448a3977df58db73fd6cd35462af47af1550c75927deb151732f44bfb6befc,102227,parsed,15,36,0,0,12,12,,data/raw/market_prices/eac_phase4/pages/2026/31.03.2026.html
2026-04-07,https://exagri.info/mkt/2026/07.04.2026.html,2026-10-07,200,63feb7359d0c17135d660b4b8bf798fb19d3f4894ff473b788120e46015e46e4,102235,parsed,15,36,0,0,12,12,,data/raw/market_prices/eac_phase4/pages/2026/07.04.2026.html
2026-04-21,https://exagri.info/mkt/2026/21.04.2026.html,2026-10-07,200,d5bdc774dedfaabc27088b0b9d064ffce1fd14f2a9c08ae8b5a7b8fa68cdaca1,102168,parsed,15,36,0,0,12,12,,data/raw/market_prices/eac_phase4/pages/2026/21.04.2026.html
2026-04-28,https://exagri.info/mkt/2026/28.04.2026.html,2026-10-07,200,c9338f2d36e65ce9e49b93aca4b257520e5c5a37e77b40a49e016105d53dfadd,104337,parsed,15,36,0,0,12,12,,data/raw/market_prices/eac_phase4/pages/2026/28.04.2026.html
2026-05-05,https://exagri.info/mkt/2026/05.05.2026.html,2026-10-07,200,49c58dbf286a81b5c25e4c232dbd151ff3bf95fda2f6ea2e6dc5a97f18bb33dd,104329,parsed,15,34,0,0,13,13,,data/raw/market_prices/eac_phase4/pages/2026/05.05.2026.html
2026-05-12,https://exagri.info/mkt/2026/12.05.2026.html,2026-10-07,200,4e6aed0d14b24e7126793412c667c0e54676866d50101fd9b0c01865ec83f622,104311,parsed,15,34,0,0,13,13,,data/raw/market_prices/eac_phase4/pages/2026/12.05.2026.html
2026-05-19,https://exagri.info/mkt/2026/19.05.2026.html,2026-10-07,200,c8bb19aaae5c6893cceb7d5d4beb436dcfeae5d5ebd2e071d1369c62d5ac6b5a,104312,parsed,15,34,0,0,13,13,,data/raw/market_prices/eac_phase4/pages/2026/19.05.2026.html
2026-05-26,https://exagri.info/mkt/2026/26.05.2026.html,2026-10-07,200,a880bdfd6543b7a03e82f7c9fca838f3ed4db889658755ee49afab95d70aafc0,104291,parsed,15,34,0,0,13,13,,data/raw/market_prices/eac_phase4/pages/2026/26.05.2026.html
2026-06-02,https://exagri.info/mkt/2026/02.06.2026.html,2026-10-07,200,7ea511f9ceb11a6851eb27dcba2948190b8deae1678c60727a0cc5fe554e52f1,104313,parsed,15,30,0,0,15,15,,data/raw/market_prices/eac_phase4/pages/2026/02.06.2026.html
2026-06-09,https://exagri.info/mkt/2026/09.06.2026.html,2026-10-07,200,15b0d657a6bc8b474a4830ac5d9a973fdf20ed0c1b0003ebde2561aa0d17e43d,104306,parsed,15,34,0,0,13,13,,data/raw/market_prices/eac_phase4/pages/2026/09.06.2026.html
2026-06-16,https://exagri.info/mkt/2026/16.06.2026.html,2026-10-07,200,32dae81231adcdeb6f628bcdc41a72c561549f5043efe5a541235366eaf41564,104272,parsed,15,34,0,0,13,13,,data/raw/market_prices/eac_phase4/pages/2026/16.06.2026.html
2026-06-23,https://exagri.info/mkt/2026/23.06.2026.html,2026-10-07,404,,0,broken_index_link,0,0,0,0,0,0,HTTPError: HTTP Error 404: Not Found,
2026-06-30,https://exagri.info/mkt/2026/30.06.2026.html,2026-10-07,200,7fcecd111c621eec3aa669946ca9e1cfad4df4c35539ccfb4caab8919114fff0,104312,parsed,15,34,0,0,13,13,,data/raw/market_prices/eac_phase4/pages/2026/30.06.2026.html
2026-07-07,https://exagri.info/mkt/2026/07.07.2026.html,2026-10-07,200,273c3270f020e2fcf02d32641aeb774a41d0bf19263fb04d78e6f3472baa458c,104326,parsed,15,34,0,0,13,13,,data/raw/market_prices/eac_phase4/pages/2026/07.07.2026.html
2026-07-14,https://exagri.info/mkt/2026/14.07.2026.html,2026-10-07,200,04973049da5c71e87983f2e4ae18156f0ee21006dcf4197dbf7a1bb7660f81e3,104338,parsed,15,34,0,0,13,13,,data/raw/market_prices/eac_phase4/pages/2026/14.07.2026.html
2026-07-21,https://exagri.info/mkt/2026/21.07.2026.html,2026-10-07,200,9c804fc3660e02f33520ddf6f4d2ec84ce2947c13cc25de6ac726b81a88aa96b,104359,parsed,15,34,0,0,13,13,,data/raw/market_prices/eac_phase4/pages/2026/21.07.2026.html
2026-07-28,https://exagri.info/mkt/2026/28.07.2026.html,2026-10-07,200,37c418f0559bd7247d511574a90cbae2ef1d49c7cf132f85ffb78e5b455cb8e1,104347,parsed,15,34,0,0,13,13,,data/raw/market_prices/eac_phase4/pages/2026/28.07.2026.html
2026-08-04,https://exagri.info/mkt/2026/04.08.2026.html,2026-10-07,200,dbd35258015cb65f709fef733cfcd13f880ff87ea19a8cf6da758c99fc92e310,104327,parsed,15,34,0,0,13,13,,data/raw/market_prices/eac_phase4/pages/2026/04.08.2026.html
2026-08-11,https://exagri.info/mkt/2026/11.08.2026.html,2026-10-07,200,5d76cec21e7bb2db9fdd090da940ba4d5b88f0abc9ee289c944261b1af2bd8a0,104316,parsed,15,34,0,0,13,13,,data/raw/market_prices/eac_phase4/pages/2026/11.08.2026.html
2026-08-18,https://exagri.info/mkt/2026/18.08.2026.html,2026-10-07,200,a8a3d5e9144c1e28a93d93d162e63fa77c11c48e37aff76b73c3362c1d3a4832,104374,parsed,15,36,0,0,12,12,,data/raw/market_prices/eac_phase4/pages/2026/18.08.2026.html
2026-08-25,https://exagri.info/mkt/2026/25.08.2026.html,2026-10-07,200,e7b0d99c930ca4c63a050314090cd8f1273cb034394a2f4308becbc2ee647f07,104357,parsed,15,34,0,0,13,13,,data/raw/market_prices/eac_phase4/pages/2026/25.08.2026.html
2026-09-01,https://exagri.info/mkt/2026/01.09.2026.html,2026-10-07,200,6e209f41624f90b233558777097cd57b40c9a3f3162b6534d0aab042a747ebb3,104413,parsed,15,36,0,0,12,12,,data/raw/market_prices/eac_phase4/pages/2026/01.09.2026.html
2026-09-08,https://exagri.info/mkt/2026/08.09.2026.html,2026-10-07,200,f4e991e36b3fc9fb3e0756545d7faabadcb627aa0765c4e99b0c4d3f4727adf9,104388,parsed,15,36,0,0,12,12,,data/raw/market_prices/eac_phase4/pages/2026/08.09.2026.html
2026-09-15,https://exagri.info/mkt/2026/15.09.2026.html,2026-10-07,200,05c9d474ad60c307adec381e0895f3651e30b161bf5e5a1dff5aa4b31db9d3f6,104404,parsed,15,36,0,0,12,12,,data/raw/market_prices/eac_phase4/pages/2026/15.09.2026.html
2026-09-29,https://exagri.info/mkt/2026/29.09.2026.html,2026-10-07,200,cd17b5f79cbe9444b307acbaf06c4b6c3f6e947c3afeca02123cc424b3fb6a09,104404,parsed,15,36,0,0,12,12,,data/raw/market_prices/eac_phase4/pages/2026/29.09.2026.html
